zip_code,county_fips,TOT_RATIO
00501,36103,1.0
58214,38035,1.0
58204,38035,1.0
58205,38035,1.0
58206,38035,1.0
58207,38035,1.0
58208,38035,1.0
58210,38099,1.0
58216,38067,1.0
58078,38017,1.0
58218,38097,1.0
58219,38097,1.0
58220,38067,1.0
58222,38067,1.0
58223,38097,1.0
58228,38035,1.0
58203,38035,1.0
58202,38035,1.0
58201,38035,1.0
58126,38017,1.0
58125,38017,1.0
58124,38017,1.0
58122,38017,1.0
58121,38017,1.0
58109,38017,1.0
58108,38017,1.0
58107,38017,1.0
58106,38017,1.0
58105,38017,1.0
58104,38017,1.0
58103,38017,1.0
58102,38017,1.0
58081,38077,1.0
58230,38091,1.0
58235,38035,1.0
58236,38067,1.0
58271,38067,1.0
58339,38095,1.0
58335,38005,1.0
58331,38095,1.0
58318,38009,1.0
58316,38079,1.0
58313,38069,1.0
58311,38019,1.0
58301,38071,1.0
58281,38019,1.0
58278,38035,1.0
58277,38091,1.0
58276,38067,1.0
58273,38099,1.0
58272,38063,1.0
58270,38099,1.0
58237,38099,1.0
58269,38019,1.0
58265,38067,1.0
58258,38035,1.0
58257,38097,1.0
58256,38035,1.0
58255,38019,1.0
58254,38063,1.0
58251,38035,1.0
58250,38099,1.0
58249,38019,1.0
58244,38035,1.0
58241,38067,1.0
58239,38019,1.0
58238,38067,1.0
58079,38017,1.0
58077,38077,1.0
33945,12071,1.0
57769,46093,1.0
57756,46102,1.0
57759,46081,1.0
57762,46019,1.0
57763,46047,1.0
57764,46102,1.0
57766,46047,1.0
57770,46102,1.0
58076,38077,1.0
57772,46102,1.0
57773,46033,1.0
57776,46063,1.0
57780,46103,1.0
57782,46047,1.0
57787,46093,1.0
57755,46063,1.0
57752,46102,1.0
57748,46093,1.0
57745,46103,1.0
57741,46093,1.0
57738,46033,1.0
57737,46093,1.0
57725,46103,1.0
57724,46063,1.0
57720,46063,1.0
57709,46103,1.0
57703,46103,1.0
57661,46041,1.0
57660,46031,1.0
57659,46031,1.0
57658,46031,1.0
57656,46041,1.0
57790,46103,1.0
57792,46093,1.0
57794,46102,1.0
58030,38077,1.0
58075,38077,1.0
58072,38003,1.0
58067,38081,1.0
58065,38003,1.0
58063,38003,1.0
58061,38077,1.0
58059,38017,1.0
58058,38077,1.0
58045,38097,1.0
58043,38081,1.0
58042,38017,1.0
58041,38077,1.0
58036,38017,1.0
58032,38081,1.0
58029,38017,1.0
57799,46081,1.0
58021,38017,1.0
58018,38077,1.0
58017,38081,1.0
58013,38081,1.0
58012,38017,1.0
58011,38017,1.0
58009,38097,1.0
58008,38077,1.0
58007,38017,1.0
58006,38017,1.0
58005,38017,1.0
58004,38017,1.0
58002,38017,1.0
58001,38077,1.0
58343,38005,1.0
58351,38005,1.0
58353,38079,1.0
58760,38009,1.0
58730,38023,1.0
58733,38101,1.0
58737,38013,1.0
58741,38049,1.0
58744,38049,1.0
58752,38013,1.0
58765,38023,1.0
58355,38019,1.0
58769,38061,1.0
58772,38013,1.0
58775,38055,1.0
58776,38061,1.0
58781,38101,1.0
58783,38009,1.0
58727,38013,1.0
58722,38101,1.0
58713,38049,1.0
58712,38049,1.0
58711,38009,1.0
58707,38101,1.0
58705,38101,1.0
58704,38101,1.0
58703,38101,1.0
58702,38101,1.0
58701,38101,1.0
58655,38089,1.0
58654,38033,1.0
58644,38025,1.0
58641,38089,1.0
58639,38001,1.0
58636,38025,1.0
58785,38101,1.0
58792,38049,1.0
58793,38009,1.0
59007,30009,1.0
59030,30067,1.0
59029,30009,1.0
59028,30095,1.0
59027,30067,1.0
59026,30009,1.0
59025,30003,1.0
59022,30003,1.0
59020,30067,1.0
59018,30067,1.0
59016,30003,1.0
59014,30009,1.0
59013,30009,1.0
59012,30087,1.0
59008,30009,1.0
59006,30111,1.0
58801,38105,1.0
59004,30087,1.0
59003,30087,1.0
59002,30111,1.0
58853,38105,1.0
58849,38105,1.0
58847,38053,1.0
58844,38023,1.0
58843,38105,1.0
58838,38053,1.0
58835,38053,1.0
58833,38023,1.0
58831,38053,1.0
58803,38105,1.0
58802,38105,1.0
58632,38033,1.0
58627,38007,1.0
58626,38025,1.0
58426,38093,1.0
58477,38015,1.0
58476,38093,1.0
58463,38083,1.0
58452,38039,1.0
58451,38103,1.0
58448,38039,1.0
58444,38083,1.0
58441,38021,1.0
58439,38021,1.0
58438,38103,1.0
58436,38021,1.0
58431,38045,1.0
58430,38083,1.0
58428,38043,1.0
58424,38093,1.0
58479,38003,1.0
58422,38103,1.0
58420,38093,1.0
58416,38039,1.0
58405,38093,1.0
58402,38093,1.0
58401,38093,1.0
58382,38071,1.0
58379,38005,1.0
58370,38005,1.0
58369,38079,1.0
58365,38095,1.0
58362,38071,1.0
58361,38063,1.0
58357,38005,1.0
58478,38043,1.0
58480,38003,1.0
58602,38089,1.0
58542,38029,1.0
58580,38057,1.0
58577,38055,1.0
58576,38055,1.0
58575,38055,1.0
58573,38029,1.0
58572,38015,1.0
58568,38085,1.0
58566,38059,1.0
58565,38055,1.0
58564,38037,1.0
58558,38015,1.0
58554,38059,1.0
58552,38029,1.0
58544,38029,1.0
58541,38057,1.0
58482,38043,1.0
58540,38055,1.0
58538,38085,1.0
58533,38037,1.0
58531,38055,1.0
58528,38085,1.0
58521,38015,1.0
58507,38015,1.0
58506,38015,1.0
58505,38015,1.0
58503,38015,1.0
58502,38015,1.0
58501,38015,1.0
58494,38015,1.0
58487,38043,1.0
57652,46041,1.0
57650,46063,1.0
57648,46021,1.0
56667,27007,1.0
56657,27061,1.0
56658,27071,1.0
56659,27061,1.0
56660,27071,1.0
56663,27007,1.0
56666,27007,1.0
56668,27071,1.0
57013,46083,1.0
56670,27007,1.0
56671,27007,1.0
56672,27021,1.0
56679,27071,1.0
56680,27061,1.0
56681,27061,1.0
56655,27021,1.0
56654,27071,1.0
56653,27071,1.0
56650,27007,1.0
56649,27071,1.0
56647,27007,1.0
56641,27021,1.0
56637,27061,1.0
56634,27029,1.0
56631,27061,1.0
56629,27071,1.0
56628,27061,1.0
56627,27071,1.0
56626,27021,1.0
56619,27007,1.0
56593,27005,1.0
56591,27005,1.0
56683,27007,1.0
56685,27007,1.0
56686,27077,1.0
56737,27089,1.0
57007,46011,1.0
57005,46099,1.0
57003,46099,1.0
56998,11001,1.0
56763,27135,1.0
56761,27135,1.0
56758,27089,1.0
56757,27089,1.0
56756,27135,1.0
56755,27069,1.0
56751,27135,1.0
56741,27077,1.0
56740,27069,1.0
56738,27089,1.0
56734,27069,1.0
56688,27061,1.0
56733,27069,1.0
56731,27069,1.0
56729,27069,1.0
56728,27069,1.0
56726,27135,1.0
56724,27089,1.0
56723,27119,1.0
56722,27119,1.0
56721,27119,1.0
56720,27069,1.0
56715,27125,1.0
56714,27135,1.0
56713,27089,1.0
56711,27077,1.0
56590,27051,1.0
56588,27111,1.0
56587,27111,1.0
56447,27035,1.0
56521,27005,1.0
56520,27167,1.0
56518,27111,1.0
56517,27119,1.0
56515,27111,1.0
56511,27005,1.0
56510,27107,1.0
56502,27005,1.0
56469,27001,1.0
56467,27057,1.0
56465,27035,1.0
56458,27057,1.0
56455,27035,1.0
56452,27021,1.0
56442,27035,1.0
56524,27111,1.0
56441,27035,1.0
56440,27153,1.0
56436,27057,1.0
56399,27145,1.0
56398,27145,1.0
56395,27145,1.0
56393,27145,1.0
56389,27153,1.0
56388,27145,1.0
56386,27095,1.0
56384,27097,1.0
56381,27121,1.0
56376,27145,1.0
56375,27145,1.0
56523,27119,1.0
56525,27027,1.0
56586,27111,1.0
56561,27027,1.0
56581,27107,1.0
56580,27027,1.0
56578,27005,1.0
56577,27005,1.0
56576,27111,1.0
56575,27005,1.0
56573,27111,1.0
56571,27111,1.0
56570,27005,1.0
56569,27005,1.0
56567,27111,1.0
56566,27087,1.0
56563,27027,1.0
56562,27027,1.0
56556,27119,1.0
56527,27111,1.0
56553,27167,1.0
56551,27111,1.0
56550,27107,1.0
56549,27027,1.0
56548,27107,1.0
56547,27027,1.0
56545,27107,1.0
56541,27107,1.0
56538,27111,1.0
56536,27027,1.0
56534,27111,1.0
56533,27111,1.0
56529,27027,1.0
56528,27111,1.0
57012,46087,1.0
57020,46099,1.0
57646,46021,1.0
57449,46013,1.0
57436,46115,1.0
57438,46049,1.0
57439,46013,1.0
57440,46115,1.0
57441,46013,1.0
57446,46013,1.0
57455,46107,1.0
57024,46101,1.0
57457,46089,1.0
57468,46037,1.0
57477,46115,1.0
57479,46013,1.0
57520,46119,1.0
57521,46071,1.0
57433,46013,1.0
57430,46091,1.0
57429,46115,1.0
57427,46013,1.0
57426,46013,1.0
57421,46091,1.0
57420,46129,1.0
57402,46013,1.0
57401,46013,1.0
57399,46005,1.0
57384,46005,1.0
57380,46023,1.0
57379,46005,1.0
57373,46059,1.0
57368,46003,1.0
57367,46023,1.0
57365,46085,1.0
57528,46123,1.0
57531,46075,1.0
57538,46053,1.0
57579,46095,1.0
57645,46031,1.0
57642,46031,1.0
57641,46031,1.0
57640,46105,1.0
57639,46031,1.0
57636,46041,1.0
57634,46031,1.0
57632,46021,1.0
57630,46041,1.0
57622,46137,1.0
57621,46031,1.0
57620,46105,1.0
57585,46095,1.0
57584,46123,1.0
57577,46071,1.0
57541,46123,1.0
57576,46085,1.0
57574,46007,1.0
57572,46121,1.0
57571,46053,1.0
57570,46121,1.0
57569,46085,1.0
57568,46085,1.0
57563,46121,1.0
57562,46075,1.0
57555,46121,1.0
57551,46007,1.0
57548,46085,1.0
57547,46071,1.0
57544,46085,1.0
57364,46043,1.0
57361,46023,1.0
57358,46111,1.0
57062,46009,1.0
57110,46099,1.0
57109,46099,1.0
57107,46099,1.0
57105,46099,1.0
57104,46099,1.0
57103,46099,1.0
57101,46099,1.0
57078,46135,1.0
57077,46083,1.0
57069,46027,1.0
57068,46099,1.0
57067,46135,1.0
57066,46009,1.0
57065,46101,1.0
57061,46011,1.0
57186,46099,1.0
57055,46099,1.0
57052,46067,1.0
57050,46079,1.0
57049,46127,1.0
57046,46135,1.0
57041,46099,1.0
57038,46127,1.0
57036,46125,1.0
57033,46099,1.0
57032,46083,1.0
57030,46099,1.0
57028,46101,1.0
57027,46083,1.0
57025,46127,1.0
57118,46099,1.0
57193,46099,1.0
57356,46023,1.0
57255,46109,1.0
57354,46067,1.0
57349,46097,1.0
57346,46069,1.0
57344,46043,1.0
57339,46017,1.0
57335,46053,1.0
57329,46023,1.0
57324,46005,1.0
57317,46053,1.0
57278,46025,1.0
57276,46011,1.0
57261,46037,1.0
57260,46109,1.0
57257,46109,1.0
57251,46051,1.0
57197,46099,1.0
57249,46077,1.0
57247,46091,1.0
57246,46051,1.0
57245,46029,1.0
57239,46037,1.0
57237,46039,1.0
57236,46025,1.0
57231,46077,1.0
57225,46025,1.0
57224,46109,1.0
57219,46037,1.0
57218,46039,1.0
57214,46077,1.0
57198,46099,1.0
59031,30003,1.0
59033,30097,1.0
59034,30003,1.0
60168,17031,1.0
60160,17031,1.0
60161,17031,1.0
60162,17031,1.0
60163,17031,1.0
60164,17031,1.0
60165,17031,1.0
60169,17031,1.0
60425,17031,1.0
60171,17031,1.0
60173,17031,1.0
60175,17089,1.0
60176,17031,1.0
60177,17089,1.0
60179,17031,1.0
60159,17031,1.0
60157,17043,1.0
60156,17111,1.0
60155,17031,1.0
60154,17031,1.0
60153,17031,1.0
60150,17037,1.0
60148,17043,1.0
60147,17089,1.0
60144,17089,1.0
60141,17031,1.0
60139,17043,1.0
60138,17043,1.0
60137,17043,1.0
60136,17089,1.0
60134,17089,1.0
60131,17031,1.0
60180,17111,1.0
60181,17043,1.0
60183,17089,1.0
60301,17031,1.0
60421,17197,1.0
60419,17031,1.0
60418,17031,1.0
60415,17031,1.0
60412,17031,1.0
60409,17031,1.0
60406,17031,1.0
60404,17197,1.0
60403,17197,1.0
60402,17031,1.0
60305,17031,1.0
60304,17031,1.0
60303,17031,1.0
60302,17031,1.0
60208,17031,1.0
60186,17043,1.0
60204,17031,1.0
60203,17031,1.0
60202,17031,1.0
60201,17031,1.0
60199,17043,1.0
60196,17031,1.0
60195,17031,1.0
60194,17031,1.0
60193,17031,1.0
60191,17043,1.0
60190,17043,1.0
60189,17043,1.0
60188,17043,1.0
60187,17043,1.0
60130,17031,1.0
60124,17089,1.0
60123,17089,1.0
60046,17097,1.0
60071,17111,1.0
60070,17031,1.0
60069,17097,1.0
60068,17031,1.0
60067,17031,1.0
60065,17031,1.0
60064,17097,1.0
60062,17031,1.0
60061,17097,1.0
60060,17097,1.0
60056,17031,1.0
60055,17031,1.0
60053,17031,1.0
60048,17097,1.0
60045,17097,1.0
60073,17097,1.0
60044,17097,1.0
60043,17031,1.0
60041,17097,1.0
60040,17097,1.0
60039,17111,1.0
60038,17031,1.0
60037,17097,1.0
60035,17097,1.0
60034,17111,1.0
60031,17097,1.0
60030,17097,1.0
60029,17031,1.0
60026,17031,1.0
60025,17031,1.0
60072,17111,1.0
60075,17097,1.0
60122,17043,1.0
60098,17111,1.0
60121,17089,1.0
60118,17089,1.0
60117,17043,1.0
60115,17037,1.0
60113,17141,1.0
60112,17037,1.0
60111,17037,1.0
60110,17089,1.0
60109,17089,1.0
60108,17043,1.0
60106,17043,1.0
60104,17031,1.0
60101,17043,1.0
60099,17097,1.0
60097,17111,1.0
60076,17031,1.0
60096,17097,1.0
60095,17031,1.0
60093,17031,1.0
60091,17031,1.0
60088,17097,1.0
60087,17097,1.0
60086,17097,1.0
60085,17097,1.0
60084,17097,1.0
60083,17097,1.0
60082,17031,1.0
60079,17097,1.0
60078,17031,1.0
60077,17031,1.0
60422,17031,1.0
60426,17031,1.0
60017,17031,1.0
60619,17031,1.0
60613,17031,1.0
60614,17031,1.0
60615,17031,1.0
60616,17031,1.0
60617,17031,1.0
60618,17031,1.0
60620,17031,1.0
60428,17031,1.0
60621,17031,1.0
60622,17031,1.0
60623,17031,1.0
60624,17031,1.0
60625,17031,1.0
60626,17031,1.0
60612,17031,1.0
60611,17031,1.0
60610,17031,1.0
60609,17031,1.0
60608,17031,1.0
60607,17031,1.0
60606,17031,1.0
60605,17031,1.0
60604,17031,1.0
60603,17031,1.0
60602,17031,1.0
60601,17031,1.0
60599,17043,1.0
60598,17043,1.0
60569,17043,1.0
60566,17043,1.0
60563,17043,1.0
60628,17031,1.0
60629,17031,1.0
60630,17031,1.0
60649,17031,1.0
60670,17031,1.0
60669,17031,1.0
60668,17031,1.0
60666,17031,1.0
60661,17031,1.0
60660,17031,1.0
60659,17031,1.0
60657,17031,1.0
60656,17031,1.0
60655,17031,1.0
60654,17031,1.0
60653,17031,1.0
60652,17031,1.0
60651,17031,1.0
60647,17031,1.0
60631,17031,1.0
60646,17031,1.0
60645,17031,1.0
60644,17031,1.0
60643,17031,1.0
60642,17031,1.0
60641,17031,1.0
60640,17031,1.0
60639,17031,1.0
60638,17031,1.0
60637,17031,1.0
60636,17031,1.0
60634,17031,1.0
60633,17031,1.0
60632,17031,1.0
60561,17043,1.0
60560,17093,1.0
60559,17043,1.0
60453,17031,1.0
60472,17031,1.0
60469,17031,1.0
60465,17031,1.0
60464,17031,1.0
60463,17031,1.0
60462,17031,1.0
60461,17031,1.0
60460,17105,1.0
60459,17031,1.0
60458,17031,1.0
60457,17031,1.0
60456,17031,1.0
60455,17031,1.0
60454,17031,1.0
60452,17031,1.0
60474,17063,1.0
60451,17197,1.0
60446,17197,1.0
60445,17031,1.0
60444,17063,1.0
60443,17031,1.0
60442,17197,1.0
60441,17197,1.0
60438,17031,1.0
60436,17197,1.0
60434,17197,1.0
60433,17197,1.0
60432,17197,1.0
60430,17031,1.0
60429,17031,1.0
60473,17031,1.0
60476,17031,1.0
60558,17031,1.0
60522,17043,1.0
60557,17099,1.0
60556,17037,1.0
60555,17043,1.0
60550,17037,1.0
60549,17099,1.0
60546,17031,1.0
60542,17089,1.0
60540,17043,1.0
60539,17089,1.0
60536,17093,1.0
60534,17031,1.0
60532,17043,1.0
60526,17031,1.0
60525,17031,1.0
60519,17043,1.0
60478,17031,1.0
60516,17043,1.0
60515,17043,1.0
60514,17043,1.0
60513,17031,1.0
60512,17093,1.0
60510,17089,1.0
60507,17089,1.0
60505,17089,1.0
60501,17031,1.0
60499,17031,1.0
60490,17197,1.0
60482,17031,1.0
60480,17031,1.0
60479,17063,1.0
60022,17031,1.0
60016,17031,1.0
59035,30003,1.0
59414,30013,1.0
59403,30013,1.0
59405,30013,1.0
59406,30013,1.0
59410,30049,1.0
59411,30035,1.0
59412,30013,1.0
59417,30035,1.0
59537,30071,1.0
59419,30099,1.0
59420,30015,1.0
59422,30099,1.0
59432,30073,1.0
59434,30035,1.0
59435,30101,1.0
59402,30013,1.0
59401,30013,1.0
59354,30025,1.0
59345,30075,1.0
59344,30025,1.0
59343,30075,1.0
59341,30079,1.0
59338,30017,1.0
59337,30033,1.0
59333,30087,1.0
59332,30011,1.0
59324,30011,1.0
59323,30087,1.0
59322,30033,1.0
59319,30011,1.0
59318,30033,1.0
59317,30075,1.0
59441,30027,1.0
59442,30015,1.0
59446,30015,1.0
59479,30045,1.0
59532,30041,1.0
59530,30041,1.0
59529,30005,1.0
59528,30041,1.0
59527,30005,1.0
59526,30005,1.0
59525,30041,1.0
59522,30051,1.0
59489,30027,1.0
59485,30013,1.0
59484,30101,1.0
59483,30013,1.0
59482,30101,1.0
59480,30013,1.0
59477,30013,1.0
59448,30073,1.0
59474,30101,1.0
59472,30013,1.0
59471,30027,1.0
59469,30045,1.0
59467,30099,1.0
59466,30101,1.0
59465,30013,1.0
59463,30013,1.0
59460,30015,1.0
59457,30027,1.0
59454,30101,1.0
59452,30045,1.0
59451,30027,1.0
59450,30015,1.0
59316,30011,1.0
59315,30021,1.0
59314,30075,1.0
59067,30095,1.0
59102,30111,1.0
59089,30003,1.0
59088,30111,1.0
59085,30107,1.0
59084,30069,1.0
59083,30087,1.0
59081,30067,1.0
59079,30111,1.0
59077,30033,1.0
59076,30103,1.0
59075,30003,1.0
59071,30009,1.0
59070,30009,1.0
59068,30009,1.0
59066,30003,1.0
59104,30111,1.0
59065,30067,1.0
59062,30075,1.0
59061,30095,1.0
59059,30065,1.0
59055,30097,1.0
59054,30065,1.0
59053,30059,1.0
59050,30003,1.0
59047,30067,1.0
59043,30087,1.0
59039,30087,1.0
59038,30103,1.0
59037,30111,1.0
59036,30107,1.0
59103,30111,1.0
59105,30111,1.0
59313,30025,1.0
59247,30091,1.0
59312,30087,1.0
59311,30011,1.0
59301,30017,1.0
59276,30019,1.0
59275,30091,1.0
59274,30055,1.0
59273,30105,1.0
59270,30083,1.0
59263,30019,1.0
59256,30091,1.0
59254,30091,1.0
59252,30091,1.0
59250,30105,1.0
59248,30105,1.0
59244,30105,1.0
59106,30111,1.0
59243,30083,1.0
59240,30105,1.0
59231,30105,1.0
59230,30105,1.0
59226,30085,1.0
59225,30105,1.0
59221,30083,1.0
59219,30091,1.0
59217,30083,1.0
59212,30085,1.0
59211,30091,1.0
59111,30111,1.0
59108,30111,1.0
59107,30111,1.0
59535,30005,1.0
59538,30071,1.0
60014,17111,1.0
59864,30047,1.0
59854,30077,1.0
59855,30047,1.0
59856,30089,1.0
59858,30039,1.0
59860,30047,1.0
59863,30047,1.0
59865,30047,1.0
59544,30071,1.0
59867,30061,1.0
59868,30063,1.0
59870,30081,1.0
59871,30081,1.0
59872,30061,1.0
59873,30089,1.0
59853,30089,1.0
59851,30063,1.0
59848,30089,1.0
59847,30063,1.0
59846,30063,1.0
59844,30089,1.0
59843,30077,1.0
59842,30061,1.0
59841,30081,1.0
59840,30081,1.0
59837,30039,1.0
59835,30081,1.0
59834,30063,1.0
59831,30089,1.0
59830,30061,1.0
59829,30081,1.0
59828,30081,1.0
59874,30089,1.0
59875,30081,1.0
59901,30029,1.0
59930,30053,1.0
60012,17111,1.0
60009,17031,1.0
60008,17031,1.0
60006,17031,1.0
60005,17031,1.0
60004,17031,1.0
60002,17097,1.0
59937,30029,1.0
59936,30029,1.0
59935,30053,1.0
59934,30053,1.0
59933,30053,1.0
59932,30029,1.0
59931,30047,1.0
59929,30047,1.0
59903,30029,1.0
59928,30029,1.0
59927,30029,1.0
59926,30029,1.0
59923,30053,1.0
59920,30029,1.0
59919,30029,1.0
59918,30053,1.0
59916,30029,1.0
59915,30047,1.0
59914,30047,1.0
59913,30029,1.0
59912,30029,1.0
59910,30047,1.0
59904,30029,1.0
59827,30081,1.0
59824,30047,1.0
59823,30063,1.0
59640,30049,1.0
59720,30057,1.0
59719,30031,1.0
59717,30031,1.0
59714,30031,1.0
59713,30077,1.0
59710,30057,1.0
59703,30093,1.0
59702,30093,1.0
59648,30049,1.0
59647,30007,1.0
59644,30007,1.0
59643,30007,1.0
59642,30059,1.0
59641,30007,1.0
59639,30049,1.0
59725,30001,1.0
59638,30043,1.0
59636,30049,1.0
59633,30049,1.0
59632,30043,1.0
59631,30043,1.0
59626,30049,1.0
59625,30049,1.0
59624,30049,1.0
59623,30049,1.0
59620,30049,1.0
59604,30049,1.0
59602,30049,1.0
59547,30005,1.0
59546,30071,1.0
59724,30001,1.0
59728,30077,1.0
59812,30063,1.0
59754,30057,1.0
59808,30063,1.0
59807,30063,1.0
59806,30063,1.0
59804,30063,1.0
59803,30063,1.0
59802,30063,1.0
59801,30063,1.0
59772,30031,1.0
59771,30031,1.0
59761,30001,1.0
59760,30031,1.0
59758,30031,1.0
59756,30023,1.0
59755,30057,1.0
59751,30057,1.0
59730,30031,1.0
59750,30093,1.0
59749,30057,1.0
59748,30093,1.0
59747,30057,1.0
59746,30001,1.0
59745,30057,1.0
59743,30093,1.0
59740,30057,1.0
59739,30001,1.0
59736,30001,1.0
59735,30057,1.0
59733,30077,1.0
59732,30001,1.0
59731,30077,1.0
56374,27145,1.0
56371,27145,1.0
56369,27145,1.0
53562,55025,1.0
53549,55055,1.0
53550,55045,1.0
53551,55055,1.0
53553,55049,1.0
53557,55027,1.0
53558,55025,1.0
53566,55045,1.0
53792,55025,1.0
53570,55045,1.0
53575,55025,1.0
53576,55105,1.0
53577,55111,1.0
53579,55027,1.0
53580,55049,1.0
53548,55105,1.0
53547,55105,1.0
53546,55105,1.0
53545,55105,1.0
53541,55065,1.0
53540,55103,1.0
53537,55105,1.0
53535,55049,1.0
53533,55049,1.0
53531,55025,1.0
53530,55065,1.0
53529,55025,1.0
53528,55025,1.0
53527,55025,1.0
53526,55049,1.0
53512,55105,1.0
53511,55105,1.0
53581,55103,1.0
53582,55049,1.0
53584,55103,1.0
53708,55025,1.0
53784,55025,1.0
53783,55025,1.0
53777,55025,1.0
53744,55025,1.0
53726,55025,1.0
53725,55025,1.0
53719,55025,1.0
53718,55025,1.0
53717,55025,1.0
53716,55025,1.0
53715,55025,1.0
53714,55025,1.0
53713,55025,1.0
53711,55025,1.0
53707,55025,1.0
53586,55065,1.0
53706,55025,1.0
53705,55025,1.0
53704,55025,1.0
53703,55025,1.0
53702,55025,1.0
53701,55025,1.0
53599,55065,1.0
53598,55025,1.0
53597,55025,1.0
53596,55025,1.0
53595,55049,1.0
53593,55025,1.0
53590,55025,1.0
53587,55065,1.0
53510,55065,1.0
53506,55049,1.0
53503,55049,1.0
53181,55059,1.0
53204,55079,1.0
53203,55079,1.0
53202,55079,1.0
53201,55079,1.0
53195,55127,1.0
53194,55059,1.0
53192,55059,1.0
53191,55127,1.0
53189,55133,1.0
53188,55133,1.0
53187,55133,1.0
53186,55133,1.0
53184,55127,1.0
53183,55133,1.0
53179,55059,1.0
53206,55079,1.0
53176,55127,1.0
53172,55079,1.0
53171,55059,1.0
53170,55059,1.0
53168,55059,1.0
53167,55101,1.0
53159,55059,1.0
53158,55059,1.0
53157,55127,1.0
53154,55079,1.0
53153,55133,1.0
53152,55059,1.0
53151,55133,1.0
53148,55127,1.0
53205,55079,1.0
53207,55079,1.0
53501,55105,1.0
53234,55079,1.0
53408,55101,1.0
53406,55101,1.0
53405,55101,1.0
53404,55101,1.0
53402,55101,1.0
53401,55101,1.0
53295,55079,1.0
53293,55079,1.0
53278,55079,1.0
53274,55079,1.0
53263,55079,1.0
53259,55079,1.0
53237,55079,1.0
53235,55079,1.0
53233,55079,1.0
53208,55079,1.0
53226,55079,1.0
53222,55079,1.0
53221,55079,1.0
53220,55079,1.0
53219,55079,1.0
53218,55079,1.0
53216,55079,1.0
53215,55079,1.0
53214,55079,1.0
53213,55079,1.0
53212,55079,1.0
53211,55079,1.0
53210,55079,1.0
53209,55079,1.0
53788,55025,1.0
53801,55043,1.0
53146,55133,1.0
54229,55009,1.0
54212,55029,1.0
54214,55071,1.0
54215,55071,1.0
54220,55071,1.0
54226,55029,1.0
54228,55071,1.0
54232,55071,1.0
53802,55043,1.0
54234,55029,1.0
54235,55029,1.0
54240,55071,1.0
54245,55071,1.0
54246,55029,1.0
54247,55071,1.0
54211,55029,1.0
54210,55029,1.0
54209,55029,1.0
54207,55071,1.0
54204,55029,1.0
54202,55029,1.0
54177,55075,1.0
54175,55083,1.0
54173,55009,1.0
54171,55083,1.0
54169,55015,1.0
54160,55015,1.0
54159,55075,1.0
54156,55075,1.0
54152,55087,1.0
54150,55078,1.0
54149,55083,1.0
54301,55009,1.0
54302,55009,1.0
54303,55009,1.0
54418,55067,1.0
54450,55115,1.0
54448,55073,1.0
54447,55119,1.0
54446,55019,1.0
54442,55069,1.0
54441,55141,1.0
54440,55073,1.0
54437,55019,1.0
54436,55019,1.0
54430,55067,1.0
54429,55073,1.0
54426,55073,1.0
54424,55067,1.0
54423,55097,1.0
54417,55073,1.0
54304,55009,1.0
54416,55115,1.0
54415,55141,1.0
54410,55141,1.0
54407,55097,1.0
54406,55097,1.0
54403,55073,1.0
54402,55073,1.0
54401,55073,1.0
54344,55009,1.0
54324,55009,1.0
54311,55009,1.0
54308,55009,1.0
54307,55009,1.0
54305,55009,1.0
54143,55075,1.0
54140,55087,1.0
54138,55083,1.0
53910,55001,1.0
53947,55047,1.0
53943,55111,1.0
53942,55111,1.0
53940,55111,1.0
53939,55047,1.0
53936,55001,1.0
53935,55021,1.0
53934,55001,1.0
53933,55027,1.0
53931,55039,1.0
53930,55077,1.0
53928,55021,1.0
53922,55027,1.0
53916,55027,1.0
53827,55043,1.0
53950,55057,1.0
53826,55023,1.0
53825,55043,1.0
53824,55043,1.0
53820,55043,1.0
53817,55043,1.0
53816,55043,1.0
53813,55043,1.0
53812,55043,1.0
53810,55043,1.0
53809,55043,1.0
53808,55043,1.0
53806,55043,1.0
53804,55043,1.0
53803,55065,1.0
53948,55057,1.0
53951,55111,1.0
54136,55087,1.0
54021,55093,1.0
54135,55078,1.0
54129,55015,1.0
54128,55115,1.0
54127,55115,1.0
54125,55075,1.0
54123,55015,1.0
54121,55037,1.0
54119,55075,1.0
54113,55087,1.0
54102,55075,1.0
54101,55083,1.0
54082,55109,1.0
54028,55109,1.0
54023,55109,1.0
54016,55109,1.0
53953,55077,1.0
54015,55109,1.0
54014,55093,1.0
54011,55093,1.0
54009,55095,1.0
54006,55095,1.0
54003,55093,1.0
54001,55095,1.0
53969,55021,1.0
53962,55057,1.0
53961,55111,1.0
53959,55111,1.0
53958,55111,1.0
53957,55021,1.0
53955,55021,1.0
53147,55127,1.0
53143,55059,1.0
54458,55097,1.0
52252,19105,1.0
52243,19103,1.0
52244,19103,1.0
52245,19103,1.0
52246,19103,1.0
52249,19011,1.0
52251,19095,1.0
52254,19045,1.0
52543,19123,1.0
52257,19011,1.0
52302,19113,1.0
52307,19095,1.0
52308,19095,1.0
52312,19105,1.0
52313,19011,1.0
52242,19103,1.0
52241,19103,1.0
52240,19103,1.0
52235,19103,1.0
52233,19113,1.0
52231,19107,1.0
52229,19011,1.0
52223,19055,1.0
52220,19095,1.0
52219,19113,1.0
52217,19171,1.0
52214,19113,1.0
52212,19105,1.0
52211,19157,1.0
52206,19011,1.0
52202,19113,1.0
52175,19065,1.0
52315,19011,1.0
52317,19103,1.0
52321,19105,1.0
52359,19183,1.0
52534,19123,1.0
52530,19179,1.0
52499,19113,1.0
52498,19113,1.0
52411,19113,1.0
52410,19113,1.0
52409,19113,1.0
52408,19113,1.0
52406,19113,1.0
52403,19113,1.0
52402,19113,1.0
52401,19113,1.0
52362,19105,1.0
52361,19095,1.0
52354,19011,1.0
52326,19019,1.0
52353,19183,1.0
52349,19011,1.0
52348,19171,1.0
52346,19011,1.0
52345,19011,1.0
52344,19113,1.0
52342,19171,1.0
52341,19113,1.0
52340,19103,1.0
52337,19031,1.0
52335,19107,1.0
52334,19095,1.0
52329,19019,1.0
52328,19113,1.0
52170,19005,1.0
52168,19191,1.0
52166,19065,1.0
51630,19145,1.0
52003,19061,1.0
52002,19061,1.0
52001,19061,1.0
51656,19145,1.0
51654,19071,1.0
51652,19071,1.0
51651,19145,1.0
51650,19071,1.0
51648,19071,1.0
51640,19071,1.0
51639,19071,1.0
51637,19145,1.0
51636,19145,1.0
51631,19145,1.0
51579,19085,1.0
52030,19097,1.0
51578,19165,1.0
51576,19155,1.0
51575,19155,1.0
51573,19137,1.0
51572,19133,1.0
51564,19085,1.0
51560,19155,1.0
51557,19085,1.0
51556,19085,1.0
51554,19129,1.0
51553,19155,1.0
51550,19085,1.0
51548,19155,1.0
51546,19085,1.0
52004,19061,1.0
52036,19055,1.0
52165,19191,1.0
52074,19097,1.0
52164,19065,1.0
52160,19005,1.0
52158,19043,1.0
52157,19043,1.0
52155,19089,1.0
52151,19005,1.0
52149,19191,1.0
52147,19065,1.0
52146,19005,1.0
52142,19065,1.0
52134,19089,1.0
52099,19061,1.0
52077,19043,1.0
52075,19097,1.0
52072,19043,1.0
52038,19055,1.0
52071,19097,1.0
52068,19061,1.0
52066,19043,1.0
52057,19055,1.0
52056,19061,1.0
52049,19043,1.0
52048,19043,1.0
52047,19043,1.0
52046,19061,1.0
52045,19061,1.0
52044,19043,1.0
52043,19043,1.0
52041,19055,1.0
52039,19061,1.0
52542,19177,1.0
52544,19007,1.0
53142,55059,1.0
53056,55133,1.0
53044,55117,1.0
53045,55133,1.0
53046,55133,1.0
53047,55027,1.0
53050,55027,1.0
53052,55133,1.0
53057,55039,1.0
52548,19179,1.0
53058,55133,1.0
53059,55027,1.0
53060,55131,1.0
53063,55071,1.0
53064,55133,1.0
53069,55133,1.0
53039,55027,1.0
53038,55055,1.0
53037,55131,1.0
53035,55027,1.0
53034,55027,1.0
53033,55131,1.0
53032,55027,1.0
53031,55117,1.0
53026,55117,1.0
53024,55089,1.0
53019,55039,1.0
53018,55133,1.0
53016,55027,1.0
53008,55133,1.0
53005,55133,1.0
53003,55027,1.0
53002,55131,1.0
53070,55117,1.0
53072,55133,1.0
53073,55117,1.0
53103,55133,1.0
53141,55059,1.0
53140,55059,1.0
53138,55101,1.0
53137,55055,1.0
53130,55079,1.0
53129,55079,1.0
53127,55133,1.0
53125,55127,1.0
53122,55133,1.0
53121,55127,1.0
53115,55127,1.0
53110,55079,1.0
53109,55059,1.0
53104,55059,1.0
53102,55059,1.0
53074,55089,1.0
53101,55059,1.0
53099,55027,1.0
53097,55089,1.0
53093,55117,1.0
53092,55089,1.0
53089,55133,1.0
53088,55015,1.0
53086,55131,1.0
53085,55117,1.0
53083,55117,1.0
53082,55117,1.0
53081,55117,1.0
53078,55027,1.0
53076,55131,1.0
53001,55117,1.0
52809,19163,1.0
52808,19163,1.0
52595,19123,1.0
52653,19115,1.0
52652,19087,1.0
52650,19057,1.0
52648,19111,1.0
52647,19087,1.0
52639,19111,1.0
52638,19057,1.0
52632,19111,1.0
52631,19111,1.0
52627,19111,1.0
52625,19111,1.0
52624,19111,1.0
52619,19111,1.0
52601,19057,1.0
52593,19007,1.0
52657,19111,1.0
52591,19107,1.0
52584,19051,1.0
52583,19185,1.0
52577,19123,1.0
52574,19007,1.0
52573,19177,1.0
52568,19107,1.0
52566,19179,1.0
52565,19177,1.0
52562,19107,1.0
52560,19051,1.0
52556,19101,1.0
52555,19007,1.0
52549,19007,1.0
52655,19057,1.0
52660,19057,1.0
52807,19163,1.0
52753,19163,1.0
52806,19163,1.0
52805,19163,1.0
52804,19163,1.0
52803,19163,1.0
52802,19163,1.0
52801,19163,1.0
52774,19045,1.0
52772,19031,1.0
52771,19045,1.0
52768,19163,1.0
52767,19163,1.0
52759,19139,1.0
52758,19163,1.0
52757,19045,1.0
52752,19115,1.0
52701,19045,1.0
52751,19045,1.0
52750,19045,1.0
52749,19139,1.0
52748,19163,1.0
52746,19163,1.0
52742,19045,1.0
52737,19115,1.0
52732,19045,1.0
52730,19045,1.0
52729,19045,1.0
52728,19163,1.0
52727,19045,1.0
52722,19163,1.0
52721,19031,1.0
54456,55019,1.0
54462,55067,1.0
56368,27145,1.0
55745,27061,1.0
55732,27137,1.0
55734,27137,1.0
55738,27137,1.0
55741,27137,1.0
55742,27061,1.0
55744,27061,1.0
55750,27137,1.0
55922,27045,1.0
55751,27137,1.0
55753,27061,1.0
55757,27017,1.0
55758,27137,1.0
55760,27001,1.0
55763,27137,1.0
55726,27017,1.0
55725,27137,1.0
55724,27137,1.0
55722,27061,1.0
55721,27061,1.0
55719,27137,1.0
55718,27017,1.0
55717,27137,1.0
55716,27061,1.0
55713,27137,1.0
55712,27115,1.0
55711,27137,1.0
55710,27137,1.0
55709,27061,1.0
55708,27137,1.0
55707,27017,1.0
55706,27137,1.0
55764,27061,1.0
55765,27137,1.0
55768,27137,1.0
55805,27137,1.0
55919,27055,1.0
55918,27099,1.0
55909,27099,1.0
55905,27109,1.0
55904,27109,1.0
55903,27109,1.0
55902,27109,1.0
55901,27109,1.0
55816,27137,1.0
55812,27137,1.0
55811,27137,1.0
55808,27137,1.0
55807,27137,1.0
55806,27137,1.0
55804,27137,1.0
55772,27071,1.0
55803,27137,1.0
55802,27137,1.0
55797,27017,1.0
55795,27115,1.0
55793,27061,1.0
55792,27137,1.0
55791,27137,1.0
55790,27137,1.0
55786,27061,1.0
55784,27061,1.0
55782,27137,1.0
55780,27017,1.0
55779,27137,1.0
55775,27061,1.0
55705,27137,1.0
55704,27115,1.0
55703,27137,1.0
55419,27053,1.0
55435,27053,1.0
55434,27003,1.0
55433,27003,1.0
55431,27053,1.0
55430,27053,1.0
55429,27053,1.0
55428,27053,1.0
55427,27053,1.0
55426,27053,1.0
55425,27053,1.0
55424,27053,1.0
55423,27053,1.0
55422,27053,1.0
55420,27053,1.0
55418,27053,1.0
55437,27053,1.0
55417,27053,1.0
55416,27053,1.0
55415,27053,1.0
55414,27053,1.0
55413,27053,1.0
55412,27053,1.0
55411,27053,1.0
55410,27053,1.0
55409,27053,1.0
55408,27053,1.0
55407,27053,1.0
55406,27053,1.0
55405,27053,1.0
55404,27053,1.0
55436,27053,1.0
55438,27053,1.0
55702,27137,1.0
55479,27053,1.0
55615,27031,1.0
55614,27075,1.0
55613,27031,1.0
55612,27031,1.0
55609,27075,1.0
55607,27075,1.0
55606,27031,1.0
55605,27031,1.0
55604,27031,1.0
55603,27075,1.0
55601,27075,1.0
55488,27053,1.0
55487,27053,1.0
55480,27053,1.0
55474,27053,1.0
55439,27053,1.0
55467,27053,1.0
55458,27053,1.0
55455,27053,1.0
55454,27053,1.0
55450,27053,1.0
55448,27003,1.0
55447,27053,1.0
55446,27053,1.0
55445,27053,1.0
55444,27053,1.0
55443,27053,1.0
55442,27053,1.0
55441,27053,1.0
55440,27053,1.0
55921,27055,1.0
55925,27169,1.0
55402,27053,1.0
56216,27067,1.0
56176,27091,1.0
56181,27091,1.0
56201,27067,1.0
56207,27149,1.0
56210,27011,1.0
56212,27073,1.0
56224,27127,1.0
55926,27099,1.0
56230,27129,1.0
56231,27151,1.0
56232,27073,1.0
56239,27083,1.0
56245,27173,1.0
56249,27151,1.0
56174,27033,1.0
56173,27133,1.0
56172,27101,1.0
56171,27091,1.0
56169,27083,1.0
56168,27105,1.0
56165,27105,1.0
56161,27063,1.0
56157,27083,1.0
56156,27133,1.0
56155,27105,1.0
56153,27105,1.0
56151,27101,1.0
56150,27063,1.0
56146,27133,1.0
56145,27033,1.0
56143,27063,1.0
56251,27067,1.0
56253,27067,1.0
56255,27127,1.0
56313,27095,1.0
56363,27095,1.0
56356,27145,1.0
56355,27041,1.0
56352,27145,1.0
56345,27097,1.0
56344,27097,1.0
56341,27041,1.0
56335,27145,1.0
56333,27009,1.0
56332,27041,1.0
56328,27097,1.0
56325,27145,1.0
56321,27145,1.0
56320,27145,1.0
56311,27051,1.0
56256,27073,1.0
56310,27145,1.0
56302,27145,1.0
56301,27145,1.0
56296,27155,1.0
56295,27023,1.0
56294,27127,1.0
56293,27127,1.0
56288,27067,1.0
56287,27127,1.0
56281,27067,1.0
56279,27067,1.0
56273,27067,1.0
56267,27149,1.0
56257,27073,1.0
56139,27117,1.0
56138,27133,1.0
56136,27081,1.0
55965,27045,1.0
56017,27079,1.0
56016,27047,1.0
56014,27043,1.0
56007,27047,1.0
56002,27013,1.0
55992,27049,1.0
55990,27045,1.0
55987,27169,1.0
55983,27049,1.0
55981,27157,1.0
55977,27099,1.0
55970,27099,1.0
55969,27169,1.0
55968,27157,1.0
55959,27169,1.0
56021,27103,1.0
55957,27157,1.0
55952,27169,1.0
55950,27099,1.0
55949,27045,1.0
55945,27157,1.0
55941,27055,1.0
55939,27045,1.0
55936,27099,1.0
55935,27045,1.0
55934,27109,1.0
55933,27099,1.0
55931,27055,1.0
55929,27109,1.0
55927,27039,1.0
56020,27047,1.0
56022,27165,1.0
56134,27133,1.0
56074,27103,1.0
56125,27101,1.0
56123,27101,1.0
56121,27091,1.0
56120,27165,1.0
56117,27105,1.0
56116,27133,1.0
56114,27101,1.0
56110,27105,1.0
56091,27161,1.0
56090,27013,1.0
56089,27047,1.0
56084,27015,1.0
56080,27013,1.0
56075,27091,1.0
56057,27079,1.0
56023,27043,1.0
56056,27165,1.0
56055,27013,1.0
56047,27043,1.0
56046,27147,1.0
56045,27047,1.0
56043,27047,1.0
56037,27013,1.0
56036,27047,1.0
56034,27013,1.0
56033,27043,1.0
56032,27047,1.0
56031,27091,1.0
56029,27047,1.0
56024,27013,1.0
55403,27053,1.0
55401,27053,1.0
54464,55067,1.0
54765,55033,1.0
54743,55011,1.0
54748,55017,1.0
54750,55093,1.0
54756,55011,1.0
54760,55121,1.0
54764,55033,1.0
54772,55033,1.0
54896,55113,1.0
54773,55121,1.0
54774,55017,1.0
54805,55005,1.0
54810,55095,1.0
54812,55005,1.0
54814,55007,1.0
54742,55035,1.0
54735,55033,1.0
54733,55005,1.0
54732,55017,1.0
54731,55107,1.0
54725,55033,1.0
54723,55093,1.0
54722,55035,1.0
54720,55035,1.0
54702,55035,1.0
54670,55081,1.0
54669,55063,1.0
54662,55081,1.0
54661,55121,1.0
54660,55081,1.0
54657,55023,1.0
54654,55023,1.0
54816,55007,1.0
54819,55107,1.0
54822,55005,1.0
54855,55003,1.0
54893,55013,1.0
54891,55007,1.0
54890,55031,1.0
54888,55129,1.0
54880,55031,1.0
54875,55129,1.0
54874,55031,1.0
54867,55113,1.0
54865,55007,1.0
54864,55031,1.0
54862,55113,1.0
54861,55003,1.0
54858,55095,1.0
54857,55005,1.0
54854,55031,1.0
54824,55095,1.0
54850,55003,1.0
54849,55031,1.0
54848,55107,1.0
54847,55007,1.0
54846,55003,1.0
54845,55013,1.0
54844,55007,1.0
54842,55031,1.0
54841,55005,1.0
54839,55007,1.0
54836,55031,1.0
54832,55007,1.0
54828,55113,1.0
54827,55007,1.0
54650,55063,1.0
54649,55081,1.0
54648,55081,1.0
54513,55099,1.0
54539,55085,1.0
54537,55099,1.0
54536,55051,1.0
54534,55051,1.0
54532,55069,1.0
54531,55085,1.0
54529,55085,1.0
54527,55003,1.0
54526,55107,1.0
54525,55051,1.0
54524,55099,1.0
54520,55041,1.0
54519,55125,1.0
54515,55099,1.0
54512,55125,1.0
54541,55041,1.0
54511,55041,1.0
54495,55141,1.0
54493,55019,1.0
54492,55097,1.0
54489,55141,1.0
54485,55067,1.0
54484,55073,1.0
54482,55097,1.0
54481,55097,1.0
54476,55073,1.0
54474,55073,1.0
54471,55073,1.0
54469,55141,1.0
54467,55097,1.0
54540,55125,1.0
54543,55085,1.0
54645,55023,1.0
54613,55001,1.0
54643,55053,1.0
54641,55057,1.0
54637,55057,1.0
54636,55063,1.0
54635,55053,1.0
54632,55123,1.0
54631,55023,1.0
54630,55121,1.0
54629,55011,1.0
54626,55023,1.0
54625,55121,1.0
54622,55011,1.0
54621,55123,1.0
54620,55081,1.0
54611,55053,1.0
54547,55051,1.0
54610,55011,1.0
54603,55063,1.0
54602,55063,1.0
54601,55063,1.0
54566,55041,1.0
54565,55051,1.0
54563,55107,1.0
54561,55125,1.0
54560,55125,1.0
54557,55125,1.0
54556,55099,1.0
54555,55099,1.0
54554,55125,1.0
54550,55051,1.0
54895,55107,1.0
54901,55139,1.0
55391,27053,1.0
55302,27171,1.0
55130,27123,1.0
55144,27123,1.0
55146,27123,1.0
55150,27037,1.0
55155,27123,1.0
55301,27171,1.0
55304,27003,1.0
54902,55139,1.0
55305,27053,1.0
55306,27037,1.0
55307,27143,1.0
55308,27141,1.0
55309,27141,1.0
55310,27129,1.0
55129,27163,1.0
55127,27123,1.0
55124,27037,1.0
55123,27037,1.0
55122,27037,1.0
55121,27037,1.0
55120,27037,1.0
55117,27123,1.0
55116,27123,1.0
55115,27163,1.0
55114,27123,1.0
55111,27053,1.0
55108,27123,1.0
55106,27123,1.0
55105,27123,1.0
55104,27123,1.0
55103,27123,1.0
55311,27053,1.0
55313,27171,1.0
55315,27019,1.0
55358,27171,1.0
55390,27171,1.0
55386,27019,1.0
55384,27053,1.0
55379,27139,1.0
55377,27141,1.0
55376,27171,1.0
55370,27085,1.0
55369,27053,1.0
55366,27143,1.0
55364,27053,1.0
55362,27171,1.0
55361,27053,1.0
55360,27019,1.0
55359,27053,1.0
55357,27053,1.0
55316,27053,1.0
55356,27053,1.0
55354,27085,1.0
55352,27139,1.0
55349,27171,1.0
55347,27053,1.0
55346,27053,1.0
55344,27053,1.0
55343,27053,1.0
55340,27053,1.0
55324,27093,1.0
55323,27053,1.0
55322,27019,1.0
55319,27141,1.0
55318,27019,1.0
55102,27123,1.0
55101,27123,1.0
55090,27163,1.0
54941,55047,1.0
54985,55139,1.0
54980,55139,1.0
54978,55115,1.0
54976,55137,1.0
54974,55039,1.0
54970,55137,1.0
54969,55135,1.0
54967,55137,1.0
54962,55135,1.0
54957,55139,1.0
54949,55135,1.0
54948,55115,1.0
54946,55135,1.0
54942,55087,1.0
54937,55039,1.0
55003,27163,1.0
54936,55039,1.0
54935,55039,1.0
54933,55135,1.0
54932,55039,1.0
54931,55087,1.0
54928,55115,1.0
54927,55139,1.0
54926,55135,1.0
54919,55087,1.0
54913,55087,1.0
54912,55087,1.0
54911,55087,1.0
54906,55139,1.0
54903,55139,1.0
55001,27163,1.0
55010,27037,1.0
55087,27131,1.0
55054,27139,1.0
55085,27037,1.0
55084,27025,1.0
55083,27163,1.0
55082,27163,1.0
55077,27037,1.0
55076,27037,1.0
55075,27037,1.0
55074,27025,1.0
55071,27163,1.0
55068,27037,1.0
55066,27049,1.0
55063,27115,1.0
55060,27147,1.0
55055,27163,1.0
55047,27163,1.0
55011,27003,1.0
55046,27131,1.0
55045,27025,1.0
55043,27163,1.0
55042,27163,1.0
55036,27115,1.0
55031,27037,1.0
55029,27059,1.0
55026,27049,1.0
55024,27037,1.0
55019,27131,1.0
55017,27059,1.0
55016,27163,1.0
55014,27003,1.0
55012,27025,1.0
60673,17031,1.0
60674,17031,1.0
60675,17031,1.0
66606,20177,1.0
66543,20139,1.0
66554,20161,1.0
66601,20177,1.0
66603,20177,1.0
66604,20177,1.0
66605,20177,1.0
66607,20177,1.0
66770,20021,1.0
66608,20177,1.0
66609,20177,1.0
66611,20177,1.0
66612,20177,1.0
66616,20177,1.0
66619,20177,1.0
66541,20117,1.0
66538,20131,1.0
66537,20139,1.0
66535,20149,1.0
66531,20161,1.0
66527,20013,1.0
66526,20197,1.0
66522,20131,1.0
66520,20149,1.0
66518,20117,1.0
66517,20161,1.0
66515,20013,1.0
66514,20061,1.0
66510,20139,1.0
66509,20085,1.0
66508,20117,1.0
66507,20197,1.0
66620,20177,1.0
66621,20177,1.0
66622,20177,1.0
66728,20021,1.0
66767,20107,1.0
66763,20037,1.0
66760,20037,1.0
66756,20037,1.0
66751,20001,1.0
66743,20037,1.0
66742,20001,1.0
66741,20011,1.0
66740,20133,1.0
66739,20021,1.0
66735,20037,1.0
66734,20037,1.0
66733,20133,1.0
66732,20001,1.0
66725,20021,1.0
66624,20177,1.0
66714,20205,1.0
66713,20021,1.0
66712,20037,1.0
66710,20205,1.0
66699,20177,1.0
66683,20177,1.0
66675,20177,1.0
66667,20177,1.0
66647,20177,1.0
66636,20177,1.0
66630,20177,1.0
66629,20177,1.0
66626,20177,1.0
66625,20177,1.0
66506,20161,1.0
66505,20161,1.0
66503,20161,1.0
66117,20209,1.0
66211,20091,1.0
66210,20091,1.0
66209,20091,1.0
66208,20091,1.0
66207,20091,1.0
66206,20091,1.0
66205,20091,1.0
66204,20091,1.0
66203,20091,1.0
66202,20091,1.0
66201,20091,1.0
66160,20209,1.0
66119,20209,1.0
66118,20209,1.0
66115,20209,1.0
66213,20091,1.0
66112,20209,1.0
66111,20209,1.0
66110,20209,1.0
66105,20209,1.0
66104,20209,1.0
66103,20209,1.0
66102,20209,1.0
66101,20209,1.0
66091,20003,1.0
66090,20043,1.0
66087,20043,1.0
66085,20091,1.0
66078,20059,1.0
66076,20059,1.0
66212,20091,1.0
66214,20091,1.0
66501,20197,1.0
66286,20091,1.0
66451,20139,1.0
66449,20161,1.0
66440,20085,1.0
66438,20117,1.0
66434,20013,1.0
66429,20087,1.0
66425,20013,1.0
66423,20197,1.0
66420,20177,1.0
66418,20085,1.0
66417,20131,1.0
66415,20131,1.0
66408,20131,1.0
66406,20117,1.0
66285,20091,1.0
66215,20091,1.0
66283,20091,1.0
66282,20091,1.0
66276,20091,1.0
66251,20091,1.0
66250,20091,1.0
66227,20091,1.0
66226,20091,1.0
66225,20091,1.0
66224,20091,1.0
66223,20091,1.0
66221,20091,1.0
66220,20091,1.0
66219,20091,1.0
66218,20091,1.0
66769,20011,1.0
66771,20133,1.0
66073,20087,1.0
67205,20173,1.0
67152,20191,1.0
67156,20035,1.0
67201,20173,1.0
67202,20173,1.0
67203,20173,1.0
67204,20173,1.0
67206,20173,1.0
66773,20021,1.0
67207,20173,1.0
67208,20173,1.0
67209,20173,1.0
67210,20173,1.0
67211,20173,1.0
67212,20173,1.0
67150,20077,1.0
67149,20173,1.0
67144,20015,1.0
67143,20007,1.0
67142,20095,1.0
67140,20191,1.0
67132,20015,1.0
67124,20151,1.0
67123,20015,1.0
67117,20079,1.0
67111,20095,1.0
67109,20097,1.0
67105,20191,1.0
67104,20007,1.0
67103,20191,1.0
67102,20035,1.0
67101,20173,1.0
67213,20173,1.0
67214,20173,1.0
67215,20173,1.0
67330,20099,1.0
67422,20143,1.0
67417,20029,1.0
67402,20169,1.0
67364,20125,1.0
67363,20125,1.0
67361,20019,1.0
67360,20019,1.0
67354,20099,1.0
67345,20049,1.0
67342,20099,1.0
67340,20125,1.0
67334,20019,1.0
67333,20125,1.0
67332,20099,1.0
67301,20125,1.0
67216,20173,1.0
67278,20173,1.0
67277,20173,1.0
67276,20173,1.0
67275,20173,1.0
67260,20173,1.0
67235,20173,1.0
67227,20173,1.0
67226,20173,1.0
67223,20173,1.0
67221,20173,1.0
67220,20173,1.0
67219,20173,1.0
67218,20173,1.0
67217,20173,1.0
67074,20015,1.0
67073,20115,1.0
67071,20007,1.0
66862,20017,1.0
66961,20157,1.0
66959,20157,1.0
66958,20201,1.0
66956,20089,1.0
66955,20201,1.0
66953,20201,1.0
66946,20201,1.0
66944,20201,1.0
66943,20201,1.0
66942,20089,1.0
66936,20089,1.0
66932,20183,1.0
66873,20127,1.0
66863,20073,1.0
66861,20115,1.0
66964,20157,1.0
66857,20031,1.0
66855,20073,1.0
66853,20073,1.0
66851,20115,1.0
66850,20017,1.0
66845,20017,1.0
66842,20015,1.0
66839,20031,1.0
66835,20111,1.0
66833,20111,1.0
66830,20111,1.0
66782,20021,1.0
66779,20011,1.0
66778,20021,1.0
66963,20089,1.0
66967,20183,1.0
67070,20007,1.0
67036,20077,1.0
67067,20173,1.0
67066,20151,1.0
67063,20115,1.0
67060,20173,1.0
67057,20007,1.0
67056,20079,1.0
67055,20173,1.0
67053,20115,1.0
67052,20173,1.0
67050,20173,1.0
67042,20015,1.0
67041,20015,1.0
67038,20035,1.0
67037,20173,1.0
67030,20173,1.0
66968,20201,1.0
67029,20033,1.0
67023,20035,1.0
67022,20191,1.0
67021,20151,1.0
67019,20035,1.0
67016,20173,1.0
67013,20191,1.0
67012,20015,1.0
67010,20015,1.0
67005,20035,1.0
67003,20077,1.0
67002,20015,1.0
67001,20173,1.0
66970,20089,1.0
66075,20107,1.0
66071,20121,1.0
67438,20115,1.0
65111,29051,1.0
65102,29051,1.0
65103,29051,1.0
65104,29051,1.0
65105,29051,1.0
65109,29051,1.0
65110,29051,1.0
65203,29019,1.0
65344,29195,1.0
65205,29019,1.0
65211,29019,1.0
65212,29019,1.0
65215,29019,1.0
65216,29019,1.0
65217,29019,1.0
65085,29151,1.0
65083,29131,1.0
65082,29131,1.0
65080,29027,1.0
65077,29027,1.0
65075,29131,1.0
65067,29027,1.0
65063,29027,1.0
65059,29027,1.0
65055,29135,1.0
65054,29151,1.0
65053,29051,1.0
65052,29029,1.0
65051,29151,1.0
65050,29135,1.0
65048,29151,1.0
65043,29027,1.0
65218,29019,1.0
65232,29007,1.0
65233,29053,1.0
65280,29007,1.0
65338,29015,1.0
65334,29159,1.0
65330,29195,1.0
65329,29141,1.0
65327,29195,1.0
65323,29083,1.0
65320,29195,1.0
65305,29101,1.0
65302,29159,1.0
65299,29019,1.0
65286,29041,1.0
65285,29007,1.0
65283,29137,1.0
65282,29137,1.0
65278,29175,1.0
65236,29041,1.0
65276,29053,1.0
65275,29137,1.0
65274,29089,1.0
65262,29027,1.0
65261,29041,1.0
65259,29175,1.0
65258,29137,1.0
65255,29019,1.0
65251,29027,1.0
65250,29089,1.0
65248,29089,1.0
65246,29041,1.0
65239,29175,1.0
65237,29053,1.0
65042,29135,1.0
65038,29141,1.0
65035,29151,1.0
64682,29033,1.0
64763,29185,1.0
64762,29011,1.0
64750,29217,1.0
64746,29037,1.0
64745,29013,1.0
64743,29037,1.0
64741,29217,1.0
64734,29037,1.0
64730,29013,1.0
64723,29013,1.0
64722,29013,1.0
64701,29037,1.0
64689,29061,1.0
64686,29117,1.0
64680,29033,1.0
64767,29217,1.0
64676,29041,1.0
64674,29115,1.0
64673,29129,1.0
64664,29117,1.0
64661,29129,1.0
64660,29041,1.0
64659,29115,1.0
64656,29117,1.0
64655,29171,1.0
64654,29061,1.0
64653,29115,1.0
64651,29115,1.0
64650,29025,1.0
64647,29061,1.0
64765,29217,1.0
64769,29011,1.0
65024,29151,1.0
64847,29119,1.0
65016,29151,1.0
65010,29019,1.0
64999,29095,1.0
64874,29009,1.0
64870,29097,1.0
64868,29119,1.0
64864,29145,1.0
64863,29119,1.0
64859,29097,1.0
64858,29145,1.0
64857,29097,1.0
64856,29119,1.0
64854,29119,1.0
64849,29097,1.0
64844,29145,1.0
64771,29217,1.0
64841,29097,1.0
64836,29097,1.0
64835,29097,1.0
64834,29097,1.0
64833,29097,1.0
64831,29119,1.0
64830,29097,1.0
64803,29097,1.0
64802,29097,1.0
64801,29097,1.0
64790,29217,1.0
64781,29185,1.0
64778,29217,1.0
64772,29217,1.0
65339,29195,1.0
65349,29195,1.0
66070,20087,1.0
65787,29029,1.0
65768,29067,1.0
65773,29153,1.0
65777,29091,1.0
65778,29149,1.0
65783,29059,1.0
65784,29153,1.0
65788,29091,1.0
65402,29161,1.0
65789,29091,1.0
65801,29077,1.0
65802,29077,1.0
65803,29077,1.0
65804,29077,1.0
65805,29077,1.0
65766,29153,1.0
65765,29077,1.0
65764,29059,1.0
65762,29153,1.0
65760,29153,1.0
65756,29109,1.0
65753,29043,1.0
65744,29213,1.0
65741,29153,1.0
65740,29213,1.0
65739,29213,1.0
65731,29213,1.0
65730,29119,1.0
65729,29153,1.0
65727,29167,1.0
65726,29213,1.0
65717,29229,1.0
65806,29077,1.0
65807,29077,1.0
65808,29077,1.0
66035,20043,1.0
66067,20059,1.0
66066,20087,1.0
66063,20091,1.0
66062,20091,1.0
66061,20091,1.0
66053,20121,1.0
66052,20103,1.0
66051,20091,1.0
66049,20045,1.0
66047,20045,1.0
66046,20045,1.0
66045,20045,1.0
66043,20103,1.0
66036,20121,1.0
66032,20003,1.0
65809,29077,1.0
66031,20091,1.0
66027,20103,1.0
66024,20043,1.0
66023,20005,1.0
66020,20103,1.0
66018,20091,1.0
66016,20005,1.0
66008,20043,1.0
65899,29077,1.0
65898,29077,1.0
65897,29077,1.0
65890,29077,1.0
65814,29077,1.0
65810,29077,1.0
65715,29153,1.0
65712,29109,1.0
65710,29167,1.0
65529,29161,1.0
65603,29057,1.0
65589,29215,1.0
65588,29203,1.0
65586,29055,1.0
65584,29169,1.0
65583,29169,1.0
65580,29125,1.0
65570,29215,1.0
65564,29215,1.0
65557,29215,1.0
65555,29215,1.0
65546,29203,1.0
65535,29055,1.0
65532,29065,1.0
65501,29065,1.0
65607,29039,1.0
65486,29131,1.0
65484,29215,1.0
65483,29215,1.0
65473,29169,1.0
65468,29215,1.0
65466,29203,1.0
65464,29215,1.0
65457,29169,1.0
65456,29055,1.0
65446,29055,1.0
65444,29215,1.0
65443,29125,1.0
65439,29093,1.0
65409,29161,1.0
65606,29149,1.0
65613,29167,1.0
65707,29109,1.0
65664,29109,1.0
65704,29229,1.0
65702,29229,1.0
65690,29149,1.0
65688,29091,1.0
65686,29209,1.0
65681,29209,1.0
65680,29213,1.0
65679,29213,1.0
65676,29153,1.0
65675,29209,1.0
65673,29213,1.0
65672,29213,1.0
65668,29085,1.0
65666,29153,1.0
65663,29167,1.0
65615,29213,1.0
65661,29057,1.0
65658,29009,1.0
65657,29043,1.0
65655,29153,1.0
65654,29109,1.0
65641,29009,1.0
65636,29225,1.0
65629,29043,1.0
65627,29213,1.0
65625,29009,1.0
65624,29209,1.0
65623,29009,1.0
65620,29043,1.0
65618,29153,1.0
67431,20041,1.0
67441,20041,1.0
64639,29033,1.0
69212,31031,1.0
69162,31033,1.0
69170,31111,1.0
69171,31047,1.0
69201,31031,1.0
69210,31017,1.0
69211,31031,1.0
69216,31031,1.0
70062,22051,1.0
69218,31031,1.0
69219,31031,1.0
69331,31123,1.0
69336,31123,1.0
69341,31157,1.0
69345,31007,1.0
69154,31069,1.0
69152,31091,1.0
69151,31111,1.0
69150,31135,1.0
69143,31111,1.0
69141,31033,1.0
69140,31135,1.0
69135,31031,1.0
69132,31111,1.0
69130,31047,1.0
69127,31101,1.0
69125,31123,1.0
69123,31111,1.0
69103,31111,1.0
69044,31087,1.0
69043,31087,1.0
69042,31063,1.0
69346,31165,1.0
69352,31157,1.0
69353,31157,1.0
70036,22051,1.0
70058,22051,1.0
70057,22089,1.0
70056,22051,1.0
70055,22051,1.0
70054,22051,1.0
70052,22093,1.0
70051,22095,1.0
70050,22075,1.0
70047,22089,1.0
70044,22087,1.0
70043,22087,1.0
70041,22075,1.0
70039,22089,1.0
70037,22075,1.0
70033,22051,1.0
69355,31157,1.0
70032,22087,1.0
70011,22051,1.0
70010,22051,1.0
70009,22051,1.0
70006,22051,1.0
70005,22051,1.0
70004,22051,1.0
70003,22051,1.0
70002,22051,1.0
70001,22051,1.0
69367,31045,1.0
69365,31161,1.0
69363,31157,1.0
69360,31161,1.0
69041,31057,1.0
69037,31057,1.0
69036,31145,1.0
68812,31019,1.0
68853,31163,1.0
68849,31019,1.0
68848,31019,1.0
68846,31081,1.0
68842,31077,1.0
68841,31081,1.0
68838,31093,1.0
68837,31175,1.0
68827,31121,1.0
68826,31121,1.0
68825,31041,1.0
68822,31041,1.0
68821,31009,1.0
68814,31041,1.0
68810,31079,1.0
68856,31041,1.0
68802,31079,1.0
68790,31179,1.0
68789,31107,1.0
68783,31107,1.0
68780,31089,1.0
68779,31167,1.0
68778,31103,1.0
68776,31043,1.0
68774,31027,1.0
68765,31139,1.0
68761,31003,1.0
68760,31107,1.0
68756,31003,1.0
68755,31015,1.0
68854,31081,1.0
68860,31041,1.0
69032,31085,1.0
68955,31001,1.0
69026,31145,1.0
69023,31029,1.0
69021,31057,1.0
68978,31129,1.0
68976,31073,1.0
68975,31035,1.0
68973,31001,1.0
68971,31083,1.0
68970,31181,1.0
68969,31083,1.0
68966,31083,1.0
68961,31129,1.0
68959,31099,1.0
68958,31137,1.0
68954,31035,1.0
68861,31019,1.0
68950,31001,1.0
68946,31065,1.0
68940,31137,1.0
68933,31035,1.0
68929,31061,1.0
68926,31065,1.0
68925,31001,1.0
68923,31137,1.0
68920,31083,1.0
68902,31001,1.0
68881,31041,1.0
68873,31093,1.0
68871,31163,1.0
68870,31019,1.0
70059,22051,1.0
70063,22051,1.0
68751,31051,1.0
70381,22101,1.0
70363,22109,1.0
70371,22057,1.0
70372,22007,1.0
70373,22057,1.0
70374,22057,1.0
70375,22057,1.0
70390,22007,1.0
70064,22051,1.0
70391,22007,1.0
70392,22101,1.0
70393,22007,1.0
70394,22057,1.0
70395,22109,1.0
70397,22109,1.0
70361,22109,1.0
70360,22109,1.0
70358,22051,1.0
70357,22057,1.0
70356,22109,1.0
70355,22057,1.0
70354,22057,1.0
70353,22109,1.0
70352,22109,1.0
70345,22057,1.0
70344,22109,1.0
70342,22101,1.0
70341,22007,1.0
70340,22101,1.0
70190,22071,1.0
70189,22071,1.0
70187,22071,1.0
70402,22105,1.0
70404,22105,1.0
70420,22103,1.0
70457,22103,1.0
70504,22055,1.0
70503,22055,1.0
70502,22055,1.0
70501,22055,1.0
70471,22103,1.0
70470,22103,1.0
70469,22103,1.0
70465,22105,1.0
70464,22103,1.0
70463,22103,1.0
70461,22103,1.0
70460,22103,1.0
70459,22103,1.0
70458,22103,1.0
70455,22105,1.0
70421,22105,1.0
70454,22105,1.0
70452,22103,1.0
70451,22105,1.0
70450,22117,1.0
70448,22103,1.0
70447,22103,1.0
70446,22105,1.0
70445,22103,1.0
70442,22105,1.0
70441,22091,1.0
70434,22103,1.0
70433,22103,1.0
70429,22117,1.0
70426,22117,1.0
70186,22071,1.0
70185,22071,1.0
70184,22071,1.0
70085,22087,1.0
70122,22071,1.0
70121,22051,1.0
70119,22071,1.0
70117,22071,1.0
70116,22071,1.0
70114,22071,1.0
70113,22071,1.0
70112,22071,1.0
70096,22051,1.0
70094,22051,1.0
70092,22087,1.0
70091,22075,1.0
70087,22089,1.0
70086,22093,1.0
70084,22095,1.0
70124,22071,1.0
70083,22075,1.0
70082,22075,1.0
70080,22089,1.0
70079,22089,1.0
70078,22089,1.0
70076,22095,1.0
70075,22087,1.0
70073,22051,1.0
70072,22051,1.0
70071,22093,1.0
70070,22089,1.0
70069,22095,1.0
70067,22051,1.0
70065,22051,1.0
70123,22051,1.0
70125,22071,1.0
70183,22051,1.0
70156,22071,1.0
70182,22071,1.0
70181,22051,1.0
70179,22071,1.0
70178,22071,1.0
70177,22071,1.0
70176,22071,1.0
70175,22071,1.0
70174,22071,1.0
70172,22071,1.0
70170,22071,1.0
70165,22071,1.0
70163,22071,1.0
70158,22071,1.0
70157,22071,1.0
70153,22071,1.0
70126,22071,1.0
70152,22071,1.0
70151,22071,1.0
70150,22071,1.0
70148,22071,1.0
70146,22071,1.0
70145,22071,1.0
70143,22075,1.0
70141,22071,1.0
70139,22071,1.0
70131,22071,1.0
70130,22071,1.0
70129,22071,1.0
70128,22071,1.0
70127,22071,1.0
68753,31103,1.0
68749,31027,1.0
67442,20169,1.0
68034,31177,1.0
68019,31021,1.0
68022,31055,1.0
68023,31177,1.0
68026,31053,1.0
68030,31043,1.0
68033,31155,1.0
68037,31025,1.0
68132,31055,1.0
68039,31173,1.0
68040,31155,1.0
68041,31155,1.0
68042,31155,1.0
68046,31153,1.0
68048,31025,1.0
68018,31155,1.0
68016,31025,1.0
68015,31155,1.0
68010,31055,1.0
68008,31177,1.0
68005,31153,1.0
68002,31177,1.0
68001,31023,1.0
67950,20129,1.0
67901,20175,1.0
67882,20057,1.0
67864,20119,1.0
67859,20175,1.0
67857,20075,1.0
67854,20083,1.0
67849,20083,1.0
67843,20069,1.0
68050,31155,1.0
68056,31153,1.0
68057,31053,1.0
68106,31055,1.0
68130,31055,1.0
68127,31055,1.0
68124,31055,1.0
68123,31153,1.0
68118,31055,1.0
68117,31055,1.0
68116,31055,1.0
68114,31055,1.0
68113,31153,1.0
68111,31055,1.0
68110,31055,1.0
68109,31055,1.0
68108,31055,1.0
68107,31055,1.0
68105,31055,1.0
68058,31025,1.0
68104,31055,1.0
68103,31055,1.0
68102,31055,1.0
68073,31155,1.0
68072,31053,1.0
68071,31173,1.0
68070,31155,1.0
68068,31177,1.0
68067,31173,1.0
68066,31155,1.0
68063,31053,1.0
68062,31173,1.0
68061,31021,1.0
68059,31153,1.0
67840,20025,1.0
67836,20075,1.0
67831,20025,1.0
67513,20165,1.0
67564,20009,1.0
67560,20135,1.0
67559,20165,1.0
67554,20159,1.0
67553,20165,1.0
67552,20047,1.0
67548,20165,1.0
67545,20185,1.0
67529,20145,1.0
67525,20009,1.0
67524,20159,1.0
67516,20135,1.0
67515,20135,1.0
67514,20155,1.0
67510,20155,1.0
67568,20155,1.0
67505,20155,1.0
67501,20155,1.0
67492,20041,1.0
67483,20115,1.0
67482,20041,1.0
67478,20123,1.0
67476,20113,1.0
67473,20141,1.0
67468,20027,1.0
67460,20113,1.0
67457,20159,1.0
67454,20053,1.0
67446,20123,1.0
67443,20113,1.0
67566,20155,1.0
67573,20159,1.0
67744,20153,1.0
67650,20065,1.0
67743,20193,1.0
67737,20063,1.0
67736,20063,1.0
67734,20193,1.0
67733,20181,1.0
67731,20023,1.0
67730,20153,1.0
67674,20051,1.0
67671,20051,1.0
67669,20163,1.0
67667,20051,1.0
67664,20147,1.0
67660,20051,1.0
67654,20137,1.0
67647,20147,1.0
67574,20145,1.0
67643,20039,1.0
67638,20183,1.0
67635,20039,1.0
67634,20167,1.0
67628,20183,1.0
67627,20051,1.0
67626,20167,1.0
67625,20065,1.0
67623,20141,1.0
67622,20137,1.0
67621,20147,1.0
67601,20051,1.0
67585,20155,1.0
67581,20155,1.0
68131,31055,1.0
68133,31153,1.0
68747,31139,1.0
68531,31109,1.0
68521,31109,1.0
68522,31109,1.0
68523,31109,1.0
68524,31109,1.0
68526,31109,1.0
68529,31109,1.0
68542,31109,1.0
68134,31055,1.0
68583,31109,1.0
68588,31109,1.0
68602,31141,1.0
68620,31011,1.0
68621,31053,1.0
68622,31183,1.0
68520,31109,1.0
68517,31109,1.0
68516,31109,1.0
68514,31109,1.0
68512,31109,1.0
68510,31109,1.0
68508,31109,1.0
68507,31109,1.0
68506,31109,1.0
68505,31109,1.0
68504,31109,1.0
68503,31109,1.0
68502,31109,1.0
68501,31109,1.0
68467,31185,1.0
68466,31067,1.0
68463,31025,1.0
68624,31023,1.0
68632,31023,1.0
68634,31141,1.0
68719,31015,1.0
68743,31043,1.0
68742,31089,1.0
68741,31043,1.0
68738,31139,1.0
68736,31027,1.0
68734,31089,1.0
68732,31051,1.0
68731,31043,1.0
68728,31051,1.0
68727,31027,1.0
68724,31107,1.0
68723,31179,1.0
68722,31015,1.0
68720,31003,1.0
68717,31027,1.0
68635,31023,1.0
68716,31039,1.0
68715,31119,1.0
68713,31089,1.0
68711,31089,1.0
68710,31051,1.0
68702,31119,1.0
68667,31023,1.0
68664,31053,1.0
68661,31037,1.0
68653,31141,1.0
68651,31143,1.0
68649,31053,1.0
68648,31155,1.0
68647,31141,1.0
68457,31147,1.0
68450,31097,1.0
68446,31131,1.0
68305,31127,1.0
68346,31131,1.0
68344,31131,1.0
68340,31169,1.0
68337,31147,1.0
68336,31109,1.0
68330,31159,1.0
68328,31067,1.0
68327,31169,1.0
68321,31127,1.0
68320,31127,1.0
68318,31067,1.0
68315,31169,1.0
68313,31159,1.0
68309,31067,1.0
68304,31025,1.0
68350,31095,1.0
68198,31055,1.0
68197,31055,1.0
68183,31055,1.0
68182,31055,1.0
68180,31055,1.0
68179,31055,1.0
68178,31055,1.0
68175,31055,1.0
68164,31055,1.0
68154,31055,1.0
68145,31055,1.0
68144,31055,1.0
68139,31055,1.0
68135,31055,1.0
68349,31025,1.0
68352,31095,1.0
68445,31151,1.0
68415,31067,1.0
68444,31059,1.0
68441,31133,1.0
68440,31095,1.0
68439,31159,1.0
68438,31109,1.0
68434,31159,1.0
68433,31147,1.0
68431,31147,1.0
68430,31109,1.0
68422,31067,1.0
68420,31133,1.0
68419,31109,1.0
68417,31131,1.0
68416,31059,1.0
68414,31127,1.0
68355,31147,1.0
68410,31131,1.0
68409,31025,1.0
68407,31025,1.0
68403,31025,1.0
68402,31109,1.0
68401,31185,1.0
68382,31131,1.0
68380,31133,1.0
68377,31095,1.0
68375,31169,1.0
68372,31109,1.0
68364,31159,1.0
68362,31169,1.0
68361,31059,1.0
64640,29061,1.0
64633,29033,1.0
60677,17031,1.0
62031,17083,1.0
62024,17119,1.0
62025,17119,1.0
62026,17119,1.0
62027,17061,1.0
62028,17083,1.0
62030,17083,1.0
62032,17135,1.0
62214,17189,1.0
62033,17117,1.0
62034,17119,1.0
62036,17013,1.0
62037,17083,1.0
62040,17119,1.0
62045,17013,1.0
62023,17117,1.0
62022,17083,1.0
62018,17119,1.0
62016,17061,1.0
62015,17135,1.0
62014,17117,1.0
62013,17013,1.0
62011,17051,1.0
62010,17119,1.0
62009,17117,1.0
62006,17013,1.0
62001,17119,1.0
61955,17045,1.0
61949,17045,1.0
61941,17041,1.0
61940,17045,1.0
61936,17147,1.0
62046,17119,1.0
62047,17013,1.0
62048,17119,1.0
62087,17119,1.0
62207,17163,1.0
62206,17163,1.0
62205,17163,1.0
62204,17163,1.0
62203,17163,1.0
62202,17163,1.0
62098,17061,1.0
62097,17119,1.0
62095,17119,1.0
62094,17135,1.0
62093,17117,1.0
62092,17061,1.0
62090,17119,1.0
62089,17135,1.0
62085,17117,1.0
62049,17135,1.0
62084,17119,1.0
62081,17061,1.0
62078,17061,1.0
62076,17135,1.0
62071,17163,1.0
62070,17013,1.0
62067,17119,1.0
62062,17119,1.0
62061,17119,1.0
62059,17163,1.0
62058,17119,1.0
62053,17013,1.0
62051,17135,1.0
62050,17061,1.0
61932,17045,1.0
61931,17029,1.0
61924,17045,1.0
61764,17105,1.0
61803,17019,1.0
61802,17019,1.0
61801,17019,1.0
61799,17113,1.0
61791,17113,1.0
61790,17113,1.0
61778,17039,1.0
61777,17039,1.0
61776,17113,1.0
61773,17053,1.0
61772,17113,1.0
61771,17203,1.0
61770,17113,1.0
61769,17105,1.0
61761,17113,1.0
61812,17183,1.0
61758,17113,1.0
61753,17113,1.0
61751,17107,1.0
61750,17039,1.0
61747,17179,1.0
61743,17105,1.0
61741,17105,1.0
61737,17113,1.0
61736,17113,1.0
61735,17039,1.0
61734,17179,1.0
61730,17113,1.0
61727,17039,1.0
61724,17113,1.0
61811,17183,1.0
61813,17147,1.0
61919,17041,1.0
61847,17019,1.0
61883,17183,1.0
61880,17019,1.0
61878,17019,1.0
61877,17019,1.0
61874,17019,1.0
61873,17019,1.0
61871,17019,1.0
61866,17019,1.0
61865,17183,1.0
61864,17019,1.0
61858,17183,1.0
61857,17183,1.0
61855,17147,1.0
61848,17183,1.0
61846,17183,1.0
61814,17183,1.0
61841,17183,1.0
61834,17183,1.0
61833,17183,1.0
61832,17183,1.0
61831,17183,1.0
61826,17019,1.0
61825,17019,1.0
61824,17019,1.0
61822,17019,1.0
61821,17019,1.0
61820,17019,1.0
61817,17183,1.0
61816,17019,1.0
61815,17019,1.0
62208,17163,1.0
62215,17027,1.0
61709,17113,1.0
62475,17079,1.0
62459,17079,1.0
62463,17173,1.0
62464,17033,1.0
62465,17173,1.0
62468,17035,1.0
62473,17049,1.0
62477,17023,1.0
62217,17157,1.0
62480,17079,1.0
62514,17115,1.0
62515,17167,1.0
62517,17021,1.0
62518,17107,1.0
62519,17107,1.0
62454,17033,1.0
62452,17159,1.0
62451,17033,1.0
62450,17159,1.0
62446,17191,1.0
62444,17173,1.0
62439,17101,1.0
62438,17173,1.0
62433,17033,1.0
62419,17159,1.0
62418,17051,1.0
62417,17101,1.0
62380,17067,1.0
62378,17009,1.0
62376,17001,1.0
62375,17009,1.0
62370,17149,1.0
62520,17167,1.0
62521,17115,1.0
62522,17115,1.0
62555,17021,1.0
62624,17169,1.0
62622,17017,1.0
62617,17125,1.0
62615,17167,1.0
62610,17171,1.0
62601,17137,1.0
62573,17115,1.0
62571,17173,1.0
62570,17021,1.0
62568,17021,1.0
62567,17021,1.0
62565,17173,1.0
62561,17167,1.0
62556,17021,1.0
62554,17115,1.0
62523,17115,1.0
62551,17115,1.0
62549,17115,1.0
62541,17107,1.0
62540,17021,1.0
62537,17115,1.0
62536,17167,1.0
62535,17115,1.0
62533,17135,1.0
62532,17115,1.0
62531,17021,1.0
62530,17167,1.0
62526,17115,1.0
62525,17115,1.0
62524,17115,1.0
62365,17001,1.0
62362,17149,1.0
62361,17149,1.0
62244,17133,1.0
62282,17163,1.0
62281,17119,1.0
62279,17133,1.0
62273,17119,1.0
62271,17189,1.0
62266,17027,1.0
62261,17157,1.0
62260,17163,1.0
62259,17157,1.0
62256,17133,1.0
62252,17027,1.0
62250,17027,1.0
62248,17133,1.0
62245,17027,1.0
62243,17163,1.0
62285,17163,1.0
62242,17157,1.0
62241,17157,1.0
62239,17163,1.0
62233,17157,1.0
62232,17163,1.0
62230,17027,1.0
62226,17163,1.0
62225,17163,1.0
62223,17163,1.0
62222,17163,1.0
62221,17163,1.0
62220,17163,1.0
62219,17027,1.0
62218,17027,1.0
62284,17005,1.0
62288,17157,1.0
62360,17001,1.0
62338,17001,1.0
62359,17001,1.0
62358,17067,1.0
62357,17149,1.0
62356,17149,1.0
62354,17067,1.0
62353,17009,1.0
62352,17149,1.0
62348,17001,1.0
62347,17001,1.0
62345,17149,1.0
62344,17169,1.0
62341,17067,1.0
62340,17149,1.0
62339,17001,1.0
62336,17067,1.0
62289,17163,1.0
62334,17067,1.0
62329,17067,1.0
62325,17001,1.0
62324,17001,1.0
62321,17067,1.0
62320,17001,1.0
62319,17169,1.0
62313,17067,1.0
62306,17001,1.0
62305,17001,1.0
62301,17001,1.0
62297,17157,1.0
62295,17133,1.0
62292,17157,1.0
61722,17113,1.0
61705,17113,1.0
62629,17167,1.0
61115,17201,1.0
61101,17201,1.0
61103,17201,1.0
61104,17201,1.0
61105,17201,1.0
61110,17201,1.0
61112,17201,1.0
61125,17201,1.0
61317,17011,1.0
61126,17201,1.0
61130,17201,1.0
61131,17201,1.0
61132,17201,1.0
61201,17161,1.0
61204,17161,1.0
61091,17141,1.0
61085,17085,1.0
61079,17201,1.0
61077,17201,1.0
61075,17085,1.0
61072,17201,1.0
61070,17177,1.0
61067,17177,1.0
61065,17007,1.0
61061,17141,1.0
61060,17177,1.0
61059,17085,1.0
61057,17103,1.0
61054,17141,1.0
61050,17177,1.0
61049,17141,1.0
61046,17015,1.0
61230,17195,1.0
61231,17131,1.0
61232,17161,1.0
61265,17161,1.0
61315,17011,1.0
61313,17105,1.0
61312,17011,1.0
61310,17103,1.0
61301,17099,1.0
61299,17161,1.0
61285,17015,1.0
61284,17161,1.0
61282,17161,1.0
61278,17161,1.0
61276,17131,1.0
61275,17161,1.0
61274,17073,1.0
61266,17161,1.0
61263,17131,1.0
61233,17073,1.0
61261,17195,1.0
61258,17073,1.0
61257,17161,1.0
61256,17161,1.0
61251,17195,1.0
61244,17161,1.0
61242,17161,1.0
61241,17073,1.0
61239,17161,1.0
61238,17073,1.0
61237,17161,1.0
61236,17161,1.0
61235,17073,1.0
61234,17073,1.0
61043,17141,1.0
61041,17085,1.0
61037,17195,1.0
60706,17031,1.0
60920,17105,1.0
60915,17091,1.0
60914,17091,1.0
60913,17091,1.0
60912,17075,1.0
60910,17091,1.0
60901,17091,1.0
60827,17031,1.0
60805,17031,1.0
60804,17031,1.0
60803,17031,1.0
60714,17031,1.0
60712,17031,1.0
60707,17031,1.0
60701,17031,1.0
60926,17075,1.0
60699,17031,1.0
60697,17031,1.0
60695,17031,1.0
60694,17031,1.0
60693,17031,1.0
60690,17031,1.0
60689,17031,1.0
60688,17031,1.0
60687,17031,1.0
60686,17031,1.0
60685,17031,1.0
60684,17031,1.0
60682,17031,1.0
60678,17031,1.0
60924,17075,1.0
60928,17075,1.0
61036,17085,1.0
60967,17075,1.0
61032,17177,1.0
61030,17141,1.0
61027,17177,1.0
61025,17085,1.0
61024,17201,1.0
61018,17177,1.0
61015,17141,1.0
61013,17177,1.0
61010,17141,1.0
61001,17085,1.0
60974,17075,1.0
60973,17075,1.0
60970,17075,1.0
60969,17091,1.0
60966,17075,1.0
60930,17075,1.0
60963,17183,1.0
60958,17091,1.0
60956,17075,1.0
60954,17091,1.0
60953,17075,1.0
60951,17075,1.0
60945,17075,1.0
60944,17091,1.0
60939,17075,1.0
60938,17075,1.0
60934,17105,1.0
60933,17053,1.0
60932,17183,1.0
60931,17075,1.0
61316,17099,1.0
61318,17103,1.0
61704,17113,1.0
61555,17179,1.0
61545,17203,1.0
61547,17143,1.0
61550,17179,1.0
61552,17143,1.0
61553,17057,1.0
61554,17179,1.0
61558,17179,1.0
61319,17105,1.0
61561,17203,1.0
61562,17143,1.0
61563,17057,1.0
61564,17179,1.0
61567,17125,1.0
61568,17179,1.0
61543,17057,1.0
61542,17057,1.0
61541,17123,1.0
61540,17123,1.0
61539,17143,1.0
61537,17123,1.0
61536,17143,1.0
61535,17179,1.0
61532,17125,1.0
61528,17143,1.0
61525,17143,1.0
61524,17057,1.0
61519,17057,1.0
61517,17143,1.0
61516,17203,1.0
61488,17095,1.0
61486,17131,1.0
61572,17095,1.0
61601,17143,1.0
61602,17143,1.0
61635,17179,1.0
61702,17113,1.0
61701,17113,1.0
61656,17143,1.0
61655,17143,1.0
61654,17143,1.0
61653,17143,1.0
61652,17143,1.0
61651,17143,1.0
61643,17143,1.0
61641,17143,1.0
61639,17143,1.0
61638,17143,1.0
61637,17143,1.0
61636,17143,1.0
61634,17143,1.0
61603,17143,1.0
61633,17143,1.0
61630,17143,1.0
61629,17143,1.0
61625,17143,1.0
61616,17143,1.0
61615,17143,1.0
61614,17143,1.0
61613,17143,1.0
61612,17143,1.0
61610,17179,1.0
61607,17143,1.0
61606,17143,1.0
61605,17143,1.0
61604,17143,1.0
61485,17095,1.0
61483,17175,1.0
61480,17071,1.0
61345,17011,1.0
61373,17099,1.0
61372,17099,1.0
61371,17099,1.0
61370,17099,1.0
61369,17123,1.0
61368,17011,1.0
61367,17103,1.0
61363,17155,1.0
61362,17011,1.0
61359,17011,1.0
61356,17011,1.0
61350,17099,1.0
61348,17099,1.0
61346,17011,1.0
61341,17099,1.0
61375,17123,1.0
61340,17155,1.0
61338,17011,1.0
61337,17011,1.0
61335,17155,1.0
61332,17099,1.0
61331,17103,1.0
61329,17011,1.0
61328,17011,1.0
61327,17155,1.0
61326,17155,1.0
61325,17099,1.0
61324,17103,1.0
61323,17011,1.0
61322,17011,1.0
61374,17011,1.0
61378,17103,1.0
61477,17057,1.0
61435,17187,1.0
61471,17071,1.0
61470,17109,1.0
61469,17071,1.0
61468,17073,1.0
61467,17095,1.0
61458,17095,1.0
61455,17109,1.0
61451,17143,1.0
61448,17095,1.0
61447,17187,1.0
61441,17057,1.0
61439,17095,1.0
61437,17071,1.0
61436,17095,1.0
61433,17057,1.0
61379,17011,1.0
61432,17057,1.0
61431,17057,1.0
61430,17095,1.0
61428,17095,1.0
61427,17057,1.0
61426,17175,1.0
61425,17071,1.0
61424,17123,1.0
61422,17109,1.0
61419,17073,1.0
61417,17187,1.0
61416,17109,1.0
61411,17109,1.0
61402,17095,1.0
62626,17117,1.0
62630,17117,1.0
64623,29033,1.0
63860,29143,1.0
63841,29207,1.0
63846,29207,1.0
63847,29069,1.0
63850,29207,1.0
63851,29155,1.0
63853,29155,1.0
63862,29143,1.0
64021,29107,1.0
63863,29069,1.0
63866,29143,1.0
63867,29143,1.0
63868,29143,1.0
63869,29143,1.0
63874,29143,1.0
63840,29155,1.0
63839,29155,1.0
63830,29155,1.0
63829,29069,1.0
63828,29143,1.0
63827,29155,1.0
63826,29155,1.0
63825,29207,1.0
63824,29201,1.0
63821,29069,1.0
63820,29133,1.0
63785,29031,1.0
63784,29201,1.0
63783,29157,1.0
63782,29017,1.0
63779,29031,1.0
63776,29157,1.0
63875,29069,1.0
63876,29069,1.0
63878,29143,1.0
63952,29223,1.0
64018,29165,1.0
64016,29095,1.0
64015,29095,1.0
64014,29095,1.0
64013,29095,1.0
64012,29037,1.0
64002,29095,1.0
64001,29107,1.0
63964,29223,1.0
63962,29023,1.0
63961,29023,1.0
63955,29181,1.0
63954,29023,1.0
63953,29181,1.0
63951,29223,1.0
63879,29155,1.0
63950,29223,1.0
63945,29023,1.0
63944,29223,1.0
63940,29023,1.0
63939,29181,1.0
63936,29207,1.0
63934,29223,1.0
63933,29069,1.0
63932,29023,1.0
63931,29181,1.0
63902,29023,1.0
63882,29133,1.0
63881,29133,1.0
63880,29069,1.0
63769,29031,1.0
63767,29201,1.0
63766,29031,1.0
63537,29103,1.0
63622,29221,1.0
63567,29171,1.0
63561,29197,1.0
63556,29211,1.0
63555,29199,1.0
63552,29121,1.0
63551,29171,1.0
63548,29197,1.0
63545,29211,1.0
63543,29199,1.0
63541,29197,1.0
63540,29001,1.0
63539,29121,1.0
63538,29121,1.0
63535,29197,1.0
63625,29179,1.0
63532,29121,1.0
63501,29001,1.0
63472,29045,1.0
63469,29205,1.0
63467,29173,1.0
63466,29045,1.0
63465,29045,1.0
63463,29127,1.0
63460,29103,1.0
63458,29103,1.0
63457,29111,1.0
63453,29045,1.0
63452,29111,1.0
63450,29205,1.0
63623,29093,1.0
63633,29179,1.0
63763,29223,1.0
63738,29207,1.0
63760,29017,1.0
63758,29201,1.0
63755,29031,1.0
63752,29031,1.0
63751,29017,1.0
63750,29017,1.0
63748,29157,1.0
63747,29031,1.0
63746,29157,1.0
63745,29031,1.0
63744,29031,1.0
63743,29031,1.0
63742,29201,1.0
63739,29031,1.0
63737,29157,1.0
63637,29187,1.0
63736,29201,1.0
63703,29031,1.0
63702,29031,1.0
63701,29031,1.0
63675,29093,1.0
63674,29221,1.0
63670,29186,1.0
63666,29179,1.0
63665,29179,1.0
63664,29221,1.0
63663,29093,1.0
63660,29221,1.0
63653,29187,1.0
63651,29187,1.0
64019,29101,1.0
64022,29107,1.0
63445,29045,1.0
64420,29227,1.0
64188,29047,1.0
64190,29165,1.0
64197,29095,1.0
64198,29095,1.0
64199,29095,1.0
64401,29021,1.0
64421,29003,1.0
64028,29165,1.0
64422,29063,1.0
64424,29081,1.0
64426,29081,1.0
64431,29147,1.0
64432,29147,1.0
64433,29147,1.0
64171,29095,1.0
64170,29095,1.0
64168,29165,1.0
64167,29047,1.0
64166,29047,1.0
64165,29047,1.0
64164,29165,1.0
64163,29165,1.0
64162,29047,1.0
64161,29047,1.0
64157,29047,1.0
64156,29047,1.0
64153,29165,1.0
64152,29165,1.0
64149,29095,1.0
64148,29095,1.0
64146,29095,1.0
64434,29147,1.0
64438,29075,1.0
64442,29081,1.0
64481,29081,1.0
64622,29033,1.0
64620,29061,1.0
64508,29021,1.0
64504,29021,1.0
64503,29021,1.0
64502,29021,1.0
64501,29021,1.0
64498,29005,1.0
64496,29005,1.0
64493,29049,1.0
64491,29005,1.0
64485,29003,1.0
64483,29003,1.0
64482,29005,1.0
64480,29003,1.0
64443,29021,1.0
64477,29049,1.0
64476,29147,1.0
64473,29087,1.0
64470,29087,1.0
64468,29147,1.0
64467,29081,1.0
64466,29087,1.0
64461,29147,1.0
64459,29003,1.0
64453,29075,1.0
64451,29087,1.0
64449,29003,1.0
64448,29021,1.0
64445,29147,1.0
64145,29095,1.0
64144,29047,1.0
64141,29095,1.0
64065,29095,1.0
64088,29095,1.0
64086,29095,1.0
64085,29177,1.0
64084,29177,1.0
64083,29037,1.0
64081,29095,1.0
64079,29165,1.0
64078,29037,1.0
64073,29047,1.0
64072,29047,1.0
64069,29047,1.0
64068,29047,1.0
64067,29107,1.0
64066,29095,1.0
64064,29095,1.0
64092,29165,1.0
64063,29095,1.0
64060,29047,1.0
64058,29095,1.0
64057,29095,1.0
64056,29095,1.0
64055,29095,1.0
64054,29095,1.0
64053,29095,1.0
64052,29095,1.0
64051,29095,1.0
64050,29095,1.0
64036,29177,1.0
64030,29095,1.0
64029,29095,1.0
64090,29037,1.0
64093,29101,1.0
64139,29095,1.0
64121,29095,1.0
64138,29095,1.0
64137,29095,1.0
64136,29095,1.0
64134,29095,1.0
64132,29095,1.0
64131,29095,1.0
64130,29095,1.0
64129,29095,1.0
64128,29095,1.0
64127,29095,1.0
64126,29095,1.0
64125,29095,1.0
64124,29095,1.0
64123,29095,1.0
64120,29095,1.0
64097,29107,1.0
64119,29047,1.0
64117,29047,1.0
64116,29047,1.0
64113,29095,1.0
64112,29095,1.0
64111,29095,1.0
64110,29095,1.0
64109,29095,1.0
64108,29095,1.0
64106,29095,1.0
64105,29095,1.0
64102,29095,1.0
64101,29095,1.0
64098,29165,1.0
63448,29111,1.0
63442,29199,1.0
62631,17137,1.0
62876,17189,1.0
62864,17081,1.0
62865,17055,1.0
62870,17121,1.0
62871,17059,1.0
62872,17081,1.0
62874,17055,1.0
62878,17191,1.0
62979,17059,1.0
62879,17025,1.0
62880,17051,1.0
62881,17121,1.0
62886,17191,1.0
62888,17145,1.0
62891,17055,1.0
62863,17185,1.0
62861,17193,1.0
62859,17065,1.0
62858,17025,1.0
62856,17055,1.0
62852,17185,1.0
62850,17191,1.0
62849,17121,1.0
62848,17189,1.0
62846,17081,1.0
62843,17191,1.0
62842,17191,1.0
62840,17055,1.0
62837,17191,1.0
62834,17193,1.0
62829,17065,1.0
62827,17193,1.0
62894,17081,1.0
62897,17055,1.0
62898,17081,1.0
62953,17127,1.0
62976,17153,1.0
62975,17077,1.0
62974,17199,1.0
62973,17153,1.0
62970,17153,1.0
62969,17003,1.0
62966,17077,1.0
62965,17165,1.0
62964,17153,1.0
62963,17153,1.0
62962,17003,1.0
62961,17181,1.0
62959,17199,1.0
62954,17059,1.0
62951,17199,1.0
62903,17077,1.0
62950,17077,1.0
62949,17199,1.0
62946,17165,1.0
62942,17077,1.0
62940,17077,1.0
62933,17199,1.0
62928,17151,1.0
62927,17077,1.0
62921,17199,1.0
62919,17069,1.0
62915,17199,1.0
62914,17003,1.0
62909,17087,1.0
62906,17181,1.0
62825,17055,1.0
62823,17191,1.0
62822,17055,1.0
62674,17117,1.0
62707,17167,1.0
62706,17167,1.0
62705,17167,1.0
62704,17167,1.0
62703,17167,1.0
62702,17167,1.0
62701,17167,1.0
62695,17137,1.0
62691,17017,1.0
62689,17167,1.0
62688,17129,1.0
62685,17117,1.0
62684,17167,1.0
62681,17169,1.0
62672,17117,1.0
62711,17167,1.0
62664,17125,1.0
62663,17171,1.0
62662,17167,1.0
62661,17167,1.0
62660,17137,1.0
62659,17129,1.0
62656,17107,1.0
62655,17125,1.0
62651,17137,1.0
62643,17107,1.0
62642,17129,1.0
62639,17169,1.0
62634,17107,1.0
62633,17125,1.0
62708,17167,1.0
62712,17167,1.0
62821,17193,1.0
62769,17167,1.0
62819,17055,1.0
62817,17065,1.0
62816,17081,1.0
62815,17047,1.0
62812,17055,1.0
62811,17185,1.0
62809,17191,1.0
62807,17121,1.0
62806,17047,1.0
62803,17189,1.0
62796,17167,1.0
62791,17167,1.0
62781,17167,1.0
62776,17167,1.0
62767,17167,1.0
62715,17167,1.0
62766,17167,1.0
62765,17167,1.0
62764,17167,1.0
62763,17167,1.0
62762,17167,1.0
62757,17167,1.0
62756,17167,1.0
62739,17167,1.0
62736,17167,1.0
62726,17167,1.0
62723,17167,1.0
62722,17167,1.0
62719,17167,1.0
62716,17167,1.0
62977,17165,1.0
62982,17069,1.0
63436,29173,1.0
63166,29510,1.0
63150,29510,1.0
63151,29189,1.0
63155,29510,1.0
63156,29510,1.0
63160,29510,1.0
63164,29510,1.0
63167,29189,1.0
62983,17055,1.0
63171,29189,1.0
63177,29510,1.0
63178,29510,1.0
63180,29510,1.0
63301,29183,1.0
63302,29183,1.0
63147,29510,1.0
63146,29189,1.0
63145,29189,1.0
63144,29189,1.0
63141,29189,1.0
63140,29189,1.0
63139,29510,1.0
63135,29189,1.0
63134,29189,1.0
63132,29189,1.0
63131,29189,1.0
63129,29189,1.0
63128,29189,1.0
63127,29189,1.0
63126,29189,1.0
63124,29189,1.0
63122,29189,1.0
63303,29183,1.0
63304,29183,1.0
63330,29163,1.0
63369,29113,1.0
63434,29205,1.0
63433,29163,1.0
63431,29121,1.0
63430,29045,1.0
63389,29113,1.0
63388,29027,1.0
63387,29113,1.0
63386,29183,1.0
63385,29183,1.0
63380,29219,1.0
63378,29219,1.0
63377,29113,1.0
63376,29183,1.0
63373,29183,1.0
63368,29183,1.0
63332,29183,1.0
63367,29183,1.0
63366,29183,1.0
63365,29183,1.0
63362,29113,1.0
63353,29163,1.0
63350,29139,1.0
63347,29113,1.0
63346,29183,1.0
63345,29007,1.0
63342,29219,1.0
63341,29183,1.0
63339,29163,1.0
63338,29183,1.0
63336,29163,1.0
63121,29189,1.0
63118,29510,1.0
63116,29510,1.0
63017,29189,1.0
63044,29189,1.0
63043,29189,1.0
63042,29189,1.0
63040,29189,1.0
63039,29071,1.0
63038,29189,1.0
63034,29189,1.0
63033,29189,1.0
63032,29189,1.0
63031,29189,1.0
63024,29189,1.0
63022,29189,1.0
63021,29189,1.0
63019,29099,1.0
63016,29099,1.0
63047,29099,1.0
63013,29071,1.0
63012,29099,1.0
63011,29189,1.0
63010,29099,1.0
63006,29189,1.0
62999,17055,1.0
62998,17181,1.0
62997,17145,1.0
62996,17153,1.0
62995,17087,1.0
62994,17077,1.0
62993,17003,1.0
62990,17003,1.0
62984,17059,1.0
63045,29189,1.0
63048,29099,1.0
63115,29510,1.0
63088,29189,1.0
63114,29189,1.0
63113,29510,1.0
63111,29510,1.0
63110,29510,1.0
63109,29510,1.0
63108,29510,1.0
63107,29510,1.0
63106,29510,1.0
63104,29510,1.0
63103,29510,1.0
63102,29510,1.0
63101,29510,1.0
63090,29071,1.0
63089,29071,1.0
63084,29071,1.0
63050,29099,1.0
63079,29071,1.0
63077,29071,1.0
63074,29189,1.0
63073,29071,1.0
63071,29221,1.0
63070,29099,1.0
63066,29099,1.0
63065,29099,1.0
63057,29099,1.0
63056,29071,1.0
63055,29071,1.0
63053,29099,1.0
63052,29099,1.0
63051,29099,1.0
51542,19155,1.0
51540,19129,1.0
51537,19165,1.0
40026,21185,1.0
40007,21103,1.0
40010,21185,1.0
40018,21111,1.0
40020,21179,1.0
40022,21211,1.0
40025,21111,1.0
40027,21111,1.0
40206,21111,1.0
40032,21185,1.0
40036,21103,1.0
40040,21229,1.0
40041,21111,1.0
40048,21179,1.0
40049,21155,1.0
40004,21179,1.0
39901,13089,1.0
39885,13273,1.0
39870,13007,1.0
39852,13087,1.0
39832,13099,1.0
39829,13131,1.0
39827,13131,1.0
39826,13273,1.0
39819,13087,1.0
39818,13087,1.0
39817,13087,1.0
39815,13087,1.0
39771,28155,1.0
39766,28087,1.0
39762,28105,1.0
39760,28105,1.0
40050,21103,1.0
40058,21103,1.0
40061,21229,1.0
40145,21027,1.0
40204,21111,1.0
40203,21111,1.0
40202,21111,1.0
40201,21111,1.0
40178,21027,1.0
40170,21027,1.0
40166,21029,1.0
40165,21029,1.0
40162,21093,1.0
40160,21093,1.0
40159,21093,1.0
40155,21163,1.0
40153,21027,1.0
40152,21027,1.0
40144,21027,1.0
40062,21155,1.0
40143,21027,1.0
40129,21029,1.0
40122,21093,1.0
40118,21111,1.0
40117,21163,1.0
40111,21027,1.0
40110,21029,1.0
40108,21163,1.0
40107,21179,1.0
40104,21163,1.0
40077,21185,1.0
40067,21211,1.0
40066,21211,1.0
40063,21155,1.0
39753,28087,1.0
39746,28095,1.0
39741,28025,1.0
39463,28109,1.0
39533,28047,1.0
39531,28047,1.0
39530,28047,1.0
39529,28045,1.0
39525,28045,1.0
39522,28045,1.0
39520,28045,1.0
39507,28047,1.0
39506,28047,1.0
39505,28047,1.0
39503,28047,1.0
39502,28047,1.0
39501,28047,1.0
39481,28061,1.0
39462,28111,1.0
39535,28047,1.0
39461,28041,1.0
39460,28061,1.0
39457,28109,1.0
39440,28067,1.0
39436,28067,1.0
39428,28031,1.0
39427,28065,1.0
39407,28035,1.0
39406,28035,1.0
39404,28035,1.0
39403,28035,1.0
39364,28075,1.0
39363,28023,1.0
39359,28123,1.0
39534,28047,1.0
39540,28047,1.0
39737,28155,1.0
39595,28059,1.0
39736,28087,1.0
39710,28087,1.0
39705,28087,1.0
39704,28087,1.0
39703,28087,1.0
39702,28087,1.0
39669,28157,1.0
39649,28113,1.0
39645,28005,1.0
39635,28113,1.0
39632,28113,1.0
39630,28037,1.0
39603,28085,1.0
39602,28085,1.0
39581,28059,1.0
39552,28059,1.0
39576,28045,1.0
39572,28045,1.0
39569,28059,1.0
39567,28059,1.0
39566,28059,1.0
39564,28059,1.0
39563,28059,1.0
39562,28059,1.0
39561,28131,1.0
39560,28047,1.0
39558,28045,1.0
39556,28045,1.0
39555,28059,1.0
39553,28059,1.0
40205,21111,1.0
40208,21111,1.0
39356,28061,1.0
40577,21067,1.0
40544,21067,1.0
40546,21067,1.0
40555,21067,1.0
40574,21067,1.0
40575,21067,1.0
40576,21067,1.0
40578,21067,1.0
40209,21111,1.0
40579,21067,1.0
40580,21067,1.0
40581,21067,1.0
40582,21067,1.0
40583,21067,1.0
40588,21067,1.0
40536,21067,1.0
40533,21067,1.0
40526,21067,1.0
40524,21067,1.0
40523,21067,1.0
40522,21067,1.0
40517,21067,1.0
40514,21067,1.0
40512,21067,1.0
40508,21067,1.0
40507,21067,1.0
40506,21067,1.0
40505,21067,1.0
40504,21067,1.0
40503,21067,1.0
40502,21067,1.0
40492,21203,1.0
40591,21067,1.0
40602,21073,1.0
40604,21073,1.0
40815,21095,1.0
40845,21013,1.0
40844,21131,1.0
40843,21095,1.0
40831,21095,1.0
40830,21095,1.0
40829,21095,1.0
40828,21095,1.0
40827,21131,1.0
40826,21133,1.0
40824,21095,1.0
40820,21095,1.0
40819,21095,1.0
40818,21095,1.0
40816,21131,1.0
40813,21013,1.0
40618,21073,1.0
40807,21095,1.0
40806,21095,1.0
40803,21131,1.0
40801,21095,1.0
40755,21125,1.0
40750,21125,1.0
40740,21125,1.0
40737,21125,1.0
40730,21235,1.0
40729,21125,1.0
40724,21125,1.0
40621,21073,1.0
40620,21073,1.0
40619,21073,1.0
40481,21109,1.0
40476,21151,1.0
40475,21151,1.0
40228,21111,1.0
40259,21111,1.0
40258,21111,1.0
40257,21111,1.0
40256,21111,1.0
40255,21111,1.0
40253,21111,1.0
40252,21111,1.0
40251,21111,1.0
40250,21111,1.0
40243,21111,1.0
40242,21111,1.0
40233,21111,1.0
40232,21111,1.0
40231,21111,1.0
40225,21111,1.0
40266,21111,1.0
40223,21111,1.0
40222,21111,1.0
40221,21111,1.0
40220,21111,1.0
40219,21111,1.0
40218,21111,1.0
40217,21111,1.0
40216,21111,1.0
40215,21111,1.0
40214,21111,1.0
40213,21111,1.0
40212,21111,1.0
40211,21111,1.0
40210,21111,1.0
40261,21111,1.0
40268,21111,1.0
40473,21203,1.0
40340,21113,1.0
40460,21203,1.0
40452,21021,1.0
40448,21137,1.0
40434,21109,1.0
40410,21079,1.0
40405,21151,1.0
40392,21049,1.0
40376,21197,1.0
40363,21187,1.0
40359,21187,1.0
40358,21011,1.0
40357,21017,1.0
40355,21187,1.0
40350,21181,1.0
40339,21113,1.0
40269,21111,1.0
40319,21205,1.0
40317,21205,1.0
40316,21165,1.0
40313,21205,1.0
40310,21167,1.0
40292,21111,1.0
40291,21111,1.0
40289,21111,1.0
40285,21111,1.0
40283,21111,1.0
40282,21111,1.0
40281,21111,1.0
40280,21111,1.0
40270,21111,1.0
39358,28069,1.0
39355,28023,1.0
40849,21095,1.0
38620,28107,1.0
38578,47035,1.0
38579,47185,1.0
38580,47133,1.0
38587,47185,1.0
38601,28071,1.0
38602,28137,1.0
38622,28119,1.0
38772,28011,1.0
38623,28119,1.0
38631,28027,1.0
38637,28033,1.0
38638,28137,1.0
38639,28027,1.0
38644,28027,1.0
38575,47027,1.0
38571,47035,1.0
38570,47133,1.0
38565,47049,1.0
38563,47159,1.0
38560,47159,1.0
38558,47035,1.0
38557,47035,1.0
38555,47035,1.0
38552,47159,1.0
38550,47177,1.0
38547,47159,1.0
38542,47133,1.0
38503,47141,1.0
38502,47141,1.0
38488,47103,1.0
38482,47119,1.0
38647,28009,1.0
38649,28093,1.0
38651,28033,1.0
38726,28011,1.0
38769,28011,1.0
38768,28133,1.0
38767,28027,1.0
38765,28125,1.0
38764,28011,1.0
38760,28151,1.0
38746,28011,1.0
38745,28055,1.0
38740,28011,1.0
38739,28027,1.0
38738,28133,1.0
38733,28011,1.0
38731,28151,1.0
38730,28011,1.0
38725,28011,1.0
38661,28093,1.0
38723,28151,1.0
38722,28151,1.0
38701,28151,1.0
38686,28033,1.0
38680,28033,1.0
38679,28093,1.0
38677,28071,1.0
38676,28143,1.0
38674,28139,1.0
38673,28071,1.0
38672,28033,1.0
38671,28033,1.0
38666,28107,1.0
38664,28143,1.0
38481,47099,1.0
38477,47055,1.0
38471,47181,1.0
38232,47131,1.0
38308,47113,1.0
38303,47113,1.0
38302,47113,1.0
38281,47131,1.0
38271,47131,1.0
38260,47131,1.0
38258,47017,1.0
38256,47079,1.0
38254,47131,1.0
38251,47079,1.0
38241,47183,1.0
38238,47183,1.0
38236,47079,1.0
38235,47017,1.0
38230,47183,1.0
38316,47053,1.0
38226,47183,1.0
38225,47183,1.0
38223,47079,1.0
38222,47079,1.0
38221,47005,1.0
38197,47157,1.0
38193,47157,1.0
38190,47157,1.0
38188,47157,1.0
38187,47157,1.0
38186,47157,1.0
38184,47157,1.0
38183,47157,1.0
38182,47157,1.0
38311,47039,1.0
38324,47017,1.0
38469,47099,1.0
38369,47053,1.0
38460,47055,1.0
38457,47099,1.0
38455,47055,1.0
38452,47181,1.0
38450,47181,1.0
38402,47119,1.0
38393,47109,1.0
38391,47113,1.0
38389,47053,1.0
38382,47053,1.0
38381,47069,1.0
38378,47113,1.0
38375,47109,1.0
38372,47071,1.0
38367,47109,1.0
38326,47071,1.0
38365,47071,1.0
38362,47113,1.0
38347,47023,1.0
38346,47053,1.0
38344,47017,1.0
38342,47017,1.0
38339,47109,1.0
38338,47053,1.0
38337,47033,1.0
38336,47033,1.0
38333,47005,1.0
38331,47053,1.0
38330,47053,1.0
38327,47071,1.0
38771,28133,1.0
38774,28011,1.0
39352,28069,1.0
39180,28149,1.0
39169,28051,1.0
39171,28079,1.0
39173,28163,1.0
39174,28049,1.0
39177,28055,1.0
39179,28163,1.0
39181,28149,1.0
38776,28151,1.0
39182,28149,1.0
39190,28001,1.0
39193,28121,1.0
39201,28049,1.0
39202,28049,1.0
39203,28049,1.0
39167,28121,1.0
39165,28001,1.0
39163,28089,1.0
39161,28121,1.0
39158,28089,1.0
39157,28089,1.0
39156,28149,1.0
39154,28049,1.0
39153,28129,1.0
39151,28121,1.0
39150,28021,1.0
39148,28121,1.0
39130,28089,1.0
39122,28001,1.0
39121,28001,1.0
39116,28129,1.0
39115,28053,1.0
39204,28049,1.0
39205,28049,1.0
39206,28049,1.0
39286,28049,1.0
39348,28061,1.0
39342,28075,1.0
39327,28101,1.0
39324,28153,1.0
39322,28153,1.0
39309,28075,1.0
39305,28075,1.0
39304,28075,1.0
39303,28075,1.0
39302,28075,1.0
39298,28121,1.0
39296,28049,1.0
39289,28049,1.0
39288,28121,1.0
39284,28049,1.0
39207,28049,1.0
39283,28049,1.0
39282,28049,1.0
39272,28049,1.0
39269,28049,1.0
39236,28049,1.0
39225,28049,1.0
39218,28121,1.0
39217,28049,1.0
39216,28049,1.0
39215,28049,1.0
39212,28049,1.0
39211,28049,1.0
39210,28049,1.0
39208,28121,1.0
39113,28055,1.0
39110,28089,1.0
39109,28079,1.0
38852,28141,1.0
38941,28083,1.0
38928,28135,1.0
38923,28015,1.0
38921,28135,1.0
38917,28015,1.0
38880,28117,1.0
38879,28081,1.0
38877,28017,1.0
38876,28057,1.0
38875,28017,1.0
38874,28115,1.0
38866,28081,1.0
38862,28081,1.0
38859,28117,1.0
38844,28095,1.0
38946,28083,1.0
38839,28013,1.0
38838,28141,1.0
38835,28003,1.0
38834,28003,1.0
38827,28141,1.0
38825,28095,1.0
38821,28095,1.0
38820,28115,1.0
38803,28081,1.0
38802,28081,1.0
38782,28151,1.0
38781,28011,1.0
38780,28151,1.0
38778,28133,1.0
38943,28015,1.0
38947,28015,1.0
39098,28123,1.0
39058,28049,1.0
39097,28053,1.0
39088,28163,1.0
39087,28123,1.0
39082,28127,1.0
39080,28123,1.0
39078,28029,1.0
39077,28029,1.0
39071,28089,1.0
39067,28007,1.0
39066,28049,1.0
39063,28051,1.0
39062,28127,1.0
39061,28125,1.0
39060,28049,1.0
39056,28049,1.0
38949,28071,1.0
39054,28125,1.0
39047,28121,1.0
39046,28089,1.0
39045,28089,1.0
39043,28121,1.0
39040,28163,1.0
39039,28163,1.0
38966,28135,1.0
38962,28135,1.0
38960,28043,1.0
38959,28083,1.0
38957,28135,1.0
38952,28083,1.0
38951,28013,1.0
40847,21095,1.0
40854,21095,1.0
38177,47157,1.0
42720,21001,1.0
42647,21147,1.0
42649,21147,1.0
42653,21147,1.0
42701,21093,1.0
42702,21093,1.0
42713,21099,1.0
42724,21093,1.0
43106,39047,1.0
42726,21085,1.0
42732,21093,1.0
42740,21093,1.0
42742,21001,1.0
42753,21001,1.0
42758,21217,1.0
42638,21147,1.0
42635,21147,1.0
42634,21147,1.0
42631,21147,1.0
42629,21207,1.0
42566,21045,1.0
42565,21045,1.0
42564,21199,1.0
42558,21199,1.0
42541,21045,1.0
42533,21199,1.0
42519,21199,1.0
42503,21199,1.0
42502,21199,1.0
42501,21199,1.0
42463,21233,1.0
42460,21225,1.0
42759,21057,1.0
42762,21085,1.0
42765,21099,1.0
43033,39089,1.0
43083,39021,1.0
43073,39089,1.0
43072,39021,1.0
43071,39089,1.0
43070,39021,1.0
43069,39049,1.0
43066,39041,1.0
43058,39089,1.0
43055,39089,1.0
43048,39083,1.0
43047,39021,1.0
43037,39083,1.0
43036,39159,1.0
43035,39041,1.0
43030,39089,1.0
42788,21093,1.0
43028,39083,1.0
43027,39089,1.0
43023,39089,1.0
43022,39083,1.0
43021,39041,1.0
43018,39089,1.0
43014,39083,1.0
43010,39023,1.0
43009,39021,1.0
43008,39089,1.0
43007,39159,1.0
43005,39083,1.0
43002,39049,1.0
43001,39089,1.0
42458,21101,1.0
42457,21101,1.0
42455,21233,1.0
42217,21047,1.0
42302,21059,1.0
42288,21031,1.0
42285,21061,1.0
42280,21219,1.0
42273,21031,1.0
42262,21047,1.0
42261,21031,1.0
42259,21061,1.0
42254,21047,1.0
42252,21031,1.0
42241,21047,1.0
42234,21219,1.0
42221,21219,1.0
42219,21031,1.0
42216,21219,1.0
42304,21059,1.0
42201,21031,1.0
42163,21061,1.0
42159,21227,1.0
42157,21171,1.0
42156,21009,1.0
42153,21003,1.0
42152,21009,1.0
42151,21171,1.0
42140,21171,1.0
42131,21009,1.0
42130,21009,1.0
42124,21169,1.0
42123,21009,1.0
42120,21003,1.0
42303,21059,1.0
42321,21177,1.0
42451,21101,1.0
42367,21177,1.0
42444,21233,1.0
42440,21107,1.0
42436,21107,1.0
42431,21107,1.0
42420,21101,1.0
42419,21101,1.0
42413,21107,1.0
42410,21107,1.0
42409,21233,1.0
42402,21101,1.0
42374,21177,1.0
42371,21149,1.0
42370,21183,1.0
42369,21183,1.0
42364,21091,1.0
42322,21149,1.0
42356,21059,1.0
42355,21059,1.0
42354,21183,1.0
42350,21149,1.0
42347,21183,1.0
42344,21177,1.0
42338,21183,1.0
42337,21177,1.0
42332,21177,1.0
42328,21183,1.0
42326,21177,1.0
42325,21177,1.0
42324,21177,1.0
42323,21177,1.0
43085,39049,1.0
43109,39049,1.0
42102,21227,1.0
43463,39173,1.0
43451,39173,1.0
43452,39123,1.0
43456,39123,1.0
43458,39123,1.0
43460,39173,1.0
43462,39173,1.0
43465,39173,1.0
43111,39073,1.0
43466,39173,1.0
43467,39173,1.0
43468,39123,1.0
43501,39171,1.0
43505,39171,1.0
43510,39069,1.0
43446,39123,1.0
43441,39173,1.0
43440,39123,1.0
43439,39123,1.0
43438,39043,1.0
43437,39173,1.0
43436,39123,1.0
43435,39143,1.0
43434,39095,1.0
43433,39123,1.0
43432,39123,1.0
43414,39173,1.0
43413,39173,1.0
43408,39123,1.0
43407,39143,1.0
43403,39173,1.0
43402,39173,1.0
43518,39171,1.0
43519,39039,1.0
43520,39039,1.0
43547,39095,1.0
43606,39095,1.0
43604,39095,1.0
43601,39095,1.0
43571,39095,1.0
43569,39173,1.0
43566,39095,1.0
43565,39173,1.0
43560,39095,1.0
43555,39069,1.0
43554,39171,1.0
43553,39051,1.0
43552,39173,1.0
43551,39173,1.0
43549,39039,1.0
43543,39171,1.0
43523,39069,1.0
43542,39095,1.0
43541,39173,1.0
43540,39051,1.0
43537,39095,1.0
43536,39039,1.0
43535,39069,1.0
43534,39069,1.0
43533,39051,1.0
43531,39171,1.0
43530,39039,1.0
43529,39173,1.0
43528,39095,1.0
43525,39173,1.0
43524,39069,1.0
43360,39091,1.0
43359,39175,1.0
43351,39175,1.0
43202,39049,1.0
43218,39049,1.0
43216,39049,1.0
43215,39049,1.0
43214,39049,1.0
43213,39049,1.0
43212,39049,1.0
43211,39049,1.0
43210,39049,1.0
43209,39049,1.0
43207,39049,1.0
43206,39049,1.0
43205,39049,1.0
43204,39049,1.0
43203,39049,1.0
43201,39049,1.0
43220,39049,1.0
43195,39049,1.0
43194,39049,1.0
43162,39097,1.0
43158,39073,1.0
43157,39045,1.0
43156,39129,1.0
43151,39097,1.0
43149,39073,1.0
43142,39047,1.0
43136,39045,1.0
43127,39073,1.0
43117,39129,1.0
43116,39129,1.0
43112,39045,1.0
43219,39049,1.0
43221,39049,1.0
43350,39117,1.0
43311,39091,1.0
43349,39117,1.0
43348,39091,1.0
43346,39065,1.0
43341,39101,1.0
43338,39117,1.0
43336,39091,1.0
43333,39091,1.0
43330,39175,1.0
43325,39117,1.0
43324,39091,1.0
43322,39101,1.0
43321,39117,1.0
43320,39117,1.0
43317,39117,1.0
43291,39049,1.0
43222,39049,1.0
43287,39049,1.0
43251,39049,1.0
43240,39041,1.0
43236,39049,1.0
43234,39049,1.0
43232,39049,1.0
43231,39049,1.0
43230,39049,1.0
43229,39049,1.0
43228,39049,1.0
43227,39049,1.0
43226,39049,1.0
43224,39049,1.0
43223,39049,1.0
42103,21227,1.0
42087,21007,1.0
40855,21095,1.0
41234,21115,1.0
41214,21159,1.0
41219,21115,1.0
41222,21115,1.0
41224,21159,1.0
41226,21115,1.0
41231,21159,1.0
41238,21115,1.0
41534,21195,1.0
41240,21115,1.0
41250,21159,1.0
41255,21115,1.0
41256,21115,1.0
41257,21115,1.0
41260,21115,1.0
41204,21115,1.0
41203,21159,1.0
41201,21127,1.0
41189,21135,1.0
41183,21089,1.0
41181,21127,1.0
41175,21089,1.0
41173,21043,1.0
41169,21089,1.0
41160,21127,1.0
41149,21063,1.0
41146,21043,1.0
41144,21089,1.0
41142,21043,1.0
41139,21089,1.0
41135,21135,1.0
41124,21127,1.0
41263,21115,1.0
41264,21127,1.0
41267,21159,1.0
41426,21153,1.0
41528,21195,1.0
41527,21195,1.0
41526,21195,1.0
41524,21195,1.0
41522,21195,1.0
41520,21195,1.0
41519,21195,1.0
41517,21133,1.0
41513,21195,1.0
41512,21195,1.0
41503,21195,1.0
41502,21195,1.0
41464,21153,1.0
41451,21175,1.0
41421,21175,1.0
41268,21115,1.0
41413,21175,1.0
41408,21175,1.0
41397,21129,1.0
41390,21025,1.0
41385,21025,1.0
41368,21129,1.0
41366,21025,1.0
41352,21175,1.0
41351,21189,1.0
41347,21129,1.0
41317,21025,1.0
41310,21025,1.0
41274,21115,1.0
41271,21115,1.0
41121,21089,1.0
41105,21019,1.0
41099,21037,1.0
40930,21013,1.0
40977,21013,1.0
40965,21013,1.0
40964,21095,1.0
40958,21013,1.0
40955,21013,1.0
40953,21121,1.0
40951,21051,1.0
40949,21121,1.0
40946,21121,1.0
40944,21051,1.0
40943,21121,1.0
40941,21051,1.0
40935,21121,1.0
40932,21051,1.0
40927,21095,1.0
40982,21121,1.0
40923,21121,1.0
40921,21121,1.0
40915,21121,1.0
40903,21121,1.0
40902,21013,1.0
40874,21131,1.0
40873,21095,1.0
40870,21095,1.0
40868,21131,1.0
40865,21095,1.0
40863,21095,1.0
40862,21133,1.0
40858,21131,1.0
40856,21013,1.0
40979,21131,1.0
40983,21051,1.0
41096,21161,1.0
41059,21037,1.0
41095,21077,1.0
41091,21015,1.0
41085,21037,1.0
41081,21069,1.0
41080,21015,1.0
41076,21037,1.0
41075,21037,1.0
41074,21037,1.0
41073,21037,1.0
41072,21037,1.0
41071,21037,1.0
41063,21117,1.0
41062,21161,1.0
41061,21023,1.0
41053,21117,1.0
40995,21121,1.0
41048,21015,1.0
41037,21069,1.0
41025,21015,1.0
41022,21015,1.0
41017,21117,1.0
41016,21117,1.0
41015,21117,1.0
41014,21117,1.0
41012,21117,1.0
41011,21117,1.0
41008,21041,1.0
41005,21015,1.0
41001,21037,1.0
40997,21121,1.0
41531,21195,1.0
41535,21195,1.0
42086,21145,1.0
41832,21133,1.0
41822,21119,1.0
41824,21133,1.0
41825,21133,1.0
41826,21133,1.0
41828,21119,1.0
41831,21119,1.0
41833,21133,1.0
41538,21195,1.0
41834,21119,1.0
41835,21133,1.0
41836,21119,1.0
41837,21133,1.0
41838,21133,1.0
41839,21119,1.0
41821,21133,1.0
41819,21133,1.0
41817,21119,1.0
41815,21133,1.0
41812,21133,1.0
41810,21133,1.0
41778,21193,1.0
41777,21131,1.0
41776,21131,1.0
41775,21131,1.0
41774,21193,1.0
41772,21119,1.0
41766,21131,1.0
41764,21131,1.0
41763,21193,1.0
41762,21131,1.0
41760,21193,1.0
41840,21133,1.0
41844,21119,1.0
41845,21133,1.0
42033,21055,1.0
42083,21139,1.0
42081,21139,1.0
42079,21083,1.0
42076,21035,1.0
42063,21083,1.0
42061,21083,1.0
42060,21007,1.0
42058,21139,1.0
42056,21007,1.0
42051,21083,1.0
42050,21075,1.0
42047,21139,1.0
42044,21157,1.0
42037,21055,1.0
42032,21105,1.0
41847,21119,1.0
42031,21105,1.0
42028,21139,1.0
42024,21007,1.0
42023,21039,1.0
42022,21007,1.0
42020,21035,1.0
42002,21145,1.0
42001,21145,1.0
41861,21119,1.0
41859,21119,1.0
41858,21133,1.0
41855,21133,1.0
41849,21133,1.0
41848,21133,1.0
41759,21119,1.0
41751,21193,1.0
41749,21131,1.0
41561,21195,1.0
41607,21071,1.0
41606,21071,1.0
41604,21071,1.0
41603,21071,1.0
41602,21071,1.0
41601,21071,1.0
41572,21195,1.0
41571,21195,1.0
41568,21195,1.0
41567,21195,1.0
41566,21195,1.0
41564,21195,1.0
41563,21195,1.0
41562,21195,1.0
41560,21195,1.0
41615,21071,1.0
41559,21195,1.0
41558,21195,1.0
41557,21195,1.0
41555,21195,1.0
41554,21195,1.0
41553,21195,1.0
41549,21195,1.0
41548,21195,1.0
41547,21195,1.0
41544,21195,1.0
41543,21195,1.0
41542,21195,1.0
41540,21195,1.0
41539,21195,1.0
41612,21071,1.0
41616,21071,1.0
41746,21193,1.0
41663,21071,1.0
41743,21119,1.0
41740,21119,1.0
41739,21193,1.0
41736,21193,1.0
41735,21193,1.0
41729,21193,1.0
41725,21119,1.0
41719,21193,1.0
41714,21131,1.0
41713,21193,1.0
41712,21193,1.0
41669,21071,1.0
41667,21071,1.0
41666,21071,1.0
41660,21071,1.0
41619,21071,1.0
41655,21071,1.0
41651,21071,1.0
41650,21071,1.0
41649,21071,1.0
41647,21071,1.0
41645,21071,1.0
41643,21071,1.0
41642,21071,1.0
41636,21071,1.0
41635,21071,1.0
41632,21153,1.0
41631,21071,1.0
41622,21071,1.0
41621,21071,1.0
38181,47157,1.0
38175,47157,1.0
43608,39095,1.0
35403,01125,1.0
35285,01073,1.0
35293,01073,1.0
35294,01073,1.0
35295,01073,1.0
35401,01125,1.0
35402,01125,1.0
35404,01125,1.0
35553,01133,1.0
35405,01125,1.0
35406,01125,1.0
35407,01125,1.0
35440,01125,1.0
35441,01065,1.0
35443,01063,1.0
35270,01073,1.0
35266,01073,1.0
35261,01073,1.0
35260,01073,1.0
35259,01073,1.0
35255,01073,1.0
35254,01073,1.0
35253,01073,1.0
35249,01073,1.0
35238,01117,1.0
35236,01073,1.0
35235,01073,1.0
35234,01073,1.0
35233,01073,1.0
35232,01073,1.0
35231,01073,1.0
35229,01073,1.0
35446,01125,1.0
35447,01107,1.0
35448,01063,1.0
35481,01107,1.0
35550,01127,1.0
35548,01093,1.0
35545,01057,1.0
35544,01075,1.0
35543,01093,1.0
35542,01057,1.0
35504,01127,1.0
35502,01127,1.0
35501,01127,1.0
35491,01063,1.0
35490,01125,1.0
35487,01125,1.0
35486,01125,1.0
35482,01125,1.0
35478,01125,1.0
35449,01125,1.0
35477,01119,1.0
35476,01125,1.0
35475,01125,1.0
35473,01125,1.0
35471,01107,1.0
35470,01119,1.0
35462,01063,1.0
35461,01107,1.0
35460,01119,1.0
35459,01119,1.0
35458,01125,1.0
35457,01125,1.0
35453,01125,1.0
35452,01125,1.0
35228,01073,1.0
35226,01073,1.0
35224,01073,1.0
35097,01009,1.0
35137,01117,1.0
35135,01115,1.0
35131,01115,1.0
35127,01073,1.0
35125,01115,1.0
35124,01117,1.0
35123,01073,1.0
35120,01115,1.0
35119,01073,1.0
35118,01073,1.0
35117,01073,1.0
35116,01073,1.0
35114,01117,1.0
35112,01115,1.0
35091,01073,1.0
35142,01073,1.0
35085,01021,1.0
35083,01043,1.0
35078,01117,1.0
35074,01007,1.0
35073,01073,1.0
35071,01073,1.0
35070,01043,1.0
35068,01073,1.0
35064,01073,1.0
35061,01073,1.0
35060,01073,1.0
35056,01043,1.0
35055,01043,1.0
35054,01115,1.0
35139,01073,1.0
35143,01117,1.0
35223,01073,1.0
35207,01073,1.0
35222,01073,1.0
35221,01073,1.0
35220,01073,1.0
35219,01073,1.0
35218,01073,1.0
35217,01073,1.0
35215,01073,1.0
35214,01073,1.0
35213,01073,1.0
35212,01073,1.0
35211,01073,1.0
35210,01073,1.0
35209,01073,1.0
35208,01073,1.0
35206,01073,1.0
35147,01117,1.0
35205,01073,1.0
35204,01073,1.0
35203,01073,1.0
35202,01073,1.0
35201,01073,1.0
35187,01117,1.0
35186,01117,1.0
35185,01117,1.0
35183,01037,1.0
35182,01115,1.0
35181,01073,1.0
35176,01117,1.0
35171,01021,1.0
35149,01121,1.0
35551,01133,1.0
35559,01057,1.0
35051,01117,1.0
35968,01049,1.0
35950,01095,1.0
35953,01115,1.0
35958,01071,1.0
35960,01019,1.0
35963,01049,1.0
35964,01095,1.0
35973,01019,1.0
35560,01127,1.0
35974,01049,1.0
35981,01049,1.0
35986,01049,1.0
35987,01115,1.0
35988,01049,1.0
35989,01049,1.0
35907,01055,1.0
35904,01055,1.0
35902,01055,1.0
35899,01089,1.0
35898,01089,1.0
35897,01089,1.0
35896,01089,1.0
35895,01089,1.0
35894,01089,1.0
35893,01089,1.0
35824,01089,1.0
35816,01089,1.0
35815,01089,1.0
35814,01089,1.0
35813,01089,1.0
35812,01089,1.0
35811,01089,1.0
35990,01055,1.0
36003,01001,1.0
36008,01001,1.0
36075,01087,1.0
36108,01101,1.0
36107,01101,1.0
36106,01101,1.0
36105,01101,1.0
36104,01101,1.0
36103,01101,1.0
36102,01101,1.0
36101,01101,1.0
36093,01051,1.0
36092,01051,1.0
36088,01087,1.0
36087,01087,1.0
36083,01087,1.0
36082,01109,1.0
36072,01005,1.0
36015,01013,1.0
36069,01101,1.0
36068,01001,1.0
36065,01101,1.0
36064,01101,1.0
36057,01101,1.0
36048,01005,1.0
36040,01085,1.0
36039,01087,1.0
36038,01039,1.0
36031,01011,1.0
36025,01051,1.0
36024,01051,1.0
36020,01051,1.0
36017,01005,1.0
35810,01089,1.0
35809,01089,1.0
35808,01089,1.0
35615,01083,1.0
35648,01077,1.0
35647,01083,1.0
35646,01033,1.0
35645,01077,1.0
35643,01079,1.0
35640,01103,1.0
35634,01077,1.0
35633,01077,1.0
35632,01077,1.0
35631,01077,1.0
35630,01077,1.0
35620,01083,1.0
35618,01079,1.0
35617,01077,1.0
35613,01083,1.0
35650,01079,1.0
35612,01083,1.0
35611,01083,1.0
35602,01103,1.0
35601,01103,1.0
35592,01075,1.0
35587,01127,1.0
35586,01075,1.0
35585,01059,1.0
35584,01127,1.0
35580,01127,1.0
35577,01133,1.0
35575,01133,1.0
35573,01127,1.0
35572,01133,1.0
35649,01083,1.0
35660,01033,1.0
35807,01089,1.0
35762,01089,1.0
35806,01089,1.0
35805,01089,1.0
35804,01089,1.0
35803,01089,1.0
35802,01089,1.0
35801,01089,1.0
35775,01103,1.0
35774,01071,1.0
35772,01071,1.0
35768,01071,1.0
35767,01089,1.0
35766,01071,1.0
35764,01071,1.0
35763,01089,1.0
35761,01089,1.0
35661,01033,1.0
35759,01089,1.0
35758,01089,1.0
35752,01071,1.0
35751,01071,1.0
35750,01089,1.0
35747,01095,1.0
35746,01071,1.0
35745,01071,1.0
35742,01083,1.0
35741,01089,1.0
35740,01071,1.0
35677,01077,1.0
35671,01083,1.0
35662,01033,1.0
35052,01115,1.0
35049,01009,1.0
36110,01101,1.0
34272,12115,1.0
34250,12081,1.0
34260,12081,1.0
34264,12081,1.0
34267,12027,1.0
34268,12027,1.0
34270,12081,1.0
34274,12115,1.0
34473,12083,1.0
34275,12115,1.0
34276,12115,1.0
34277,12115,1.0
34280,12081,1.0
34282,12081,1.0
34284,12115,1.0
34249,12115,1.0
34242,12115,1.0
34241,12115,1.0
34239,12115,1.0
34238,12115,1.0
34237,12115,1.0
34236,12115,1.0
34235,12115,1.0
34234,12115,1.0
34233,12115,1.0
34232,12115,1.0
34231,12115,1.0
34230,12115,1.0
34229,12115,1.0
34222,12081,1.0
34221,12081,1.0
34220,12081,1.0
34285,12115,1.0
34286,12115,1.0
34288,12115,1.0
34441,12017,1.0
34471,12083,1.0
34470,12083,1.0
34465,12017,1.0
34464,12017,1.0
34461,12017,1.0
34460,12017,1.0
34453,12017,1.0
34452,12017,1.0
34451,12017,1.0
34450,12017,1.0
34448,12017,1.0
34447,12017,1.0
34445,12017,1.0
34442,12017,1.0
34436,12017,1.0
34289,12115,1.0
34434,12017,1.0
34433,12017,1.0
34432,12083,1.0
34430,12083,1.0
34429,12017,1.0
34428,12017,1.0
34423,12017,1.0
34421,12083,1.0
34420,12083,1.0
34295,12115,1.0
34293,12115,1.0
34292,12115,1.0
34291,12115,1.0
34290,12115,1.0
34219,12081,1.0
34217,12081,1.0
34216,12081,1.0
33972,12071,1.0
34102,12021,1.0
34101,12021,1.0
33994,12071,1.0
33993,12071,1.0
33991,12071,1.0
33990,12071,1.0
33983,12015,1.0
33982,12015,1.0
33981,12015,1.0
33980,12015,1.0
33976,12071,1.0
33975,12051,1.0
33974,12071,1.0
33973,12071,1.0
33971,12071,1.0
34104,12021,1.0
33970,12071,1.0
33967,12071,1.0
33966,12071,1.0
33965,12071,1.0
33957,12071,1.0
33956,12071,1.0
33954,12015,1.0
33953,12015,1.0
33952,12015,1.0
33951,12015,1.0
33950,12015,1.0
33949,12015,1.0
33948,12015,1.0
33947,12015,1.0
34103,12021,1.0
34105,12021,1.0
34215,12081,1.0
34141,12021,1.0
34212,12081,1.0
34211,12081,1.0
34210,12081,1.0
34209,12081,1.0
34208,12081,1.0
34207,12081,1.0
34206,12081,1.0
34205,12081,1.0
34204,12081,1.0
34203,12081,1.0
34202,12081,1.0
34201,12081,1.0
34146,12021,1.0
34145,12021,1.0
34140,12021,1.0
34106,12021,1.0
34139,12021,1.0
34138,12021,1.0
34136,12071,1.0
34135,12071,1.0
34133,12071,1.0
34120,12021,1.0
34117,12021,1.0
34116,12021,1.0
34114,12021,1.0
34113,12021,1.0
34112,12021,1.0
34109,12021,1.0
34108,12021,1.0
34107,12021,1.0
34472,12083,1.0
34474,12083,1.0
35048,01073,1.0
34946,12111,1.0
34785,12119,1.0
34786,12095,1.0
34788,12069,1.0
34789,12069,1.0
34797,12069,1.0
34945,12111,1.0
34947,12111,1.0
34475,12083,1.0
34948,12111,1.0
34949,12111,1.0
34950,12111,1.0
34952,12111,1.0
34953,12111,1.0
34954,12111,1.0
34778,12095,1.0
34777,12095,1.0
34773,12097,1.0
34772,12097,1.0
34771,12097,1.0
34770,12097,1.0
34769,12097,1.0
34761,12095,1.0
34760,12095,1.0
34758,12097,1.0
34756,12069,1.0
34755,12069,1.0
34753,12069,1.0
34749,12069,1.0
34748,12069,1.0
34746,12097,1.0
34745,12097,1.0
34956,12085,1.0
34958,12085,1.0
34973,12093,1.0
35005,01073,1.0
35045,01021,1.0
35044,01121,1.0
35043,01117,1.0
35038,01127,1.0
35036,01073,1.0
35032,01121,1.0
35023,01073,1.0
35021,01073,1.0
35020,01073,1.0
35015,01073,1.0
35014,01121,1.0
35013,01009,1.0
35011,01123,1.0
35007,01117,1.0
35004,01115,1.0
34979,12111,1.0
34997,12085,1.0
34996,12085,1.0
34995,12085,1.0
34994,12085,1.0
34992,12085,1.0
34991,12085,1.0
34988,12111,1.0
34987,12111,1.0
34986,12111,1.0
34985,12111,1.0
34984,12111,1.0
34983,12111,1.0
34982,12111,1.0
34981,12111,1.0
34744,12097,1.0
34743,12097,1.0
34742,12097,1.0
34605,12053,1.0
34655,12101,1.0
34654,12101,1.0
34653,12101,1.0
34652,12101,1.0
34639,12101,1.0
34638,12101,1.0
34637,12101,1.0
34636,12053,1.0
34614,12053,1.0
34613,12053,1.0
34611,12053,1.0
34608,12053,1.0
34607,12053,1.0
34606,12053,1.0
34603,12053,1.0
34660,12103,1.0
34602,12053,1.0
34498,12075,1.0
34492,12083,1.0
34489,12083,1.0
34488,12083,1.0
34487,12017,1.0
34483,12083,1.0
34482,12083,1.0
34481,12083,1.0
34480,12083,1.0
34479,12083,1.0
34478,12083,1.0
34477,12083,1.0
34476,12083,1.0
34656,12101,1.0
34661,12053,1.0
34741,12097,1.0
34692,12101,1.0
34740,12095,1.0
34739,12097,1.0
34737,12069,1.0
34736,12069,1.0
34734,12095,1.0
34729,12069,1.0
34715,12069,1.0
34713,12069,1.0
34712,12069,1.0
34711,12069,1.0
34705,12069,1.0
34698,12103,1.0
34697,12103,1.0
34695,12103,1.0
34691,12101,1.0
34667,12101,1.0
34690,12101,1.0
34688,12103,1.0
34685,12103,1.0
34684,12103,1.0
34683,12103,1.0
34682,12103,1.0
34681,12103,1.0
34680,12101,1.0
34679,12101,1.0
34677,12103,1.0
34674,12101,1.0
34673,12101,1.0
34669,12101,1.0
34668,12101,1.0
36109,01101,1.0
36111,01101,1.0
38174,47157,1.0
37644,47019,1.0
37617,47163,1.0
37618,47163,1.0
37620,47163,1.0
37621,47163,1.0
37625,47163,1.0
37642,47073,1.0
37645,47073,1.0
37802,47009,1.0
37657,47171,1.0
37662,47163,1.0
37664,47163,1.0
37665,47163,1.0
37669,47163,1.0
37680,47091,1.0
37616,47059,1.0
37614,47179,1.0
37605,47179,1.0
37602,47179,1.0
37501,47157,1.0
37450,47065,1.0
37424,47065,1.0
37422,47065,1.0
37421,47065,1.0
37416,47065,1.0
37415,47065,1.0
37414,47065,1.0
37412,47065,1.0
37411,47065,1.0
37410,47065,1.0
37409,47065,1.0
37408,47065,1.0
37682,47019,1.0
37684,47179,1.0
37687,47019,1.0
37730,47025,1.0
37777,47009,1.0
37770,47129,1.0
37766,47013,1.0
37765,47067,1.0
37763,47145,1.0
37762,47013,1.0
37760,47089,1.0
37757,47013,1.0
37755,47151,1.0
37753,47029,1.0
37744,47059,1.0
37738,47155,1.0
37733,47129,1.0
37732,47151,1.0
37729,47013,1.0
37690,47179,1.0
37727,47029,1.0
37724,47025,1.0
37723,47035,1.0
37719,47129,1.0
37717,47001,1.0
37716,47001,1.0
37714,47013,1.0
37713,47029,1.0
37710,47001,1.0
37708,47057,1.0
37707,47025,1.0
37701,47009,1.0
37699,47163,1.0
37691,47091,1.0
37407,47065,1.0
37406,47065,1.0
37404,47065,1.0
37235,47037,1.0
37312,47011,1.0
37307,47139,1.0
37305,47061,1.0
37304,47065,1.0
37303,47107,1.0
37302,47065,1.0
37301,47061,1.0
37250,47037,1.0
37246,47037,1.0
37243,47037,1.0
37242,47037,1.0
37240,47037,1.0
37238,47037,1.0
37236,47037,1.0
37234,47037,1.0
37314,47123,1.0
37232,47037,1.0
37229,47037,1.0
37228,47037,1.0
37227,47037,1.0
37224,47037,1.0
37222,47037,1.0
37220,47037,1.0
37219,47037,1.0
37218,47037,1.0
37217,47037,1.0
37216,47037,1.0
37214,47037,1.0
37213,47037,1.0
37212,47037,1.0
37313,47061,1.0
37315,47065,1.0
37403,47065,1.0
37363,47065,1.0
37402,47065,1.0
37401,47065,1.0
37396,47115,1.0
37394,47177,1.0
37391,47139,1.0
37389,47031,1.0
37384,47065,1.0
37383,47051,1.0
37382,47031,1.0
37378,47177,1.0
37376,47051,1.0
37371,47107,1.0
37370,47107,1.0
37364,47011,1.0
37361,47139,1.0
37318,47051,1.0
37355,47031,1.0
37351,47065,1.0
37350,47065,1.0
37348,47103,1.0
37347,47115,1.0
37345,47051,1.0
37343,47065,1.0
37342,47031,1.0
37341,47065,1.0
37340,47115,1.0
37339,47061,1.0
37333,47139,1.0
37326,47139,1.0
37320,47011,1.0
37778,47063,1.0
37803,47009,1.0
37210,47037,1.0
38101,47157,1.0
38070,47045,1.0
38071,47167,1.0
38076,47047,1.0
38077,47095,1.0
38083,47157,1.0
38088,47157,1.0
38103,47157,1.0
37804,47009,1.0
38104,47157,1.0
38105,47157,1.0
38106,47157,1.0
38107,47157,1.0
38108,47157,1.0
38109,47157,1.0
38067,47069,1.0
38066,47047,1.0
38060,47047,1.0
38058,47167,1.0
38057,47047,1.0
38055,47157,1.0
38054,47157,1.0
38052,47069,1.0
38050,47033,1.0
38048,47047,1.0
38047,47045,1.0
38046,47047,1.0
38045,47047,1.0
38041,47097,1.0
38036,47047,1.0
38030,47045,1.0
38029,47157,1.0
38111,47157,1.0
38112,47157,1.0
38113,47157,1.0
38133,47157,1.0
38173,47157,1.0
38168,47157,1.0
38167,47157,1.0
38166,47157,1.0
38161,47157,1.0
38157,47157,1.0
38152,47157,1.0
38141,47157,1.0
38139,47157,1.0
38138,47157,1.0
38137,47157,1.0
38136,47157,1.0
38135,47157,1.0
38134,47157,1.0
38132,47157,1.0
38114,47157,1.0
38131,47157,1.0
38130,47157,1.0
38128,47157,1.0
38127,47157,1.0
38126,47157,1.0
38125,47157,1.0
38124,47157,1.0
38122,47157,1.0
38120,47157,1.0
38119,47157,1.0
38118,47157,1.0
38117,47157,1.0
38116,47157,1.0
38115,47157,1.0
38027,47157,1.0
38025,47045,1.0
38024,47045,1.0
37861,47057,1.0
37909,47093,1.0
37902,47093,1.0
37901,47093,1.0
37892,47151,1.0
37887,47129,1.0
37886,47009,1.0
37882,47009,1.0
37878,47009,1.0
37873,47073,1.0
37868,47155,1.0
37866,47173,1.0
37864,47155,1.0
37863,47155,1.0
37862,47155,1.0
37860,47063,1.0
37914,47093,1.0
37851,47025,1.0
37845,47129,1.0
37843,47029,1.0
37841,47151,1.0
37831,47001,1.0
37829,47129,1.0
37828,47001,1.0
37819,47013,1.0
37818,47059,1.0
37816,47063,1.0
37815,47063,1.0
37814,47063,1.0
37810,47059,1.0
37809,47059,1.0
37912,47093,1.0
37915,47093,1.0
38023,47167,1.0
37950,47093,1.0
38021,47033,1.0
38019,47167,1.0
38018,47157,1.0
38016,47157,1.0
38015,47167,1.0
38014,47157,1.0
38012,47075,1.0
38008,47069,1.0
38007,47045,1.0
38001,47033,1.0
37998,47093,1.0
37997,47093,1.0
37996,47093,1.0
37995,47093,1.0
37940,47093,1.0
37916,47093,1.0
37939,47093,1.0
37934,47093,1.0
37933,47093,1.0
37932,47093,1.0
37930,47093,1.0
37929,47093,1.0
37928,47093,1.0
37927,47093,1.0
37924,47093,1.0
37923,47093,1.0
37921,47093,1.0
37919,47093,1.0
37918,47093,1.0
37917,47093,1.0
37211,47037,1.0
37208,47037,1.0
36112,01101,1.0
36535,01003,1.0
36527,01003,1.0
36528,01097,1.0
36529,01129,1.0
36530,01003,1.0
36532,01003,1.0
36533,01003,1.0
36536,01003,1.0
36604,01097,1.0
36538,01129,1.0
36539,01129,1.0
36540,01025,1.0
36541,01097,1.0
36542,01003,1.0
36543,01053,1.0
36526,01003,1.0
36525,01097,1.0
36524,01025,1.0
36523,01097,1.0
36521,01097,1.0
36518,01129,1.0
36513,01129,1.0
36512,01097,1.0
36511,01003,1.0
36509,01097,1.0
36507,01003,1.0
36505,01097,1.0
36503,01053,1.0
36481,01099,1.0
36476,01039,1.0
36473,01035,1.0
36470,01099,1.0
36544,01097,1.0
36545,01025,1.0
36547,01003,1.0
36574,01003,1.0
36602,01097,1.0
36601,01097,1.0
36590,01097,1.0
36585,01129,1.0
36584,01129,1.0
36583,01129,1.0
36582,01097,1.0
36581,01129,1.0
36580,01003,1.0
36579,01003,1.0
36578,01003,1.0
36577,01003,1.0
36576,01003,1.0
36575,01097,1.0
36572,01097,1.0
36548,01129,1.0
36571,01097,1.0
36569,01129,1.0
36568,01097,1.0
36567,01003,1.0
36564,01003,1.0
36561,01003,1.0
36560,01097,1.0
36559,01003,1.0
36556,01129,1.0
36555,01003,1.0
36553,01129,1.0
36551,01003,1.0
36550,01003,1.0
36549,01003,1.0
36458,01099,1.0
36455,01039,1.0
36454,01035,1.0
36202,01015,1.0
36269,01029,1.0
36267,01027,1.0
36265,01015,1.0
36263,01111,1.0
36262,01029,1.0
36261,01029,1.0
36257,01015,1.0
36254,01015,1.0
36253,01015,1.0
36251,01027,1.0
36250,01015,1.0
36206,01015,1.0
36205,01015,1.0
36204,01015,1.0
36201,01015,1.0
36275,01019,1.0
36131,01101,1.0
36130,01101,1.0
36125,01101,1.0
36124,01101,1.0
36123,01101,1.0
36121,01101,1.0
36120,01101,1.0
36119,01101,1.0
36118,01101,1.0
36117,01101,1.0
36116,01101,1.0
36115,01101,1.0
36114,01101,1.0
36113,01101,1.0
36273,01029,1.0
36277,01015,1.0
36451,01025,1.0
36351,01031,1.0
36446,01025,1.0
36445,01099,1.0
36444,01099,1.0
36441,01053,1.0
36439,01099,1.0
36436,01025,1.0
36435,01131,1.0
36425,01099,1.0
36376,01069,1.0
36373,01067,1.0
36371,01045,1.0
36370,01069,1.0
36362,01045,1.0
36361,01045,1.0
36349,01061,1.0
36278,01111,1.0
36346,01031,1.0
36344,01061,1.0
36343,01069,1.0
36340,01061,1.0
36321,01069,1.0
36320,01069,1.0
36314,01061,1.0
36313,01061,1.0
36312,01069,1.0
36310,01067,1.0
36304,01069,1.0
36302,01069,1.0
36280,01111,1.0
36279,01015,1.0
36603,01097,1.0
36605,01097,1.0
37207,47037,1.0
37068,47187,1.0
37058,47161,1.0
37059,47041,1.0
37063,47149,1.0
37065,47187,1.0
37066,47165,1.0
37067,47187,1.0
37069,47187,1.0
36606,01097,1.0
37070,47037,1.0
37071,47189,1.0
37075,47165,1.0
37077,47165,1.0
37078,47085,1.0
37083,47111,1.0
37056,47043,1.0
37044,47125,1.0
37042,47125,1.0
37041,47125,1.0
37040,47125,1.0
37029,47043,1.0
37028,47161,1.0
37024,47037,1.0
37023,47161,1.0
37019,47117,1.0
37013,47037,1.0
37011,47037,1.0
36925,01119,1.0
36921,01023,1.0
36919,01023,1.0
36916,01023,1.0
36915,01023,1.0
37088,47189,1.0
37089,47149,1.0
37098,47081,1.0
37151,47159,1.0
37206,47037,1.0
37205,47037,1.0
37204,47037,1.0
37203,47037,1.0
37202,47037,1.0
37201,47037,1.0
37191,47125,1.0
37189,47037,1.0
37179,47187,1.0
37172,47147,1.0
37167,47149,1.0
37165,47043,1.0
37161,47003,1.0
37152,47147,1.0
37142,47125,1.0
37115,47037,1.0
37141,47147,1.0
37140,47081,1.0
37137,47081,1.0
37134,47085,1.0
37133,47149,1.0
37132,47149,1.0
37131,47149,1.0
37130,47149,1.0
37129,47149,1.0
37128,47149,1.0
37127,47149,1.0
37121,47189,1.0
37119,47165,1.0
37116,47037,1.0
36913,01023,1.0
36910,01023,1.0
36908,01023,1.0
36652,01097,1.0
36726,01131,1.0
36723,01131,1.0
36720,01131,1.0
36695,01097,1.0
36693,01097,1.0
36691,01097,1.0
36689,01097,1.0
36688,01097,1.0
36685,01097,1.0
36675,01097,1.0
36671,01097,1.0
36670,01097,1.0
36663,01097,1.0
36660,01097,1.0
36644,01097,1.0
36732,01091,1.0
36640,01097,1.0
36633,01097,1.0
36619,01097,1.0
36618,01097,1.0
36617,01097,1.0
36616,01097,1.0
36615,01097,1.0
36613,01097,1.0
36612,01097,1.0
36611,01097,1.0
36610,01097,1.0
36609,01097,1.0
36608,01097,1.0
36607,01097,1.0
36727,01025,1.0
36736,01091,1.0
36907,01119,1.0
36831,01081,1.0
36901,01119,1.0
36875,01113,1.0
36871,01113,1.0
36869,01113,1.0
36868,01113,1.0
36865,01081,1.0
36863,01017,1.0
36862,01017,1.0
36861,01123,1.0
36858,01113,1.0
36856,01113,1.0
36855,01017,1.0
36853,01123,1.0
36851,01113,1.0
36803,01081,1.0
36740,01063,1.0
36790,01021,1.0
36782,01091,1.0
36776,01065,1.0
36767,01047,1.0
36766,01131,1.0
36764,01091,1.0
36763,01091,1.0
36754,01091,1.0
36753,01131,1.0
36752,01085,1.0
36748,01091,1.0
36745,01091,1.0
36744,01065,1.0
36741,01131,1.0
43607,39095,1.0
43609,39095,1.0
51536,19155,1.0
48529,26049,1.0
48504,26049,1.0
48505,26049,1.0
48506,26049,1.0
48507,26049,1.0
48509,26049,1.0
48519,26049,1.0
48531,26049,1.0
48722,26145,1.0
48532,26049,1.0
48550,26049,1.0
48601,26145,1.0
48602,26145,1.0
48603,26145,1.0
48605,26145,1.0
48503,26049,1.0
48502,26049,1.0
48501,26049,1.0
48480,26049,1.0
48476,26155,1.0
48473,26049,1.0
48472,26151,1.0
48471,26151,1.0
48469,26151,1.0
48468,26063,1.0
48467,26063,1.0
48466,26151,1.0
48465,26151,1.0
48461,26087,1.0
48458,26049,1.0
48454,26151,1.0
48450,26151,1.0
48606,26145,1.0
48607,26145,1.0
48608,26145,1.0
48655,26145,1.0
48720,26063,1.0
48710,26017,1.0
48707,26017,1.0
48706,26017,1.0
48705,26001,1.0
48703,26011,1.0
48701,26157,1.0
48674,26111,1.0
48670,26111,1.0
48667,26111,1.0
48663,26145,1.0
48661,26129,1.0
48657,26111,1.0
48656,26143,1.0
48651,26143,1.0
48609,26145,1.0
48647,26135,1.0
48641,26111,1.0
48640,26111,1.0
48638,26145,1.0
48636,26135,1.0
48635,26129,1.0
48633,26035,1.0
48631,26017,1.0
48630,26143,1.0
48629,26143,1.0
48627,26143,1.0
48621,26135,1.0
48620,26111,1.0
48611,26017,1.0
48446,26087,1.0
48445,26063,1.0
48440,26087,1.0
48329,26125,1.0
48348,26125,1.0
48347,26125,1.0
48346,26125,1.0
48343,26125,1.0
48342,26125,1.0
48341,26125,1.0
48340,26125,1.0
48336,26125,1.0
48335,26125,1.0
48334,26125,1.0
48333,26125,1.0
48332,26125,1.0
48331,26125,1.0
48330,26125,1.0
48328,26125,1.0
48353,26093,1.0
48327,26125,1.0
48326,26125,1.0
48325,26125,1.0
48324,26125,1.0
48323,26125,1.0
48322,26125,1.0
48321,26125,1.0
48320,26125,1.0
48318,26099,1.0
48316,26099,1.0
48315,26099,1.0
48314,26099,1.0
48313,26099,1.0
48312,26099,1.0
48350,26125,1.0
48356,26125,1.0
48437,26049,1.0
48386,26125,1.0
48434,26151,1.0
48432,26063,1.0
48427,26151,1.0
48422,26151,1.0
48419,26151,1.0
48414,26155,1.0
48413,26063,1.0
48412,26087,1.0
48411,26049,1.0
48410,26151,1.0
48401,26151,1.0
48393,26125,1.0
48390,26125,1.0
48387,26125,1.0
48383,26125,1.0
48357,26125,1.0
48382,26125,1.0
48381,26125,1.0
48377,26125,1.0
48376,26125,1.0
48375,26125,1.0
48374,26125,1.0
48370,26125,1.0
48367,26125,1.0
48366,26125,1.0
48363,26125,1.0
48362,26125,1.0
48361,26125,1.0
48360,26125,1.0
48359,26125,1.0
48721,26001,1.0
48723,26157,1.0
48310,26099,1.0
49041,26077,1.0
49029,26025,1.0
49031,26027,1.0
49032,26149,1.0
49033,26025,1.0
49035,26015,1.0
49036,26023,1.0
49046,26015,1.0
48724,26145,1.0
49048,26077,1.0
49050,26015,1.0
49051,26025,1.0
49053,26077,1.0
49057,26159,1.0
49058,26015,1.0
49028,26023,1.0
49027,26159,1.0
49024,26077,1.0
49023,26021,1.0
49020,26025,1.0
49019,26077,1.0
49016,26025,1.0
49013,26159,1.0
49008,26077,1.0
49007,26077,1.0
49006,26077,1.0
49005,26077,1.0
49004,26077,1.0
49003,26077,1.0
49002,26077,1.0
49001,26077,1.0
48956,26065,1.0
49061,26027,1.0
49062,26159,1.0
49063,26159,1.0
49101,26021,1.0
49128,26021,1.0
49127,26021,1.0
49126,26021,1.0
49125,26021,1.0
49119,26021,1.0
49117,26021,1.0
49116,26021,1.0
49115,26021,1.0
49113,26021,1.0
49112,26027,1.0
49107,26021,1.0
49106,26021,1.0
49104,26021,1.0
49103,26021,1.0
49096,26045,1.0
49064,26159,1.0
49095,26027,1.0
49091,26149,1.0
49089,26023,1.0
49088,26077,1.0
49085,26021,1.0
49084,26021,1.0
49081,26077,1.0
49079,26159,1.0
49077,26077,1.0
49075,26149,1.0
49074,26077,1.0
49070,26005,1.0
49068,26025,1.0
49066,26149,1.0
48951,26037,1.0
48933,26065,1.0
48924,26065,1.0
48805,26065,1.0
48833,26037,1.0
48832,26057,1.0
48830,26057,1.0
48826,26065,1.0
48825,26065,1.0
48824,26065,1.0
48822,26037,1.0
48820,26037,1.0
48819,26065,1.0
48817,26155,1.0
48816,26093,1.0
48812,26117,1.0
48808,26037,1.0
48806,26057,1.0
48804,26073,1.0
48843,26093,1.0
48787,26145,1.0
48758,26157,1.0
48755,26063,1.0
48754,26063,1.0
48749,26011,1.0
48748,26069,1.0
48743,26069,1.0
48742,26001,1.0
48740,26001,1.0
48733,26157,1.0
48732,26017,1.0
48731,26063,1.0
48730,26069,1.0
48725,26063,1.0
48835,26037,1.0
48844,26093,1.0
48915,26065,1.0
48876,26045,1.0
48912,26065,1.0
48910,26065,1.0
48909,26065,1.0
48908,26045,1.0
48901,26065,1.0
48896,26073,1.0
48895,26065,1.0
48893,26073,1.0
48888,26117,1.0
48885,26117,1.0
48884,26117,1.0
48882,26155,1.0
48881,26067,1.0
48878,26073,1.0
48874,26057,1.0
48846,26067,1.0
48870,26067,1.0
48865,26067,1.0
48864,26065,1.0
48862,26057,1.0
48860,26067,1.0
48859,26073,1.0
48857,26155,1.0
48856,26057,1.0
48855,26093,1.0
48854,26065,1.0
48853,26037,1.0
48852,26117,1.0
48851,26067,1.0
48847,26057,1.0
48311,26099,1.0
48309,26125,1.0
49130,26027,1.0
47993,18171,1.0
47980,18181,1.0
47982,18171,1.0
47983,18157,1.0
47986,18007,1.0
47987,18045,1.0
47991,18171,1.0
47996,18157,1.0
48066,26099,1.0
47997,18015,1.0
48001,26147,1.0
48003,26087,1.0
48004,26147,1.0
48006,26147,1.0
48009,26125,1.0
47974,18165,1.0
47971,18007,1.0
47969,18045,1.0
47966,18165,1.0
47965,18107,1.0
47964,18111,1.0
47963,18111,1.0
47962,18157,1.0
47958,18045,1.0
47951,18111,1.0
47941,18157,1.0
47940,18107,1.0
47929,18181,1.0
47928,18165,1.0
47925,18181,1.0
47924,18157,1.0
47916,18107,1.0
48012,26125,1.0
48015,26099,1.0
48017,26125,1.0
48044,26099,1.0
48064,26147,1.0
48063,26147,1.0
48062,26099,1.0
48061,26147,1.0
48060,26147,1.0
48059,26147,1.0
48054,26147,1.0
48051,26099,1.0
48050,26099,1.0
48049,26147,1.0
48048,26099,1.0
48047,26099,1.0
48046,26099,1.0
48045,26099,1.0
48043,26099,1.0
48022,26147,1.0
48042,26099,1.0
48040,26147,1.0
48039,26147,1.0
48038,26099,1.0
48037,26125,1.0
48036,26099,1.0
48035,26099,1.0
48034,26125,1.0
48033,26125,1.0
48030,26125,1.0
48027,26147,1.0
48026,26099,1.0
48025,26125,1.0
48023,26147,1.0
47909,18157,1.0
47907,18157,1.0
47904,18157,1.0
47716,18163,1.0
47747,18163,1.0
47737,18163,1.0
47736,18163,1.0
47735,18163,1.0
47734,18163,1.0
47733,18163,1.0
47732,18163,1.0
47731,18163,1.0
47730,18163,1.0
47728,18163,1.0
47724,18163,1.0
47722,18163,1.0
47721,18163,1.0
47719,18163,1.0
47715,18163,1.0
47801,18167,1.0
47714,18163,1.0
47713,18163,1.0
47711,18163,1.0
47710,18163,1.0
47708,18163,1.0
47706,18163,1.0
47705,18163,1.0
47704,18163,1.0
47703,18163,1.0
47702,18163,1.0
47701,18163,1.0
47683,18051,1.0
47670,18051,1.0
47665,18051,1.0
47750,18163,1.0
47804,18167,1.0
47903,18157,1.0
47861,18153,1.0
47902,18157,1.0
47901,18157,1.0
47884,18165,1.0
47882,18153,1.0
47881,18021,1.0
47880,18167,1.0
47878,18167,1.0
47876,18167,1.0
47875,18165,1.0
47871,18167,1.0
47870,18167,1.0
47869,18167,1.0
47863,18167,1.0
47862,18121,1.0
47860,18121,1.0
47807,18167,1.0
47859,18121,1.0
47857,18021,1.0
47855,18153,1.0
47854,18165,1.0
47853,18021,1.0
47852,18153,1.0
47851,18167,1.0
47849,18153,1.0
47847,18165,1.0
47845,18021,1.0
47836,18121,1.0
47832,18121,1.0
47831,18165,1.0
47809,18167,1.0
48065,26099,1.0
48067,26125,1.0
48308,26125,1.0
48207,26163,1.0
48201,26163,1.0
48202,26163,1.0
48203,26163,1.0
48204,26163,1.0
48205,26163,1.0
48206,26163,1.0
48208,26163,1.0
48068,26125,1.0
48209,26163,1.0
48210,26163,1.0
48211,26163,1.0
48212,26163,1.0
48213,26163,1.0
48214,26163,1.0
48197,26161,1.0
48195,26163,1.0
48193,26163,1.0
48192,26163,1.0
48190,26161,1.0
48188,26163,1.0
48186,26163,1.0
48185,26163,1.0
48184,26163,1.0
48183,26163,1.0
48182,26115,1.0
48180,26163,1.0
48179,26115,1.0
48177,26115,1.0
48175,26161,1.0
48174,26163,1.0
48173,26163,1.0
48215,26163,1.0
48216,26163,1.0
48217,26163,1.0
48234,26163,1.0
48307,26125,1.0
48304,26125,1.0
48303,26125,1.0
48302,26125,1.0
48301,26125,1.0
48288,26163,1.0
48244,26163,1.0
48243,26163,1.0
48242,26163,1.0
48240,26163,1.0
48239,26163,1.0
48238,26163,1.0
48237,26125,1.0
48235,26163,1.0
48233,26163,1.0
48218,26163,1.0
48232,26163,1.0
48231,26163,1.0
48230,26163,1.0
48229,26163,1.0
48228,26163,1.0
48227,26163,1.0
48226,26163,1.0
48225,26163,1.0
48224,26163,1.0
48223,26163,1.0
48222,26163,1.0
48221,26163,1.0
48220,26125,1.0
48219,26163,1.0
48166,26115,1.0
48165,26125,1.0
48162,26115,1.0
48090,26099,1.0
48107,26161,1.0
48106,26161,1.0
48105,26161,1.0
48104,26161,1.0
48103,26161,1.0
48101,26163,1.0
48099,26125,1.0
48098,26125,1.0
48096,26099,1.0
48095,26099,1.0
48094,26099,1.0
48093,26099,1.0
48092,26099,1.0
48091,26099,1.0
48089,26099,1.0
48109,26161,1.0
48088,26099,1.0
48084,26125,1.0
48083,26125,1.0
48082,26099,1.0
48081,26099,1.0
48079,26147,1.0
48076,26125,1.0
48075,26125,1.0
48074,26147,1.0
48073,26125,1.0
48072,26125,1.0
48071,26125,1.0
48070,26125,1.0
48069,26125,1.0
48108,26161,1.0
48112,26163,1.0
48161,26115,1.0
48138,26163,1.0
48159,26115,1.0
48157,26115,1.0
48154,26163,1.0
48153,26163,1.0
48152,26163,1.0
48151,26163,1.0
48150,26163,1.0
48146,26163,1.0
48145,26115,1.0
48144,26115,1.0
48143,26093,1.0
48141,26163,1.0
48140,26115,1.0
48139,26093,1.0
48136,26163,1.0
48113,26161,1.0
48135,26163,1.0
48133,26115,1.0
48131,26115,1.0
48130,26161,1.0
48128,26163,1.0
48127,26163,1.0
48126,26163,1.0
48125,26163,1.0
48124,26163,1.0
48123,26163,1.0
48122,26163,1.0
48121,26163,1.0
48120,26163,1.0
48116,26093,1.0
49129,26021,1.0
49201,26075,1.0
47649,18051,1.0
50361,19153,1.0
50322,19153,1.0
50324,19153,1.0
50327,19153,1.0
50328,19153,1.0
50359,19153,1.0
50360,19153,1.0
50362,19153,1.0
50528,19147,1.0
50363,19153,1.0
50364,19153,1.0
50368,19153,1.0
50380,19153,1.0
50391,19153,1.0
50392,19153,1.0
50319,19153,1.0
50318,19153,1.0
50317,19153,1.0
50316,19153,1.0
50315,19153,1.0
50314,19153,1.0
50313,19153,1.0
50312,19153,1.0
50311,19153,1.0
50310,19153,1.0
50309,19153,1.0
50305,19153,1.0
50304,19153,1.0
50303,19153,1.0
50302,19153,1.0
50301,19153,1.0
50278,19169,1.0
50395,19153,1.0
50402,19033,1.0
50427,19069,1.0
50469,19033,1.0
50525,19197,1.0
50523,19187,1.0
50522,19109,1.0
50521,19187,1.0
50518,19187,1.0
50517,19109,1.0
50511,19109,1.0
50501,19187,1.0
50481,19131,1.0
50480,19109,1.0
50478,19189,1.0
50477,19033,1.0
50476,19131,1.0
50473,19189,1.0
50467,19033,1.0
50428,19033,1.0
50465,19189,1.0
50455,19131,1.0
50454,19131,1.0
50453,19189,1.0
50452,19069,1.0
50451,19109,1.0
50448,19195,1.0
50441,19069,1.0
50440,19195,1.0
50439,19081,1.0
50438,19081,1.0
50435,19067,1.0
50432,19081,1.0
50431,19069,1.0
50274,19029,1.0
50272,19117,1.0
50263,19049,1.0
50062,19125,1.0
50117,19009,1.0
50116,19125,1.0
50115,19077,1.0
50110,19009,1.0
50105,19169,1.0
50102,19083,1.0
50101,19197,1.0
50078,19127,1.0
50075,19079,1.0
50073,19153,1.0
50067,19053,1.0
50066,19049,1.0
50065,19053,1.0
50063,19049,1.0
50059,19073,1.0
50119,19125,1.0
50056,19169,1.0
50052,19185,1.0
50051,19127,1.0
50041,19069,1.0
50040,19015,1.0
50035,19153,1.0
50032,19153,1.0
50031,19015,1.0
50023,19153,1.0
50021,19153,1.0
50013,19169,1.0
50012,19169,1.0
50011,19169,1.0
50010,19169,1.0
50118,19181,1.0
50120,19127,1.0
50262,19053,1.0
50166,19181,1.0
50259,19083,1.0
50255,19107,1.0
50246,19079,1.0
50241,19181,1.0
50232,19099,1.0
50231,19079,1.0
50227,19069,1.0
50223,19015,1.0
50218,19121,1.0
50212,19015,1.0
50208,19099,1.0
50201,19169,1.0
50171,19157,1.0
50167,19049,1.0
50165,19185,1.0
50125,19181,1.0
50163,19125,1.0
50160,19181,1.0
50157,19157,1.0
50152,19015,1.0
50145,19181,1.0
50144,19053,1.0
50142,19127,1.0
50138,19125,1.0
50137,19099,1.0
50135,19099,1.0
50132,19079,1.0
50131,19153,1.0
50130,19079,1.0
50127,19099,1.0
50527,19147,1.0
50529,19091,1.0
50008,19185,1.0
51111,19193,1.0
51062,19149,1.0
51101,19193,1.0
51102,19193,1.0
51104,19193,1.0
51105,19193,1.0
51106,19193,1.0
51230,19119,1.0
50531,19063,1.0
51231,19141,1.0
51237,19119,1.0
51241,19119,1.0
51242,19119,1.0
51244,19167,1.0
51245,19141,1.0
51054,19193,1.0
51052,19193,1.0
51051,19133,1.0
51049,19035,1.0
51045,19149,1.0
51044,19193,1.0
51040,19133,1.0
51039,19193,1.0
51038,19149,1.0
51037,19035,1.0
51030,19193,1.0
51024,19149,1.0
51015,19193,1.0
51012,19035,1.0
51011,19167,1.0
51010,19133,1.0
51009,19141,1.0
51246,19119,1.0
51250,19167,1.0
51331,19059,1.0
51445,19093,1.0
51530,19165,1.0
51526,19155,1.0
51525,19155,1.0
51520,19047,1.0
51510,19155,1.0
51501,19155,1.0
51465,19047,1.0
51460,19047,1.0
51459,19027,1.0
51452,19027,1.0
51451,19027,1.0
51450,19161,1.0
51447,19165,1.0
51446,19165,1.0
51444,19027,1.0
51340,19041,1.0
51442,19047,1.0
51441,19047,1.0
51439,19047,1.0
51432,19047,1.0
51430,19027,1.0
51401,19027,1.0
51365,19063,1.0
51363,19059,1.0
51360,19059,1.0
51357,19041,1.0
51355,19059,1.0
51354,19143,1.0
51343,19041,1.0
51341,19041,1.0
51008,19149,1.0
51007,19193,1.0
51004,19193,1.0
50583,19161,1.0
50634,19013,1.0
50633,19069,1.0
50631,19017,1.0
50624,19075,1.0
50623,19013,1.0
50620,19067,1.0
50614,19013,1.0
50611,19023,1.0
50608,19023,1.0
50602,19023,1.0
50594,19187,1.0
50593,19151,1.0
50592,19021,1.0
50590,19109,1.0
50582,19091,1.0
50642,19075,1.0
50579,19025,1.0
50576,19021,1.0
50574,19151,1.0
50573,19151,1.0
50571,19151,1.0
50569,19187,1.0
50559,19109,1.0
50557,19187,1.0
50556,19109,1.0
50552,19025,1.0
50551,19025,1.0
50545,19091,1.0
50536,19147,1.0
50535,19161,1.0
50641,19019,1.0
50644,19019,1.0
51001,19149,1.0
50707,19013,1.0
50947,19153,1.0
50863,19159,1.0
50862,19173,1.0
50860,19159,1.0
50854,19159,1.0
50849,19001,1.0
50848,19173,1.0
50847,19137,1.0
50846,19001,1.0
50842,19175,1.0
50839,19003,1.0
50835,19159,1.0
50831,19175,1.0
50830,19175,1.0
50704,19013,1.0
50649,19023,1.0
50703,19013,1.0
50702,19013,1.0
50701,19013,1.0
50682,19019,1.0
50681,19065,1.0
50680,19075,1.0
50676,19017,1.0
50673,19075,1.0
50667,19013,1.0
50661,19037,1.0
50657,19075,1.0
50655,19065,1.0
50653,19067,1.0
50652,19171,1.0
50009,19153,1.0
50007,19153,1.0
49202,26075,1.0
49509,26081,1.0
49503,26081,1.0
49504,26081,1.0
49505,26081,1.0
49506,26081,1.0
49507,26081,1.0
49508,26081,1.0
49510,26081,1.0
49673,26055,1.0
49512,26081,1.0
49514,26081,1.0
49515,26081,1.0
49516,26081,1.0
49518,26081,1.0
49519,26081,1.0
49501,26081,1.0
49468,26081,1.0
49461,26121,1.0
49460,26139,1.0
49458,26105,1.0
49455,26127,1.0
49454,26105,1.0
49453,26005,1.0
49452,26127,1.0
49450,26005,1.0
49446,26127,1.0
49445,26121,1.0
49444,26121,1.0
49443,26121,1.0
49442,26121,1.0
49441,26121,1.0
49440,26121,1.0
49525,26081,1.0
49546,26081,1.0
49548,26081,1.0
49632,26113,1.0
49667,26113,1.0
49666,26055,1.0
49656,26085,1.0
49654,26089,1.0
49653,26089,1.0
49651,26113,1.0
49648,26009,1.0
49646,26079,1.0
49645,26101,1.0
49642,26085,1.0
49637,26055,1.0
49636,26089,1.0
49635,26019,1.0
49634,26101,1.0
49629,26009,1.0
49560,26081,1.0
49628,26019,1.0
49627,26009,1.0
49626,26101,1.0
49623,26085,1.0
49622,26009,1.0
49621,26089,1.0
49619,26101,1.0
49618,26165,1.0
49617,26019,1.0
49615,26009,1.0
49614,26101,1.0
49611,26009,1.0
49610,26055,1.0
49588,26081,1.0
49436,26127,1.0
49431,26105,1.0
49430,26139,1.0
49261,26075,1.0
49283,26075,1.0
49282,26059,1.0
49281,26059,1.0
49279,26091,1.0
49277,26075,1.0
49272,26075,1.0
49271,26059,1.0
49270,26115,1.0
49269,26075,1.0
49268,26091,1.0
49266,26059,1.0
49265,26091,1.0
49263,26075,1.0
49262,26059,1.0
49259,26075,1.0
49289,26091,1.0
49258,26059,1.0
49257,26059,1.0
49256,26091,1.0
49254,26075,1.0
49253,26091,1.0
49248,26091,1.0
49242,26059,1.0
49239,26059,1.0
49235,26091,1.0
49234,26075,1.0
49232,26059,1.0
49221,26091,1.0
49204,26075,1.0
49203,26075,1.0
49286,26091,1.0
49301,26081,1.0
49429,26139,1.0
49401,26139,1.0
49428,26139,1.0
49427,26139,1.0
49424,26139,1.0
49422,26139,1.0
49420,26127,1.0
49419,26005,1.0
49417,26139,1.0
49416,26005,1.0
49413,26123,1.0
49410,26105,1.0
49409,26139,1.0
49408,26005,1.0
49406,26005,1.0
49405,26105,1.0
49351,26081,1.0
49306,26081,1.0
49349,26123,1.0
49342,26107,1.0
49341,26081,1.0
49335,26005,1.0
49332,26107,1.0
49328,26005,1.0
49322,26117,1.0
49321,26081,1.0
49320,26107,1.0
49319,26081,1.0
49317,26081,1.0
49314,26005,1.0
49312,26123,1.0
49311,26005,1.0
49670,26089,1.0
49674,26089,1.0
50005,19127,1.0
49887,26109,1.0
49872,26041,1.0
49874,26109,1.0
49876,26043,1.0
49877,26043,1.0
49881,26043,1.0
49886,26109,1.0
49891,26003,1.0
49675,26101,1.0
49893,26109,1.0
49894,26041,1.0
49896,26109,1.0
49902,26071,1.0
49903,26071,1.0
49905,26061,1.0
49871,26103,1.0
49870,26043,1.0
49866,26103,1.0
49865,26103,1.0
49864,26041,1.0
49863,26109,1.0
49862,26003,1.0
49858,26109,1.0
49855,26103,1.0
49852,26043,1.0
49849,26103,1.0
49848,26109,1.0
49847,26109,1.0
49845,26109,1.0
49841,26103,1.0
49840,26153,1.0
49839,26003,1.0
49908,26013,1.0
49910,26131,1.0
49911,26053,1.0
49950,26083,1.0
50003,19049,1.0
50001,19181,1.0
49971,26131,1.0
49970,26013,1.0
49969,26053,1.0
49968,26053,1.0
49964,26071,1.0
49963,26061,1.0
49962,26013,1.0
49961,26061,1.0
49960,26131,1.0
49959,26053,1.0
49955,26061,1.0
49953,26131,1.0
49948,26131,1.0
49912,26131,1.0
49946,26013,1.0
49938,26053,1.0
49935,26071,1.0
49934,26061,1.0
49931,26061,1.0
49930,26061,1.0
49929,26131,1.0
49927,26071,1.0
49922,26061,1.0
49921,26061,1.0
49919,26013,1.0
49918,26083,1.0
49916,26061,1.0
49915,26071,1.0
49838,26097,1.0
49837,26041,1.0
49835,26041,1.0
49728,26033,1.0
49761,26031,1.0
49759,26141,1.0
49757,26097,1.0
49753,26007,1.0
49752,26033,1.0
49749,26031,1.0
49748,26033,1.0
49745,26097,1.0
49744,26007,1.0
49743,26141,1.0
49740,26047,1.0
49736,26033,1.0
49735,26137,1.0
49734,26137,1.0
49726,26033,1.0
49764,26047,1.0
49725,26033,1.0
49724,26033,1.0
49723,26047,1.0
49722,26047,1.0
49721,26031,1.0
49717,26031,1.0
49715,26033,1.0
49710,26033,1.0
49709,26119,1.0
49705,26031,1.0
49696,26055,1.0
49686,26055,1.0
49685,26055,1.0
49682,26089,1.0
49762,26097,1.0
49766,26007,1.0
49834,26043,1.0
49806,26003,1.0
49833,26103,1.0
49831,26043,1.0
49829,26041,1.0
49827,26097,1.0
49826,26003,1.0
49825,26003,1.0
49821,26109,1.0
49820,26097,1.0
49819,26103,1.0
49816,26003,1.0
49815,26043,1.0
49814,26103,1.0
49812,26109,1.0
49808,26103,1.0
49802,26043,1.0
49768,26033,1.0
49801,26043,1.0
49799,26031,1.0
49797,26137,1.0
49796,26029,1.0
49793,26033,1.0
49792,26031,1.0
49791,26031,1.0
49788,26033,1.0
49783,26033,1.0
49782,26029,1.0
49781,26097,1.0
49779,26141,1.0
49777,26141,1.0
49775,26097,1.0
47654,18051,1.0
47648,18051,1.0
43610,39095,1.0
44855,39077,1.0
44838,39005,1.0
44839,39043,1.0
44845,39147,1.0
44848,39005,1.0
44850,39077,1.0
44853,39147,1.0
44856,39033,1.0
45065,39165,1.0
44860,39033,1.0
44861,39147,1.0
44862,39139,1.0
44866,39005,1.0
44867,39147,1.0
44870,39043,1.0
44828,39147,1.0
44825,39033,1.0
44816,39043,1.0
44815,39147,1.0
44814,39043,1.0
44809,39147,1.0
44804,39063,1.0
44799,39151,1.0
44767,39151,1.0
44750,39151,1.0
44735,39151,1.0
44721,39151,1.0
44718,39151,1.0
44714,39151,1.0
44711,39151,1.0
44710,39151,1.0
44709,39151,1.0
44871,39043,1.0
44874,39005,1.0
44881,39033,1.0
45018,39017,1.0
45062,39017,1.0
45061,39017,1.0
45055,39017,1.0
45054,39165,1.0
45053,39017,1.0
45052,39061,1.0
45051,39061,1.0
45041,39061,1.0
45040,39165,1.0
45039,39165,1.0
45036,39165,1.0
45034,39165,1.0
45033,39061,1.0
45032,39165,1.0
45015,39017,1.0
44883,39147,1.0
45014,39017,1.0
45012,39017,1.0
45011,39017,1.0
45004,39017,1.0
45002,39061,1.0
45001,39061,1.0
44907,39139,1.0
44906,39139,1.0
44905,39139,1.0
44902,39139,1.0
44901,39139,1.0
44890,39077,1.0
44888,39077,1.0
44887,39033,1.0
44708,39151,1.0
44707,39151,1.0
44706,39151,1.0
44513,39099,1.0
44633,39075,1.0
44630,39151,1.0
44629,39157,1.0
44622,39157,1.0
44620,39019,1.0
44617,39075,1.0
44615,39019,1.0
44613,39151,1.0
44610,39075,1.0
44607,39019,1.0
44606,39169,1.0
44555,39099,1.0
44515,39099,1.0
44514,39099,1.0
44512,39099,1.0
44639,39019,1.0
44511,39099,1.0
44510,39099,1.0
44509,39099,1.0
44507,39099,1.0
44506,39099,1.0
44503,39099,1.0
44502,39099,1.0
44501,39099,1.0
44493,39029,1.0
44492,39029,1.0
44485,39155,1.0
44484,39155,1.0
44483,39155,1.0
44473,39155,1.0
44636,39169,1.0
44640,39151,1.0
44705,39151,1.0
44670,39151,1.0
44704,39151,1.0
44703,39151,1.0
44702,39151,1.0
44697,39157,1.0
44693,39067,1.0
44690,39075,1.0
44687,39075,1.0
44682,39157,1.0
44680,39157,1.0
44679,39157,1.0
44678,39157,1.0
44677,39169,1.0
44672,39099,1.0
44671,39157,1.0
44669,39151,1.0
44641,39151,1.0
44667,39169,1.0
44665,39029,1.0
44663,39157,1.0
44661,39075,1.0
44660,39075,1.0
44659,39169,1.0
44653,39157,1.0
44652,39151,1.0
44651,39019,1.0
44650,39151,1.0
44648,39151,1.0
44647,39151,1.0
44646,39151,1.0
44644,39019,1.0
45063,39017,1.0
45067,39017,1.0
44455,39029,1.0
45332,39037,1.0
45320,39135,1.0
45321,39135,1.0
45323,39023,1.0
45328,39037,1.0
45330,39135,1.0
45331,39037,1.0
45333,39149,1.0
45071,39017,1.0
45336,39149,1.0
45339,39109,1.0
45340,39149,1.0
45341,39023,1.0
45343,39113,1.0
45345,39113,1.0
45319,39023,1.0
45315,39113,1.0
45311,39135,1.0
45307,39057,1.0
45305,39057,1.0
45303,39037,1.0
45302,39149,1.0
45301,39057,1.0
45275,21015,1.0
45267,39061,1.0
45263,39061,1.0
45262,39061,1.0
45258,39061,1.0
45254,39061,1.0
45253,39061,1.0
45252,39061,1.0
45251,39061,1.0
45346,39037,1.0
45349,39023,1.0
45350,39037,1.0
45389,39021,1.0
45417,39113,1.0
45416,39113,1.0
45415,39113,1.0
45414,39113,1.0
45413,39113,1.0
45410,39113,1.0
45409,39113,1.0
45406,39113,1.0
45405,39113,1.0
45404,39113,1.0
45403,39113,1.0
45402,39113,1.0
45401,39113,1.0
45390,39037,1.0
45384,39057,1.0
45351,39037,1.0
45377,39113,1.0
45374,39109,1.0
45373,39109,1.0
45372,39023,1.0
45370,39057,1.0
45367,39149,1.0
45362,39037,1.0
45361,39109,1.0
45360,39149,1.0
45359,39109,1.0
45358,39037,1.0
45354,39113,1.0
45353,39149,1.0
45352,39037,1.0
45250,39061,1.0
45248,39061,1.0
45247,39061,1.0
45157,39025,1.0
45205,39061,1.0
45204,39061,1.0
45203,39061,1.0
45202,39061,1.0
45201,39061,1.0
45177,39027,1.0
45174,39061,1.0
45172,39071,1.0
45168,39015,1.0
45167,39015,1.0
45166,39027,1.0
45164,39027,1.0
45160,39025,1.0
45158,39025,1.0
45156,39025,1.0
45207,39061,1.0
45155,39071,1.0
45153,39025,1.0
45152,39165,1.0
45147,39025,1.0
45146,39027,1.0
45132,39071,1.0
45131,39015,1.0
45119,39015,1.0
45115,39015,1.0
45112,39025,1.0
45111,39061,1.0
45105,39001,1.0
45103,39025,1.0
45102,39025,1.0
45206,39061,1.0
45208,39061,1.0
45245,39025,1.0
45227,39061,1.0
45243,39061,1.0
45242,39061,1.0
45240,39061,1.0
45239,39061,1.0
45238,39061,1.0
45237,39061,1.0
45236,39061,1.0
45235,39061,1.0
45234,39061,1.0
45233,39061,1.0
45232,39061,1.0
45231,39061,1.0
45230,39061,1.0
45229,39061,1.0
45226,39061,1.0
45209,39061,1.0
45225,39061,1.0
45224,39061,1.0
45223,39061,1.0
45222,39061,1.0
45220,39061,1.0
45219,39061,1.0
45218,39061,1.0
45217,39061,1.0
45216,39061,1.0
45215,39061,1.0
45214,39061,1.0
45213,39061,1.0
45212,39061,1.0
45211,39061,1.0
44471,39099,1.0
44453,39155,1.0
45420,39113,1.0
43962,39029,1.0
43947,39013,1.0
43948,39081,1.0
43951,39013,1.0
43952,39081,1.0
43953,39081,1.0
43961,39081,1.0
43963,39081,1.0
44073,39055,1.0
43964,39081,1.0
43967,39013,1.0
43968,39029,1.0
43970,39081,1.0
43972,39013,1.0
43974,39067,1.0
43946,39111,1.0
43944,39081,1.0
43941,39081,1.0
43940,39013,1.0
43939,39081,1.0
43938,39081,1.0
43937,39013,1.0
43935,39013,1.0
43934,39013,1.0
43933,39013,1.0
43931,39111,1.0
43928,39013,1.0
43927,39013,1.0
43926,39081,1.0
43925,39081,1.0
43920,39029,1.0
43916,39013,1.0
43976,39067,1.0
43981,39067,1.0
43984,39067,1.0
44045,39085,1.0
44070,39035,1.0
44068,39007,1.0
44067,39153,1.0
44065,39055,1.0
44061,39085,1.0
44056,39153,1.0
44055,39093,1.0
44054,39093,1.0
44053,39093,1.0
44052,39093,1.0
44050,39093,1.0
44049,39093,1.0
44048,39007,1.0
44047,39007,1.0
44039,39093,1.0
43985,39013,1.0
44036,39093,1.0
44035,39093,1.0
44033,39055,1.0
44032,39007,1.0
44030,39007,1.0
44026,39055,1.0
44021,39055,1.0
44017,39035,1.0
44012,39093,1.0
44011,39093,1.0
44010,39007,1.0
44004,39007,1.0
44003,39007,1.0
44001,39093,1.0
43915,39111,1.0
43914,39111,1.0
43913,39081,1.0
43661,39095,1.0
43734,39119,1.0
43733,39059,1.0
43727,39119,1.0
43725,39059,1.0
43723,39059,1.0
43722,39059,1.0
43721,39089,1.0
43719,39013,1.0
43718,39013,1.0
43717,39121,1.0
43711,39121,1.0
43702,39119,1.0
43667,39095,1.0
43666,39095,1.0
43660,39095,1.0
43736,39059,1.0
43659,39095,1.0
43657,39095,1.0
43656,39095,1.0
43654,39173,1.0
43652,39095,1.0
43635,39095,1.0
43623,39095,1.0
43620,39095,1.0
43617,39095,1.0
43615,39095,1.0
43614,39095,1.0
43613,39095,1.0
43612,39095,1.0
43611,39095,1.0
43735,39119,1.0
43738,39119,1.0
43912,39013,1.0
43786,39111,1.0
43909,39013,1.0
43906,39013,1.0
43905,39013,1.0
43902,39013,1.0
43845,39031,1.0
43842,39119,1.0
43836,39031,1.0
43828,39031,1.0
43812,39031,1.0
43805,39031,1.0
43803,39031,1.0
43802,39119,1.0
43793,39111,1.0
43791,39119,1.0
43783,39127,1.0
43748,39127,1.0
43782,39127,1.0
43779,39121,1.0
43771,39119,1.0
43768,39059,1.0
43767,39119,1.0
43764,39127,1.0
43761,39127,1.0
43759,39013,1.0
43758,39115,1.0
43757,39111,1.0
43755,39059,1.0
43754,39111,1.0
43752,39111,1.0
43750,39059,1.0
44072,39055,1.0
44074,39093,1.0
44452,39099,1.0
44311,39153,1.0
44305,39153,1.0
44306,39153,1.0
44307,39153,1.0
44308,39153,1.0
44309,39153,1.0
44310,39153,1.0
44313,39153,1.0
44080,39055,1.0
44314,39153,1.0
44315,39153,1.0
44316,39153,1.0
44317,39153,1.0
44319,39153,1.0
44320,39153,1.0
44304,39153,1.0
44303,39153,1.0
44302,39153,1.0
44301,39153,1.0
44286,39153,1.0
44285,39133,1.0
44282,39103,1.0
44276,39169,1.0
44274,39103,1.0
44272,39133,1.0
44266,39133,1.0
44265,39133,1.0
44264,39153,1.0
44262,39153,1.0
44258,39103,1.0
44255,39133,1.0
44254,39103,1.0
44325,39153,1.0
44326,39153,1.0
44328,39153,1.0
44422,39099,1.0
44451,39099,1.0
44450,39155,1.0
44446,39155,1.0
44445,39029,1.0
44442,39099,1.0
44441,39029,1.0
44439,39155,1.0
44438,39155,1.0
44436,39099,1.0
44432,39029,1.0
44431,39029,1.0
44430,39155,1.0
44424,39155,1.0
44423,39029,1.0
44420,39155,1.0
44334,39153,1.0
44418,39155,1.0
44417,39155,1.0
44416,39099,1.0
44415,39029,1.0
44413,39029,1.0
44411,39133,1.0
44410,39155,1.0
44406,39099,1.0
44405,39099,1.0
44404,39155,1.0
44403,39155,1.0
44402,39155,1.0
44401,39099,1.0
44396,39153,1.0
44251,39103,1.0
44250,39153,1.0
44243,39133,1.0
44108,39035,1.0
44122,39035,1.0
44121,39035,1.0
44120,39035,1.0
44119,39035,1.0
44118,39035,1.0
44117,39035,1.0
44116,39035,1.0
44115,39035,1.0
44114,39035,1.0
44113,39035,1.0
44112,39035,1.0
44111,39035,1.0
44110,39035,1.0
44109,39035,1.0
44107,39035,1.0
44124,39035,1.0
44106,39035,1.0
44105,39035,1.0
44104,39035,1.0
44103,39035,1.0
44102,39035,1.0
44101,39035,1.0
44096,39085,1.0
44095,39085,1.0
44088,39007,1.0
44087,39153,1.0
44085,39007,1.0
44084,39007,1.0
44082,39007,1.0
44081,39085,1.0
44123,39035,1.0
44125,39035,1.0
44242,39133,1.0
44146,39035,1.0
44241,39133,1.0
44237,39153,1.0
44232,39153,1.0
44223,39153,1.0
44222,39153,1.0
44221,39153,1.0
44215,39103,1.0
44212,39103,1.0
44211,39133,1.0
44210,39153,1.0
44199,39035,1.0
44195,39035,1.0
44181,39035,1.0
44147,39035,1.0
44145,39035,1.0
44126,39035,1.0
44144,39035,1.0
44142,39035,1.0
44140,39035,1.0
44139,39035,1.0
44138,39035,1.0
44137,39035,1.0
44135,39035,1.0
44134,39035,1.0
44132,39035,1.0
44131,39035,1.0
44130,39035,1.0
44129,39035,1.0
44128,39035,1.0
44127,39035,1.0
45419,39113,1.0
45422,39113,1.0
47647,18051,1.0
46930,18053,1.0
46913,18015,1.0
46914,18103,1.0
46915,18015,1.0
46916,18015,1.0
46921,18103,1.0
46922,18049,1.0
46931,18049,1.0
47111,18019,1.0
46933,18053,1.0
46937,18067,1.0
46938,18053,1.0
46941,18169,1.0
46942,18017,1.0
46943,18169,1.0
46912,18049,1.0
46904,18067,1.0
46903,18067,1.0
46899,18003,1.0
46898,18003,1.0
46895,18003,1.0
46885,18003,1.0
46869,18003,1.0
46868,18003,1.0
46867,18003,1.0
46866,18003,1.0
46865,18003,1.0
46864,18003,1.0
46863,18003,1.0
46862,18003,1.0
46861,18003,1.0
46860,18003,1.0
46945,18049,1.0
46946,18169,1.0
46957,18053,1.0
47019,18155,1.0
47107,18061,1.0
47104,18019,1.0
47042,18137,1.0
47039,18137,1.0
47036,18047,1.0
47035,18047,1.0
47034,18137,1.0
47033,18137,1.0
47030,18047,1.0
47025,18029,1.0
47023,18137,1.0
47022,18029,1.0
47021,18137,1.0
47020,18155,1.0
47016,18047,1.0
46958,18103,1.0
46998,18017,1.0
46995,18067,1.0
46994,18017,1.0
46990,18169,1.0
46987,18053,1.0
46986,18053,1.0
46984,18169,1.0
46980,18169,1.0
46977,18015,1.0
46971,18103,1.0
46967,18017,1.0
46965,18067,1.0
46961,18017,1.0
46959,18103,1.0
46859,18003,1.0
46858,18003,1.0
46857,18003,1.0
46660,18141,1.0
46769,18001,1.0
46765,18003,1.0
46760,18113,1.0
46759,18179,1.0
46746,18087,1.0
46741,18003,1.0
46738,18033,1.0
46737,18151,1.0
46721,18033,1.0
46713,18069,1.0
46711,18001,1.0
46704,18003,1.0
46701,18113,1.0
46680,18141,1.0
46637,18141,1.0
46772,18001,1.0
46635,18141,1.0
46634,18141,1.0
46628,18141,1.0
46626,18141,1.0
46624,18141,1.0
46619,18141,1.0
46617,18141,1.0
46616,18141,1.0
46615,18141,1.0
46614,18141,1.0
46613,18141,1.0
46601,18141,1.0
46595,18141,1.0
46590,18085,1.0
46771,18087,1.0
46774,18003,1.0
46856,18003,1.0
46806,18003,1.0
46855,18003,1.0
46854,18003,1.0
46853,18003,1.0
46852,18003,1.0
46851,18003,1.0
46850,18003,1.0
46845,18003,1.0
46835,18003,1.0
46825,18003,1.0
46816,18003,1.0
46815,18003,1.0
46809,18003,1.0
46808,18003,1.0
46807,18003,1.0
46805,18003,1.0
46778,18179,1.0
46804,18003,1.0
46803,18003,1.0
46802,18003,1.0
46797,18003,1.0
46796,18113,1.0
46794,18113,1.0
46791,18179,1.0
46789,18087,1.0
46786,18087,1.0
46785,18033,1.0
46782,18001,1.0
46781,18179,1.0
46780,18001,1.0
46779,18151,1.0
47110,18061,1.0
47114,18061,1.0
46581,18085,1.0
47519,18027,1.0
47469,18117,1.0
47501,18027,1.0
47512,18083,1.0
47514,18123,1.0
47515,18123,1.0
47516,18083,1.0
47520,18123,1.0
47116,18025,1.0
47521,18037,1.0
47522,18101,1.0
47524,18083,1.0
47525,18123,1.0
47531,18147,1.0
47535,18083,1.0
47467,18093,1.0
47465,18055,1.0
47464,18105,1.0
47463,18105,1.0
47458,18105,1.0
47457,18055,1.0
47455,18119,1.0
47454,18117,1.0
47453,18055,1.0
47451,18093,1.0
47445,18055,1.0
47443,18055,1.0
47441,18055,1.0
47437,18093,1.0
47435,18013,1.0
47434,18105,1.0
47431,18119,1.0
47536,18147,1.0
47545,18037,1.0
47546,18037,1.0
47586,18123,1.0
47635,18147,1.0
47634,18147,1.0
47631,18129,1.0
47629,18173,1.0
47620,18129,1.0
47618,18163,1.0
47617,18147,1.0
47615,18147,1.0
47611,18147,1.0
47610,18173,1.0
47598,18125,1.0
47597,18083,1.0
47596,18083,1.0
47591,18083,1.0
47585,18125,1.0
47547,18037,1.0
47584,18125,1.0
47580,18037,1.0
47579,18147,1.0
47575,18037,1.0
47574,18123,1.0
47573,18083,1.0
47568,18027,1.0
47567,18125,1.0
47558,18027,1.0
47557,18083,1.0
47556,18147,1.0
47552,18147,1.0
47551,18123,1.0
47550,18147,1.0
47429,18105,1.0
47426,18105,1.0
47420,18093,1.0
47174,18025,1.0
47303,18035,1.0
47282,18079,1.0
47280,18005,1.0
47263,18031,1.0
47247,18005,1.0
47245,18079,1.0
47236,18005,1.0
47228,18071,1.0
47226,18005,1.0
47225,18031,1.0
47220,18071,1.0
47203,18005,1.0
47202,18005,1.0
47190,18019,1.0
47167,18175,1.0
47305,18035,1.0
47166,18061,1.0
47163,18019,1.0
47162,18019,1.0
47161,18061,1.0
47160,18061,1.0
47151,18043,1.0
47146,18043,1.0
47143,18019,1.0
47142,18061,1.0
47135,18061,1.0
47131,18019,1.0
47130,18019,1.0
47129,18019,1.0
47123,18025,1.0
47304,18035,1.0
47306,18035,1.0
47408,18105,1.0
47370,18177,1.0
47407,18105,1.0
47406,18105,1.0
47405,18105,1.0
47402,18105,1.0
47396,18035,1.0
47394,18135,1.0
47392,18177,1.0
47388,18065,1.0
47387,18065,1.0
47385,18065,1.0
47382,18135,1.0
47381,18075,1.0
47375,18177,1.0
47371,18075,1.0
47367,18035,1.0
47307,18035,1.0
47366,18065,1.0
47362,18065,1.0
47361,18065,1.0
47351,18065,1.0
47345,18177,1.0
47344,18065,1.0
47340,18135,1.0
47339,18177,1.0
47337,18065,1.0
47335,18177,1.0
47330,18177,1.0
47324,18177,1.0
47322,18041,1.0
47308,18035,1.0
46582,18085,1.0
46580,18085,1.0
45423,39113,1.0
45816,39063,1.0
45804,39003,1.0
45805,39003,1.0
45808,39003,1.0
45809,39003,1.0
45814,39063,1.0
45815,39137,1.0
45819,39011,1.0
46038,18057,1.0
45820,39003,1.0
45826,39107,1.0
45828,39107,1.0
45835,39065,1.0
45837,39137,1.0
45838,39161,1.0
45802,39003,1.0
45788,39167,1.0
45787,39167,1.0
45784,39167,1.0
45783,39105,1.0
45782,39009,1.0
45780,39009,1.0
45779,39105,1.0
45778,39009,1.0
45775,39105,1.0
45773,39167,1.0
45772,39105,1.0
45771,39105,1.0
45770,39105,1.0
45769,39105,1.0
45768,39167,1.0
45761,39009,1.0
45839,39063,1.0
45840,39063,1.0
45848,39137,1.0
45884,39011,1.0
46033,18057,1.0
46032,18057,1.0
46030,18057,1.0
46018,18095,1.0
46016,18095,1.0
46015,18095,1.0
46013,18095,1.0
45999,21117,1.0
45899,39161,1.0
45897,39063,1.0
45893,39137,1.0
45891,39161,1.0
45890,39063,1.0
45888,39011,1.0
45881,39063,1.0
45851,39125,1.0
45880,39125,1.0
45879,39125,1.0
45876,39137,1.0
45875,39137,1.0
45874,39161,1.0
45870,39011,1.0
45866,39107,1.0
45864,39137,1.0
45863,39161,1.0
45861,39125,1.0
45859,39065,1.0
45855,39125,1.0
45854,39003,1.0
45853,39137,1.0
45750,39167,1.0
45743,39105,1.0
45740,39009,1.0
45501,39023,1.0
45633,39141,1.0
45631,39053,1.0
45630,39145,1.0
45629,39145,1.0
45628,39141,1.0
45624,39131,1.0
45621,39079,1.0
45619,39087,1.0
45618,39001,1.0
45617,39141,1.0
45506,39023,1.0
45505,39023,1.0
45504,39023,1.0
45503,39023,1.0
45490,39113,1.0
45642,39131,1.0
45481,39057,1.0
45475,39113,1.0
45470,39113,1.0
45469,39113,1.0
45449,39113,1.0
45448,39113,1.0
45441,39113,1.0
45439,39113,1.0
45437,39113,1.0
45435,39057,1.0
45434,39057,1.0
45429,39113,1.0
45428,39113,1.0
45426,39113,1.0
45636,39145,1.0
45643,39053,1.0
45739,39009,1.0
45694,39145,1.0
45729,39167,1.0
45724,39167,1.0
45721,39167,1.0
45720,39105,1.0
45719,39009,1.0
45716,39009,1.0
45714,39167,1.0
45713,39167,1.0
45712,39167,1.0
45701,39009,1.0
45699,39145,1.0
45698,39163,1.0
45696,39087,1.0
45695,39163,1.0
45693,39001,1.0
45645,39087,1.0
45687,39131,1.0
45681,39141,1.0
45680,39087,1.0
45677,39145,1.0
45675,39087,1.0
45674,39053,1.0
45673,39141,1.0
45669,39087,1.0
45663,39145,1.0
45662,39145,1.0
45652,39145,1.0
45651,39163,1.0
45650,39001,1.0
45646,39131,1.0
46034,18057,1.0
46044,18095,1.0
46572,18099,1.0
46372,18111,1.0
46349,18111,1.0
46350,18091,1.0
46355,18089,1.0
46356,18089,1.0
46365,18091,1.0
46371,18091,1.0
46373,18089,1.0
46045,18159,1.0
46375,18089,1.0
46376,18089,1.0
46377,18089,1.0
46379,18111,1.0
46380,18073,1.0
46381,18111,1.0
46347,18127,1.0
46346,18091,1.0
46345,18091,1.0
46340,18091,1.0
46327,18089,1.0
46325,18089,1.0
46324,18089,1.0
46323,18089,1.0
46322,18089,1.0
46321,18089,1.0
46320,18089,1.0
46319,18089,1.0
46312,18089,1.0
46311,18089,1.0
46308,18089,1.0
46304,18127,1.0
46303,18089,1.0
46382,18091,1.0
46384,18127,1.0
46385,18127,1.0
46513,18099,1.0
46556,18141,1.0
46555,18085,1.0
46553,18039,1.0
46546,18141,1.0
46545,18141,1.0
46544,18141,1.0
46538,18085,1.0
46537,18099,1.0
46534,18149,1.0
46527,18039,1.0
46526,18039,1.0
46516,18039,1.0
46515,18039,1.0
46514,18039,1.0
46510,18085,1.0
46390,18091,1.0
46508,18085,1.0
46507,18039,1.0
46502,18085,1.0
46411,18089,1.0
46410,18089,1.0
46409,18089,1.0
46408,18089,1.0
46407,18089,1.0
46406,18089,1.0
46404,18089,1.0
46402,18089,1.0
46401,18089,1.0
46394,18089,1.0
46393,18127,1.0
46302,18127,1.0
46301,18127,1.0
46298,18097,1.0
46107,18097,1.0
46184,18081,1.0
46183,18097,1.0
46170,18133,1.0
46155,18139,1.0
46154,18059,1.0
46146,18139,1.0
46144,18145,1.0
46143,18081,1.0
46128,18133,1.0
46126,18145,1.0
46125,18109,1.0
46123,18063,1.0
46122,18063,1.0
46111,18109,1.0
46105,18133,1.0
46202,18097,1.0
46104,18139,1.0
46103,18063,1.0
46102,18011,1.0
46082,18057,1.0
46075,18011,1.0
46074,18057,1.0
46067,18023,1.0
46063,18095,1.0
46062,18057,1.0
46061,18057,1.0
46057,18023,1.0
46051,18095,1.0
46048,18095,1.0
46047,18159,1.0
46201,18097,1.0
46203,18097,1.0
46285,18097,1.0
46227,18097,1.0
46283,18097,1.0
46282,18097,1.0
46254,18097,1.0
46253,18097,1.0
46251,18097,1.0
46249,18097,1.0
46247,18097,1.0
46244,18097,1.0
46242,18097,1.0
46241,18097,1.0
46237,18097,1.0
46235,18097,1.0
46230,18097,1.0
46228,18097,1.0
46226,18097,1.0
46204,18097,1.0
46225,18097,1.0
46224,18097,1.0
46222,18097,1.0
46221,18097,1.0
46220,18097,1.0
46219,18097,1.0
46218,18097,1.0
46217,18097,1.0
46216,18097,1.0
46214,18097,1.0
46213,18097,1.0
46208,18097,1.0
46206,18097,1.0
46205,18097,1.0
70505,22055,1.0
70506,22055,1.0
70507,22055,1.0
92322,06071,1.0
92314,06071,1.0
92315,06071,1.0
92316,06071,1.0
92317,06071,1.0
92318,06071,1.0
92321,06071,1.0
92323,06071,1.0
92384,06027,1.0
92325,06071,1.0
92327,06071,1.0
92328,06027,1.0
92329,06071,1.0
92331,06071,1.0
92332,06071,1.0
92312,06071,1.0
92311,06071,1.0
92310,06071,1.0
92309,06071,1.0
92308,06071,1.0
92307,06071,1.0
92305,06071,1.0
92304,06071,1.0
92286,06071,1.0
92285,06071,1.0
92284,06071,1.0
92283,06025,1.0
92282,06065,1.0
92281,06025,1.0
92280,06071,1.0
92278,06071,1.0
92277,06071,1.0
92333,06071,1.0
92334,06071,1.0
92335,06071,1.0
92358,06071,1.0
92378,06071,1.0
92377,06071,1.0
92376,06071,1.0
92375,06071,1.0
92374,06071,1.0
92372,06071,1.0
92371,06071,1.0
92369,06071,1.0
92368,06071,1.0
92366,06071,1.0
92365,06071,1.0
92364,06071,1.0
92363,06071,1.0
92359,06071,1.0
92357,06071,1.0
92336,06071,1.0
92356,06071,1.0
92354,06071,1.0
92352,06071,1.0
92350,06071,1.0
92347,06071,1.0
92346,06071,1.0
92345,06071,1.0
92344,06071,1.0
92342,06071,1.0
92341,06071,1.0
92340,06071,1.0
92339,06071,1.0
92338,06071,1.0
92337,06071,1.0
92276,06065,1.0
92275,06025,1.0
92273,06025,1.0
92193,06073,1.0
92227,06025,1.0
92226,06065,1.0
92222,06025,1.0
92220,06065,1.0
92211,06065,1.0
92210,06065,1.0
92203,06065,1.0
92202,06065,1.0
92201,06065,1.0
92199,06073,1.0
92198,06073,1.0
92197,06073,1.0
92196,06073,1.0
92195,06073,1.0
92192,06073,1.0
92231,06025,1.0
92191,06073,1.0
92182,06073,1.0
92179,06073,1.0
92178,06073,1.0
92177,06073,1.0
92176,06073,1.0
92175,06073,1.0
92174,06073,1.0
92173,06073,1.0
92172,06073,1.0
92171,06073,1.0
92170,06073,1.0
92169,06073,1.0
92168,06073,1.0
92230,06065,1.0
92232,06025,1.0
92270,06065,1.0
92253,06065,1.0
92268,06071,1.0
92267,06071,1.0
92266,06025,1.0
92264,06065,1.0
92263,06065,1.0
92262,06065,1.0
92261,06065,1.0
92260,06065,1.0
92259,06025,1.0
92258,06065,1.0
92257,06025,1.0
92256,06071,1.0
92255,06065,1.0
92254,06065,1.0
92252,06071,1.0
92233,06025,1.0
92251,06025,1.0
92250,06025,1.0
92249,06025,1.0
92248,06065,1.0
92247,06065,1.0
92244,06025,1.0
92243,06025,1.0
92242,06071,1.0
92241,06065,1.0
92240,06065,1.0
92239,06065,1.0
92236,06065,1.0
92235,06065,1.0
92234,06065,1.0
92382,06071,1.0
92385,06071,1.0
92166,06073,1.0
92620,06059,1.0
92614,06059,1.0
92615,06059,1.0
92616,06059,1.0
92617,06059,1.0
92618,06059,1.0
92619,06059,1.0
92623,06059,1.0
92386,06071,1.0
92624,06059,1.0
92625,06059,1.0
92626,06059,1.0
92627,06059,1.0
92628,06059,1.0
92629,06059,1.0
92612,06059,1.0
92610,06059,1.0
92609,06059,1.0
92607,06059,1.0
92606,06059,1.0
92605,06059,1.0
92604,06059,1.0
92603,06059,1.0
92602,06059,1.0
92599,06065,1.0
92596,06065,1.0
92595,06065,1.0
92593,06065,1.0
92592,06065,1.0
92591,06065,1.0
92589,06065,1.0
92587,06065,1.0
92630,06059,1.0
92637,06059,1.0
92646,06059,1.0
92663,06059,1.0
92692,06059,1.0
92691,06059,1.0
92690,06059,1.0
92688,06059,1.0
92685,06059,1.0
92684,06059,1.0
92683,06059,1.0
92679,06059,1.0
92678,06059,1.0
92677,06059,1.0
92676,06059,1.0
92675,06059,1.0
92674,06059,1.0
92673,06059,1.0
92662,06059,1.0
92647,06059,1.0
92661,06059,1.0
92660,06059,1.0
92659,06059,1.0
92658,06059,1.0
92657,06059,1.0
92656,06059,1.0
92655,06059,1.0
92654,06059,1.0
92653,06059,1.0
92652,06059,1.0
92651,06059,1.0
92650,06059,1.0
92649,06059,1.0
92648,06059,1.0
92586,06065,1.0
92585,06065,1.0
92584,06065,1.0
92410,06071,1.0
92508,06065,1.0
92507,06065,1.0
92506,06065,1.0
92505,06065,1.0
92504,06065,1.0
92503,06065,1.0
92502,06065,1.0
92501,06065,1.0
92427,06071,1.0
92423,06071,1.0
92418,06071,1.0
92415,06071,1.0
92413,06071,1.0
92411,06071,1.0
92408,06071,1.0
92514,06065,1.0
92407,06071,1.0
92406,06071,1.0
92405,06071,1.0
92404,06071,1.0
92403,06071,1.0
92402,06071,1.0
92401,06071,1.0
92398,06071,1.0
92395,06071,1.0
92394,06071,1.0
92393,06071,1.0
92392,06071,1.0
92391,06071,1.0
92389,06027,1.0
92513,06065,1.0
92516,06065,1.0
92583,06065,1.0
92552,06065,1.0
92582,06065,1.0
92581,06065,1.0
92572,06065,1.0
92571,06065,1.0
92570,06065,1.0
92567,06065,1.0
92564,06065,1.0
92563,06065,1.0
92562,06065,1.0
92561,06065,1.0
92557,06065,1.0
92556,06065,1.0
92555,06065,1.0
92553,06065,1.0
92551,06065,1.0
92517,06065,1.0
92549,06065,1.0
92548,06065,1.0
92546,06065,1.0
92545,06065,1.0
92544,06065,1.0
92543,06065,1.0
92539,06065,1.0
92532,06065,1.0
92531,06065,1.0
92530,06065,1.0
92522,06065,1.0
92521,06065,1.0
92519,06065,1.0
92518,06065,1.0
92167,06073,1.0
92165,06073,1.0
92694,06059,1.0
91763,06071,1.0
91748,06037,1.0
91750,06037,1.0
91754,06037,1.0
91755,06037,1.0
91756,06037,1.0
91759,06071,1.0
91764,06071,1.0
91931,06073,1.0
91765,06037,1.0
91767,06037,1.0
91768,06037,1.0
91769,06037,1.0
91770,06037,1.0
91771,06037,1.0
91747,06037,1.0
91746,06037,1.0
91745,06037,1.0
91744,06037,1.0
91743,06071,1.0
91741,06037,1.0
91740,06037,1.0
91739,06071,1.0
91737,06071,1.0
91734,06037,1.0
91733,06037,1.0
91732,06037,1.0
91731,06037,1.0
91730,06071,1.0
91729,06071,1.0
91724,06037,1.0
91723,06037,1.0
91772,06037,1.0
91773,06037,1.0
91775,06037,1.0
91899,06037,1.0
91917,06073,1.0
91916,06073,1.0
91915,06073,1.0
91914,06073,1.0
91913,06073,1.0
91912,06073,1.0
91911,06073,1.0
91910,06073,1.0
91908,06073,1.0
91906,06073,1.0
91905,06073,1.0
91903,06073,1.0
91902,06073,1.0
91901,06073,1.0
91896,06037,1.0
91776,06037,1.0
91804,06037,1.0
91803,06037,1.0
91802,06037,1.0
91801,06037,1.0
91793,06037,1.0
91792,06037,1.0
91791,06037,1.0
91790,06037,1.0
91789,06037,1.0
91788,06037,1.0
91785,06071,1.0
91784,06071,1.0
91780,06037,1.0
91778,06037,1.0
91722,06037,1.0
91716,06037,1.0
91715,06037,1.0
91396,06037,1.0
91423,06037,1.0
91416,06037,1.0
91413,06037,1.0
91412,06037,1.0
91411,06037,1.0
91409,06037,1.0
91408,06037,1.0
91407,06037,1.0
91406,06037,1.0
91405,06037,1.0
91404,06037,1.0
91403,06037,1.0
91402,06037,1.0
91401,06037,1.0
91395,06037,1.0
91436,06037,1.0
91394,06037,1.0
91393,06037,1.0
91392,06037,1.0
91390,06037,1.0
91387,06037,1.0
91386,06037,1.0
91385,06037,1.0
91384,06037,1.0
91383,06037,1.0
91382,06037,1.0
91381,06037,1.0
91380,06037,1.0
91377,06111,1.0
91376,06037,1.0
91426,06037,1.0
91470,06037,1.0
91714,06037,1.0
91603,06037,1.0
91711,06037,1.0
91706,06037,1.0
91702,06037,1.0
91701,06071,1.0
91617,06037,1.0
91615,06037,1.0
91614,06037,1.0
91610,06037,1.0
91609,06037,1.0
91608,06037,1.0
91607,06037,1.0
91606,06037,1.0
91605,06037,1.0
91604,06037,1.0
91602,06037,1.0
91482,06037,1.0
91601,06037,1.0
91523,06037,1.0
91522,06037,1.0
91521,06037,1.0
91510,06037,1.0
91508,06037,1.0
91507,06037,1.0
91506,06037,1.0
91505,06037,1.0
91504,06037,1.0
91503,06037,1.0
91502,06037,1.0
91501,06037,1.0
91499,06037,1.0
91921,06073,1.0
91932,06073,1.0
92163,06073,1.0
92111,06073,1.0
92105,06073,1.0
92106,06073,1.0
92107,06073,1.0
92108,06073,1.0
92109,06073,1.0
92110,06073,1.0
92112,06073,1.0
91933,06073,1.0
92113,06073,1.0
92114,06073,1.0
92115,06073,1.0
92116,06073,1.0
92117,06073,1.0
92118,06073,1.0
92104,06073,1.0
92103,06073,1.0
92102,06073,1.0
92101,06073,1.0
92096,06073,1.0
92093,06073,1.0
92092,06073,1.0
92091,06073,1.0
92088,06073,1.0
92086,06073,1.0
92085,06073,1.0
92084,06073,1.0
92083,06073,1.0
92082,06073,1.0
92081,06073,1.0
92079,06073,1.0
92078,06073,1.0
92119,06073,1.0
92120,06073,1.0
92121,06073,1.0
92140,06073,1.0
92161,06073,1.0
92160,06073,1.0
92159,06073,1.0
92158,06073,1.0
92155,06073,1.0
92154,06073,1.0
92153,06073,1.0
92152,06073,1.0
92150,06073,1.0
92149,06073,1.0
92147,06073,1.0
92145,06073,1.0
92143,06073,1.0
92142,06073,1.0
92139,06073,1.0
92122,06073,1.0
92138,06073,1.0
92137,06073,1.0
92136,06073,1.0
92135,06073,1.0
92134,06073,1.0
92132,06073,1.0
92131,06073,1.0
92130,06073,1.0
92129,06073,1.0
92128,06073,1.0
92127,06073,1.0
92126,06073,1.0
92124,06073,1.0
92123,06073,1.0
92075,06073,1.0
92074,06073,1.0
92072,06073,1.0
91978,06073,1.0
92020,06073,1.0
92019,06073,1.0
92018,06073,1.0
92014,06073,1.0
92013,06073,1.0
92011,06073,1.0
92010,06073,1.0
92009,06073,1.0
92008,06073,1.0
92007,06073,1.0
92004,06073,1.0
92003,06073,1.0
91980,06073,1.0
91979,06073,1.0
91977,06073,1.0
92022,06073,1.0
91976,06073,1.0
91963,06073,1.0
91962,06073,1.0
91951,06073,1.0
91950,06073,1.0
91948,06073,1.0
91946,06073,1.0
91945,06073,1.0
91944,06073,1.0
91943,06073,1.0
91942,06073,1.0
91941,06073,1.0
91935,06073,1.0
91934,06073,1.0
92021,06073,1.0
92023,06073,1.0
92071,06073,1.0
92054,06073,1.0
92070,06073,1.0
92069,06073,1.0
92068,06073,1.0
92067,06073,1.0
92066,06073,1.0
92065,06073,1.0
92064,06073,1.0
92061,06073,1.0
92060,06073,1.0
92059,06073,1.0
92058,06073,1.0
92057,06073,1.0
92056,06073,1.0
92055,06073,1.0
92052,06073,1.0
92024,06073,1.0
92051,06073,1.0
92049,06073,1.0
92046,06073,1.0
92040,06073,1.0
92039,06073,1.0
92038,06073,1.0
92037,06073,1.0
92036,06073,1.0
92033,06073,1.0
92030,06073,1.0
92029,06073,1.0
92027,06073,1.0
92026,06073,1.0
92025,06073,1.0
92693,06059,1.0
92697,06059,1.0
91371,06037,1.0
93716,06019,1.0
93709,06019,1.0
93710,06019,1.0
93711,06019,1.0
93712,06019,1.0
93714,06019,1.0
93715,06019,1.0
93717,06019,1.0
93902,06053,1.0
93718,06019,1.0
93721,06019,1.0
93722,06019,1.0
93723,06019,1.0
93724,06019,1.0
93725,06019,1.0
93708,06019,1.0
93707,06019,1.0
93706,06019,1.0
93705,06019,1.0
93704,06019,1.0
93703,06019,1.0
93702,06019,1.0
93701,06019,1.0
93673,06107,1.0
93670,06107,1.0
93669,06039,1.0
93668,06019,1.0
93667,06019,1.0
93666,06107,1.0
93665,06047,1.0
93664,06019,1.0
93662,06019,1.0
93726,06019,1.0
93727,06019,1.0
93728,06019,1.0
93773,06019,1.0
93888,06019,1.0
93844,06019,1.0
93794,06019,1.0
93793,06019,1.0
93792,06019,1.0
93791,06019,1.0
93790,06019,1.0
93786,06019,1.0
93779,06019,1.0
93778,06019,1.0
93777,06019,1.0
93776,06019,1.0
93775,06019,1.0
93774,06019,1.0
93772,06019,1.0
93729,06019,1.0
93771,06019,1.0
93765,06019,1.0
93764,06019,1.0
93761,06019,1.0
93760,06019,1.0
93755,06019,1.0
93750,06019,1.0
93747,06019,1.0
93745,06019,1.0
93744,06019,1.0
93741,06019,1.0
93740,06019,1.0
93737,06019,1.0
93730,06019,1.0
93661,06047,1.0
93660,06019,1.0
93657,06019,1.0
93551,06037,1.0
93599,06037,1.0
93592,06071,1.0
93591,06037,1.0
93590,06037,1.0
93586,06037,1.0
93584,06037,1.0
93581,06029,1.0
93563,06037,1.0
93562,06071,1.0
93561,06029,1.0
93556,06029,1.0
93554,06029,1.0
93553,06037,1.0
93552,06037,1.0
93550,06037,1.0
93605,06019,1.0
93549,06027,1.0
93545,06027,1.0
93544,06037,1.0
93543,06037,1.0
93541,06051,1.0
93539,06037,1.0
93535,06037,1.0
93534,06037,1.0
93532,06037,1.0
93531,06029,1.0
93530,06027,1.0
93529,06051,1.0
93528,06029,1.0
93526,06027,1.0
93604,06039,1.0
93606,06019,1.0
93652,06019,1.0
93634,06019,1.0
93651,06019,1.0
93650,06019,1.0
93649,06019,1.0
93648,06019,1.0
93645,06039,1.0
93644,06039,1.0
93643,06039,1.0
93642,06019,1.0
93640,06019,1.0
93639,06039,1.0
93638,06039,1.0
93637,06039,1.0
93636,06039,1.0
93635,06047,1.0
93633,06107,1.0
93608,06019,1.0
93628,06019,1.0
93627,06019,1.0
93625,06019,1.0
93624,06019,1.0
93623,06043,1.0
93621,06019,1.0
93619,06019,1.0
93616,06019,1.0
93615,06107,1.0
93614,06039,1.0
93613,06019,1.0
93612,06019,1.0
93611,06019,1.0
93609,06019,1.0
93901,06053,1.0
93905,06053,1.0
93523,06029,1.0
94132,06075,1.0
94126,06075,1.0
94127,06075,1.0
94128,06081,1.0
94129,06075,1.0
94130,06075,1.0
94131,06075,1.0
94133,06075,1.0
93906,06053,1.0
94140,06075,1.0
94141,06075,1.0
94143,06075,1.0
94146,06075,1.0
94147,06075,1.0
94158,06075,1.0
94125,06081,1.0
94124,06075,1.0
94123,06075,1.0
94122,06075,1.0
94121,06075,1.0
94119,06075,1.0
94118,06075,1.0
94117,06075,1.0
94116,06075,1.0
94115,06075,1.0
94114,06075,1.0
94111,06075,1.0
94110,06075,1.0
94109,06075,1.0
94108,06075,1.0
94107,06075,1.0
94105,06075,1.0
94159,06075,1.0
94164,06075,1.0
94188,06075,1.0
94509,06013,1.0
94525,06013,1.0
94524,06013,1.0
94523,06013,1.0
94522,06013,1.0
94521,06013,1.0
94520,06013,1.0
94519,06013,1.0
94518,06013,1.0
94517,06013,1.0
94516,06013,1.0
94513,06013,1.0
94512,06095,1.0
94511,06013,1.0
94510,06095,1.0
94508,06055,1.0
94301,06085,1.0
94507,06013,1.0
94506,06013,1.0
94502,06001,1.0
94501,06001,1.0
94497,06081,1.0
94404,06081,1.0
94403,06081,1.0
94402,06081,1.0
94401,06081,1.0
94309,06085,1.0
94306,06085,1.0
94305,06085,1.0
94304,06085,1.0
94302,06085,1.0
94104,06075,1.0
94103,06075,1.0
94102,06075,1.0
93940,06053,1.0
94015,06081,1.0
94011,06081,1.0
94010,06081,1.0
94005,06081,1.0
94002,06081,1.0
93962,06053,1.0
93960,06053,1.0
93955,06053,1.0
93954,06053,1.0
93953,06053,1.0
93950,06053,1.0
93944,06053,1.0
93943,06053,1.0
93942,06053,1.0
93933,06053,1.0
94018,06081,1.0
93932,06053,1.0
93930,06053,1.0
93928,06053,1.0
93927,06053,1.0
93926,06053,1.0
93924,06053,1.0
93923,06053,1.0
93922,06053,1.0
93921,06053,1.0
93920,06053,1.0
93915,06053,1.0
93912,06053,1.0
93908,06053,1.0
93907,06053,1.0
94017,06081,1.0
94019,06081,1.0
94089,06085,1.0
94044,06081,1.0
94088,06085,1.0
94087,06085,1.0
94086,06085,1.0
94085,06085,1.0
94083,06081,1.0
94080,06081,1.0
94074,06081,1.0
94070,06081,1.0
94066,06081,1.0
94065,06081,1.0
94064,06081,1.0
94063,06081,1.0
94062,06081,1.0
94061,06081,1.0
94043,06085,1.0
94021,06081,1.0
94042,06085,1.0
94041,06085,1.0
94040,06085,1.0
94039,06085,1.0
94038,06081,1.0
94037,06081,1.0
94035,06085,1.0
94030,06081,1.0
94027,06081,1.0
94026,06081,1.0
94025,06081,1.0
94024,06085,1.0
94023,06085,1.0
94022,06085,1.0
93524,06029,1.0
93522,06027,1.0
92698,06059,1.0
93023,06111,1.0
93014,06083,1.0
93015,06111,1.0
93016,06111,1.0
93020,06111,1.0
93021,06111,1.0
93022,06111,1.0
93024,06111,1.0
93201,06107,1.0
93030,06111,1.0
93031,06111,1.0
93032,06111,1.0
93033,06111,1.0
93034,06111,1.0
93035,06111,1.0
93012,06111,1.0
93011,06111,1.0
93010,06111,1.0
93009,06111,1.0
93007,06111,1.0
93006,06111,1.0
93005,06111,1.0
93004,06111,1.0
93003,06111,1.0
93002,06111,1.0
93001,06111,1.0
92899,06059,1.0
92887,06059,1.0
92886,06059,1.0
92885,06059,1.0
92883,06065,1.0
92882,06065,1.0
93036,06111,1.0
93040,06111,1.0
93041,06111,1.0
93106,06083,1.0
93190,06083,1.0
93160,06083,1.0
93150,06083,1.0
93140,06083,1.0
93130,06083,1.0
93121,06083,1.0
93120,06083,1.0
93118,06083,1.0
93117,06083,1.0
93116,06083,1.0
93111,06083,1.0
93110,06083,1.0
93109,06083,1.0
93108,06083,1.0
93105,06083,1.0
93042,06111,1.0
93103,06083,1.0
93102,06083,1.0
93101,06083,1.0
93099,06111,1.0
93094,06111,1.0
93067,06083,1.0
93066,06111,1.0
93065,06111,1.0
93064,06111,1.0
93062,06111,1.0
93061,06111,1.0
93060,06111,1.0
93044,06111,1.0
93043,06111,1.0
92881,06065,1.0
92879,06065,1.0
92878,06065,1.0
92801,06059,1.0
92817,06059,1.0
92816,06059,1.0
92815,06059,1.0
92814,06059,1.0
92812,06059,1.0
92811,06059,1.0
92809,06059,1.0
92808,06059,1.0
92807,06059,1.0
92806,06059,1.0
92805,06059,1.0
92804,06059,1.0
92803,06059,1.0
92802,06059,1.0
92799,06059,1.0
92822,06059,1.0
92782,06059,1.0
92781,06059,1.0
92780,06059,1.0
92735,06059,1.0
92728,06059,1.0
92711,06059,1.0
92708,06059,1.0
92707,06059,1.0
92706,06059,1.0
92705,06059,1.0
92704,06059,1.0
92703,06059,1.0
92702,06059,1.0
92701,06059,1.0
92821,06059,1.0
92823,06059,1.0
92877,06065,1.0
92856,06059,1.0
92871,06059,1.0
92870,06059,1.0
92869,06059,1.0
92868,06059,1.0
92867,06059,1.0
92866,06059,1.0
92865,06059,1.0
92864,06059,1.0
92863,06059,1.0
92862,06059,1.0
92861,06059,1.0
92860,06065,1.0
92859,06059,1.0
92857,06059,1.0
92846,06059,1.0
92825,06059,1.0
92845,06059,1.0
92844,06059,1.0
92843,06059,1.0
92842,06059,1.0
92841,06059,1.0
92840,06059,1.0
92838,06059,1.0
92837,06059,1.0
92836,06059,1.0
92835,06059,1.0
92834,06059,1.0
92833,06059,1.0
92832,06059,1.0
92831,06059,1.0
93199,06083,1.0
93202,06031,1.0
93518,06029,1.0
93427,06083,1.0
93412,06079,1.0
93420,06079,1.0
93421,06079,1.0
93422,06079,1.0
93423,06079,1.0
93424,06079,1.0
93428,06079,1.0
93203,06029,1.0
93429,06083,1.0
93430,06079,1.0
93432,06079,1.0
93433,06079,1.0
93434,06083,1.0
93435,06079,1.0
93410,06079,1.0
93409,06079,1.0
93408,06079,1.0
93407,06079,1.0
93406,06079,1.0
93405,06079,1.0
93403,06079,1.0
93402,06079,1.0
93401,06079,1.0
93390,06029,1.0
93389,06029,1.0
93388,06029,1.0
93387,06029,1.0
93386,06029,1.0
93385,06029,1.0
93384,06029,1.0
93380,06029,1.0
93436,06083,1.0
93437,06083,1.0
93438,06083,1.0
93460,06083,1.0
93517,06051,1.0
93515,06027,1.0
93513,06027,1.0
93512,06051,1.0
93510,06037,1.0
93505,06029,1.0
93504,06029,1.0
93502,06029,1.0
93501,06029,1.0
93483,06079,1.0
93475,06079,1.0
93465,06079,1.0
93464,06083,1.0
93463,06083,1.0
93457,06083,1.0
93440,06083,1.0
93456,06083,1.0
93455,06083,1.0
93453,06079,1.0
93452,06079,1.0
93450,06053,1.0
93449,06079,1.0
93448,06079,1.0
93447,06079,1.0
93446,06079,1.0
93445,06079,1.0
93444,06079,1.0
93443,06079,1.0
93442,06079,1.0
93441,06083,1.0
93314,06029,1.0
93313,06029,1.0
93312,06029,1.0
93237,06107,1.0
93257,06107,1.0
93256,06107,1.0
93255,06029,1.0
93251,06029,1.0
93250,06029,1.0
93249,06029,1.0
93247,06107,1.0
93246,06031,1.0
93245,06031,1.0
93244,06107,1.0
93241,06029,1.0
93240,06029,1.0
93239,06031,1.0
93238,06029,1.0
93235,06107,1.0
93260,06107,1.0
93234,06019,1.0
93232,06031,1.0
93227,06107,1.0
93226,06029,1.0
93224,06029,1.0
93223,06107,1.0
93222,06029,1.0
93221,06107,1.0
93220,06029,1.0
93218,06107,1.0
93208,06107,1.0
93207,06107,1.0
93206,06029,1.0
93205,06029,1.0
93258,06107,1.0
93261,06107,1.0
93311,06029,1.0
93285,06029,1.0
93309,06029,1.0
93308,06029,1.0
93307,06029,1.0
93306,06029,1.0
93305,06029,1.0
93304,06029,1.0
93303,06029,1.0
93302,06029,1.0
93301,06029,1.0
93292,06107,1.0
93291,06107,1.0
93290,06107,1.0
93287,06029,1.0
93286,06107,1.0
93283,06029,1.0
93262,06107,1.0
93280,06029,1.0
93279,06107,1.0
93278,06107,1.0
93277,06107,1.0
93276,06029,1.0
93275,06107,1.0
93272,06107,1.0
93271,06107,1.0
93270,06107,1.0
93268,06029,1.0
93267,06107,1.0
93266,06031,1.0
93265,06107,1.0
93263,06029,1.0
91372,06037,1.0
91367,06037,1.0
94528,06013,1.0
87825,35053,1.0
87752,35033,1.0
87753,35033,1.0
87801,35053,1.0
87820,35003,1.0
87823,35053,1.0
87824,35003,1.0
87827,35003,1.0
88034,35017,1.0
87828,35053,1.0
87829,35003,1.0
87830,35003,1.0
87831,35053,1.0
87832,35053,1.0
87901,35051,1.0
87750,35033,1.0
87749,35007,1.0
87747,35007,1.0
87745,35047,1.0
87742,35047,1.0
87740,35007,1.0
87736,35033,1.0
87735,35033,1.0
87733,35021,1.0
87732,35033,1.0
87731,35047,1.0
87730,35021,1.0
87729,35007,1.0
87728,35007,1.0
87724,35019,1.0
87723,35033,1.0
87722,35033,1.0
87930,35051,1.0
87931,35051,1.0
87933,35051,1.0
88012,35013,1.0
88032,35013,1.0
88031,35029,1.0
88030,35029,1.0
88029,35029,1.0
88028,35017,1.0
88027,35013,1.0
88026,35017,1.0
88025,35017,1.0
88024,35013,1.0
88023,35017,1.0
88022,35017,1.0
88021,35013,1.0
88020,35023,1.0
88013,35013,1.0
88011,35013,1.0
87935,35051,1.0
88009,35023,1.0
88008,35013,1.0
88007,35013,1.0
88005,35013,1.0
88004,35013,1.0
88003,35013,1.0
88002,35013,1.0
88001,35013,1.0
87943,35051,1.0
87942,35051,1.0
87941,35013,1.0
87940,35013,1.0
87939,35051,1.0
87937,35013,1.0
87718,35007,1.0
87715,35033,1.0
87714,35007,1.0
87517,35055,1.0
87540,35049,1.0
87539,35039,1.0
87538,35047,1.0
87537,35039,1.0
87531,35039,1.0
87530,35039,1.0
87529,35055,1.0
87527,35039,1.0
87525,35055,1.0
87524,35055,1.0
87523,35039,1.0
87520,35039,1.0
87519,35055,1.0
87518,35039,1.0
87516,35039,1.0
87547,35028,1.0
87515,35039,1.0
87514,35055,1.0
87513,35055,1.0
87512,35055,1.0
87511,35039,1.0
87510,35039,1.0
87508,35049,1.0
87507,35049,1.0
87505,35049,1.0
87504,35049,1.0
87502,35049,1.0
87501,35049,1.0
87499,35045,1.0
87461,35045,1.0
87543,35055,1.0
87548,35039,1.0
87713,35033,1.0
87574,35049,1.0
87712,35033,1.0
87710,35007,1.0
87701,35047,1.0
87654,35051,1.0
87594,35049,1.0
87592,35049,1.0
87583,35047,1.0
87582,35039,1.0
87581,35039,1.0
87580,35055,1.0
87579,35055,1.0
87578,35039,1.0
87576,35055,1.0
87575,35039,1.0
87573,35047,1.0
87549,35055,1.0
87571,35055,1.0
87569,35047,1.0
87567,35049,1.0
87566,35039,1.0
87565,35047,1.0
87564,35055,1.0
87562,35047,1.0
87560,35047,1.0
87558,35055,1.0
87557,35055,1.0
87556,35055,1.0
87554,35039,1.0
87553,35055,1.0
87551,35039,1.0
88033,35013,1.0
88036,35017,1.0
87421,35045,1.0
88417,35019,1.0
88354,35035,1.0
88355,35027,1.0
88401,35037,1.0
88411,35037,1.0
88414,35059,1.0
88416,35047,1.0
88418,35059,1.0
88038,35017,1.0
88421,35047,1.0
88424,35059,1.0
88431,35019,1.0
88433,35037,1.0
88434,35037,1.0
88435,35019,1.0
88353,35019,1.0
88352,35035,1.0
88351,35027,1.0
88350,35035,1.0
88349,35035,1.0
88348,35027,1.0
88347,35035,1.0
88346,35027,1.0
88345,35027,1.0
88343,35027,1.0
88342,35035,1.0
88341,35027,1.0
88338,35027,1.0
88337,35035,1.0
88336,35027,1.0
88330,35035,1.0
88325,35035,1.0
88436,35059,1.0
88439,35047,1.0
88888,11001,1.0
89017,32017,1.0
89032,32003,1.0
89031,32003,1.0
89030,32003,1.0
89029,32003,1.0
89028,32003,1.0
89027,32003,1.0
89025,32003,1.0
89024,32003,1.0
89023,32023,1.0
89022,32023,1.0
89021,32003,1.0
89020,32023,1.0
89019,32003,1.0
89018,32003,1.0
89016,32003,1.0
89001,32017,1.0
89015,32003,1.0
89014,32003,1.0
89013,32009,1.0
89012,32003,1.0
89011,32003,1.0
89010,32009,1.0
89009,32003,1.0
89008,32017,1.0
89007,32003,1.0
89006,32003,1.0
89005,32003,1.0
89004,32003,1.0
89003,32023,1.0
89002,32003,1.0
88324,35027,1.0
88323,35027,1.0
88321,35057,1.0
88055,35017,1.0
88122,35041,1.0
88121,35037,1.0
88119,35011,1.0
88115,35041,1.0
88113,35041,1.0
88103,35009,1.0
88102,35009,1.0
88072,35013,1.0
88065,35017,1.0
88063,35013,1.0
88062,35017,1.0
88061,35017,1.0
88058,35013,1.0
88056,35023,1.0
88054,35013,1.0
88125,35041,1.0
88053,35017,1.0
88052,35013,1.0
88051,35017,1.0
88049,35017,1.0
88048,35013,1.0
88047,35013,1.0
88046,35013,1.0
88045,35023,1.0
88044,35013,1.0
88043,35017,1.0
88042,35051,1.0
88041,35017,1.0
88040,35017,1.0
88039,35003,1.0
88123,35041,1.0
88126,35041,1.0
88317,35035,1.0
88254,35015,1.0
88316,35027,1.0
88314,35035,1.0
88312,35027,1.0
88311,35035,1.0
88310,35035,1.0
88301,35027,1.0
88268,35015,1.0
88265,35025,1.0
88264,35025,1.0
88263,35015,1.0
88262,35025,1.0
88260,35025,1.0
88256,35015,1.0
88255,35015,1.0
88244,35025,1.0
88132,35041,1.0
88242,35025,1.0
88241,35025,1.0
88240,35025,1.0
88232,35005,1.0
88231,35025,1.0
88230,35005,1.0
88221,35015,1.0
88220,35015,1.0
88213,35025,1.0
88210,35015,1.0
88203,35005,1.0
88202,35005,1.0
88201,35005,1.0
88133,35009,1.0
87455,35045,1.0
87420,35045,1.0
89034,32003,1.0
86325,04025,1.0
86314,04025,1.0
86315,04025,1.0
86321,04025,1.0
86322,04025,1.0
86323,04025,1.0
86324,04025,1.0
86326,04025,1.0
86444,04015,1.0
86327,04025,1.0
86329,04025,1.0
86331,04025,1.0
86332,04025,1.0
86333,04025,1.0
86334,04025,1.0
86313,04025,1.0
86312,04025,1.0
86305,04025,1.0
86304,04025,1.0
86303,04025,1.0
86302,04025,1.0
86301,04025,1.0
86054,04017,1.0
86053,04005,1.0
86052,04005,1.0
86045,04005,1.0
86044,04005,1.0
86043,04017,1.0
86042,04017,1.0
86040,04005,1.0
86039,04017,1.0
86038,04005,1.0
86335,04025,1.0
86337,04025,1.0
86338,04025,1.0
86427,04015,1.0
86442,04015,1.0
86441,04015,1.0
86440,04015,1.0
86439,04015,1.0
86438,04015,1.0
86437,04015,1.0
86436,04015,1.0
86435,04005,1.0
86434,04015,1.0
86433,04015,1.0
86432,04015,1.0
86431,04015,1.0
86430,04015,1.0
86429,04015,1.0
86426,04015,1.0
86339,04005,1.0
86413,04015,1.0
86411,04015,1.0
86409,04015,1.0
86406,04015,1.0
86405,04015,1.0
86404,04015,1.0
86403,04015,1.0
86402,04015,1.0
86401,04015,1.0
86351,04025,1.0
86343,04025,1.0
86342,04025,1.0
86341,04025,1.0
86340,04025,1.0
86036,04005,1.0
86035,04005,1.0
86034,04017,1.0
85751,04019,1.0
85927,04001,1.0
85926,04017,1.0
85925,04001,1.0
85924,04001,1.0
85923,04017,1.0
85922,04011,1.0
85920,04001,1.0
85911,04017,1.0
85902,04017,1.0
85757,04019,1.0
85756,04019,1.0
85755,04019,1.0
85754,04019,1.0
85752,04019,1.0
85750,04019,1.0
85930,04001,1.0
85749,04019,1.0
85748,04019,1.0
85747,04019,1.0
85746,04019,1.0
85745,04019,1.0
85744,04019,1.0
85743,04019,1.0
85742,04019,1.0
85741,04019,1.0
85740,04019,1.0
85738,04019,1.0
85737,04019,1.0
85736,04019,1.0
85735,04019,1.0
85929,04017,1.0
85931,04005,1.0
86033,04017,1.0
86015,04005,1.0
86032,04017,1.0
86031,04017,1.0
86030,04017,1.0
86029,04017,1.0
86028,04001,1.0
86025,04017,1.0
86024,04005,1.0
86023,04005,1.0
86022,04005,1.0
86021,04015,1.0
86020,04005,1.0
86018,04005,1.0
86017,04005,1.0
86016,04005,1.0
86011,04005,1.0
85932,04001,1.0
86005,04005,1.0
86004,04005,1.0
86003,04005,1.0
86002,04005,1.0
86001,04005,1.0
85942,04017,1.0
85941,04017,1.0
85940,04001,1.0
85939,04017,1.0
85938,04001,1.0
85936,04001,1.0
85935,04017,1.0
85934,04017,1.0
85933,04017,1.0
86443,04015,1.0
86445,04015,1.0
87419,35045,1.0
87185,35001,1.0
87153,35001,1.0
87154,35001,1.0
87174,35043,1.0
87176,35001,1.0
87181,35001,1.0
87184,35001,1.0
87187,35001,1.0
86446,04015,1.0
87190,35001,1.0
87191,35001,1.0
87192,35001,1.0
87193,35001,1.0
87194,35001,1.0
87195,35001,1.0
87151,35001,1.0
87131,35001,1.0
87125,35001,1.0
87123,35001,1.0
87121,35001,1.0
87120,35001,1.0
87119,35001,1.0
87117,35001,1.0
87116,35001,1.0
87115,35001,1.0
87114,35001,1.0
87113,35001,1.0
87112,35001,1.0
87111,35001,1.0
87110,35001,1.0
87109,35001,1.0
87108,35001,1.0
87196,35001,1.0
87197,35001,1.0
87198,35001,1.0
87327,35031,1.0
87418,35045,1.0
87417,35045,1.0
87416,35045,1.0
87415,35045,1.0
87413,35045,1.0
87410,35045,1.0
87402,35045,1.0
87401,35045,1.0
87375,35031,1.0
87365,35031,1.0
87364,35045,1.0
87357,35006,1.0
87347,35031,1.0
87328,35031,1.0
87326,35031,1.0
87199,35001,1.0
87325,35031,1.0
87322,35031,1.0
87320,35031,1.0
87319,35031,1.0
87317,35031,1.0
87316,35031,1.0
87315,35006,1.0
87313,35031,1.0
87312,35031,1.0
87311,35031,1.0
87310,35031,1.0
87305,35031,1.0
87302,35031,1.0
87301,35031,1.0
87107,35001,1.0
87106,35001,1.0
87105,35001,1.0
86540,04001,1.0
87018,35043,1.0
87017,35039,1.0
87012,35039,1.0
87011,35053,1.0
87010,35049,1.0
87009,35057,1.0
87008,35001,1.0
87007,35006,1.0
87005,35006,1.0
87001,35043,1.0
86556,04001,1.0
86547,04001,1.0
86545,04001,1.0
86544,04001,1.0
86538,04001,1.0
87023,35061,1.0
86535,04001,1.0
86520,04017,1.0
86515,04001,1.0
86514,04001,1.0
86512,04001,1.0
86511,04001,1.0
86510,04017,1.0
86508,04001,1.0
86507,04001,1.0
86506,04001,1.0
86505,04001,1.0
86504,04001,1.0
86503,04001,1.0
86502,04001,1.0
87021,35006,1.0
87024,35043,1.0
87104,35001,1.0
87051,35006,1.0
87103,35001,1.0
87102,35001,1.0
87101,35001,1.0
87083,35043,1.0
87072,35043,1.0
87070,35057,1.0
87064,35039,1.0
87063,35057,1.0
87061,35057,1.0
87060,35061,1.0
87059,35001,1.0
87056,35049,1.0
87053,35043,1.0
87052,35043,1.0
87049,35006,1.0
87025,35043,1.0
87044,35043,1.0
87043,35043,1.0
87042,35061,1.0
87041,35043,1.0
87040,35006,1.0
87038,35006,1.0
87037,35045,1.0
87036,35057,1.0
87034,35006,1.0
87032,35057,1.0
87031,35061,1.0
87029,35039,1.0
87028,35053,1.0
87027,35043,1.0
89033,32003,1.0
89036,32003,1.0
91365,06037,1.0
90620,06059,1.0
90605,06037,1.0
90606,06037,1.0
90607,06037,1.0
90608,06037,1.0
90609,06037,1.0
90610,06037,1.0
90621,06059,1.0
90746,06037,1.0
90622,06059,1.0
90624,06059,1.0
90632,06059,1.0
90633,06059,1.0
90637,06037,1.0
90639,06037,1.0
90604,06037,1.0
90603,06037,1.0
90602,06037,1.0
90601,06037,1.0
90510,06037,1.0
90509,06037,1.0
90508,06037,1.0
90507,06037,1.0
90506,06037,1.0
90505,06037,1.0
90504,06037,1.0
90503,06037,1.0
90502,06037,1.0
90501,06037,1.0
90409,06037,1.0
90408,06037,1.0
90406,06037,1.0
90640,06037,1.0
90650,06037,1.0
90651,06037,1.0
90714,06037,1.0
90744,06037,1.0
90743,06059,1.0
90742,06059,1.0
90740,06059,1.0
90734,06037,1.0
90733,06037,1.0
90732,06037,1.0
90731,06037,1.0
90723,06037,1.0
90721,06059,1.0
90720,06059,1.0
90717,06037,1.0
90716,06037,1.0
90715,06037,1.0
90713,06037,1.0
90652,06037,1.0
90712,06037,1.0
90711,06037,1.0
90710,06037,1.0
90707,06037,1.0
90706,06037,1.0
90704,06037,1.0
90702,06037,1.0
90701,06037,1.0
90680,06059,1.0
90671,06037,1.0
90670,06037,1.0
90662,06037,1.0
90661,06037,1.0
90660,06037,1.0
90405,06037,1.0
90404,06037,1.0
90403,06037,1.0
90222,06037,1.0
90250,06037,1.0
90249,06037,1.0
90248,06037,1.0
90247,06037,1.0
90245,06037,1.0
90242,06037,1.0
90241,06037,1.0
90240,06037,1.0
90239,06037,1.0
90232,06037,1.0
90231,06037,1.0
90230,06037,1.0
90224,06037,1.0
90223,06037,1.0
90221,06037,1.0
90254,06037,1.0
90220,06037,1.0
90213,06037,1.0
90212,06037,1.0
90211,06037,1.0
90210,06037,1.0
90209,06037,1.0
90205,06037,1.0
90202,06037,1.0
90201,06037,1.0
90140,06037,1.0
90099,06037,1.0
90095,06037,1.0
90094,06037,1.0
90093,06037,1.0
90251,06037,1.0
90255,06037,1.0
90402,06037,1.0
90293,06037,1.0
90401,06037,1.0
90310,06037,1.0
90309,06037,1.0
90308,06037,1.0
90307,06037,1.0
90306,06037,1.0
90305,06037,1.0
90304,06037,1.0
90303,06037,1.0
90302,06037,1.0
90301,06037,1.0
90296,06037,1.0
90295,06037,1.0
90294,06037,1.0
90292,06037,1.0
90260,06037,1.0
90291,06037,1.0
90290,06037,1.0
90280,06037,1.0
90278,06037,1.0
90277,06037,1.0
90275,06037,1.0
90274,06037,1.0
90272,06037,1.0
90270,06037,1.0
90267,06037,1.0
90266,06037,1.0
90264,06037,1.0
90263,06037,1.0
90262,06037,1.0
90745,06037,1.0
90747,06037,1.0
90089,06037,1.0
91303,06037,1.0
91222,06037,1.0
91224,06037,1.0
91225,06037,1.0
91226,06037,1.0
91301,06037,1.0
91302,06037,1.0
91305,06037,1.0
90748,06037,1.0
91306,06037,1.0
91308,06037,1.0
91309,06037,1.0
91310,06037,1.0
91313,06037,1.0
91316,06037,1.0
91221,06037,1.0
91214,06037,1.0
91210,06037,1.0
91209,06037,1.0
91208,06037,1.0
91207,06037,1.0
91206,06037,1.0
91205,06037,1.0
91204,06037,1.0
91203,06037,1.0
91202,06037,1.0
91201,06037,1.0
91199,06037,1.0
91189,06037,1.0
91188,06037,1.0
91185,06037,1.0
91184,06037,1.0
91319,06111,1.0
91320,06111,1.0
91321,06037,1.0
91344,06037,1.0
91364,06037,1.0
91360,06111,1.0
91359,06111,1.0
91358,06111,1.0
91357,06037,1.0
91356,06037,1.0
91355,06037,1.0
91354,06037,1.0
91353,06037,1.0
91352,06037,1.0
91351,06037,1.0
91350,06037,1.0
91346,06037,1.0
91345,06037,1.0
91343,06037,1.0
91322,06037,1.0
91342,06037,1.0
91341,06037,1.0
91340,06037,1.0
91337,06037,1.0
91335,06037,1.0
91334,06037,1.0
91333,06037,1.0
91331,06037,1.0
91330,06037,1.0
91328,06037,1.0
91327,06037,1.0
91326,06037,1.0
91325,06037,1.0
91324,06037,1.0
91182,06037,1.0
91129,06037,1.0
91126,06037,1.0
90832,06037,1.0
91011,06037,1.0
91010,06037,1.0
91009,06037,1.0
91008,06037,1.0
91007,06037,1.0
91006,06037,1.0
91003,06037,1.0
91001,06037,1.0
90895,06037,1.0
90853,06037,1.0
90846,06037,1.0
90844,06037,1.0
90840,06037,1.0
90833,06037,1.0
90831,06037,1.0
91016,06037,1.0
90822,06037,1.0
90814,06037,1.0
90813,06037,1.0
90810,06037,1.0
90809,06037,1.0
90807,06037,1.0
90806,06037,1.0
90805,06037,1.0
90804,06037,1.0
90803,06037,1.0
90802,06037,1.0
90801,06037,1.0
90755,06037,1.0
90749,06037,1.0
91012,06037,1.0
91017,06037,1.0
91125,06037,1.0
91103,06037,1.0
91124,06037,1.0
91123,06037,1.0
91121,06037,1.0
91118,06037,1.0
91117,06037,1.0
91116,06037,1.0
91115,06037,1.0
91114,06037,1.0
91109,06037,1.0
91108,06037,1.0
91107,06037,1.0
91106,06037,1.0
91105,06037,1.0
91104,06037,1.0
91102,06037,1.0
91020,06037,1.0
91101,06037,1.0
91077,06037,1.0
91066,06037,1.0
91046,06037,1.0
91043,06037,1.0
91042,06037,1.0
91041,06037,1.0
91040,06037,1.0
91031,06037,1.0
91030,06037,1.0
91025,06037,1.0
91024,06037,1.0
91023,06037,1.0
91021,06037,1.0
90091,06037,1.0
90087,06037,1.0
89037,32003,1.0
89179,32003,1.0
89165,32003,1.0
89166,32003,1.0
89169,32003,1.0
89170,32003,1.0
89173,32003,1.0
89178,32003,1.0
89180,32003,1.0
89439,32031,1.0
89183,32003,1.0
89191,32003,1.0
89193,32003,1.0
89195,32003,1.0
89199,32003,1.0
89301,32033,1.0
89162,32003,1.0
89161,32003,1.0
89160,32003,1.0
89158,32003,1.0
89157,32003,1.0
89156,32003,1.0
89155,32003,1.0
89154,32003,1.0
89153,32003,1.0
89152,32003,1.0
89151,32003,1.0
89150,32003,1.0
89149,32003,1.0
89148,32003,1.0
89147,32003,1.0
89146,32003,1.0
89145,32003,1.0
89310,32015,1.0
89311,32033,1.0
89314,32033,1.0
89421,32013,1.0
89437,32029,1.0
89436,32031,1.0
89435,32031,1.0
89433,32031,1.0
89432,32031,1.0
89431,32031,1.0
89430,32019,1.0
89429,32019,1.0
89428,32019,1.0
89427,32021,1.0
89426,32013,1.0
89425,32013,1.0
89424,32031,1.0
89422,32021,1.0
89420,32021,1.0
89316,32011,1.0
89419,32027,1.0
89418,32027,1.0
89415,32021,1.0
89414,32013,1.0
89413,32005,1.0
89412,32031,1.0
89411,32005,1.0
89410,32005,1.0
89409,32023,1.0
89407,32001,1.0
89402,32031,1.0
89319,32033,1.0
89318,32033,1.0
89317,32033,1.0
89144,32003,1.0
89143,32003,1.0
89142,32003,1.0
89061,32023,1.0
89106,32003,1.0
89105,32003,1.0
89104,32003,1.0
89103,32003,1.0
89102,32003,1.0
89101,32003,1.0
89087,32003,1.0
89086,32003,1.0
89085,32003,1.0
89084,32003,1.0
89081,32003,1.0
89077,32003,1.0
89074,32003,1.0
89070,32003,1.0
89060,32023,1.0
89108,32003,1.0
89054,32003,1.0
89053,32003,1.0
89052,32003,1.0
89049,32023,1.0
89048,32023,1.0
89047,32009,1.0
89046,32003,1.0
89045,32023,1.0
89044,32003,1.0
89043,32017,1.0
89042,32017,1.0
89041,32023,1.0
89040,32003,1.0
89039,32003,1.0
89107,32003,1.0
89109,32003,1.0
89141,32003,1.0
89126,32003,1.0
89140,32003,1.0
89139,32003,1.0
89138,32003,1.0
89137,32003,1.0
89136,32003,1.0
89135,32003,1.0
89134,32003,1.0
89133,32003,1.0
89132,32003,1.0
89131,32003,1.0
89130,32003,1.0
89129,32003,1.0
89128,32003,1.0
89127,32003,1.0
89125,32003,1.0
89110,32003,1.0
89124,32003,1.0
89123,32003,1.0
89122,32003,1.0
89121,32003,1.0
89120,32003,1.0
89119,32003,1.0
89118,32003,1.0
89117,32003,1.0
89116,32003,1.0
89115,32003,1.0
89114,32003,1.0
89113,32003,1.0
89112,32003,1.0
89111,32003,1.0
89438,32013,1.0
89440,32029,1.0
90086,06037,1.0
90042,06037,1.0
90036,06037,1.0
90037,06037,1.0
90038,06037,1.0
90039,06037,1.0
90040,06037,1.0
90041,06037,1.0
90043,06037,1.0
89441,32031,1.0
90044,06037,1.0
90045,06037,1.0
90046,06037,1.0
90047,06037,1.0
90048,06037,1.0
90049,06037,1.0
90035,06037,1.0
90034,06037,1.0
90033,06037,1.0
90032,06037,1.0
90031,06037,1.0
90030,06037,1.0
90029,06037,1.0
90028,06037,1.0
90027,06037,1.0
90026,06037,1.0
90025,06037,1.0
90024,06037,1.0
90023,06037,1.0
90022,06037,1.0
90021,06037,1.0
90020,06037,1.0
90019,06037,1.0
90050,06037,1.0
90051,06037,1.0
90052,06037,1.0
90069,06037,1.0
90084,06037,1.0
90083,06037,1.0
90082,06037,1.0
90081,06037,1.0
90079,06037,1.0
90078,06037,1.0
90077,06037,1.0
90076,06037,1.0
90075,06037,1.0
90074,06037,1.0
90073,06037,1.0
90072,06037,1.0
90071,06037,1.0
90070,06037,1.0
90068,06037,1.0
90053,06037,1.0
90067,06037,1.0
90066,06037,1.0
90065,06037,1.0
90064,06037,1.0
90063,06037,1.0
90062,06037,1.0
90061,06037,1.0
90060,06037,1.0
90059,06037,1.0
90058,06037,1.0
90057,06037,1.0
90056,06037,1.0
90055,06037,1.0
90054,06037,1.0
90018,06037,1.0
90017,06037,1.0
90016,06037,1.0
89510,32031,1.0
89711,32510,1.0
89704,32031,1.0
89702,32510,1.0
89599,32031,1.0
89595,32031,1.0
89570,32031,1.0
89557,32031,1.0
89533,32031,1.0
89523,32031,1.0
89519,32031,1.0
89515,32031,1.0
89513,32031,1.0
89512,32031,1.0
89511,32031,1.0
89509,32031,1.0
89713,32510,1.0
89507,32031,1.0
89506,32031,1.0
89505,32031,1.0
89504,32031,1.0
89503,32031,1.0
89502,32031,1.0
89501,32031,1.0
89460,32005,1.0
89451,32031,1.0
89450,32031,1.0
89449,32005,1.0
89448,32005,1.0
89447,32019,1.0
89446,32013,1.0
89712,32510,1.0
89714,32510,1.0
90015,06037,1.0
89883,32007,1.0
90014,06037,1.0
90013,06037,1.0
90012,06037,1.0
90011,06037,1.0
90010,06037,1.0
90009,06037,1.0
90008,06037,1.0
90007,06037,1.0
90006,06037,1.0
90005,06037,1.0
90004,06037,1.0
90003,06037,1.0
90002,06037,1.0
90001,06037,1.0
89835,32007,1.0
89721,32510,1.0
89834,32007,1.0
89833,32007,1.0
89832,32007,1.0
89831,32007,1.0
89830,32007,1.0
89828,32007,1.0
89826,32007,1.0
89825,32007,1.0
89823,32007,1.0
89822,32007,1.0
89820,32015,1.0
89815,32007,1.0
89803,32007,1.0
89801,32007,1.0
94526,06013,1.0
94530,06013,1.0
85733,04019,1.0
98232,53057,1.0
98225,53073,1.0
98226,53073,1.0
98227,53073,1.0
98228,53073,1.0
98230,53073,1.0
98231,53073,1.0
98233,53057,1.0
98290,53061,1.0
98235,53057,1.0
98236,53029,1.0
98238,53057,1.0
98239,53029,1.0
98240,53073,1.0
98243,53055,1.0
98224,53033,1.0
98223,53061,1.0
98222,53055,1.0
98220,53073,1.0
98213,53061,1.0
98208,53061,1.0
98207,53061,1.0
98206,53061,1.0
98204,53061,1.0
98203,53061,1.0
98201,53061,1.0
98199,53033,1.0
98198,53033,1.0
98195,53033,1.0
98194,53033,1.0
98191,53033,1.0
98188,53033,1.0
98244,53073,1.0
98245,53055,1.0
98247,53073,1.0
98267,53057,1.0
98287,53061,1.0
98286,53055,1.0
98281,53073,1.0
98280,53055,1.0
98279,53055,1.0
98278,53029,1.0
98277,53029,1.0
98276,53073,1.0
98275,53061,1.0
98274,53057,1.0
98273,53057,1.0
98272,53061,1.0
98271,53061,1.0
98270,53061,1.0
98266,53073,1.0
98248,53073,1.0
98264,53073,1.0
98263,53057,1.0
98262,53073,1.0
98261,53055,1.0
98260,53029,1.0
98259,53061,1.0
98258,53061,1.0
98257,53057,1.0
98256,53061,1.0
98255,53057,1.0
98253,53029,1.0
98252,53061,1.0
98250,53055,1.0
98249,53029,1.0
98185,53033,1.0
98181,53033,1.0
98178,53033,1.0
98083,53033,1.0
98112,53033,1.0
98111,53033,1.0
98109,53033,1.0
98108,53033,1.0
98107,53033,1.0
98106,53033,1.0
98105,53033,1.0
98104,53033,1.0
98103,53033,1.0
98102,53033,1.0
98101,53033,1.0
98093,53033,1.0
98089,53033,1.0
98087,53061,1.0
98082,53061,1.0
98114,53033,1.0
98075,53033,1.0
98074,53033,1.0
98073,53033,1.0
98071,53033,1.0
98070,53033,1.0
98065,53033,1.0
98064,53033,1.0
98063,53033,1.0
98062,53033,1.0
98061,53035,1.0
98059,53033,1.0
98058,53033,1.0
98057,53033,1.0
98056,53033,1.0
98113,53033,1.0
98115,53033,1.0
98175,53033,1.0
98139,53033,1.0
98174,53033,1.0
98170,53033,1.0
98168,53033,1.0
98166,53033,1.0
98165,53033,1.0
98164,53033,1.0
98161,53033,1.0
98158,53033,1.0
98155,53033,1.0
98154,53033,1.0
98148,53033,1.0
98146,53033,1.0
98145,53033,1.0
98144,53033,1.0
98138,53033,1.0
98116,53033,1.0
98136,53033,1.0
98134,53033,1.0
98133,53033,1.0
98131,53033,1.0
98129,53033,1.0
98127,53033,1.0
98126,53033,1.0
98125,53033,1.0
98124,53033,1.0
98122,53033,1.0
98121,53033,1.0
98119,53033,1.0
98118,53033,1.0
98117,53033,1.0
98288,53033,1.0
98291,53061,1.0
98053,53033,1.0
98424,53053,1.0
98413,53053,1.0
98416,53053,1.0
98417,53053,1.0
98418,53053,1.0
98419,53053,1.0
98421,53053,1.0
98430,53053,1.0
98293,53061,1.0
98431,53053,1.0
98433,53053,1.0
98438,53053,1.0
98439,53053,1.0
98443,53053,1.0
98444,53053,1.0
98411,53053,1.0
98409,53053,1.0
98408,53053,1.0
98407,53053,1.0
98406,53053,1.0
98405,53053,1.0
98404,53053,1.0
98403,53053,1.0
98402,53053,1.0
98401,53053,1.0
98398,53053,1.0
98397,53053,1.0
98396,53053,1.0
98395,53053,1.0
98394,53053,1.0
98393,53035,1.0
98392,53035,1.0
98445,53053,1.0
98446,53053,1.0
98447,53053,1.0
98509,53067,1.0
98536,53027,1.0
98535,53027,1.0
98533,53041,1.0
98532,53041,1.0
98530,53067,1.0
98527,53049,1.0
98526,53027,1.0
98524,53045,1.0
98522,53041,1.0
98520,53027,1.0
98516,53067,1.0
98513,53067,1.0
98512,53067,1.0
98511,53067,1.0
98508,53067,1.0
98448,53053,1.0
98507,53067,1.0
98506,53067,1.0
98505,53067,1.0
98503,53067,1.0
98501,53067,1.0
98499,53053,1.0
98498,53053,1.0
98496,53053,1.0
98493,53053,1.0
98490,53053,1.0
98467,53053,1.0
98466,53053,1.0
98465,53053,1.0
98464,53053,1.0
98391,53053,1.0
98390,53053,1.0
98388,53053,1.0
98325,53031,1.0
98344,53053,1.0
98343,53009,1.0
98342,53035,1.0
98340,53035,1.0
98339,53031,1.0
98338,53053,1.0
98337,53035,1.0
98336,53041,1.0
98335,53053,1.0
98333,53053,1.0
98332,53053,1.0
98328,53053,1.0
98327,53053,1.0
98326,53009,1.0
98324,53009,1.0
98346,53035,1.0
98323,53053,1.0
98322,53035,1.0
98321,53053,1.0
98320,53031,1.0
98315,53035,1.0
98314,53035,1.0
98311,53035,1.0
98310,53035,1.0
98305,53009,1.0
98303,53053,1.0
98297,53055,1.0
98296,53061,1.0
98295,53073,1.0
98294,53061,1.0
98345,53035,1.0
98348,53053,1.0
98387,53053,1.0
98367,53035,1.0
98386,53035,1.0
98385,53053,1.0
98384,53035,1.0
98383,53035,1.0
98381,53009,1.0
98377,53041,1.0
98376,53031,1.0
98375,53053,1.0
98374,53053,1.0
98373,53053,1.0
98372,53053,1.0
98371,53053,1.0
98370,53035,1.0
98368,53031,1.0
98366,53035,1.0
98349,53053,1.0
98365,53031,1.0
98364,53035,1.0
98363,53009,1.0
98362,53009,1.0
98361,53041,1.0
98360,53053,1.0
98358,53031,1.0
98357,53009,1.0
98356,53041,1.0
98355,53041,1.0
98353,53035,1.0
98352,53053,1.0
98351,53053,1.0
98350,53009,1.0
98055,53033,1.0
98052,53033,1.0
98539,53041,1.0
97479,41019,1.0
97471,41019,1.0
97473,41019,1.0
97475,41039,1.0
97476,41015,1.0
97477,41039,1.0
97478,41039,1.0
97480,41039,1.0
97621,41035,1.0
97481,41019,1.0
97484,41019,1.0
97486,41019,1.0
97487,41039,1.0
97488,41039,1.0
97489,41039,1.0
97470,41019,1.0
97469,41019,1.0
97467,41019,1.0
97466,41011,1.0
97465,41015,1.0
97464,41015,1.0
97463,41039,1.0
97462,41019,1.0
97461,41039,1.0
97458,41011,1.0
97457,41019,1.0
97455,41039,1.0
97454,41039,1.0
97453,41039,1.0
97452,41039,1.0
97451,41039,1.0
97449,41011,1.0
97490,41039,1.0
97491,41015,1.0
97492,41039,1.0
97533,41033,1.0
97604,41035,1.0
97603,41035,1.0
97602,41035,1.0
97601,41035,1.0
97544,41033,1.0
97543,41033,1.0
97541,41029,1.0
97540,41029,1.0
97539,41029,1.0
97538,41033,1.0
97537,41029,1.0
97536,41029,1.0
97535,41029,1.0
97534,41033,1.0
97532,41033,1.0
97494,41019,1.0
97531,41033,1.0
97528,41033,1.0
97525,41029,1.0
97524,41029,1.0
97523,41033,1.0
97522,41029,1.0
97520,41029,1.0
97504,41029,1.0
97503,41029,1.0
97502,41029,1.0
97501,41029,1.0
97499,41019,1.0
97496,41019,1.0
97495,41019,1.0
97447,41019,1.0
97444,41015,1.0
97443,41019,1.0
97369,41041,1.0
97392,41047,1.0
97391,41041,1.0
97389,41043,1.0
97388,41041,1.0
97386,41043,1.0
97385,41047,1.0
97384,41047,1.0
97381,41047,1.0
97380,41041,1.0
97377,41043,1.0
97376,41041,1.0
97374,41043,1.0
97373,41047,1.0
97371,41053,1.0
97367,41041,1.0
97401,41039,1.0
97366,41041,1.0
97365,41041,1.0
97364,41041,1.0
97357,41041,1.0
97355,41043,1.0
97351,41053,1.0
97348,41043,1.0
97345,41043,1.0
97344,41053,1.0
97343,41041,1.0
97342,41047,1.0
97341,41041,1.0
97339,41003,1.0
97338,41053,1.0
97394,41041,1.0
97402,41039,1.0
97442,41019,1.0
97420,41011,1.0
97441,41019,1.0
97440,41039,1.0
97439,41039,1.0
97438,41039,1.0
97437,41039,1.0
97436,41019,1.0
97435,41019,1.0
97434,41039,1.0
97432,41019,1.0
97431,41039,1.0
97430,41039,1.0
97429,41019,1.0
97426,41039,1.0
97423,41011,1.0
97419,41039,1.0
97403,41039,1.0
97417,41019,1.0
97416,41019,1.0
97415,41015,1.0
97414,41011,1.0
97413,41039,1.0
97412,41039,1.0
97411,41011,1.0
97410,41019,1.0
97409,41039,1.0
97408,41039,1.0
97407,41011,1.0
97406,41015,1.0
97405,41039,1.0
97404,41039,1.0
97620,41037,1.0
97622,41035,1.0
98051,53033,1.0
97909,41045,1.0
97902,41045,1.0
97903,41045,1.0
97904,41025,1.0
97905,41001,1.0
97906,41045,1.0
97908,41045,1.0
97910,41045,1.0
97623,41035,1.0
97911,41045,1.0
97913,41045,1.0
97914,41045,1.0
97917,41045,1.0
97918,41045,1.0
97920,41045,1.0
97901,41045,1.0
97885,41063,1.0
97884,41001,1.0
97880,41059,1.0
97876,41061,1.0
97875,41059,1.0
97874,41069,1.0
97873,41023,1.0
97870,41001,1.0
97869,41023,1.0
97868,41059,1.0
97865,41023,1.0
97864,41023,1.0
97862,41059,1.0
97859,41059,1.0
97857,41063,1.0
97856,41023,1.0
98002,53033,1.0
98003,53033,1.0
98004,53033,1.0
98030,53033,1.0
98050,53033,1.0
98046,53061,1.0
98045,53033,1.0
98042,53033,1.0
98041,53033,1.0
98040,53033,1.0
98039,53033,1.0
98038,53033,1.0
98037,53061,1.0
98035,53033,1.0
98034,53033,1.0
98033,53033,1.0
98032,53033,1.0
98031,53033,1.0
98029,53033,1.0
98005,53033,1.0
98027,53033,1.0
98026,53061,1.0
98025,53033,1.0
98024,53033,1.0
98021,53061,1.0
98020,53061,1.0
98015,53033,1.0
98014,53033,1.0
98012,53061,1.0
98010,53033,1.0
98009,53033,1.0
98008,53033,1.0
98007,53033,1.0
98006,53033,1.0
97850,41061,1.0
97848,41023,1.0
97846,41063,1.0
97702,41017,1.0
97734,41031,1.0
97733,41035,1.0
97732,41025,1.0
97730,41031,1.0
97722,41025,1.0
97721,41025,1.0
97720,41025,1.0
97712,41017,1.0
97711,41031,1.0
97710,41025,1.0
97709,41017,1.0
97708,41017,1.0
97707,41017,1.0
97703,41017,1.0
97641,41037,1.0
97736,41025,1.0
97640,41037,1.0
97639,41035,1.0
97638,41037,1.0
97637,41037,1.0
97636,41037,1.0
97635,41037,1.0
97634,41035,1.0
97633,41035,1.0
97632,41035,1.0
97630,41037,1.0
97627,41035,1.0
97626,41035,1.0
97625,41035,1.0
97624,41035,1.0
97735,41037,1.0
97737,41035,1.0
97845,41023,1.0
97820,41023,1.0
97844,41049,1.0
97842,41063,1.0
97841,41061,1.0
97840,41001,1.0
97839,41049,1.0
97837,41001,1.0
97836,41049,1.0
97835,41059,1.0
97834,41001,1.0
97833,41001,1.0
97828,41063,1.0
97827,41061,1.0
97825,41023,1.0
97824,41061,1.0
97819,41001,1.0
97738,41025,1.0
97818,41049,1.0
97817,41023,1.0
97813,41059,1.0
97812,41021,1.0
97810,41059,1.0
97801,41059,1.0
97761,41031,1.0
97758,41025,1.0
97754,41013,1.0
97753,41013,1.0
97752,41013,1.0
97751,41013,1.0
97750,41069,1.0
97741,41031,1.0
98538,53041,1.0
98540,53067,1.0
97335,41043,1.0
99614,02050,1.0
99608,02150,1.0
99609,02050,1.0
99610,02122,1.0
99611,02122,1.0
99612,02013,1.0
99613,02060,1.0
99615,02150,1.0
99663,02122,1.0
99619,02150,1.0
99620,02158,1.0
99621,02050,1.0
99622,02050,1.0
99623,02170,1.0
99624,02150,1.0
99607,02050,1.0
99606,02164,1.0
99605,02122,1.0
99604,02158,1.0
99603,02122,1.0
99602,02290,1.0
99599,02020,1.0
99591,02016,1.0
99590,02290,1.0
99589,02050,1.0
99588,02066,1.0
99587,02020,1.0
99586,02066,1.0
99585,02158,1.0
99583,02013,1.0
99581,02158,1.0
99580,02070,1.0
99625,02164,1.0
99626,02050,1.0
99627,02290,1.0
99647,02164,1.0
99661,02013,1.0
99660,02016,1.0
99659,02180,1.0
99658,02158,1.0
99657,02158,1.0
99656,02050,1.0
99655,02050,1.0
99654,02170,1.0
99653,02164,1.0
99652,02170,1.0
99651,02050,1.0
99650,02158,1.0
99649,02164,1.0
99648,02164,1.0
99645,02170,1.0
99628,02070,1.0
99644,02150,1.0
99643,02150,1.0
99641,02050,1.0
99640,02164,1.0
99639,02122,1.0
99638,02016,1.0
99637,02050,1.0
99636,02070,1.0
99635,02122,1.0
99634,02050,1.0
99633,02060,1.0
99632,02158,1.0
99631,02122,1.0
99630,02050,1.0
99579,02164,1.0
99578,02050,1.0
99577,02020,1.0
99506,02020,1.0
99521,02020,1.0
99520,02020,1.0
99519,02020,1.0
99518,02020,1.0
99517,02020,1.0
99516,02020,1.0
99515,02020,1.0
99514,02020,1.0
99513,02020,1.0
99511,02020,1.0
99510,02020,1.0
99509,02020,1.0
99508,02020,1.0
99507,02020,1.0
99505,02020,1.0
99523,02020,1.0
99504,02020,1.0
99503,02020,1.0
99502,02020,1.0
99501,02020,1.0
99402,53003,1.0
99401,53003,1.0
99363,53071,1.0
99362,53071,1.0
99360,53071,1.0
99359,53013,1.0
99357,53025,1.0
99356,53039,1.0
99354,53005,1.0
99353,53005,1.0
99522,02020,1.0
99524,02020,1.0
99576,02070,1.0
99558,02290,1.0
99575,02050,1.0
99574,02063,1.0
99573,02066,1.0
99572,02122,1.0
99571,02013,1.0
99569,02070,1.0
99568,02122,1.0
99567,02020,1.0
99566,02066,1.0
99565,02164,1.0
99564,02164,1.0
99563,02158,1.0
99561,02050,1.0
99559,02050,1.0
99557,02050,1.0
99529,02020,1.0
99556,02122,1.0
99555,02070,1.0
99554,02158,1.0
99553,02013,1.0
99552,02050,1.0
99551,02050,1.0
99550,02150,1.0
99549,02164,1.0
99548,02164,1.0
99547,02016,1.0
99546,02016,1.0
99545,02050,1.0
99540,02020,1.0
99530,02020,1.0
99662,02158,1.0
99664,02122,1.0
99349,53025,1.0
99773,02188,1.0
99767,02290,1.0
99768,02290,1.0
99769,02180,1.0
99770,02188,1.0
99771,02180,1.0
99772,02180,1.0
99774,02290,1.0
99665,02290,1.0
99775,02090,1.0
99776,02240,1.0
99777,02290,1.0
99778,02180,1.0
99780,02240,1.0
99781,02290,1.0
99766,02185,1.0
99765,02290,1.0
99764,02240,1.0
99763,02188,1.0
99762,02180,1.0
99761,02188,1.0
99760,02290,1.0
99759,02185,1.0
99758,02290,1.0
99757,02290,1.0
99756,02290,1.0
99755,02068,1.0
99754,02290,1.0
99753,02180,1.0
99752,02188,1.0
99751,02188,1.0
99750,02188,1.0
99782,02185,1.0
99783,02180,1.0
99784,02180,1.0
99835,02220,1.0
99928,02130,1.0
99927,02198,1.0
99926,02198,1.0
99925,02198,1.0
99923,02198,1.0
99922,02198,1.0
99921,02198,1.0
99919,02198,1.0
99918,02198,1.0
99903,02275,1.0
99901,02130,1.0
99841,02105,1.0
99840,02230,1.0
99836,02198,1.0
99833,02195,1.0
99785,02180,1.0
99832,02105,1.0
99830,02198,1.0
99829,02105,1.0
99826,02105,1.0
99825,02105,1.0
99824,02110,1.0
99820,02105,1.0
99811,02110,1.0
99801,02110,1.0
99791,02185,1.0
99790,02090,1.0
99789,02185,1.0
99788,02290,1.0
99786,02188,1.0
99749,02188,1.0
99748,02290,1.0
99747,02185,1.0
99682,02122,1.0
99702,02090,1.0
99701,02090,1.0
99694,02170,1.0
99693,02063,1.0
99692,02016,1.0
99691,02290,1.0
99690,02050,1.0
99689,02282,1.0
99688,02170,1.0
99687,02170,1.0
99686,02063,1.0
99685,02016,1.0
99684,02180,1.0
99683,02170,1.0
99681,02050,1.0
99704,02068,1.0
99680,02050,1.0
99679,02050,1.0
99678,02070,1.0
99677,02063,1.0
99676,02170,1.0
99675,02290,1.0
99674,02170,1.0
99672,02122,1.0
99671,02180,1.0
99670,02060,1.0
99669,02122,1.0
99668,02050,1.0
99667,02170,1.0
99666,02158,1.0
99703,02090,1.0
99705,02090,1.0
99746,02290,1.0
99730,02290,1.0
99745,02290,1.0
99744,02068,1.0
99743,02068,1.0
99742,02180,1.0
99741,02290,1.0
99740,02290,1.0
99739,02180,1.0
99738,02240,1.0
99737,02240,1.0
99736,02188,1.0
99734,02185,1.0
99733,02290,1.0
99732,02240,1.0
99731,02240,1.0
99729,02068,1.0
99706,02090,1.0
99727,02188,1.0
99726,02290,1.0
99725,02090,1.0
99724,02290,1.0
99723,02185,1.0
99722,02290,1.0
99721,02185,1.0
99720,02290,1.0
99714,02090,1.0
99712,02090,1.0
99710,02090,1.0
99709,02090,1.0
99708,02090,1.0
99707,02090,1.0
99352,53005,1.0
99346,53005,1.0
98542,53041,1.0
98687,53011,1.0
98675,53011,1.0
98682,53011,1.0
98683,53011,1.0
98684,53011,1.0
98685,53011,1.0
98686,53011,1.0
98801,53007,1.0
98921,53077,1.0
98802,53017,1.0
98807,53007,1.0
98811,53007,1.0
98814,53047,1.0
98815,53007,1.0
98817,53007,1.0
98673,53039,1.0
98670,53039,1.0
98668,53011,1.0
98666,53011,1.0
98665,53011,1.0
98664,53011,1.0
98663,53011,1.0
98662,53011,1.0
98661,53011,1.0
98660,53011,1.0
98650,53039,1.0
98649,53015,1.0
98648,53059,1.0
98647,53069,1.0
98645,53015,1.0
98644,53049,1.0
98643,53069,1.0
98819,53047,1.0
98821,53007,1.0
98822,53007,1.0
98849,53047,1.0
98909,53077,1.0
98908,53077,1.0
98907,53077,1.0
98903,53077,1.0
98902,53077,1.0
98862,53047,1.0
98860,53025,1.0
98859,53047,1.0
98856,53047,1.0
98855,53047,1.0
98853,53025,1.0
98852,53007,1.0
98851,53025,1.0
98850,53017,1.0
98847,53007,1.0
98824,53025,1.0
98845,53017,1.0
98844,53047,1.0
98843,53017,1.0
98841,53047,1.0
98840,53047,1.0
98837,53025,1.0
98836,53007,1.0
98834,53047,1.0
98833,53047,1.0
98831,53007,1.0
98830,53017,1.0
98829,53047,1.0
98827,53047,1.0
98826,53007,1.0
98642,53011,1.0
98641,53049,1.0
98640,53049,1.0
98566,53027,1.0
98587,53027,1.0
98586,53049,1.0
98585,53041,1.0
98584,53045,1.0
98583,53027,1.0
98582,53041,1.0
98581,53015,1.0
98580,53053,1.0
98577,53049,1.0
98576,53067,1.0
98575,53027,1.0
98571,53027,1.0
98570,53041,1.0
98569,53027,1.0
98565,53041,1.0
98589,53067,1.0
98564,53041,1.0
98562,53027,1.0
98561,53049,1.0
98560,53045,1.0
98559,53027,1.0
98558,53053,1.0
98556,53067,1.0
98555,53045,1.0
98554,53049,1.0
98552,53027,1.0
98550,53027,1.0
98548,53045,1.0
98546,53045,1.0
98544,53041,1.0
98588,53045,1.0
98590,53049,1.0
98639,53059,1.0
98614,53049,1.0
98637,53049,1.0
98635,53039,1.0
98631,53049,1.0
98629,53011,1.0
98628,53039,1.0
98626,53015,1.0
98625,53015,1.0
98624,53049,1.0
98623,53039,1.0
98622,53011,1.0
98621,53069,1.0
98620,53039,1.0
98619,53039,1.0
98617,53039,1.0
98613,53039,1.0
98591,53041,1.0
98612,53069,1.0
98611,53015,1.0
98610,53059,1.0
98609,53015,1.0
98607,53011,1.0
98606,53011,1.0
98604,53011,1.0
98603,53015,1.0
98602,53039,1.0
98597,53067,1.0
98596,53041,1.0
98595,53027,1.0
98593,53041,1.0
98592,53045,1.0
98920,53077,1.0
98922,53037,1.0
99345,53005,1.0
99201,53063,1.0
99174,53075,1.0
99176,53075,1.0
99179,53075,1.0
99180,53051,1.0
99181,53065,1.0
99185,53043,1.0
99202,53063,1.0
98923,53077,1.0
99203,53063,1.0
99204,53063,1.0
99205,53063,1.0
99206,53063,1.0
99207,53063,1.0
99208,53063,1.0
99173,53065,1.0
99171,53075,1.0
99167,53065,1.0
99164,53075,1.0
99163,53075,1.0
99161,53075,1.0
99158,53075,1.0
99157,53065,1.0
99155,53047,1.0
99154,53043,1.0
99153,53051,1.0
99152,53051,1.0
99151,53065,1.0
99150,53019,1.0
99149,53075,1.0
99148,53065,1.0
99147,53043,1.0
99209,53063,1.0
99210,53063,1.0
99211,53063,1.0
99301,53021,1.0
99343,53021,1.0
99341,53001,1.0
99338,53005,1.0
99337,53005,1.0
99336,53005,1.0
99335,53021,1.0
99333,53075,1.0
99330,53021,1.0
99329,53071,1.0
99324,53071,1.0
99323,53071,1.0
99321,53025,1.0
99320,53005,1.0
99302,53021,1.0
99260,53063,1.0
99212,53063,1.0
99258,53063,1.0
99256,53063,1.0
99252,53063,1.0
99251,53063,1.0
99228,53063,1.0
99224,53063,1.0
99223,53063,1.0
99220,53063,1.0
99219,53063,1.0
99218,53063,1.0
99217,53063,1.0
99216,53063,1.0
99214,53063,1.0
99213,53063,1.0
99146,53019,1.0
99144,53043,1.0
99140,53019,1.0
98950,53037,1.0
99021,53063,1.0
99020,53063,1.0
99019,53063,1.0
99018,53063,1.0
99016,53063,1.0
99014,53063,1.0
99012,53063,1.0
99011,53063,1.0
99005,53063,1.0
99003,53063,1.0
99001,53063,1.0
98953,53077,1.0
98952,53077,1.0
98951,53077,1.0
98948,53077,1.0
99025,53063,1.0
98947,53077,1.0
98946,53037,1.0
98943,53037,1.0
98942,53077,1.0
98941,53037,1.0
98940,53037,1.0
98939,53077,1.0
98938,53077,1.0
98936,53077,1.0
98934,53037,1.0
98933,53077,1.0
98932,53077,1.0
98926,53037,1.0
98925,53037,1.0
99023,53063,1.0
99027,53063,1.0
99139,53051,1.0
99118,53019,1.0
99138,53019,1.0
99137,53065,1.0
99136,53075,1.0
99135,53025,1.0
99134,53043,1.0
99131,53065,1.0
99130,53075,1.0
99129,53065,1.0
99128,53075,1.0
99126,53065,1.0
99124,53047,1.0
99123,53025,1.0
99121,53019,1.0
99119,53051,1.0
99117,53043,1.0
99030,53063,1.0
99114,53065,1.0
99113,53075,1.0
99111,53075,1.0
99109,53065,1.0
99105,53001,1.0
99104,53075,1.0
99102,53075,1.0
99101,53065,1.0
99040,53065,1.0
99039,53063,1.0
99037,53063,1.0
99036,53063,1.0
99034,53065,1.0
99031,53063,1.0
97336,41043,1.0
97331,41003,1.0
94531,06013,1.0
95404,06097,1.0
95388,06047,1.0
95389,06043,1.0
95397,06099,1.0
95401,06097,1.0
95402,06097,1.0
95403,06097,1.0
95405,06097,1.0
95457,06033,1.0
95406,06097,1.0
95407,06097,1.0
95409,06097,1.0
95410,06045,1.0
95412,06097,1.0
95415,06045,1.0
95387,06099,1.0
95386,06099,1.0
95383,06109,1.0
95382,06099,1.0
95381,06099,1.0
95379,06109,1.0
95378,06077,1.0
95376,06077,1.0
95375,06109,1.0
95374,06047,1.0
95373,06109,1.0
95372,06109,1.0
95370,06109,1.0
95368,06099,1.0
95366,06077,1.0
95365,06047,1.0
95364,06109,1.0
95416,06097,1.0
95417,06045,1.0
95418,06045,1.0
95436,06097,1.0
95454,06045,1.0
95453,06033,1.0
95452,06097,1.0
95451,06033,1.0
95450,06097,1.0
95449,06045,1.0
95448,06097,1.0
95446,06097,1.0
95444,06097,1.0
95443,06033,1.0
95442,06097,1.0
95441,06097,1.0
95439,06097,1.0
95437,06045,1.0
95435,06033,1.0
95419,06097,1.0
95433,06097,1.0
95432,06045,1.0
95431,06097,1.0
95430,06097,1.0
95429,06045,1.0
95428,06045,1.0
95427,06045,1.0
95426,06033,1.0
95425,06097,1.0
95424,06033,1.0
95423,06033,1.0
95422,06033,1.0
95421,06097,1.0
95420,06045,1.0
95363,06099,1.0
95358,06099,1.0
95357,06099,1.0
95252,06009,1.0
95309,06109,1.0
95307,06099,1.0
95306,06043,1.0
95305,06109,1.0
95304,06077,1.0
95303,06047,1.0
95301,06047,1.0
95269,06077,1.0
95267,06077,1.0
95258,06077,1.0
95257,06009,1.0
95255,06009,1.0
95254,06009,1.0
95253,06077,1.0
95251,06009,1.0
95312,06047,1.0
95249,06009,1.0
95248,06009,1.0
95247,06009,1.0
95246,06009,1.0
95245,06009,1.0
95242,06077,1.0
95241,06077,1.0
95240,06077,1.0
95237,06077,1.0
95234,06077,1.0
95233,06009,1.0
95232,06009,1.0
95231,06077,1.0
95229,06009,1.0
95310,06109,1.0
95313,06099,1.0
95356,06099,1.0
95338,06043,1.0
95355,06099,1.0
95354,06099,1.0
95353,06099,1.0
95352,06099,1.0
95351,06099,1.0
95350,06099,1.0
95348,06047,1.0
95347,06109,1.0
95346,06109,1.0
95345,06043,1.0
95344,06047,1.0
95343,06047,1.0
95341,06047,1.0
95340,06047,1.0
95337,06077,1.0
95315,06047,1.0
95336,06077,1.0
95335,06109,1.0
95334,06047,1.0
95333,06047,1.0
95330,06077,1.0
95328,06099,1.0
95327,06109,1.0
95326,06099,1.0
95325,06043,1.0
95323,06099,1.0
95320,06077,1.0
95319,06099,1.0
95318,06043,1.0
95317,06047,1.0
95456,06045,1.0
95458,06033,1.0
95226,06009,1.0
95630,06067,1.0
95621,06067,1.0
95623,06017,1.0
95624,06067,1.0
95625,06095,1.0
95627,06113,1.0
95628,06067,1.0
95631,06061,1.0
95459,06045,1.0
95633,06017,1.0
95634,06017,1.0
95635,06017,1.0
95636,06017,1.0
95637,06113,1.0
95638,06067,1.0
95619,06017,1.0
95617,06113,1.0
95614,06017,1.0
95613,06017,1.0
95612,06113,1.0
95611,06067,1.0
95610,06067,1.0
95609,06067,1.0
95608,06067,1.0
95607,06113,1.0
95606,06113,1.0
95605,06113,1.0
95604,06061,1.0
95603,06061,1.0
95601,06005,1.0
95595,06105,1.0
95585,06045,1.0
95639,06067,1.0
95640,06005,1.0
95641,06067,1.0
95664,06017,1.0
95681,06061,1.0
95680,06067,1.0
95679,06113,1.0
95677,06061,1.0
95676,06101,1.0
95675,06005,1.0
95674,06101,1.0
95673,06067,1.0
95672,06017,1.0
95671,06067,1.0
95670,06067,1.0
95669,06005,1.0
95667,06017,1.0
95665,06005,1.0
95663,06061,1.0
95642,06005,1.0
95662,06067,1.0
95661,06061,1.0
95660,06067,1.0
95659,06101,1.0
95658,06061,1.0
95656,06017,1.0
95655,06067,1.0
95654,06005,1.0
95653,06113,1.0
95652,06067,1.0
95651,06017,1.0
95650,06061,1.0
95648,06061,1.0
95646,06005,1.0
95573,06023,1.0
95571,06023,1.0
95570,06023,1.0
95485,06033,1.0
95518,06023,1.0
95514,06023,1.0
95511,06023,1.0
95503,06023,1.0
95502,06023,1.0
95501,06023,1.0
95497,06097,1.0
95494,06045,1.0
95493,06033,1.0
95492,06097,1.0
95490,06045,1.0
95488,06045,1.0
95487,06097,1.0
95486,06097,1.0
95482,06045,1.0
95521,06023,1.0
95481,06045,1.0
95480,06097,1.0
95473,06097,1.0
95472,06097,1.0
95471,06097,1.0
95470,06045,1.0
95468,06045,1.0
95467,06033,1.0
95466,06045,1.0
95465,06097,1.0
95464,06033,1.0
95463,06045,1.0
95462,06097,1.0
95460,06045,1.0
95519,06023,1.0
95524,06023,1.0
95569,06023,1.0
95550,06023,1.0
95567,06015,1.0
95565,06023,1.0
95564,06023,1.0
95563,06105,1.0
95562,06023,1.0
95560,06023,1.0
95559,06023,1.0
95558,06023,1.0
95556,06023,1.0
95555,06023,1.0
95554,06023,1.0
95553,06023,1.0
95552,06105,1.0
95551,06023,1.0
95549,06023,1.0
95525,06023,1.0
95548,06015,1.0
95547,06023,1.0
95546,06023,1.0
95545,06023,1.0
95543,06015,1.0
95540,06023,1.0
95538,06015,1.0
95537,06023,1.0
95536,06023,1.0
95534,06023,1.0
95532,06015,1.0
95531,06015,1.0
95528,06023,1.0
95527,06105,1.0
95227,06077,1.0
95225,06009,1.0
95683,06067,1.0
94807,06013,1.0
94801,06013,1.0
94802,06013,1.0
94803,06013,1.0
94804,06013,1.0
94805,06013,1.0
94806,06013,1.0
94820,06013,1.0
94970,06041,1.0
94850,06013,1.0
94901,06041,1.0
94903,06041,1.0
94904,06041,1.0
94912,06041,1.0
94913,06041,1.0
94720,06001,1.0
94712,06001,1.0
94710,06001,1.0
94709,06001,1.0
94705,06001,1.0
94704,06001,1.0
94703,06001,1.0
94702,06001,1.0
94701,06001,1.0
94666,06001,1.0
94662,06001,1.0
94661,06001,1.0
94624,06001,1.0
94623,06001,1.0
94621,06001,1.0
94620,06001,1.0
94619,06001,1.0
94914,06041,1.0
94915,06041,1.0
94920,06041,1.0
94946,06041,1.0
94965,06041,1.0
94964,06041,1.0
94963,06041,1.0
94960,06041,1.0
94957,06041,1.0
94956,06041,1.0
94955,06097,1.0
94954,06097,1.0
94953,06097,1.0
94951,06097,1.0
94950,06041,1.0
94949,06041,1.0
94948,06041,1.0
94947,06041,1.0
94942,06041,1.0
94922,06097,1.0
94941,06041,1.0
94940,06041,1.0
94939,06041,1.0
94938,06041,1.0
94937,06041,1.0
94933,06041,1.0
94931,06097,1.0
94930,06041,1.0
94929,06041,1.0
94928,06097,1.0
94927,06097,1.0
94925,06041,1.0
94924,06041,1.0
94923,06097,1.0
94618,06001,1.0
94615,06001,1.0
94614,06001,1.0
94549,06013,1.0
94569,06013,1.0
94567,06055,1.0
94566,06001,1.0
94565,06013,1.0
94564,06013,1.0
94562,06055,1.0
94561,06013,1.0
94560,06001,1.0
94559,06055,1.0
94557,06001,1.0
94556,06013,1.0
94555,06001,1.0
94553,06013,1.0
94552,06001,1.0
94548,06013,1.0
94572,06013,1.0
94547,06013,1.0
94546,06001,1.0
94545,06001,1.0
94544,06001,1.0
94543,06001,1.0
94542,06001,1.0
94541,06001,1.0
94540,06001,1.0
94539,06001,1.0
94538,06001,1.0
94537,06001,1.0
94536,06001,1.0
94535,06095,1.0
94533,06095,1.0
94570,06013,1.0
94573,06055,1.0
94613,06001,1.0
94596,06013,1.0
94612,06001,1.0
94610,06001,1.0
94609,06001,1.0
94608,06001,1.0
94607,06001,1.0
94606,06001,1.0
94605,06001,1.0
94604,06001,1.0
94603,06001,1.0
94602,06001,1.0
94601,06001,1.0
94599,06055,1.0
94598,06013,1.0
94597,06013,1.0
94595,06013,1.0
94575,06013,1.0
94592,06095,1.0
94590,06095,1.0
94589,06095,1.0
94587,06001,1.0
94586,06001,1.0
94585,06095,1.0
94583,06013,1.0
94582,06013,1.0
94581,06055,1.0
94580,06001,1.0
94579,06001,1.0
94578,06001,1.0
94577,06001,1.0
94576,06055,1.0
94966,06041,1.0
94971,06041,1.0
95224,06009,1.0
95138,06085,1.0
95131,06085,1.0
95132,06085,1.0
95133,06085,1.0
95134,06085,1.0
95135,06085,1.0
95136,06085,1.0
95139,06085,1.0
94972,06097,1.0
95140,06085,1.0
95141,06085,1.0
95148,06085,1.0
95150,06085,1.0
95151,06085,1.0
95152,06085,1.0
95130,06085,1.0
95129,06085,1.0
95128,06085,1.0
95127,06085,1.0
95126,06085,1.0
95125,06085,1.0
95124,06085,1.0
95123,06085,1.0
95122,06085,1.0
95121,06085,1.0
95120,06085,1.0
95119,06085,1.0
95118,06085,1.0
95117,06085,1.0
95116,06085,1.0
95113,06085,1.0
95112,06085,1.0
95153,06085,1.0
95154,06085,1.0
95155,06085,1.0
95204,06077,1.0
95222,06009,1.0
95221,06009,1.0
95220,06077,1.0
95219,06077,1.0
95215,06077,1.0
95213,06077,1.0
95212,06077,1.0
95211,06077,1.0
95210,06077,1.0
95209,06077,1.0
95208,06077,1.0
95207,06077,1.0
95206,06077,1.0
95205,06077,1.0
95203,06077,1.0
95156,06085,1.0
95202,06077,1.0
95201,06077,1.0
95196,06085,1.0
95192,06085,1.0
95191,06085,1.0
95173,06085,1.0
95172,06085,1.0
95170,06085,1.0
95164,06085,1.0
95161,06085,1.0
95160,06085,1.0
95159,06085,1.0
95158,06085,1.0
95157,06085,1.0
95111,06085,1.0
95110,06085,1.0
95109,06085,1.0
95009,06085,1.0
95030,06085,1.0
95026,06085,1.0
95024,06069,1.0
95021,06085,1.0
95020,06085,1.0
95019,06087,1.0
95018,06087,1.0
95017,06087,1.0
95015,06085,1.0
95014,06085,1.0
95013,06085,1.0
95012,06053,1.0
95011,06085,1.0
95010,06087,1.0
95008,06085,1.0
95032,06085,1.0
95007,06087,1.0
95006,06087,1.0
95005,06087,1.0
95003,06087,1.0
95002,06085,1.0
95001,06087,1.0
94999,06097,1.0
94979,06041,1.0
94978,06041,1.0
94977,06041,1.0
94976,06041,1.0
94975,06097,1.0
94974,06041,1.0
94973,06041,1.0
95031,06085,1.0
95036,06085,1.0
95108,06085,1.0
95061,06087,1.0
95106,06085,1.0
95103,06085,1.0
95101,06085,1.0
95077,06087,1.0
95075,06069,1.0
95073,06087,1.0
95071,06085,1.0
95070,06085,1.0
95067,06087,1.0
95066,06087,1.0
95065,06087,1.0
95064,06087,1.0
95063,06087,1.0
95062,06087,1.0
95060,06087,1.0
95037,06085,1.0
95056,06085,1.0
95055,06085,1.0
95054,06085,1.0
95053,06085,1.0
95052,06085,1.0
95051,06085,1.0
95050,06085,1.0
95046,06085,1.0
95045,06069,1.0
95044,06085,1.0
95043,06069,1.0
95041,06087,1.0
95039,06053,1.0
95038,06085,1.0
95682,06017,1.0
95684,06017,1.0
97330,41003,1.0
96825,15003,1.0
96819,15003,1.0
96820,15003,1.0
96821,15003,1.0
96822,15003,1.0
96823,15003,1.0
96824,15003,1.0
96826,15003,1.0
97021,41065,1.0
96828,15003,1.0
96830,15003,1.0
96836,15003,1.0
96837,15003,1.0
96839,15003,1.0
96848,15003,1.0
96818,15003,1.0
96817,15003,1.0
96816,15003,1.0
96815,15003,1.0
96814,15003,1.0
96813,15003,1.0
96812,15003,1.0
96811,15003,1.0
96810,15003,1.0
96809,15003,1.0
96808,15003,1.0
96807,15003,1.0
96806,15003,1.0
96805,15003,1.0
96804,15003,1.0
96803,15003,1.0
96802,15003,1.0
96850,15003,1.0
96853,15003,1.0
96854,15003,1.0
96951,69100,1.0
97018,41009,1.0
97017,41005,1.0
97015,41005,1.0
97013,41005,1.0
97011,41005,1.0
97010,41051,1.0
97008,41067,1.0
97007,41067,1.0
97006,41067,1.0
97005,41067,1.0
97004,41005,1.0
97003,41067,1.0
97001,41065,1.0
96952,69120,1.0
96950,69110,1.0
96857,15003,1.0
96932,66010,1.0
96929,66010,1.0
96928,66010,1.0
96923,66010,1.0
96921,66010,1.0
96915,66010,1.0
96913,66010,1.0
96910,66010,1.0
96898,15003,1.0
96863,15003,1.0
96861,15003,1.0
96860,15003,1.0
96859,15003,1.0
96858,15003,1.0
96801,15003,1.0
96797,15003,1.0
96796,15007,1.0
96742,15005,1.0
96756,15007,1.0
96755,15001,1.0
96754,15007,1.0
96753,15009,1.0
96752,15007,1.0
96751,15007,1.0
96750,15001,1.0
96749,15001,1.0
96748,15009,1.0
96747,15007,1.0
96746,15007,1.0
96745,15001,1.0
96744,15003,1.0
96743,15001,1.0
96741,15007,1.0
96759,15003,1.0
96740,15001,1.0
96739,15001,1.0
96738,15001,1.0
96737,15001,1.0
96734,15003,1.0
96733,15009,1.0
96732,15009,1.0
96731,15003,1.0
96730,15003,1.0
96729,15009,1.0
96728,15001,1.0
96727,15001,1.0
96726,15001,1.0
96725,15001,1.0
96757,15009,1.0
96760,15001,1.0
96795,15003,1.0
96778,15001,1.0
96793,15009,1.0
96792,15003,1.0
96791,15003,1.0
96790,15009,1.0
96789,15003,1.0
96788,15009,1.0
96786,15003,1.0
96785,15001,1.0
96784,15009,1.0
96783,15001,1.0
96782,15003,1.0
96781,15001,1.0
96780,15001,1.0
96779,15009,1.0
96777,15001,1.0
96761,15009,1.0
96776,15001,1.0
96774,15001,1.0
96773,15001,1.0
96772,15001,1.0
96771,15001,1.0
96770,15009,1.0
96769,15007,1.0
96768,15009,1.0
96767,15009,1.0
96766,15007,1.0
96765,15007,1.0
96764,15001,1.0
96763,15009,1.0
96762,15003,1.0
97020,41047,1.0
97022,41005,1.0
96721,15001,1.0
97238,41051,1.0
97227,41051,1.0
97228,41051,1.0
97230,41051,1.0
97232,41051,1.0
97233,41051,1.0
97236,41051,1.0
97239,41051,1.0
97023,41005,1.0
97240,41051,1.0
97242,41051,1.0
97250,41051,1.0
97251,41051,1.0
97252,41051,1.0
97253,41051,1.0
97224,41067,1.0
97220,41051,1.0
97218,41051,1.0
97217,41051,1.0
97216,41051,1.0
97215,41051,1.0
97214,41051,1.0
97213,41051,1.0
97212,41051,1.0
97211,41051,1.0
97209,41051,1.0
97208,41051,1.0
97207,41051,1.0
97205,41051,1.0
97204,41051,1.0
97203,41051,1.0
97201,41051,1.0
97254,41051,1.0
97266,41051,1.0
97267,41005,1.0
97303,41047,1.0
97329,41043,1.0
97327,41043,1.0
97325,41047,1.0
97322,41043,1.0
97317,41047,1.0
97314,41047,1.0
97312,41047,1.0
97311,41047,1.0
97310,41047,1.0
97309,41047,1.0
97308,41047,1.0
97307,41047,1.0
97306,41047,1.0
97305,41047,1.0
97302,41047,1.0
97268,41005,1.0
97301,41047,1.0
97298,41067,1.0
97296,41051,1.0
97294,41051,1.0
97293,41051,1.0
97292,41051,1.0
97291,41067,1.0
97290,41051,1.0
97286,41051,1.0
97283,41051,1.0
97282,41051,1.0
97281,41067,1.0
97280,41051,1.0
97269,41005,1.0
97149,41057,1.0
97148,41071,1.0
97147,41057,1.0
97045,41005,1.0
97068,41005,1.0
97067,41005,1.0
97065,41055,1.0
97063,41065,1.0
97060,41051,1.0
97058,41065,1.0
97057,41065,1.0
97055,41005,1.0
97054,41009,1.0
97053,41009,1.0
97051,41009,1.0
97050,41055,1.0
97049,41005,1.0
97048,41009,1.0
97044,41027,1.0
97078,41067,1.0
97042,41005,1.0
97040,41065,1.0
97039,41055,1.0
97038,41005,1.0
97037,41065,1.0
97036,41005,1.0
97033,41055,1.0
97031,41027,1.0
97030,41051,1.0
97029,41055,1.0
97028,41005,1.0
97027,41005,1.0
97026,41047,1.0
97024,41051,1.0
97075,41067,1.0
97079,41067,1.0
97146,41007,1.0
97121,41007,1.0
97145,41007,1.0
97144,41067,1.0
97141,41057,1.0
97138,41007,1.0
97137,41047,1.0
97136,41057,1.0
97135,41057,1.0
97134,41057,1.0
97130,41057,1.0
97129,41067,1.0
97128,41071,1.0
97127,41071,1.0
97125,41067,1.0
97122,41057,1.0
97118,41057,1.0
97086,41005,1.0
97117,41067,1.0
97116,41067,1.0
97115,41071,1.0
97114,41071,1.0
97113,41067,1.0
97112,41057,1.0
97111,41071,1.0
97110,41007,1.0
97109,41067,1.0
97108,41057,1.0
97107,41057,1.0
97106,41067,1.0
97103,41007,1.0
97089,41005,1.0
96722,15007,1.0
96720,15001,1.0
95685,06005,1.0
95926,06007,1.0
95918,06115,1.0
95919,06115,1.0
95920,06021,1.0
95923,06063,1.0
95924,06057,1.0
95925,06115,1.0
95927,06007,1.0
95986,06057,1.0
95928,06007,1.0
95929,06007,1.0
95932,06011,1.0
95934,06063,1.0
95935,06115,1.0
95936,06091,1.0
95917,06007,1.0
95916,06007,1.0
95915,06063,1.0
95913,06021,1.0
95910,06091,1.0
95903,06115,1.0
95894,06067,1.0
95867,06067,1.0
95866,06067,1.0
95865,06067,1.0
95864,06067,1.0
95860,06067,1.0
95853,06067,1.0
95852,06067,1.0
95851,06067,1.0
95843,06067,1.0
95842,06067,1.0
95937,06113,1.0
95938,06007,1.0
95940,06007,1.0
95962,06115,1.0
95983,06063,1.0
95982,06101,1.0
95980,06063,1.0
95979,06011,1.0
95978,06007,1.0
95976,06007,1.0
95975,06057,1.0
95974,06007,1.0
95972,06115,1.0
95971,06063,1.0
95969,06007,1.0
95968,06007,1.0
95967,06007,1.0
95965,06007,1.0
95961,06115,1.0
95942,06007,1.0
95959,06057,1.0
95958,06007,1.0
95956,06063,1.0
95955,06011,1.0
95954,06007,1.0
95953,06101,1.0
95951,06021,1.0
95950,06011,1.0
95949,06057,1.0
95947,06063,1.0
95946,06057,1.0
95945,06057,1.0
95944,06091,1.0
95943,06021,1.0
95841,06067,1.0
95840,06067,1.0
95838,06067,1.0
95713,06061,1.0
95747,06061,1.0
95746,06061,1.0
95742,06067,1.0
95741,06067,1.0
95736,06061,1.0
95735,06017,1.0
95726,06017,1.0
95724,06057,1.0
95722,06061,1.0
95721,06017,1.0
95720,06017,1.0
95717,06061,1.0
95715,06061,1.0
95714,06061,1.0
95712,06057,1.0
95758,06067,1.0
95709,06017,1.0
95703,06061,1.0
95701,06061,1.0
95699,06005,1.0
95698,06113,1.0
95697,06113,1.0
95696,06095,1.0
95695,06113,1.0
95693,06067,1.0
95691,06113,1.0
95689,06005,1.0
95688,06095,1.0
95687,06095,1.0
95686,06077,1.0
95757,06067,1.0
95759,06067,1.0
95836,06101,1.0
95821,06067,1.0
95835,06067,1.0
95834,06067,1.0
95833,06067,1.0
95832,06067,1.0
95831,06067,1.0
95830,06067,1.0
95829,06067,1.0
95828,06067,1.0
95827,06067,1.0
95826,06067,1.0
95825,06067,1.0
95824,06067,1.0
95823,06067,1.0
95822,06067,1.0
95820,06067,1.0
95762,06017,1.0
95819,06067,1.0
95818,06067,1.0
95817,06067,1.0
95816,06067,1.0
95815,06067,1.0
95814,06067,1.0
95813,06067,1.0
95812,06067,1.0
95811,06067,1.0
95799,06113,1.0
95798,06113,1.0
95776,06113,1.0
95765,06061,1.0
95763,06067,1.0
95984,06063,1.0
95987,06011,1.0
96719,15001,1.0
96120,06003,1.0
96113,06035,1.0
96115,06049,1.0
96116,06049,1.0
96117,06035,1.0
96118,06091,1.0
96119,06035,1.0
96121,06035,1.0
95991,06101,1.0
96122,06063,1.0
96123,06035,1.0
96124,06091,1.0
96125,06091,1.0
96126,06091,1.0
96127,06035,1.0
96112,06049,1.0
96111,06057,1.0
96110,06049,1.0
96109,06035,1.0
96108,06049,1.0
96107,06051,1.0
96106,06063,1.0
96105,06063,1.0
96104,06049,1.0
96103,06063,1.0
96101,06049,1.0
96099,06089,1.0
96097,06093,1.0
96096,06089,1.0
96095,06089,1.0
96094,06093,1.0
96093,06105,1.0
96128,06035,1.0
96129,06063,1.0
96130,06035,1.0
96703,15007,1.0
96718,15001,1.0
96717,15003,1.0
96716,15007,1.0
96715,15007,1.0
96714,15007,1.0
96713,15009,1.0
96712,15003,1.0
96710,15001,1.0
96709,15003,1.0
96708,15009,1.0
96707,15003,1.0
96706,15003,1.0
96705,15007,1.0
96704,15001,1.0
96701,15003,1.0
96132,06035,1.0
96162,06057,1.0
96160,06057,1.0
96158,06017,1.0
96155,06017,1.0
96151,06017,1.0
96150,06017,1.0
96148,06061,1.0
96146,06061,1.0
96145,06061,1.0
96143,06061,1.0
96140,06061,1.0
96136,06035,1.0
96135,06063,1.0
96133,06051,1.0
96092,06103,1.0
96091,06105,1.0
96090,06103,1.0
96019,06089,1.0
96038,06093,1.0
96037,06093,1.0
96035,06103,1.0
96034,06093,1.0
96033,06089,1.0
96032,06093,1.0
96031,06093,1.0
96029,06103,1.0
96028,06089,1.0
96027,06093,1.0
96024,06105,1.0
96023,06093,1.0
96021,06103,1.0
96020,06063,1.0
96017,06089,1.0
96040,06089,1.0
96016,06089,1.0
96015,06049,1.0
96014,06093,1.0
96013,06089,1.0
96011,06089,1.0
96010,06105,1.0
96009,06035,1.0
96008,06089,1.0
96006,06049,1.0
96003,06089,1.0
96002,06089,1.0
96001,06089,1.0
95993,06101,1.0
95992,06101,1.0
96039,06093,1.0
96041,06105,1.0
96089,06089,1.0
96065,06089,1.0
96088,06089,1.0
96087,06089,1.0
96086,06093,1.0
96085,06093,1.0
96084,06089,1.0
96080,06103,1.0
96078,06103,1.0
96075,06103,1.0
96074,06103,1.0
96073,06089,1.0
96071,06089,1.0
96069,06089,1.0
96068,06035,1.0
96067,06093,1.0
96064,06093,1.0
96044,06093,1.0
96063,06103,1.0
96062,06089,1.0
96061,06103,1.0
96058,06093,1.0
96057,06093,1.0
96055,06103,1.0
96054,06049,1.0
96052,06105,1.0
96051,06089,1.0
96050,06093,1.0
96049,06089,1.0
96048,06105,1.0
96047,06089,1.0
96046,06105,1.0
85734,04019,1.0
85732,04019,1.0
70508,22055,1.0
75607,48183,1.0
75570,48037,1.0
75572,48067,1.0
75573,48037,1.0
75574,48037,1.0
75599,48037,1.0
75606,48183,1.0
75608,48183,1.0
75766,48073,1.0
75615,48183,1.0
75631,48365,1.0
75636,48343,1.0
75637,48365,1.0
75641,48183,1.0
75642,48203,1.0
75569,48037,1.0
75567,48037,1.0
75566,48067,1.0
75565,48067,1.0
75564,48315,1.0
75563,48067,1.0
75562,48067,1.0
75561,48037,1.0
75560,48067,1.0
75556,48067,1.0
75551,48067,1.0
75550,48387,1.0
75505,48037,1.0
75504,48037,1.0
75503,48037,1.0
75493,48449,1.0
75492,48147,1.0
75650,48203,1.0
75654,48401,1.0
75658,48401,1.0
75701,48423,1.0
75762,48423,1.0
75759,48073,1.0
75754,48467,1.0
75713,48423,1.0
75712,48423,1.0
75711,48423,1.0
75710,48423,1.0
75709,48423,1.0
75708,48423,1.0
75707,48423,1.0
75706,48423,1.0
75705,48423,1.0
75703,48423,1.0
75702,48423,1.0
75694,48203,1.0
75659,48203,1.0
75689,48401,1.0
75688,48203,1.0
75687,48401,1.0
75685,48365,1.0
75682,48401,1.0
75681,48401,1.0
75680,48401,1.0
75671,48203,1.0
75670,48203,1.0
75667,48401,1.0
75666,48401,1.0
75663,48183,1.0
75661,48203,1.0
75660,48183,1.0
75489,48181,1.0
75488,48147,1.0
75485,48085,1.0
75372,48113,1.0
75407,48085,1.0
75404,48231,1.0
75403,48231,1.0
75402,48231,1.0
75401,48231,1.0
75398,48113,1.0
75390,48113,1.0
75382,48113,1.0
75381,48113,1.0
75380,48113,1.0
75379,48085,1.0
75378,48113,1.0
75376,48113,1.0
75374,48113,1.0
75371,48113,1.0
75411,48277,1.0
75370,48085,1.0
75367,48113,1.0
75360,48113,1.0
75357,48113,1.0
75356,48113,1.0
75355,48113,1.0
75354,48113,1.0
75342,48113,1.0
75339,48113,1.0
75336,48113,1.0
75315,48113,1.0
75313,48113,1.0
75270,48113,1.0
75260,48113,1.0
75409,48085,1.0
75412,48387,1.0
75483,48223,1.0
75450,48119,1.0
75482,48223,1.0
75477,48277,1.0
75476,48147,1.0
75475,48147,1.0
75473,48277,1.0
75470,48277,1.0
75468,48277,1.0
75462,48277,1.0
75461,48277,1.0
75460,48277,1.0
75459,48181,1.0
75458,48231,1.0
75456,48449,1.0
75454,48085,1.0
75447,48147,1.0
75413,48147,1.0
75444,48499,1.0
75443,48147,1.0
75441,48119,1.0
75439,48147,1.0
75438,48147,1.0
75437,48223,1.0
75434,48277,1.0
75432,48119,1.0
75426,48387,1.0
75425,48277,1.0
75421,48277,1.0
75420,48223,1.0
75418,48147,1.0
75415,48119,1.0
75764,48073,1.0
75771,48423,1.0
75253,48113,1.0
76060,48439,1.0
76040,48439,1.0
76041,48139,1.0
76053,48439,1.0
76054,48439,1.0
76058,48251,1.0
76059,48251,1.0
76061,48251,1.0
75772,48073,1.0
76064,48139,1.0
76073,48497,1.0
76077,48425,1.0
76085,48367,1.0
76086,48367,1.0
76088,48367,1.0
76039,48439,1.0
76034,48439,1.0
76031,48251,1.0
76022,48439,1.0
76021,48439,1.0
76019,48439,1.0
76018,48439,1.0
76017,48439,1.0
76016,48439,1.0
76015,48439,1.0
76014,48439,1.0
76013,48439,1.0
76012,48439,1.0
76011,48439,1.0
76010,48439,1.0
76009,48251,1.0
76007,48439,1.0
76094,48439,1.0
76095,48439,1.0
76096,48439,1.0
76115,48439,1.0
76132,48439,1.0
76131,48439,1.0
76130,48439,1.0
76129,48439,1.0
76127,48439,1.0
76124,48439,1.0
76123,48439,1.0
76122,48439,1.0
76121,48439,1.0
76120,48439,1.0
76119,48439,1.0
76118,48439,1.0
76117,48439,1.0
76116,48439,1.0
76114,48439,1.0
76097,48251,1.0
76113,48439,1.0
76112,48439,1.0
76111,48439,1.0
76110,48439,1.0
76109,48439,1.0
76107,48439,1.0
76106,48439,1.0
76105,48439,1.0
76104,48439,1.0
76103,48439,1.0
76102,48439,1.0
76101,48439,1.0
76099,48439,1.0
76098,48367,1.0
76006,48439,1.0
76005,48439,1.0
76004,48439,1.0
75835,48225,1.0
75886,48001,1.0
75884,48001,1.0
75882,48001,1.0
75880,48001,1.0
75865,48455,1.0
75861,48001,1.0
75860,48161,1.0
75858,48225,1.0
75856,48455,1.0
75850,48289,1.0
75849,48225,1.0
75848,48161,1.0
75845,48455,1.0
75840,48161,1.0
75834,48455,1.0
75902,48005,1.0
75833,48289,1.0
75832,48001,1.0
75802,48001,1.0
75801,48001,1.0
75799,48423,1.0
75798,48423,1.0
75792,48423,1.0
75791,48423,1.0
75788,48347,1.0
75785,48073,1.0
75783,48499,1.0
75782,48213,1.0
75780,48073,1.0
75779,48001,1.0
75901,48005,1.0
75903,48005,1.0
76003,48439,1.0
75958,48347,1.0
76002,48439,1.0
76001,48439,1.0
75990,48457,1.0
75979,48457,1.0
75978,48347,1.0
75977,48351,1.0
75976,48073,1.0
75973,48419,1.0
75968,48403,1.0
75965,48347,1.0
75964,48347,1.0
75963,48347,1.0
75960,48373,1.0
75959,48403,1.0
75949,48005,1.0
75915,48005,1.0
75948,48403,1.0
75944,48347,1.0
75943,48347,1.0
75942,48457,1.0
75941,48005,1.0
75939,48373,1.0
75938,48457,1.0
75937,48347,1.0
75934,48373,1.0
75932,48351,1.0
75929,48405,1.0
75928,48351,1.0
75926,48455,1.0
75925,48073,1.0
75254,48113,1.0
75251,48113,1.0
76134,48439,1.0
74842,40123,1.0
74830,40133,1.0
74832,40081,1.0
74833,40107,1.0
74834,40081,1.0
74836,40069,1.0
74837,40133,1.0
74843,40123,1.0
75017,48113,1.0
74844,40123,1.0
74845,40091,1.0
74850,40063,1.0
74860,40107,1.0
74866,40125,1.0
74868,40133,1.0
74829,40107,1.0
74827,40063,1.0
74826,40125,1.0
74821,40123,1.0
74802,40125,1.0
74801,40125,1.0
74766,40089,1.0
74761,40023,1.0
74759,40023,1.0
74756,40023,1.0
74753,40013,1.0
74752,40089,1.0
74750,40089,1.0
74745,40089,1.0
74743,40023,1.0
74741,40013,1.0
74740,40089,1.0
74869,40081,1.0
74873,40125,1.0
74875,40081,1.0
74951,40079,1.0
75015,48113,1.0
75014,48113,1.0
75013,48085,1.0
75010,48121,1.0
75006,48113,1.0
75002,48085,1.0
75001,48113,1.0
74965,40001,1.0
74963,40089,1.0
74959,40079,1.0
74956,40079,1.0
74955,40135,1.0
74954,40135,1.0
74953,40079,1.0
74949,40079,1.0
74901,40079,1.0
74948,40135,1.0
74947,40079,1.0
74946,40135,1.0
74945,40135,1.0
74943,40061,1.0
74942,40079,1.0
74940,40079,1.0
74939,40079,1.0
74937,40079,1.0
74936,40135,1.0
74935,40079,1.0
74932,40079,1.0
74930,40079,1.0
74902,40079,1.0
74738,40023,1.0
74737,40089,1.0
74736,40089,1.0
74468,40101,1.0
74535,40029,1.0
74534,40029,1.0
74533,40005,1.0
74531,40063,1.0
74530,40069,1.0
74529,40121,1.0
74528,40121,1.0
74522,40121,1.0
74521,40127,1.0
74502,40121,1.0
74501,40121,1.0
74472,40061,1.0
74471,40021,1.0
74470,40101,1.0
74467,40145,1.0
74545,40077,1.0
74465,40021,1.0
74464,40021,1.0
74463,40101,1.0
74460,40111,1.0
74459,40091,1.0
74458,40145,1.0
74456,40111,1.0
74454,40145,1.0
74451,40021,1.0
74447,40111,1.0
74446,40145,1.0
74444,40021,1.0
74442,40121,1.0
74438,40091,1.0
74543,40127,1.0
74546,40121,1.0
74734,40089,1.0
74637,40113,1.0
74733,40013,1.0
74731,40013,1.0
74730,40013,1.0
74726,40013,1.0
74724,40089,1.0
74723,40013,1.0
74722,40089,1.0
74721,40013,1.0
74720,40013,1.0
74702,40013,1.0
74701,40013,1.0
74651,40103,1.0
74647,40071,1.0
74641,40071,1.0
74636,40053,1.0
74552,40061,1.0
74633,40113,1.0
74632,40071,1.0
74631,40071,1.0
74602,40071,1.0
74577,40079,1.0
74569,40005,1.0
74567,40127,1.0
74565,40121,1.0
74559,40077,1.0
74558,40127,1.0
74557,40127,1.0
74556,40029,1.0
74555,40005,1.0
74554,40121,1.0
75016,48113,1.0
75020,48181,1.0
75250,48113,1.0
75204,48113,1.0
75180,48113,1.0
75185,48113,1.0
75187,48113,1.0
75201,48113,1.0
75202,48113,1.0
75203,48113,1.0
75205,48113,1.0
75021,48181,1.0
75206,48113,1.0
75207,48113,1.0
75208,48113,1.0
75209,48113,1.0
75210,48113,1.0
75211,48113,1.0
75173,48085,1.0
75172,48113,1.0
75168,48139,1.0
75167,48139,1.0
75166,48085,1.0
75165,48139,1.0
75164,48085,1.0
75163,48213,1.0
75161,48257,1.0
75158,48257,1.0
75157,48257,1.0
75155,48349,1.0
75153,48349,1.0
75152,48139,1.0
75151,48349,1.0
75150,48113,1.0
75149,48113,1.0
75212,48113,1.0
75214,48113,1.0
75215,48113,1.0
75232,48113,1.0
75249,48113,1.0
75247,48113,1.0
75246,48113,1.0
75244,48113,1.0
75243,48113,1.0
75242,48113,1.0
75241,48113,1.0
75240,48113,1.0
75238,48113,1.0
75237,48113,1.0
75236,48113,1.0
75235,48113,1.0
75234,48113,1.0
75233,48113,1.0
75231,48113,1.0
75216,48113,1.0
75230,48113,1.0
75229,48113,1.0
75228,48113,1.0
75227,48113,1.0
75226,48113,1.0
75225,48113,1.0
75224,48113,1.0
75223,48113,1.0
75222,48113,1.0
75221,48113,1.0
75220,48113,1.0
75219,48113,1.0
75218,48113,1.0
75217,48113,1.0
75148,48213,1.0
75144,48349,1.0
75142,48257,1.0
75047,48113,1.0
75072,48085,1.0
75071,48085,1.0
75070,48085,1.0
75069,48085,1.0
75068,48121,1.0
75065,48121,1.0
75063,48113,1.0
75062,48113,1.0
75061,48113,1.0
75060,48113,1.0
75059,48113,1.0
75057,48121,1.0
75056,48121,1.0
75049,48113,1.0
75046,48113,1.0
75075,48085,1.0
75045,48113,1.0
75043,48113,1.0
75042,48113,1.0
75041,48113,1.0
75040,48113,1.0
75039,48113,1.0
75038,48113,1.0
75036,48121,1.0
75030,48113,1.0
75029,48121,1.0
75027,48121,1.0
75026,48085,1.0
75025,48085,1.0
75023,48085,1.0
75074,48085,1.0
75076,48181,1.0
75141,48113,1.0
75109,48349,1.0
75138,48113,1.0
75137,48113,1.0
75135,48231,1.0
75134,48113,1.0
75132,48397,1.0
75127,48467,1.0
75123,48113,1.0
75121,48085,1.0
75118,48257,1.0
75117,48467,1.0
75116,48113,1.0
75115,48113,1.0
75114,48257,1.0
75110,48349,1.0
75106,48113,1.0
75077,48121,1.0
75105,48349,1.0
75103,48467,1.0
75102,48349,1.0
75101,48139,1.0
75099,48113,1.0
75097,48085,1.0
75094,48085,1.0
75092,48181,1.0
75091,48181,1.0
75090,48181,1.0
75086,48085,1.0
75085,48113,1.0
75083,48113,1.0
75081,48113,1.0
76133,48439,1.0
76135,48439,1.0
74430,40121,1.0
77302,48339,1.0
77289,48201,1.0
77290,48201,1.0
77291,48201,1.0
77292,48201,1.0
77293,48201,1.0
77301,48339,1.0
77303,48339,1.0
77385,48339,1.0
77304,48339,1.0
77305,48339,1.0
77306,48339,1.0
77315,48201,1.0
77325,48201,1.0
77326,48373,1.0
77288,48201,1.0
77287,48201,1.0
77284,48201,1.0
77282,48201,1.0
77280,48201,1.0
77279,48201,1.0
77277,48201,1.0
77275,48201,1.0
77274,48201,1.0
77273,48201,1.0
77272,48201,1.0
77271,48201,1.0
77270,48201,1.0
77269,48201,1.0
77268,48201,1.0
77267,48201,1.0
77266,48201,1.0
77331,48407,1.0
77332,48373,1.0
77333,48339,1.0
77362,48339,1.0
77383,48201,1.0
77382,48339,1.0
77381,48339,1.0
77380,48339,1.0
77379,48201,1.0
77377,48201,1.0
77376,48199,1.0
77375,48201,1.0
77374,48199,1.0
77373,48201,1.0
77369,48291,1.0
77368,48291,1.0
77367,48471,1.0
77364,48407,1.0
77360,48373,1.0
77334,48471,1.0
77359,48407,1.0
77354,48339,1.0
77353,48339,1.0
77351,48373,1.0
77350,48373,1.0
77347,48201,1.0
77346,48201,1.0
77345,48201,1.0
77342,48471,1.0
77341,48471,1.0
77340,48471,1.0
77338,48201,1.0
77336,48201,1.0
77335,48373,1.0
77265,48201,1.0
77263,48201,1.0
77262,48201,1.0
77093,48201,1.0
77219,48201,1.0
77218,48201,1.0
77217,48201,1.0
77215,48201,1.0
77210,48201,1.0
77208,48201,1.0
77207,48201,1.0
77206,48201,1.0
77205,48201,1.0
77204,48201,1.0
77098,48201,1.0
77096,48201,1.0
77095,48201,1.0
77094,48201,1.0
77092,48201,1.0
77221,48201,1.0
77091,48201,1.0
77090,48201,1.0
77089,48201,1.0
77088,48201,1.0
77087,48201,1.0
77086,48201,1.0
77084,48201,1.0
77081,48201,1.0
77080,48201,1.0
77079,48201,1.0
77078,48201,1.0
77077,48201,1.0
77076,48201,1.0
77075,48201,1.0
77220,48201,1.0
77222,48201,1.0
77261,48201,1.0
77242,48201,1.0
77259,48201,1.0
77258,48201,1.0
77257,48201,1.0
77256,48201,1.0
77255,48201,1.0
77254,48201,1.0
77253,48201,1.0
77252,48201,1.0
77251,48201,1.0
77249,48201,1.0
77248,48201,1.0
77245,48201,1.0
77244,48201,1.0
77243,48201,1.0
77241,48201,1.0
77223,48201,1.0
77240,48201,1.0
77238,48201,1.0
77237,48201,1.0
77236,48201,1.0
77235,48201,1.0
77234,48201,1.0
77233,48201,1.0
77231,48201,1.0
77230,48201,1.0
77228,48201,1.0
77227,48201,1.0
77226,48201,1.0
77225,48201,1.0
77224,48201,1.0
77384,48339,1.0
77386,48339,1.0
77073,48201,1.0
77539,48167,1.0
77531,48039,1.0
77532,48201,1.0
77533,48291,1.0
77534,48039,1.0
77536,48201,1.0
77538,48291,1.0
77541,48039,1.0
77387,48339,1.0
77542,48039,1.0
77547,48201,1.0
77549,48167,1.0
77550,48167,1.0
77551,48167,1.0
77552,48167,1.0
77530,48201,1.0
77522,48201,1.0
77520,48201,1.0
77519,48199,1.0
77518,48167,1.0
77516,48039,1.0
77515,48039,1.0
77514,48071,1.0
77512,48039,1.0
77508,48201,1.0
77507,48201,1.0
77506,48201,1.0
77505,48201,1.0
77504,48201,1.0
77503,48201,1.0
77502,48201,1.0
77501,48201,1.0
77553,48167,1.0
77554,48167,1.0
77555,48167,1.0
77586,48201,1.0
77622,48245,1.0
77619,48245,1.0
77617,48167,1.0
77616,48457,1.0
77615,48241,1.0
77614,48351,1.0
77613,48245,1.0
77611,48361,1.0
77598,48201,1.0
77592,48167,1.0
77591,48167,1.0
77590,48167,1.0
77588,48039,1.0
77587,48201,1.0
77585,48199,1.0
77560,48071,1.0
77582,48291,1.0
77580,48071,1.0
77578,48039,1.0
77577,48039,1.0
77574,48167,1.0
77573,48167,1.0
77572,48201,1.0
77571,48201,1.0
77568,48167,1.0
77566,48039,1.0
77565,48167,1.0
77563,48167,1.0
77562,48201,1.0
77561,48291,1.0
77498,48157,1.0
77497,48157,1.0
77496,48157,1.0
77414,48321,1.0
77442,48089,1.0
77441,48157,1.0
77440,48321,1.0
77436,48481,1.0
77433,48201,1.0
77432,48481,1.0
77431,48039,1.0
77429,48201,1.0
77428,48321,1.0
77422,48039,1.0
77419,48321,1.0
77418,48015,1.0
77417,48157,1.0
77415,48321,1.0
77413,48201,1.0
77446,48473,1.0
77412,48089,1.0
77411,48201,1.0
77410,48201,1.0
77407,48157,1.0
77406,48157,1.0
77404,48321,1.0
77402,48201,1.0
77401,48201,1.0
77399,48373,1.0
77396,48201,1.0
77393,48339,1.0
77391,48201,1.0
77389,48201,1.0
77388,48201,1.0
77443,48481,1.0
77448,48481,1.0
77492,48201,1.0
77469,48157,1.0
77491,48201,1.0
77488,48481,1.0
77487,48157,1.0
77486,48039,1.0
77483,48321,1.0
77482,48321,1.0
77481,48157,1.0
77479,48157,1.0
77478,48157,1.0
77476,48157,1.0
77475,48089,1.0
77473,48015,1.0
77471,48157,1.0
77470,48089,1.0
77468,48321,1.0
77449,48201,1.0
77467,48481,1.0
77466,48473,1.0
77464,48157,1.0
77463,48039,1.0
77461,48157,1.0
77460,48089,1.0
77459,48157,1.0
77458,48321,1.0
77457,48321,1.0
77456,48321,1.0
77454,48481,1.0
77453,48481,1.0
77452,48015,1.0
77451,48157,1.0
77074,48201,1.0
77072,48201,1.0
76136,48439,1.0
76520,48331,1.0
76502,48027,1.0
76503,48027,1.0
76504,48027,1.0
76508,48027,1.0
76513,48027,1.0
76518,48331,1.0
76523,48331,1.0
76676,48217,1.0
76526,48099,1.0
76530,48491,1.0
76533,48027,1.0
76540,48027,1.0
76541,48027,1.0
76542,48027,1.0
76501,48027,1.0
76490,48367,1.0
76485,48367,1.0
76484,48363,1.0
76483,48447,1.0
76472,48363,1.0
76469,48059,1.0
76468,48093,1.0
76467,48221,1.0
76466,48133,1.0
76465,48143,1.0
76461,48143,1.0
76459,48237,1.0
76455,48093,1.0
76452,48093,1.0
76448,48133,1.0
76439,48367,1.0
76543,48027,1.0
76547,48027,1.0
76548,48027,1.0
76632,48145,1.0
76666,48217,1.0
76665,48035,1.0
76661,48145,1.0
76660,48217,1.0
76654,48309,1.0
76652,48035,1.0
76651,48139,1.0
76650,48217,1.0
76645,48217,1.0
76643,48309,1.0
76640,48309,1.0
76639,48349,1.0
76636,48217,1.0
76635,48293,1.0
76631,48217,1.0
76554,48027,1.0
76628,48217,1.0
76627,48217,1.0
76623,48139,1.0
76599,48099,1.0
76598,48099,1.0
76597,48099,1.0
76596,48099,1.0
76573,48491,1.0
76571,48027,1.0
76566,48099,1.0
76565,48193,1.0
76564,48027,1.0
76559,48027,1.0
76558,48099,1.0
76435,48133,1.0
76402,48143,1.0
76401,48143,1.0
76192,48439,1.0
76209,48121,1.0
76208,48121,1.0
76207,48121,1.0
76206,48121,1.0
76205,48121,1.0
76204,48121,1.0
76203,48121,1.0
76202,48121,1.0
76201,48121,1.0
76199,48439,1.0
76197,48439,1.0
76196,48439,1.0
76195,48439,1.0
76193,48439,1.0
76191,48439,1.0
76226,48121,1.0
76190,48439,1.0
76185,48439,1.0
76182,48439,1.0
76180,48439,1.0
76179,48439,1.0
76164,48439,1.0
76163,48439,1.0
76162,48439,1.0
76161,48439,1.0
76155,48439,1.0
76148,48439,1.0
76147,48439,1.0
76140,48439,1.0
76137,48439,1.0
76210,48121,1.0
76227,48121,1.0
76388,48207,1.0
76307,48485,1.0
76377,48077,1.0
76373,48487,1.0
76371,48275,1.0
76370,48009,1.0
76369,48485,1.0
76367,48485,1.0
76364,48487,1.0
76363,48275,1.0
76357,48077,1.0
76354,48485,1.0
76352,48077,1.0
76351,48009,1.0
76311,48485,1.0
76309,48485,1.0
76306,48485,1.0
76238,48097,1.0
76301,48485,1.0
76268,48181,1.0
76267,48497,1.0
76264,48181,1.0
76263,48097,1.0
76255,48337,1.0
76253,48097,1.0
76251,48337,1.0
76250,48097,1.0
76248,48439,1.0
76246,48497,1.0
76245,48181,1.0
76244,48439,1.0
76241,48097,1.0
76671,48035,1.0
76678,48293,1.0
77071,48201,1.0
77026,48201,1.0
77020,48201,1.0
77021,48201,1.0
77022,48201,1.0
77023,48201,1.0
77024,48201,1.0
77025,48201,1.0
77027,48201,1.0
76679,48349,1.0
77028,48201,1.0
77029,48201,1.0
77030,48201,1.0
77032,48201,1.0
77033,48201,1.0
77034,48201,1.0
77019,48201,1.0
77018,48201,1.0
77017,48201,1.0
77016,48201,1.0
77015,48201,1.0
77014,48201,1.0
77013,48201,1.0
77012,48201,1.0
77011,48201,1.0
77010,48201,1.0
77009,48201,1.0
77008,48201,1.0
77007,48201,1.0
77006,48201,1.0
77005,48201,1.0
77004,48201,1.0
77003,48201,1.0
77035,48201,1.0
77036,48201,1.0
77037,48201,1.0
77056,48201,1.0
77070,48201,1.0
77069,48201,1.0
77068,48201,1.0
77067,48201,1.0
77066,48201,1.0
77065,48201,1.0
77064,48201,1.0
77063,48201,1.0
77062,48201,1.0
77061,48201,1.0
77060,48201,1.0
77059,48201,1.0
77058,48201,1.0
77057,48201,1.0
77055,48201,1.0
77038,48201,1.0
77054,48201,1.0
77052,48201,1.0
77051,48201,1.0
77050,48201,1.0
77049,48201,1.0
77048,48201,1.0
77046,48201,1.0
77045,48201,1.0
77044,48201,1.0
77043,48201,1.0
77042,48201,1.0
77041,48201,1.0
77040,48201,1.0
77039,48201,1.0
77002,48201,1.0
77001,48201,1.0
76958,48451,1.0
76712,48309,1.0
76832,48411,1.0
76828,48083,1.0
76827,48049,1.0
76824,48281,1.0
76821,48399,1.0
76820,48319,1.0
76804,48049,1.0
76803,48049,1.0
76802,48049,1.0
76799,48309,1.0
76798,48309,1.0
76797,48309,1.0
76716,48309,1.0
76714,48309,1.0
76711,48309,1.0
76836,48307,1.0
76710,48309,1.0
76708,48309,1.0
76707,48309,1.0
76705,48309,1.0
76704,48309,1.0
76703,48309,1.0
76702,48309,1.0
76701,48309,1.0
76692,48217,1.0
76686,48293,1.0
76685,48145,1.0
76684,48309,1.0
76681,48349,1.0
76680,48145,1.0
76834,48083,1.0
76841,48327,1.0
76957,48451,1.0
76888,48083,1.0
76953,48081,1.0
76951,48431,1.0
76949,48081,1.0
76941,48235,1.0
76939,48451,1.0
76936,48413,1.0
76934,48451,1.0
76932,48383,1.0
76930,48235,1.0
76909,48451,1.0
76908,48451,1.0
76906,48451,1.0
76903,48451,1.0
76902,48451,1.0
76887,48307,1.0
76842,48319,1.0
76886,48451,1.0
76885,48299,1.0
76884,48083,1.0
76883,48267,1.0
76880,48333,1.0
76877,48411,1.0
76873,48083,1.0
76870,48333,1.0
76866,48095,1.0
76864,48333,1.0
76862,48095,1.0
76855,48095,1.0
76848,48327,1.0
76845,48083,1.0
74431,40111,1.0
74429,40145,1.0
77624,48457,1.0
71834,05091,1.0
71820,05081,1.0
71823,05133,1.0
71825,05057,1.0
71826,05073,1.0
71828,05099,1.0
71832,05133,1.0
71836,05081,1.0
71972,05113,1.0
71837,05091,1.0
71838,05057,1.0
71839,05091,1.0
71840,05091,1.0
71842,05133,1.0
71846,05133,1.0
71772,05019,1.0
71766,05013,1.0
71765,05139,1.0
71759,05139,1.0
71758,05139,1.0
71754,05027,1.0
71751,05103,1.0
71750,05139,1.0
71749,05139,1.0
71748,05039,1.0
71747,05139,1.0
71745,05013,1.0
71744,05013,1.0
71743,05019,1.0
71740,05027,1.0
71731,05139,1.0
71730,05139,1.0
71847,05057,1.0
71851,05061,1.0
71853,05081,1.0
71942,05059,1.0
71969,05097,1.0
71968,05051,1.0
71965,05097,1.0
71962,05019,1.0
71961,05097,1.0
71960,05097,1.0
71958,05109,1.0
71957,05097,1.0
71956,05051,1.0
71952,05109,1.0
71950,05109,1.0
71949,05051,1.0
71945,05113,1.0
71944,05113,1.0
71941,05059,1.0
71854,05091,1.0
71940,05109,1.0
71937,05113,1.0
71932,05113,1.0
71922,05109,1.0
71914,05051,1.0
71910,05051,1.0
71903,05051,1.0
71902,05051,1.0
71866,05081,1.0
71865,05081,1.0
71864,05099,1.0
71862,05057,1.0
71858,05099,1.0
71855,05057,1.0
71728,05019,1.0
71726,05103,1.0
71725,05039,1.0
71411,22069,1.0
71449,22085,1.0
71448,22079,1.0
71446,22115,1.0
71440,22127,1.0
71434,22069,1.0
71430,22079,1.0
71428,22069,1.0
71426,22085,1.0
71425,22025,1.0
71424,22079,1.0
71417,22043,1.0
71416,22069,1.0
71415,22021,1.0
71414,22069,1.0
71410,22127,1.0
71456,22069,1.0
71409,22079,1.0
71407,22043,1.0
71406,22085,1.0
71405,22079,1.0
71401,22025,1.0
71378,22041,1.0
71375,22107,1.0
71373,22029,1.0
71371,22059,1.0
71369,22009,1.0
71366,22107,1.0
71365,22079,1.0
71363,22025,1.0
71361,22079,1.0
71452,22069,1.0
71458,22069,1.0
71724,05139,1.0
71497,22069,1.0
71722,05099,1.0
71721,05019,1.0
71678,05079,1.0
71677,05043,1.0
71674,05041,1.0
71662,05041,1.0
71659,05069,1.0
71653,05017,1.0
71651,05011,1.0
71647,05011,1.0
71640,05017,1.0
71635,05003,1.0
71631,05011,1.0
71630,05041,1.0
71496,22115,1.0
71459,22115,1.0
71486,22085,1.0
71485,22079,1.0
71483,22127,1.0
71480,22059,1.0
71477,22079,1.0
71475,22115,1.0
71474,22115,1.0
71473,22127,1.0
71472,22079,1.0
71471,22127,1.0
71466,22079,1.0
71462,22085,1.0
71461,22115,1.0
71460,22085,1.0
71970,05097,1.0
71998,05019,1.0
71358,22097,1.0
72212,05119,1.0
72203,05119,1.0
72204,05119,1.0
72205,05119,1.0
72207,05119,1.0
72209,05119,1.0
72211,05119,1.0
72214,05119,1.0
71999,05019,1.0
72215,05119,1.0
72216,05119,1.0
72217,05119,1.0
72219,05119,1.0
72221,05119,1.0
72222,05119,1.0
72202,05119,1.0
72201,05119,1.0
72199,05119,1.0
72190,05119,1.0
72183,05119,1.0
72182,05069,1.0
72181,05045,1.0
72180,05119,1.0
72179,05023,1.0
72178,05145,1.0
72170,05117,1.0
72169,05067,1.0
72168,05069,1.0
72166,05001,1.0
72165,05063,1.0
72164,05119,1.0
72157,05029,1.0
72223,05119,1.0
72225,05119,1.0
72227,05119,1.0
72329,05093,1.0
72359,05123,1.0
72358,05093,1.0
72353,05107,1.0
72352,05077,1.0
72351,05093,1.0
72350,05093,1.0
72342,05107,1.0
72341,05077,1.0
72340,05123,1.0
72339,05035,1.0
72338,05093,1.0
72333,05107,1.0
72332,05035,1.0
72330,05093,1.0
72328,05107,1.0
72231,05119,1.0
72327,05035,1.0
72325,05035,1.0
72322,05123,1.0
72321,05093,1.0
72320,05077,1.0
72316,05093,1.0
72315,05093,1.0
72313,05093,1.0
72312,05107,1.0
72311,05077,1.0
72310,05093,1.0
72301,05035,1.0
72260,05119,1.0
72255,05119,1.0
72156,05029,1.0
72152,05069,1.0
72149,05145,1.0
72033,05045,1.0
72058,05045,1.0
72055,05001,1.0
72053,05119,1.0
72052,05145,1.0
72051,05137,1.0
72048,05001,1.0
72047,05045,1.0
72043,05067,1.0
72042,05001,1.0
72041,05117,1.0
72038,05001,1.0
72037,05085,1.0
72035,05045,1.0
72034,05045,1.0
72032,05045,1.0
72061,05045,1.0
72029,05095,1.0
72028,05141,1.0
72027,05029,1.0
72022,05125,1.0
72019,05125,1.0
72018,05125,1.0
72017,05117,1.0
72014,05067,1.0
72012,05145,1.0
72010,05145,1.0
72007,05085,1.0
72006,05147,1.0
72005,05067,1.0
72003,05001,1.0
72059,05147,1.0
72066,05117,1.0
72145,05145,1.0
72115,05119,1.0
72141,05141,1.0
72140,05001,1.0
72139,05145,1.0
72136,05145,1.0
72133,05069,1.0
72130,05023,1.0
72129,05053,1.0
72127,05029,1.0
72124,05119,1.0
72123,05147,1.0
72119,05119,1.0
72118,05119,1.0
72117,05119,1.0
72116,05119,1.0
72114,05119,1.0
72068,05145,1.0
72113,05119,1.0
72110,05029,1.0
72108,05095,1.0
72107,05029,1.0
72102,05145,1.0
72099,05119,1.0
72089,05125,1.0
72085,05145,1.0
72083,05085,1.0
72082,05145,1.0
72078,05119,1.0
72075,05067,1.0
72074,05147,1.0
72070,05105,1.0
71359,22079,1.0
71357,22107,1.0
72367,05107,1.0
70753,22077,1.0
70740,22047,1.0
70743,22093,1.0
70747,22077,1.0
70749,22077,1.0
70750,22097,1.0
70752,22077,1.0
70754,22063,1.0
70820,22033,1.0
70755,22077,1.0
70756,22077,1.0
70759,22077,1.0
70760,22077,1.0
70761,22037,1.0
70762,22077,1.0
70739,22033,1.0
70737,22005,1.0
70734,22005,1.0
70733,22063,1.0
70732,22077,1.0
70730,22037,1.0
70728,22005,1.0
70727,22063,1.0
70726,22063,1.0
70725,22005,1.0
70723,22093,1.0
70721,22047,1.0
70719,22121,1.0
70718,22005,1.0
70715,22077,1.0
70714,22033,1.0
70712,22125,1.0
70763,22093,1.0
70769,22005,1.0
70770,22033,1.0
70803,22033,1.0
70818,22033,1.0
70817,22033,1.0
70816,22033,1.0
70815,22033,1.0
70814,22033,1.0
70812,22033,1.0
70811,22033,1.0
70810,22033,1.0
70809,22033,1.0
70808,22033,1.0
70807,22033,1.0
70806,22033,1.0
70805,22033,1.0
70804,22033,1.0
70802,22033,1.0
70772,22047,1.0
70801,22033,1.0
70792,22093,1.0
70789,22037,1.0
70788,22047,1.0
70787,22125,1.0
70786,22063,1.0
70785,22063,1.0
70784,22125,1.0
70783,22077,1.0
70782,22125,1.0
70780,22047,1.0
70778,22005,1.0
70776,22047,1.0
70773,22077,1.0
70710,22121,1.0
70704,22033,1.0
70669,22019,1.0
70541,22097,1.0
70576,22039,1.0
70575,22113,1.0
70571,22097,1.0
70569,22045,1.0
70562,22045,1.0
70559,22001,1.0
70558,22055,1.0
70556,22001,1.0
70554,22039,1.0
70552,22045,1.0
70551,22097,1.0
70550,22097,1.0
70548,22113,1.0
70543,22001,1.0
70540,22101,1.0
70580,22039,1.0
70538,22101,1.0
70537,22001,1.0
70534,22001,1.0
70531,22001,1.0
70524,22039,1.0
70523,22101,1.0
70522,22101,1.0
70521,22099,1.0
70519,22099,1.0
70516,22001,1.0
70514,22101,1.0
70513,22045,1.0
70510,22113,1.0
70509,22055,1.0
70577,22097,1.0
70581,22053,1.0
70668,22019,1.0
70644,22003,1.0
70665,22019,1.0
70664,22019,1.0
70663,22019,1.0
70660,22011,1.0
70659,22115,1.0
70658,22003,1.0
70655,22003,1.0
70654,22003,1.0
70653,22011,1.0
70652,22011,1.0
70651,22003,1.0
70650,22053,1.0
70646,22019,1.0
70645,22023,1.0
70643,22023,1.0
70584,22097,1.0
70639,22115,1.0
70632,22023,1.0
70631,22023,1.0
70629,22019,1.0
70616,22019,1.0
70615,22019,1.0
70612,22019,1.0
70605,22019,1.0
70602,22019,1.0
70601,22019,1.0
70598,22055,1.0
70596,22055,1.0
70591,22053,1.0
70585,22039,1.0
70819,22033,1.0
70821,22033,1.0
71355,22009,1.0
71247,22049,1.0
71230,22041,1.0
71233,22065,1.0
71240,22073,1.0
71242,22123,1.0
71243,22041,1.0
71245,22061,1.0
71249,22041,1.0
70825,22033,1.0
71250,22067,1.0
71253,22123,1.0
71254,22035,1.0
71259,22083,1.0
71260,22111,1.0
71261,22067,1.0
71226,22049,1.0
71223,22067,1.0
71220,22067,1.0
71219,22041,1.0
71218,22083,1.0
71213,22073,1.0
71212,22073,1.0
71211,22073,1.0
71210,22073,1.0
71209,22073,1.0
71207,22073,1.0
71203,22073,1.0
71202,22073,1.0
71201,22073,1.0
71172,22015,1.0
71171,22015,1.0
71166,22017,1.0
71263,22123,1.0
71266,22123,1.0
71272,22061,1.0
71324,22041,1.0
71350,22009,1.0
71348,22079,1.0
71346,22079,1.0
71345,22097,1.0
71342,22059,1.0
71341,22009,1.0
71340,22025,1.0
71339,22009,1.0
71336,22041,1.0
71333,22009,1.0
71331,22009,1.0
71330,22079,1.0
71329,22009,1.0
71327,22009,1.0
71320,22009,1.0
71273,22061,1.0
71316,22029,1.0
71315,22079,1.0
71307,22079,1.0
71306,22079,1.0
71303,22079,1.0
71302,22079,1.0
71301,22079,1.0
71295,22041,1.0
71294,22073,1.0
71292,22073,1.0
71291,22073,1.0
71281,22073,1.0
71279,22083,1.0
71277,22111,1.0
71165,22017,1.0
71164,22017,1.0
71163,22017,1.0
71009,22017,1.0
71048,22027,1.0
71047,22017,1.0
71045,22013,1.0
71044,22017,1.0
71043,22017,1.0
71040,22027,1.0
71037,22015,1.0
71034,22081,1.0
71033,22017,1.0
71032,22031,1.0
71030,22031,1.0
71029,22017,1.0
71027,22031,1.0
71021,22119,1.0
71008,22013,1.0
71051,22015,1.0
71007,22017,1.0
71006,22015,1.0
71004,22017,1.0
71002,22069,1.0
70898,22033,1.0
70896,22033,1.0
70895,22033,1.0
70892,22033,1.0
70884,22033,1.0
70879,22033,1.0
70874,22033,1.0
70836,22033,1.0
70835,22033,1.0
70827,22033,1.0
71049,22031,1.0
71060,22017,1.0
71162,22017,1.0
71111,22015,1.0
71161,22017,1.0
71149,22017,1.0
71148,22017,1.0
71138,22017,1.0
71137,22015,1.0
71136,22017,1.0
71135,22017,1.0
71134,22017,1.0
71133,22017,1.0
71129,22017,1.0
71119,22017,1.0
71118,22017,1.0
71113,22015,1.0
71112,22015,1.0
71110,22015,1.0
71061,22017,1.0
71109,22017,1.0
71108,22017,1.0
71106,22017,1.0
71103,22017,1.0
71102,22017,1.0
71082,22017,1.0
71080,22013,1.0
71079,22027,1.0
71078,22031,1.0
71073,22119,1.0
71072,22119,1.0
71069,22017,1.0
71066,22069,1.0
71064,22015,1.0
72364,05035,1.0
72369,05107,1.0
74427,40021,1.0
73624,40149,1.0
73568,40033,1.0
73569,40067,1.0
73570,40141,1.0
73571,40057,1.0
73620,40039,1.0
73622,40149,1.0
73625,40039,1.0
73760,40093,1.0
73627,40009,1.0
73628,40129,1.0
73632,40149,1.0
73638,40129,1.0
73639,40039,1.0
73641,40149,1.0
73567,40031,1.0
73565,40067,1.0
73564,40075,1.0
73562,40033,1.0
73560,40065,1.0
73559,40075,1.0
73557,40031,1.0
73556,40065,1.0
73555,40141,1.0
73553,40141,1.0
73551,40141,1.0
73550,40057,1.0
73549,40065,1.0
73548,40067,1.0
73547,40055,1.0
73544,40057,1.0
73542,40141,1.0
73642,40129,1.0
73645,40009,1.0
73659,40043,1.0
73734,40073,1.0
73758,40053,1.0
73756,40073,1.0
73755,40011,1.0
73753,40047,1.0
73750,40073,1.0
73749,40003,1.0
73746,40151,1.0
73744,40011,1.0
73743,40047,1.0
73741,40003,1.0
73738,40047,1.0
73737,40093,1.0
73736,40047,1.0
73735,40047,1.0
73733,40047,1.0
73660,40129,1.0
73731,40151,1.0
73730,40047,1.0
73728,40003,1.0
73727,40047,1.0
73722,40003,1.0
73720,40047,1.0
73719,40003,1.0
73705,40047,1.0
73702,40047,1.0
73701,40047,1.0
73668,40009,1.0
73667,40043,1.0
73663,40043,1.0
73661,40149,1.0
73541,40031,1.0
73540,40031,1.0
73539,40065,1.0
73151,40109,1.0
73195,40109,1.0
73194,40109,1.0
73190,40109,1.0
73189,40027,1.0
73184,40109,1.0
73172,40109,1.0
73170,40027,1.0
73162,40109,1.0
73157,40109,1.0
73156,40109,1.0
73155,40109,1.0
73154,40109,1.0
73153,40027,1.0
73152,40109,1.0
73148,40109,1.0
73402,40019,1.0
73147,40109,1.0
73146,40109,1.0
73145,40109,1.0
73144,40109,1.0
73143,40109,1.0
73141,40109,1.0
73140,40109,1.0
73137,40109,1.0
73136,40109,1.0
73134,40109,1.0
73132,40109,1.0
73131,40109,1.0
73130,40109,1.0
73125,40109,1.0
73301,48453,1.0
73403,40019,1.0
73538,40031,1.0
73487,40019,1.0
73534,40137,1.0
73532,40065,1.0
73531,40033,1.0
73530,40141,1.0
73527,40031,1.0
73523,40065,1.0
73522,40065,1.0
73521,40065,1.0
73520,40067,1.0
73506,40031,1.0
73505,40031,1.0
73503,40031,1.0
73502,40031,1.0
73491,40137,1.0
73460,40069,1.0
73425,40137,1.0
73459,40085,1.0
73458,40019,1.0
73455,40069,1.0
73450,40069,1.0
73449,40013,1.0
73443,40019,1.0
73441,40085,1.0
73440,40095,1.0
73439,40095,1.0
73438,40019,1.0
73437,40019,1.0
73436,40019,1.0
73435,40019,1.0
73430,40085,1.0
73759,40053,1.0
73766,40053,1.0
73122,40109,1.0
74141,40143,1.0
74130,40143,1.0
74133,40143,1.0
74134,40143,1.0
74135,40143,1.0
74136,40143,1.0
74137,40143,1.0
74145,40143,1.0
73768,40093,1.0
74146,40143,1.0
74147,40143,1.0
74148,40143,1.0
74149,40143,1.0
74150,40143,1.0
74152,40143,1.0
74129,40143,1.0
74128,40143,1.0
74120,40143,1.0
74119,40143,1.0
74117,40143,1.0
74115,40143,1.0
74114,40143,1.0
74112,40143,1.0
74110,40143,1.0
74105,40143,1.0
74104,40143,1.0
74101,40143,1.0
74084,40113,1.0
74082,40147,1.0
74078,40119,1.0
74077,40119,1.0
74076,40119,1.0
74153,40143,1.0
74155,40143,1.0
74156,40143,1.0
74342,40041,1.0
74426,40091,1.0
74425,40121,1.0
74423,40101,1.0
74402,40101,1.0
74401,40101,1.0
74369,40035,1.0
74368,40041,1.0
74367,40097,1.0
74363,40115,1.0
74360,40115,1.0
74358,40115,1.0
74349,40035,1.0
74346,40041,1.0
74345,40041,1.0
74340,40097,1.0
74157,40143,1.0
74339,40115,1.0
74338,40041,1.0
74335,40115,1.0
74193,40143,1.0
74192,40143,1.0
74187,40143,1.0
74186,40143,1.0
74182,40143,1.0
74172,40143,1.0
74171,40143,1.0
74170,40143,1.0
74169,40143,1.0
74159,40143,1.0
74158,40143,1.0
74074,40119,1.0
74072,40105,1.0
74071,40037,1.0
73853,40153,1.0
73945,40139,1.0
73944,40139,1.0
73942,40139,1.0
73939,40139,1.0
73938,40007,1.0
73937,40025,1.0
73933,40025,1.0
73932,40007,1.0
73931,40007,1.0
73901,40139,1.0
73860,40151,1.0
73858,40045,1.0
73857,40153,1.0
73855,40059,1.0
73851,40059,1.0
73947,40025,1.0
73844,40007,1.0
73843,40045,1.0
73842,40151,1.0
73841,40153,1.0
73838,40093,1.0
73835,40043,1.0
73834,40059,1.0
73832,40045,1.0
73802,40153,1.0
73801,40153,1.0
73773,40047,1.0
73772,40011,1.0
73771,40053,1.0
73770,40011,1.0
73946,40025,1.0
73949,40139,1.0
74068,40037,1.0
74034,40117,1.0
74067,40037,1.0
74062,40119,1.0
74060,40113,1.0
74058,40117,1.0
74056,40113,1.0
74054,40113,1.0
74052,40037,1.0
74050,40143,1.0
74046,40037,1.0
74043,40143,1.0
74042,40105,1.0
74041,40037,1.0
74039,40037,1.0
74035,40113,1.0
74031,40131,1.0
73950,40007,1.0
74029,40147,1.0
74027,40105,1.0
74026,40081,1.0
74020,40117,1.0
74018,40131,1.0
74017,40131,1.0
74013,40143,1.0
74012,40143,1.0
74011,40143,1.0
74005,40147,1.0
74002,40113,1.0
74001,40113,1.0
73960,48421,1.0
73951,40139,1.0
73123,40109,1.0
73121,40109,1.0
72370,05093,1.0
72623,05005,1.0
72587,05065,1.0
72602,05009,1.0
72613,05015,1.0
72615,05009,1.0
72616,05015,1.0
72619,05089,1.0
72626,05005,1.0
72730,05143,1.0
72628,05101,1.0
72631,05015,1.0
72634,05089,1.0
72635,05005,1.0
72636,05129,1.0
72639,05129,1.0
72585,05065,1.0
72584,05065,1.0
72583,05049,1.0
72581,05023,1.0
72578,05049,1.0
72575,05063,1.0
72573,05065,1.0
72571,05063,1.0
72569,05135,1.0
72567,05137,1.0
72565,05065,1.0
72564,05063,1.0
72562,05063,1.0
72561,05065,1.0
72555,05137,1.0
72553,05063,1.0
72546,05023,1.0
72640,05101,1.0
72641,05101,1.0
72642,05005,1.0
72677,05089,1.0
72728,05143,1.0
72722,05007,1.0
72719,05007,1.0
72718,05007,1.0
72717,05143,1.0
72716,05007,1.0
72715,05007,1.0
72714,05007,1.0
72713,05007,1.0
72712,05007,1.0
72711,05007,1.0
72702,05143,1.0
72701,05143,1.0
72683,05101,1.0
72672,05089,1.0
72643,05009,1.0
72670,05101,1.0
72669,05129,1.0
72668,05089,1.0
72666,05101,1.0
72663,05137,1.0
72661,05089,1.0
72660,05015,1.0
72659,05005,1.0
72658,05005,1.0
72657,05137,1.0
72655,05101,1.0
72654,05005,1.0
72651,05005,1.0
72648,05101,1.0
72545,05023,1.0
72543,05023,1.0
72540,05065,1.0
72412,05055,1.0
72440,05075,1.0
72437,05031,1.0
72435,05021,1.0
72433,05075,1.0
72432,05111,1.0
72431,05067,1.0
72430,05021,1.0
72429,05111,1.0
72428,05093,1.0
72427,05031,1.0
72426,05093,1.0
72424,05021,1.0
72415,05075,1.0
72414,05031,1.0
72411,05031,1.0
72443,05055,1.0
72404,05031,1.0
72403,05031,1.0
72402,05031,1.0
72395,05093,1.0
72394,05123,1.0
72391,05093,1.0
72390,05107,1.0
72389,05107,1.0
72387,05037,1.0
72384,05035,1.0
72383,05107,1.0
72379,05041,1.0
72377,05111,1.0
72373,05037,1.0
72441,05021,1.0
72444,05121,1.0
72539,05049,1.0
72474,05055,1.0
72537,05005,1.0
72536,05065,1.0
72533,05137,1.0
72528,05065,1.0
72527,05063,1.0
72526,05063,1.0
72524,05063,1.0
72522,05063,1.0
72520,05049,1.0
72517,05065,1.0
72515,05049,1.0
72503,05063,1.0
72478,05121,1.0
72475,05111,1.0
72473,05067,1.0
72445,05075,1.0
72470,05021,1.0
72467,05031,1.0
72465,05075,1.0
72464,05021,1.0
72462,05121,1.0
72460,05121,1.0
72458,05075,1.0
72457,05075,1.0
72456,05021,1.0
72455,05121,1.0
72454,05021,1.0
72451,05055,1.0
72449,05121,1.0
72447,05031,1.0
72729,05143,1.0
72732,05007,1.0
73120,40109,1.0
73033,40015,1.0
73019,40027,1.0
73022,40017,1.0
73023,40051,1.0
73029,40015,1.0
73031,40087,1.0
73032,40099,1.0
73036,40017,1.0
72733,05007,1.0
73038,40015,1.0
73042,40015,1.0
73043,40011,1.0
73044,40083,1.0
73049,40109,1.0
73050,40083,1.0
73018,40051,1.0
73014,40017,1.0
73013,40109,1.0
73012,40109,1.0
73009,40015,1.0
73008,40109,1.0
73005,40015,1.0
73004,40051,1.0
73003,40109,1.0
73001,40015,1.0
72958,05127,1.0
72957,05033,1.0
72956,05033,1.0
72955,05033,1.0
72952,05033,1.0
72950,05127,1.0
72945,05131,1.0
73053,40015,1.0
73058,40083,1.0
73064,40017,1.0
73101,40109,1.0
73119,40109,1.0
73118,40109,1.0
73117,40109,1.0
73116,40109,1.0
73114,40109,1.0
73113,40109,1.0
73112,40109,1.0
73109,40109,1.0
73108,40109,1.0
73107,40109,1.0
73106,40109,1.0
73105,40109,1.0
73103,40109,1.0
73102,40109,1.0
73097,40109,1.0
73066,40109,1.0
73093,40087,1.0
73090,40017,1.0
73089,40051,1.0
73086,40099,1.0
73085,40017,1.0
73084,40109,1.0
73083,40109,1.0
73080,40087,1.0
73075,40049,1.0
73071,40027,1.0
73070,40027,1.0
73069,40027,1.0
73068,40027,1.0
73067,40051,1.0
72941,05131,1.0
72940,05131,1.0
72938,05131,1.0
72766,05143,1.0
72828,05149,1.0
72827,05149,1.0
72826,05083,1.0
72824,05149,1.0
72820,05047,1.0
72812,05115,1.0
72811,05115,1.0
72802,05115,1.0
72801,05115,1.0
72776,05087,1.0
72774,05143,1.0
72770,05143,1.0
72769,05143,1.0
72768,05007,1.0
72765,05143,1.0
72830,05071,1.0
72760,05087,1.0
72758,05007,1.0
72757,05007,1.0
72753,05143,1.0
72751,05007,1.0
72749,05143,1.0
72747,05007,1.0
72745,05007,1.0
72744,05143,1.0
72741,05143,1.0
72739,05007,1.0
72737,05143,1.0
72736,05007,1.0
72735,05143,1.0
72829,05149,1.0
72832,05071,1.0
72937,05131,1.0
72906,05131,1.0
72936,05131,1.0
72935,05033,1.0
72934,05033,1.0
72932,05033,1.0
72926,05127,1.0
72923,05131,1.0
72921,05033,1.0
72919,05131,1.0
72918,05131,1.0
72917,05131,1.0
72916,05131,1.0
72914,05131,1.0
72913,05131,1.0
72908,05131,1.0
72905,05131,1.0
72835,05083,1.0
72904,05131,1.0
72903,05131,1.0
72902,05131,1.0
72901,05131,1.0
72865,05083,1.0
72863,05083,1.0
72860,05149,1.0
72858,05115,1.0
72854,05071,1.0
72851,05083,1.0
72845,05071,1.0
72843,05115,1.0
72840,05071,1.0
72837,05115,1.0
77623,48167,1.0
77625,48199,1.0
85731,04019,1.0
83630,16027,1.0
83615,16085,1.0
83619,16075,1.0
83622,16015,1.0
83623,16039,1.0
83626,16027,1.0
83628,16073,1.0
83631,16015,1.0
83725,16001,1.0
83633,16039,1.0
83635,16085,1.0
83636,16045,1.0
83637,16015,1.0
83639,16073,1.0
83642,16001,1.0
83612,16003,1.0
83611,16085,1.0
83610,16087,1.0
83606,16027,1.0
83605,16027,1.0
83604,16073,1.0
83602,16015,1.0
83554,16049,1.0
83553,16035,1.0
83552,16049,1.0
83549,16049,1.0
83546,16035,1.0
83543,16061,1.0
83542,16049,1.0
83540,16069,1.0
83539,16049,1.0
83533,16049,1.0
83643,16003,1.0
83644,16027,1.0
83645,16087,1.0
83702,16001,1.0
83720,16001,1.0
83719,16001,1.0
83717,16001,1.0
83715,16001,1.0
83713,16001,1.0
83712,16001,1.0
83711,16001,1.0
83709,16001,1.0
83708,16001,1.0
83707,16001,1.0
83706,16001,1.0
83705,16001,1.0
83704,16001,1.0
83703,16001,1.0
83701,16001,1.0
83646,16001,1.0
83686,16027,1.0
83680,16001,1.0
83677,16085,1.0
83676,16027,1.0
83672,16087,1.0
83671,16049,1.0
83666,16015,1.0
83657,16045,1.0
83656,16027,1.0
83653,16027,1.0
83651,16027,1.0
83650,16073,1.0
83648,16039,1.0
83647,16039,1.0
83531,16049,1.0
83530,16049,1.0
83526,16049,1.0
83324,16063,1.0
83354,16013,1.0
83353,16013,1.0
83349,16063,1.0
83348,16013,1.0
83346,16031,1.0
83343,16067,1.0
83341,16083,1.0
83340,16013,1.0
83337,16047,1.0
83336,16067,1.0
83334,16083,1.0
83333,16013,1.0
83328,16083,1.0
83325,16053,1.0
83322,16025,1.0
83403,16019,1.0
83321,16083,1.0
83320,16013,1.0
83314,16047,1.0
83313,16013,1.0
83312,16031,1.0
83311,16031,1.0
83303,16083,1.0
83287,16007,1.0
83286,16041,1.0
83283,16041,1.0
83281,16005,1.0
83278,16037,1.0
83277,16011,1.0
83272,16007,1.0
83355,16047,1.0
83405,16019,1.0
83525,16049,1.0
83452,16081,1.0
83523,16061,1.0
83520,16035,1.0
83501,16069,1.0
83469,16059,1.0
83468,16059,1.0
83467,16059,1.0
83466,16059,1.0
83465,16059,1.0
83464,16059,1.0
83463,16059,1.0
83462,16059,1.0
83460,16065,1.0
83455,16081,1.0
83454,16019,1.0
83450,16051,1.0
83406,16019,1.0
83449,16019,1.0
83446,16033,1.0
83441,16065,1.0
83438,16043,1.0
83433,16043,1.0
83431,16051,1.0
83429,16043,1.0
83428,16019,1.0
83427,16019,1.0
83425,16051,1.0
83424,16081,1.0
83421,16043,1.0
83420,16043,1.0
83414,56039,1.0
83724,16001,1.0
83728,16001,1.0
83263,16041,1.0
84044,49035,1.0
84038,49033,1.0
84039,49047,1.0
84040,49011,1.0
84041,49011,1.0
84042,49049,1.0
84043,49049,1.0
84045,49049,1.0
83729,16001,1.0
84046,49009,1.0
84047,49035,1.0
84049,49051,1.0
84050,49029,1.0
84051,49013,1.0
84053,49013,1.0
84037,49011,1.0
84035,49047,1.0
84034,49045,1.0
84033,49043,1.0
84032,49051,1.0
84031,49013,1.0
84029,49045,1.0
84028,49033,1.0
84027,49013,1.0
84026,49047,1.0
84025,49011,1.0
84024,49043,1.0
84023,49009,1.0
84022,49045,1.0
84021,49013,1.0
84018,49029,1.0
84016,49011,1.0
84054,49011,1.0
84055,49043,1.0
84057,49049,1.0
84076,49047,1.0
84091,49035,1.0
84090,49035,1.0
84089,49011,1.0
84088,49035,1.0
84087,49011,1.0
84086,49033,1.0
84085,49047,1.0
84084,49035,1.0
84083,49045,1.0
84082,49051,1.0
84081,49035,1.0
84080,49045,1.0
84079,49047,1.0
84078,49047,1.0
84075,49011,1.0
84058,49049,1.0
84074,49045,1.0
84073,49013,1.0
84072,49013,1.0
84071,49045,1.0
84070,49035,1.0
84069,49045,1.0
84068,49043,1.0
84067,49057,1.0
84065,49035,1.0
84064,49033,1.0
84063,49047,1.0
84062,49049,1.0
84061,49043,1.0
84059,49049,1.0
84015,49011,1.0
84014,49011,1.0
84013,49049,1.0
83823,16057,1.0
83845,16021,1.0
83844,16057,1.0
83843,16057,1.0
83842,16055,1.0
83841,16017,1.0
83840,16017,1.0
83839,16079,1.0
83837,16079,1.0
83836,16017,1.0
83835,16055,1.0
83834,16057,1.0
83827,16035,1.0
83826,16021,1.0
83825,16017,1.0
83822,16017,1.0
83847,16021,1.0
83821,16017,1.0
83816,16055,1.0
83815,16055,1.0
83814,16055,1.0
83813,16017,1.0
83812,16079,1.0
83811,16017,1.0
83809,16017,1.0
83808,16079,1.0
83806,16057,1.0
83805,16021,1.0
83804,16017,1.0
83802,16079,1.0
83735,16001,1.0
83846,16079,1.0
83848,16017,1.0
84011,49011,1.0
83871,16057,1.0
84010,49011,1.0
84009,49035,1.0
84008,49047,1.0
84007,49013,1.0
84006,49035,1.0
84005,49049,1.0
84004,49049,1.0
84003,49049,1.0
84002,49013,1.0
84001,49013,1.0
83877,16055,1.0
83874,16079,1.0
83873,16079,1.0
83872,16057,1.0
83870,16009,1.0
83849,16079,1.0
83868,16079,1.0
83867,16079,1.0
83866,16009,1.0
83865,16017,1.0
83864,16017,1.0
83860,16017,1.0
83858,16055,1.0
83857,16057,1.0
83856,16017,1.0
83855,16057,1.0
83854,16055,1.0
83853,16021,1.0
83852,16017,1.0
83850,16079,1.0
83271,16077,1.0
83262,16011,1.0
84093,49035,1.0
82070,56001,1.0
82054,56021,1.0
82055,56001,1.0
82058,56001,1.0
82059,56021,1.0
82060,56021,1.0
82063,56001,1.0
82071,56001,1.0
82433,56029,1.0
82072,56001,1.0
82073,56001,1.0
82081,56021,1.0
82082,56021,1.0
82084,56001,1.0
82212,56015,1.0
82053,56021,1.0
82051,56001,1.0
82050,56021,1.0
82010,56021,1.0
82009,56021,1.0
82007,56021,1.0
82005,56021,1.0
82003,56021,1.0
82002,56021,1.0
82001,56021,1.0
81658,08037,1.0
81657,08037,1.0
81656,08097,1.0
81655,08037,1.0
81653,08081,1.0
81652,08045,1.0
81649,08037,1.0
82213,56031,1.0
82214,56031,1.0
82215,56031,1.0
82327,56007,1.0
82431,56003,1.0
82430,56017,1.0
82428,56003,1.0
82426,56003,1.0
82422,56003,1.0
82420,56003,1.0
82414,56029,1.0
82412,56003,1.0
82410,56003,1.0
82336,56037,1.0
82335,56007,1.0
82334,56007,1.0
82332,56007,1.0
82331,56007,1.0
82325,56007,1.0
82217,56015,1.0
82324,56007,1.0
82323,56007,1.0
82322,56037,1.0
82321,56007,1.0
82310,56013,1.0
82244,56015,1.0
82243,56015,1.0
82240,56015,1.0
82229,56009,1.0
82223,56015,1.0
82222,56027,1.0
82221,56015,1.0
82219,56015,1.0
82218,56015,1.0
81648,08103,1.0
81647,08045,1.0
81646,08077,1.0
81335,08083,1.0
81427,08091,1.0
81426,08113,1.0
81425,08085,1.0
81424,08085,1.0
81422,08085,1.0
81420,08029,1.0
81419,08029,1.0
81418,08029,1.0
81414,08029,1.0
81413,08029,1.0
81411,08085,1.0
81410,08029,1.0
81402,08085,1.0
81401,08085,1.0
81334,08083,1.0
81430,08113,1.0
81332,08033,1.0
81330,08083,1.0
81329,08067,1.0
81327,08083,1.0
81326,08067,1.0
81325,08113,1.0
81321,08083,1.0
81303,08067,1.0
81302,08067,1.0
81290,08043,1.0
81251,08065,1.0
81248,08109,1.0
81244,08043,1.0
81243,08051,1.0
81429,08085,1.0
81431,08085,1.0
81645,08037,1.0
81527,08077,1.0
81643,08077,1.0
81640,08081,1.0
81639,08107,1.0
81633,08081,1.0
81632,08037,1.0
81631,08037,1.0
81624,08077,1.0
81620,08037,1.0
81615,08097,1.0
81612,08097,1.0
81611,08097,1.0
81610,08081,1.0
81602,08045,1.0
81601,08045,1.0
81526,08077,1.0
81433,08111,1.0
81525,08077,1.0
81524,08077,1.0
81523,08077,1.0
81522,08077,1.0
81521,08077,1.0
81520,08077,1.0
81507,08077,1.0
81506,08077,1.0
81505,08077,1.0
81504,08077,1.0
81503,08077,1.0
81502,08077,1.0
81501,08077,1.0
81435,08113,1.0
82432,56003,1.0
82434,56003,1.0
83261,16007,1.0
83119,56023,1.0
83111,56023,1.0
83112,56023,1.0
83114,56023,1.0
83115,56035,1.0
83116,56023,1.0
83118,56023,1.0
83120,56023,1.0
82440,56029,1.0
83122,56023,1.0
83123,56023,1.0
83124,56023,1.0
83126,56023,1.0
83127,56023,1.0
83128,56023,1.0
83110,56023,1.0
83101,56023,1.0
83025,56039,1.0
83014,56039,1.0
83013,56039,1.0
83012,56039,1.0
83011,56039,1.0
83002,56039,1.0
83001,56039,1.0
82945,56037,1.0
82944,56041,1.0
82943,56037,1.0
82942,56037,1.0
82941,56035,1.0
82939,56041,1.0
82937,56041,1.0
82936,56041,1.0
83201,16005,1.0
83203,16011,1.0
83205,16005,1.0
83233,16007,1.0
83256,16011,1.0
83254,16007,1.0
83252,16071,1.0
83251,16037,1.0
83250,16005,1.0
83246,16005,1.0
83245,16005,1.0
83244,16023,1.0
83243,16071,1.0
83239,16007,1.0
83238,16007,1.0
83237,16041,1.0
83236,16011,1.0
83234,16005,1.0
83232,16041,1.0
83206,16005,1.0
83229,16059,1.0
83228,16041,1.0
83227,16037,1.0
83223,16007,1.0
83221,16011,1.0
83220,16007,1.0
83218,16011,1.0
83217,16029,1.0
83215,16011,1.0
83214,16005,1.0
83213,16023,1.0
83212,16077,1.0
83210,16011,1.0
83209,16005,1.0
82935,56037,1.0
82934,56037,1.0
82933,56041,1.0
82605,56025,1.0
82648,56025,1.0
82646,56025,1.0
82644,56025,1.0
82643,56025,1.0
82642,56013,1.0
82640,56019,1.0
82638,56025,1.0
82637,56009,1.0
82635,56025,1.0
82633,56009,1.0
82630,56025,1.0
82620,56025,1.0
82615,56007,1.0
82609,56025,1.0
82602,56025,1.0
82710,56011,1.0
82601,56025,1.0
82524,56013,1.0
82523,56013,1.0
82520,56013,1.0
82516,56013,1.0
82515,56013,1.0
82514,56013,1.0
82513,56013,1.0
82512,56013,1.0
82510,56013,1.0
82501,56013,1.0
82450,56029,1.0
82443,56017,1.0
82441,56003,1.0
82649,56013,1.0
82711,56011,1.0
82932,56037,1.0
82837,56033,1.0
82931,56041,1.0
82930,56041,1.0
82929,56037,1.0
82925,56035,1.0
82923,56035,1.0
82922,56035,1.0
82902,56037,1.0
82901,56037,1.0
82845,56033,1.0
82844,56033,1.0
82842,56033,1.0
82840,56019,1.0
82839,56033,1.0
82838,56033,1.0
82836,56033,1.0
82712,56011,1.0
82834,56019,1.0
82833,56033,1.0
82801,56033,1.0
82732,56005,1.0
82731,56005,1.0
82727,56005,1.0
82725,56005,1.0
82723,56045,1.0
82720,56011,1.0
82718,56005,1.0
82717,56005,1.0
82716,56005,1.0
82715,56045,1.0
82714,56011,1.0
84092,49035,1.0
84094,49035,1.0
81241,08051,1.0
85271,04013,1.0
85263,04013,1.0
85264,04013,1.0
85266,04013,1.0
85267,04013,1.0
85268,04013,1.0
85269,04013,1.0
85274,04013,1.0
85334,04012,1.0
85275,04013,1.0
85277,04013,1.0
85280,04013,1.0
85281,04013,1.0
85282,04013,1.0
85283,04013,1.0
85262,04013,1.0
85261,04013,1.0
85260,04013,1.0
85259,04013,1.0
85258,04013,1.0
85257,04013,1.0
85256,04013,1.0
85255,04013,1.0
85254,04013,1.0
85253,04013,1.0
85252,04013,1.0
85251,04013,1.0
85250,04013,1.0
85249,04013,1.0
85246,04013,1.0
85244,04013,1.0
85236,04013,1.0
85284,04013,1.0
85285,04013,1.0
85286,04013,1.0
85310,04013,1.0
85331,04013,1.0
85329,04013,1.0
85328,04012,1.0
85327,04013,1.0
85326,04013,1.0
85325,04012,1.0
85324,04025,1.0
85323,04013,1.0
85322,04013,1.0
85321,04019,1.0
85320,04013,1.0
85318,04013,1.0
85312,04013,1.0
85311,04013,1.0
85309,04013,1.0
85287,04013,1.0
85308,04013,1.0
85307,04013,1.0
85306,04013,1.0
85305,04013,1.0
85304,04013,1.0
85303,04013,1.0
85302,04013,1.0
85301,04013,1.0
85299,04013,1.0
85298,04013,1.0
85297,04013,1.0
85296,04013,1.0
85295,04013,1.0
85288,04013,1.0
85234,04013,1.0
85233,04013,1.0
85226,04013,1.0
85071,04013,1.0
85123,04021,1.0
85122,04021,1.0
85118,04021,1.0
85117,04021,1.0
85087,04013,1.0
85086,04013,1.0
85085,04013,1.0
85083,04013,1.0
85082,04013,1.0
85080,04013,1.0
85079,04013,1.0
85078,04013,1.0
85076,04013,1.0
85074,04013,1.0
85070,04013,1.0
85128,04021,1.0
85069,04013,1.0
85068,04013,1.0
85067,04013,1.0
85066,04013,1.0
85064,04013,1.0
85063,04013,1.0
85061,04013,1.0
85060,04013,1.0
85054,04013,1.0
85053,04013,1.0
85051,04013,1.0
85050,04013,1.0
85048,04013,1.0
85046,04013,1.0
85127,04013,1.0
85130,04021,1.0
85225,04013,1.0
85202,04013,1.0
85224,04013,1.0
85216,04013,1.0
85215,04013,1.0
85214,04013,1.0
85213,04013,1.0
85211,04013,1.0
85210,04013,1.0
85209,04013,1.0
85208,04013,1.0
85207,04013,1.0
85206,04013,1.0
85205,04013,1.0
85204,04013,1.0
85203,04013,1.0
85201,04013,1.0
85131,04021,1.0
85194,04021,1.0
85193,04021,1.0
85191,04021,1.0
85178,04021,1.0
85173,04021,1.0
85172,04021,1.0
85147,04013,1.0
85145,04021,1.0
85144,04021,1.0
85141,04021,1.0
85138,04021,1.0
85137,04021,1.0
85135,04007,1.0
85132,04021,1.0
85332,04025,1.0
85335,04013,1.0
85044,04013,1.0
85630,04003,1.0
85623,04021,1.0
85625,04003,1.0
85626,04003,1.0
85627,04003,1.0
85628,04023,1.0
85629,04019,1.0
85631,04021,1.0
85336,04027,1.0
85632,04003,1.0
85633,04019,1.0
85634,04019,1.0
85635,04003,1.0
85636,04003,1.0
85638,04003,1.0
85622,04019,1.0
85621,04023,1.0
85620,04003,1.0
85619,04019,1.0
85618,04021,1.0
85617,04003,1.0
85616,04003,1.0
85615,04003,1.0
85613,04003,1.0
85610,04003,1.0
85609,04003,1.0
85608,04003,1.0
85607,04003,1.0
85606,04003,1.0
85605,04003,1.0
85603,04003,1.0
85601,04019,1.0
85639,04019,1.0
85640,04023,1.0
85641,04019,1.0
85712,04019,1.0
85730,04019,1.0
85728,04019,1.0
85726,04019,1.0
85725,04019,1.0
85724,04019,1.0
85723,04019,1.0
85721,04019,1.0
85719,04019,1.0
85718,04019,1.0
85717,04019,1.0
85716,04019,1.0
85715,04019,1.0
85714,04019,1.0
85713,04019,1.0
85711,04019,1.0
85646,04023,1.0
85710,04019,1.0
85709,04019,1.0
85708,04019,1.0
85707,04019,1.0
85706,04019,1.0
85705,04019,1.0
85704,04019,1.0
85703,04019,1.0
85702,04019,1.0
85701,04019,1.0
85654,04019,1.0
85652,04019,1.0
85650,04003,1.0
85648,04023,1.0
85554,04007,1.0
85553,04007,1.0
85552,04009,1.0
85353,04013,1.0
85372,04013,1.0
85367,04027,1.0
85366,04027,1.0
85365,04027,1.0
85364,04027,1.0
85363,04013,1.0
85362,04025,1.0
85361,04013,1.0
85360,04015,1.0
85359,04012,1.0
85357,04012,1.0
85356,04027,1.0
85355,04013,1.0
85354,04013,1.0
85352,04027,1.0
85374,04013,1.0
85351,04013,1.0
85350,04027,1.0
85349,04027,1.0
85348,04012,1.0
85347,04027,1.0
85346,04012,1.0
85345,04013,1.0
85344,04012,1.0
85343,04013,1.0
85341,04019,1.0
85340,04013,1.0
85339,04013,1.0
85338,04013,1.0
85337,04013,1.0
85373,04013,1.0
85375,04013,1.0
85551,04009,1.0
85531,04009,1.0
85550,04009,1.0
85548,04009,1.0
85547,04007,1.0
85546,04009,1.0
85544,04007,1.0
85543,04009,1.0
85542,04007,1.0
85541,04007,1.0
85540,04011,1.0
85536,04009,1.0
85535,04009,1.0
85534,04011,1.0
85533,04011,1.0
85532,04007,1.0
85530,04009,1.0
85376,04013,1.0
85501,04007,1.0
85396,04013,1.0
85395,04013,1.0
85392,04013,1.0
85388,04013,1.0
85387,04013,1.0
85385,04013,1.0
85383,04013,1.0
85382,04013,1.0
85381,04013,1.0
85380,04013,1.0
85379,04013,1.0
85378,04013,1.0
85377,04013,1.0
85045,04013,1.0
85043,04013,1.0
84095,49035,1.0
84407,49057,1.0
84340,49003,1.0
84341,49005,1.0
84401,49057,1.0
84402,49057,1.0
84403,49057,1.0
84404,49057,1.0
84408,49057,1.0
84630,49039,1.0
84409,49057,1.0
84412,49057,1.0
84414,49057,1.0
84415,49057,1.0
84510,49037,1.0
84511,49037,1.0
84339,49005,1.0
84338,49005,1.0
84337,49003,1.0
84336,49003,1.0
84335,49005,1.0
84334,49003,1.0
84333,49005,1.0
84332,49005,1.0
84331,49003,1.0
84330,49003,1.0
84329,49003,1.0
84328,49005,1.0
84327,49005,1.0
84326,49005,1.0
84325,49005,1.0
84324,49003,1.0
84323,49005,1.0
84512,49037,1.0
84513,49015,1.0
84515,49019,1.0
84539,49007,1.0
84627,49039,1.0
84626,49049,1.0
84624,49027,1.0
84623,49039,1.0
84622,49039,1.0
84621,49039,1.0
84620,49041,1.0
84606,49049,1.0
84605,49049,1.0
84603,49049,1.0
84602,49049,1.0
84601,49049,1.0
84542,49007,1.0
84540,49019,1.0
84537,49015,1.0
84516,49015,1.0
84536,49037,1.0
84535,49037,1.0
84534,49037,1.0
84533,49037,1.0
84531,49037,1.0
84530,49037,1.0
84529,49007,1.0
84528,49015,1.0
84526,49007,1.0
84523,49015,1.0
84522,49015,1.0
84521,49015,1.0
84520,49007,1.0
84518,49015,1.0
84322,49005,1.0
84321,49005,1.0
84320,49005,1.0
84114,49035,1.0
84129,49035,1.0
84128,49035,1.0
84127,49035,1.0
84126,49035,1.0
84125,49035,1.0
84124,49035,1.0
84123,49035,1.0
84122,49035,1.0
84121,49035,1.0
84120,49035,1.0
84119,49035,1.0
84118,49035,1.0
84117,49035,1.0
84115,49035,1.0
84113,49035,1.0
84133,49035,1.0
84112,49035,1.0
84111,49035,1.0
84110,49035,1.0
84109,49035,1.0
84108,49035,1.0
84107,49035,1.0
84106,49035,1.0
84105,49035,1.0
84104,49035,1.0
84103,49035,1.0
84102,49035,1.0
84101,49035,1.0
84097,49049,1.0
84096,49035,1.0
84132,49035,1.0
84134,49035,1.0
84319,49005,1.0
84301,49003,1.0
84318,49005,1.0
84317,49057,1.0
84316,49003,1.0
84314,49003,1.0
84313,49003,1.0
84311,49003,1.0
84310,49057,1.0
84309,49003,1.0
84308,49005,1.0
84307,49003,1.0
84306,49003,1.0
84305,49005,1.0
84304,49005,1.0
84302,49003,1.0
84201,49057,1.0
84138,49035,1.0
84199,49035,1.0
84190,49035,1.0
84180,49035,1.0
84171,49035,1.0
84170,49035,1.0
84165,49035,1.0
84158,49035,1.0
84157,49035,1.0
84152,49035,1.0
84151,49035,1.0
84150,49035,1.0
84148,49035,1.0
84143,49035,1.0
84139,49035,1.0
84628,49023,1.0
84631,49027,1.0
85042,04013,1.0
84783,49053,1.0
84775,49055,1.0
84776,49017,1.0
84779,49053,1.0
84780,49053,1.0
84781,49053,1.0
84782,49053,1.0
84784,49053,1.0
84632,49039,1.0
84790,49053,1.0
84791,49053,1.0
85001,04013,1.0
85002,04013,1.0
85003,04013,1.0
85004,04013,1.0
84774,49053,1.0
84773,49055,1.0
84772,49021,1.0
84771,49053,1.0
84770,49053,1.0
84767,49053,1.0
84766,49041,1.0
84765,49053,1.0
84764,49017,1.0
84763,49053,1.0
84762,49025,1.0
84761,49021,1.0
84760,49021,1.0
84759,49017,1.0
84758,49025,1.0
84756,49021,1.0
84755,49025,1.0
85005,04013,1.0
85006,04013,1.0
85007,04013,1.0
85024,04013,1.0
85041,04013,1.0
85040,04013,1.0
85037,04013,1.0
85036,04013,1.0
85035,04013,1.0
85034,04013,1.0
85033,04013,1.0
85032,04013,1.0
85031,04013,1.0
85030,04013,1.0
85029,04013,1.0
85028,04013,1.0
85027,04013,1.0
85026,04013,1.0
85023,04013,1.0
85008,04013,1.0
85022,04013,1.0
85021,04013,1.0
85020,04013,1.0
85019,04013,1.0
85018,04013,1.0
85017,04013,1.0
85016,04013,1.0
85015,04013,1.0
85014,04013,1.0
85013,04013,1.0
85012,04013,1.0
85011,04013,1.0
85010,04013,1.0
85009,04013,1.0
84754,49041,1.0
84753,49021,1.0
84752,49001,1.0
84649,49027,1.0
84710,49025,1.0
84701,49041,1.0
84667,49039,1.0
84665,49039,1.0
84664,49049,1.0
84663,49049,1.0
84662,49039,1.0
84660,49049,1.0
84657,49041,1.0
84656,49027,1.0
84654,49041,1.0
84653,49049,1.0
84652,49041,1.0
84651,49049,1.0
84648,49023,1.0
84713,49001,1.0
84647,49039,1.0
84646,49039,1.0
84645,49023,1.0
84644,49027,1.0
84643,49039,1.0
84642,49039,1.0
84640,49027,1.0
84639,49023,1.0
84638,49027,1.0
84637,49027,1.0
84636,49027,1.0
84635,49027,1.0
84634,49039,1.0
84633,49049,1.0
84711,49041,1.0
84714,49021,1.0
84751,49001,1.0
84735,49017,1.0
84750,49031,1.0
84749,49055,1.0
84747,49055,1.0
84746,49053,1.0
84745,49053,1.0
84744,49041,1.0
84743,49031,1.0
84742,49021,1.0
84741,49025,1.0
84740,49031,1.0
84739,49041,1.0
84738,49053,1.0
84737,49053,1.0
84736,49017,1.0
84734,49055,1.0
84715,49055,1.0
84733,49053,1.0
84732,49031,1.0
84731,49001,1.0
84730,49041,1.0
84729,49025,1.0
84728,49027,1.0
84726,49017,1.0
84725,49053,1.0
84724,49041,1.0
84723,49031,1.0
84721,49021,1.0
84719,49021,1.0
84718,49017,1.0
84716,49017,1.0
81242,08015,1.0
81240,08043,1.0
77626,48361,1.0
78646,48491,1.0
78628,48491,1.0
78630,48491,1.0
78633,48491,1.0
78638,48187,1.0
78644,48055,1.0
78645,48453,1.0
78651,48491,1.0
78734,48453,1.0
78661,48055,1.0
78665,48491,1.0
78667,48209,1.0
78670,48187,1.0
78672,48299,1.0
78673,48491,1.0
78627,48491,1.0
78626,48491,1.0
78622,48055,1.0
78619,48209,1.0
78618,48171,1.0
78614,48177,1.0
78609,48299,1.0
78608,48053,1.0
78607,48299,1.0
78604,48177,1.0
78602,48021,1.0
78599,48215,1.0
78598,48489,1.0
78597,48061,1.0
78596,48215,1.0
78595,48215,1.0
78594,48489,1.0
78674,48491,1.0
78675,48171,1.0
78677,48177,1.0
78714,48453,1.0
78732,48453,1.0
78731,48453,1.0
78730,48453,1.0
78726,48453,1.0
78725,48453,1.0
78724,48453,1.0
78723,48453,1.0
78722,48453,1.0
78721,48453,1.0
78720,48453,1.0
78718,48453,1.0
78717,48491,1.0
78716,48453,1.0
78715,48453,1.0
78713,48453,1.0
78680,48491,1.0
78712,48453,1.0
78711,48453,1.0
78710,48453,1.0
78709,48453,1.0
78708,48453,1.0
78705,48453,1.0
78704,48453,1.0
78703,48453,1.0
78702,48453,1.0
78701,48453,1.0
78691,48453,1.0
78683,48491,1.0
78682,48491,1.0
78681,48491,1.0
78593,48061,1.0
78592,48061,1.0
78591,48427,1.0
78504,48215,1.0
78541,48215,1.0
78540,48215,1.0
78539,48215,1.0
78538,48215,1.0
78537,48215,1.0
78536,48427,1.0
78535,48061,1.0
78526,48061,1.0
78523,48061,1.0
78522,48061,1.0
78521,48061,1.0
78520,48061,1.0
78516,48215,1.0
78505,48215,1.0
78503,48215,1.0
78543,48215,1.0
78502,48215,1.0
78501,48215,1.0
78480,48355,1.0
78469,48355,1.0
78468,48355,1.0
78467,48355,1.0
78466,48355,1.0
78465,48355,1.0
78463,48355,1.0
78460,48355,1.0
78427,48355,1.0
78426,48355,1.0
78419,48355,1.0
78418,48355,1.0
78542,48215,1.0
78545,48427,1.0
78590,48489,1.0
78572,48215,1.0
78589,48215,1.0
78588,48427,1.0
78586,48061,1.0
78585,48427,1.0
78583,48061,1.0
78582,48427,1.0
78580,48489,1.0
78579,48215,1.0
78578,48061,1.0
78577,48215,1.0
78576,48215,1.0
78575,48061,1.0
78574,48215,1.0
78573,48215,1.0
78568,48061,1.0
78547,48427,1.0
78567,48061,1.0
78566,48061,1.0
78565,48215,1.0
78564,48505,1.0
78562,48215,1.0
78561,48489,1.0
78560,48215,1.0
78558,48215,1.0
78557,48215,1.0
78553,48061,1.0
78552,48061,1.0
78551,48061,1.0
78549,48215,1.0
78548,48427,1.0
78733,48453,1.0
78735,48453,1.0
78416,48355,1.0
79066,48179,1.0
79046,48295,1.0
79051,48111,1.0
79053,48369,1.0
79054,48179,1.0
79056,48295,1.0
79063,48069,1.0
79072,48189,1.0
78741,48453,1.0
79073,48189,1.0
79078,48233,1.0
79082,48279,1.0
79085,48069,1.0
79087,48111,1.0
79091,48381,1.0
79044,48205,1.0
79041,48189,1.0
79034,48295,1.0
79033,48357,1.0
79032,48189,1.0
79025,48117,1.0
79024,48295,1.0
79021,48189,1.0
79016,48381,1.0
79013,48341,1.0
79012,48375,1.0
79010,48359,1.0
79009,48369,1.0
79008,48233,1.0
79007,48233,1.0
79003,48483,1.0
79002,48179,1.0
79093,48357,1.0
79096,48483,1.0
79101,48375,1.0
79231,48153,1.0
79324,48017,1.0
79322,48107,1.0
79314,48079,1.0
79312,48279,1.0
79258,48153,1.0
79257,48045,1.0
79250,48189,1.0
79244,48345,1.0
79240,48129,1.0
79239,48191,1.0
79237,48129,1.0
79236,48269,1.0
79234,48345,1.0
79233,48191,1.0
79229,48125,1.0
79102,48375,1.0
79223,48101,1.0
79221,48153,1.0
79220,48125,1.0
79159,48375,1.0
79120,48375,1.0
79119,48381,1.0
79117,48375,1.0
79116,48375,1.0
79114,48381,1.0
79111,48375,1.0
79110,48381,1.0
79107,48375,1.0
79105,48375,1.0
79104,48375,1.0
78963,48149,1.0
78960,48149,1.0
78952,48149,1.0
78760,48453,1.0
78799,48453,1.0
78783,48453,1.0
78779,48453,1.0
78778,48453,1.0
78774,48453,1.0
78772,48453,1.0
78768,48453,1.0
78767,48453,1.0
78766,48453,1.0
78765,48453,1.0
78764,48453,1.0
78763,48453,1.0
78762,48453,1.0
78761,48453,1.0
78758,48453,1.0
78827,48127,1.0
78757,48453,1.0
78756,48453,1.0
78755,48453,1.0
78754,48453,1.0
78753,48453,1.0
78752,48453,1.0
78751,48453,1.0
78749,48453,1.0
78748,48453,1.0
78747,48453,1.0
78746,48453,1.0
78745,48453,1.0
78744,48453,1.0
78742,48453,1.0
78802,48463,1.0
78829,48507,1.0
78951,48089,1.0
78871,48465,1.0
78949,48149,1.0
78948,48287,1.0
78944,48015,1.0
78943,48089,1.0
78938,48149,1.0
78935,48089,1.0
78931,48015,1.0
78886,48325,1.0
78885,48019,1.0
78883,48019,1.0
78881,48463,1.0
78879,48385,1.0
78873,48385,1.0
78872,48507,1.0
78870,48463,1.0
78830,48127,1.0
78861,48325,1.0
78860,48323,1.0
78853,48323,1.0
78852,48323,1.0
78851,48443,1.0
78850,48325,1.0
78847,48465,1.0
78843,48465,1.0
78842,48465,1.0
78841,48465,1.0
78838,48463,1.0
78837,48465,1.0
78836,48127,1.0
78832,48271,1.0
78417,48355,1.0
78415,48355,1.0
79329,48303,1.0
78004,48259,1.0
77987,48285,1.0
77988,48469,1.0
77989,48123,1.0
77991,48239,1.0
77993,48175,1.0
78001,48283,1.0
78007,48311,1.0
78144,48255,1.0
78011,48013,1.0
78012,48013,1.0
78021,48283,1.0
78022,48297,1.0
78025,48265,1.0
78029,48265,1.0
77986,48285,1.0
77983,48057,1.0
77982,48057,1.0
77978,48057,1.0
77977,48469,1.0
77976,48469,1.0
77975,48285,1.0
77973,48469,1.0
77970,48239,1.0
77969,48239,1.0
77968,48469,1.0
77967,48123,1.0
77963,48175,1.0
77962,48239,1.0
77961,48239,1.0
77960,48175,1.0
77957,48239,1.0
78040,48479,1.0
78041,48479,1.0
78042,48479,1.0
78076,48505,1.0
78142,48025,1.0
78135,48091,1.0
78133,48091,1.0
78131,48091,1.0
78125,48025,1.0
78123,48187,1.0
78122,48177,1.0
78117,48255,1.0
78116,48255,1.0
78115,48187,1.0
78111,48255,1.0
78109,48029,1.0
78107,48175,1.0
78104,48025,1.0
78075,48297,1.0
78043,48479,1.0
78074,48259,1.0
78072,48311,1.0
78067,48505,1.0
78066,48325,1.0
78065,48013,1.0
78062,48255,1.0
78060,48297,1.0
78059,48325,1.0
78056,48325,1.0
78054,48029,1.0
78050,48013,1.0
78046,48479,1.0
78045,48479,1.0
78044,48479,1.0
77951,48469,1.0
77950,48391,1.0
77904,48469,1.0
77660,48457,1.0
77726,48245,1.0
77725,48245,1.0
77720,48245,1.0
77713,48245,1.0
77708,48245,1.0
77707,48245,1.0
77706,48245,1.0
77705,48245,1.0
77704,48245,1.0
77703,48245,1.0
77702,48245,1.0
77701,48245,1.0
77670,48361,1.0
77661,48071,1.0
77659,48199,1.0
77802,48041,1.0
77657,48199,1.0
77656,48199,1.0
77655,48245,1.0
77651,48245,1.0
77650,48167,1.0
77643,48245,1.0
77642,48245,1.0
77641,48245,1.0
77640,48245,1.0
77639,48361,1.0
77631,48361,1.0
77630,48361,1.0
77629,48245,1.0
77627,48245,1.0
77801,48041,1.0
77803,48041,1.0
77903,48469,1.0
77857,48331,1.0
77902,48469,1.0
77901,48469,1.0
77882,48395,1.0
77881,48041,1.0
77880,48477,1.0
77879,48051,1.0
77878,48051,1.0
77876,48185,1.0
77875,48185,1.0
77870,48395,1.0
77867,48395,1.0
77866,48041,1.0
77863,48051,1.0
77862,48041,1.0
77855,48289,1.0
77805,48041,1.0
77853,48287,1.0
77852,48051,1.0
77850,48289,1.0
77845,48041,1.0
77844,48041,1.0
77843,48041,1.0
77842,48041,1.0
77841,48041,1.0
77840,48041,1.0
77838,48051,1.0
77837,48395,1.0
77834,48477,1.0
77830,48185,1.0
77806,48041,1.0
78143,48493,1.0
78145,48025,1.0
78414,48355,1.0
78340,48391,1.0
78298,48029,1.0
78299,48029,1.0
78330,48355,1.0
78335,48409,1.0
78338,48261,1.0
78339,48355,1.0
78341,48131,1.0
78146,48025,1.0
78342,48249,1.0
78343,48355,1.0
78344,48479,1.0
78347,48355,1.0
78349,48131,1.0
78350,48297,1.0
78297,48029,1.0
78296,48029,1.0
78295,48029,1.0
78294,48029,1.0
78293,48029,1.0
78292,48029,1.0
78291,48029,1.0
78288,48029,1.0
78285,48029,1.0
78284,48029,1.0
78283,48029,1.0
78280,48029,1.0
78279,48029,1.0
78278,48029,1.0
78270,48029,1.0
78269,48029,1.0
78268,48029,1.0
78351,48355,1.0
78352,48409,1.0
78353,48047,1.0
78391,48025,1.0
78413,48355,1.0
78412,48355,1.0
78411,48355,1.0
78410,48355,1.0
78409,48355,1.0
78408,48355,1.0
78407,48355,1.0
78406,48355,1.0
78405,48355,1.0
78404,48355,1.0
78403,48355,1.0
78402,48355,1.0
78401,48355,1.0
78393,48391,1.0
78385,48261,1.0
78357,48131,1.0
78382,48007,1.0
78381,48007,1.0
78379,48273,1.0
78377,48391,1.0
78376,48131,1.0
78375,48249,1.0
78374,48409,1.0
78373,48355,1.0
78371,48479,1.0
78370,48409,1.0
78369,48479,1.0
78363,48273,1.0
78359,48409,1.0
78358,48007,1.0
78265,48029,1.0
78263,48029,1.0
78261,48029,1.0
78208,48029,1.0
78222,48029,1.0
78221,48029,1.0
78220,48029,1.0
78219,48029,1.0
78218,48029,1.0
78217,48029,1.0
78216,48029,1.0
78215,48029,1.0
78214,48029,1.0
78213,48029,1.0
78212,48029,1.0
78211,48029,1.0
78210,48029,1.0
78209,48029,1.0
78207,48029,1.0
78225,48029,1.0
78206,48029,1.0
78205,48029,1.0
78204,48029,1.0
78203,48029,1.0
78202,48029,1.0
78201,48029,1.0
78162,48025,1.0
78161,48493,1.0
78160,48493,1.0
78159,48177,1.0
78156,48187,1.0
78155,48187,1.0
78148,48029,1.0
78147,48493,1.0
78224,48029,1.0
78226,48029,1.0
78260,48029,1.0
78243,48029,1.0
78259,48029,1.0
78258,48029,1.0
78257,48029,1.0
78256,48029,1.0
78255,48029,1.0
78252,48029,1.0
78251,48029,1.0
78250,48029,1.0
78249,48029,1.0
78248,48029,1.0
78247,48029,1.0
78246,48029,1.0
78245,48029,1.0
78244,48029,1.0
78242,48029,1.0
78227,48029,1.0
78241,48029,1.0
78240,48029,1.0
78239,48029,1.0
78238,48029,1.0
78237,48029,1.0
78236,48029,1.0
78235,48029,1.0
78234,48029,1.0
78233,48029,1.0
78232,48029,1.0
78231,48029,1.0
78230,48029,1.0
78229,48029,1.0
78228,48029,1.0
79326,48279,1.0
79330,48169,1.0
81239,08051,1.0
80623,08123,1.0
80611,08123,1.0
80614,08001,1.0
80615,08123,1.0
80620,08123,1.0
80621,08123,1.0
80622,08123,1.0
80624,08123,1.0
80820,08093,1.0
80631,08123,1.0
80632,08123,1.0
80633,08123,1.0
80634,08123,1.0
80638,08123,1.0
80639,08123,1.0
80610,08123,1.0
80553,08069,1.0
80547,08069,1.0
80546,08123,1.0
80545,08069,1.0
80544,08013,1.0
80543,08123,1.0
80542,08123,1.0
80541,08069,1.0
80539,08069,1.0
80538,08069,1.0
80536,08069,1.0
80535,08069,1.0
80533,08013,1.0
80532,08069,1.0
80530,08123,1.0
80528,08069,1.0
80640,08001,1.0
80644,08123,1.0
80645,08123,1.0
80743,08121,1.0
80813,08119,1.0
80810,08017,1.0
80809,08041,1.0
80805,08063,1.0
80804,08073,1.0
80802,08017,1.0
80801,08121,1.0
80757,08121,1.0
80755,08125,1.0
80751,08075,1.0
80750,08087,1.0
80749,08115,1.0
80747,08075,1.0
80746,08095,1.0
80740,08121,1.0
80646,08123,1.0
80737,08115,1.0
80736,08075,1.0
80735,08125,1.0
80732,08123,1.0
80729,08123,1.0
80727,08125,1.0
80726,08075,1.0
80722,08075,1.0
80705,08087,1.0
80653,08087,1.0
80652,08123,1.0
80651,08123,1.0
80650,08123,1.0
80648,08123,1.0
80527,08069,1.0
80526,08069,1.0
80525,08069,1.0
80429,08065,1.0
80449,08093,1.0
80448,08093,1.0
80447,08049,1.0
80446,08049,1.0
80444,08019,1.0
80443,08117,1.0
80442,08049,1.0
80440,08093,1.0
80438,08019,1.0
80437,08059,1.0
80436,08019,1.0
80435,08117,1.0
80434,08057,1.0
80432,08093,1.0
80428,08107,1.0
80453,08059,1.0
80426,08037,1.0
80425,08059,1.0
80424,08117,1.0
80420,08093,1.0
80419,08059,1.0
80402,08059,1.0
80401,08059,1.0
80314,08013,1.0
80310,08013,1.0
80309,08013,1.0
80308,08013,1.0
80307,08013,1.0
80306,08013,1.0
80305,08013,1.0
80451,08049,1.0
80454,08059,1.0
80523,08069,1.0
80480,08057,1.0
80522,08069,1.0
80521,08069,1.0
80520,08123,1.0
80517,08069,1.0
80515,08069,1.0
80514,08123,1.0
80512,08069,1.0
80511,08069,1.0
80502,08013,1.0
80497,08117,1.0
80487,08107,1.0
80483,08107,1.0
80482,08049,1.0
80481,08013,1.0
80479,08107,1.0
80455,08013,1.0
80478,08049,1.0
80477,08107,1.0
80476,08019,1.0
80475,08093,1.0
80473,08057,1.0
80471,08013,1.0
80469,08107,1.0
80468,08049,1.0
80467,08107,1.0
80465,08059,1.0
80461,08065,1.0
80459,08049,1.0
80457,08059,1.0
80456,08093,1.0
80814,08119,1.0
80821,08073,1.0
80302,08013,1.0
81067,08089,1.0
81043,08099,1.0
81044,08011,1.0
81046,08071,1.0
81049,08071,1.0
81055,08055,1.0
81057,08011,1.0
81071,08061,1.0
80822,08125,1.0
81073,08009,1.0
81077,08089,1.0
81081,08071,1.0
81082,08071,1.0
81084,08009,1.0
81087,08009,1.0
81040,08055,1.0
81034,08025,1.0
81033,08025,1.0
81030,08089,1.0
81029,08009,1.0
81027,08071,1.0
81025,08101,1.0
81024,08071,1.0
81023,08101,1.0
81022,08101,1.0
81020,08071,1.0
81019,08101,1.0
81012,08101,1.0
81011,08101,1.0
81010,08101,1.0
81009,08101,1.0
81007,08101,1.0
81091,08071,1.0
81102,08003,1.0
81120,08021,1.0
81157,08007,1.0
81237,08051,1.0
81236,08015,1.0
81235,08053,1.0
81233,08043,1.0
81232,08043,1.0
81231,08051,1.0
81227,08015,1.0
81225,08051,1.0
81224,08051,1.0
81222,08043,1.0
81221,08043,1.0
81215,08043,1.0
81211,08015,1.0
81210,08051,1.0
81155,08109,1.0
81121,08007,1.0
81152,08023,1.0
81149,08109,1.0
81148,08021,1.0
81146,08003,1.0
81143,08109,1.0
81141,08021,1.0
81138,08023,1.0
81135,08105,1.0
81133,08023,1.0
81131,08109,1.0
81129,08021,1.0
81128,08007,1.0
81126,08023,1.0
81124,08021,1.0
81006,08101,1.0
81005,08101,1.0
81004,08101,1.0
80903,08041,1.0
80918,08041,1.0
80917,08041,1.0
80916,08041,1.0
80915,08041,1.0
80914,08041,1.0
80913,08041,1.0
80912,08041,1.0
80911,08041,1.0
80910,08041,1.0
80909,08041,1.0
80908,08041,1.0
80907,08041,1.0
80905,08041,1.0
80904,08041,1.0
80902,08041,1.0
80920,08041,1.0
80901,08041,1.0
80866,08119,1.0
80864,08041,1.0
80862,08017,1.0
80860,08119,1.0
80841,08041,1.0
80840,08041,1.0
80836,08063,1.0
80830,08039,1.0
80829,08041,1.0
80826,08073,1.0
80825,08017,1.0
80824,08125,1.0
80823,08073,1.0
80919,08041,1.0
80921,08041,1.0
81003,08101,1.0
80939,08041,1.0
81002,08101,1.0
81001,08101,1.0
80997,08041,1.0
80977,08041,1.0
80970,08041,1.0
80962,08041,1.0
80960,08041,1.0
80951,08041,1.0
80950,08041,1.0
80949,08041,1.0
80947,08041,1.0
80946,08041,1.0
80942,08041,1.0
80941,08041,1.0
80938,08041,1.0
80922,08041,1.0
80937,08041,1.0
80936,08041,1.0
80935,08041,1.0
80934,08041,1.0
80933,08041,1.0
80932,08041,1.0
80931,08041,1.0
80930,08041,1.0
80929,08041,1.0
80928,08041,1.0
80927,08041,1.0
80925,08041,1.0
80924,08041,1.0
80923,08041,1.0
80304,08013,1.0
80301,08013,1.0
79342,48165,1.0
79752,48461,1.0
79742,48475,1.0
79743,48371,1.0
79744,48371,1.0
79745,48495,1.0
79748,48227,1.0
79749,48317,1.0
79754,48301,1.0
79901,48141,1.0
79755,48461,1.0
79756,48475,1.0
79759,48135,1.0
79760,48135,1.0
79761,48135,1.0
79762,48135,1.0
79741,48135,1.0
79740,48371,1.0
79738,48033,1.0
79734,48243,1.0
79733,48227,1.0
79731,48103,1.0
79730,48371,1.0
79719,48475,1.0
79718,48389,1.0
79714,48003,1.0
79712,48329,1.0
79711,48329,1.0
79710,48329,1.0
79708,48329,1.0
79706,48329,1.0
79704,48329,1.0
79703,48329,1.0
79763,48135,1.0
79764,48135,1.0
79768,48135,1.0
79835,48141,1.0
79854,48243,1.0
79853,48141,1.0
79852,48043,1.0
79851,48229,1.0
79849,48141,1.0
79848,48443,1.0
79846,48377,1.0
79845,48377,1.0
79843,48377,1.0
79842,48043,1.0
79839,48229,1.0
79838,48141,1.0
79837,48229,1.0
79836,48141,1.0
79834,48043,1.0
79769,48135,1.0
79832,48043,1.0
79830,48043,1.0
79821,48141,1.0
79789,48495,1.0
79788,48475,1.0
79785,48389,1.0
79783,48317,1.0
79781,48371,1.0
79780,48389,1.0
79778,48461,1.0
79777,48475,1.0
79776,48135,1.0
79772,48389,1.0
79770,48389,1.0
79702,48329,1.0
79701,48329,1.0
79699,48441,1.0
79402,48303,1.0
79430,48303,1.0
79424,48303,1.0
79416,48303,1.0
79415,48303,1.0
79414,48303,1.0
79413,48303,1.0
79412,48303,1.0
79411,48303,1.0
79410,48303,1.0
79409,48303,1.0
79408,48303,1.0
79406,48303,1.0
79404,48303,1.0
79403,48303,1.0
79401,48303,1.0
79453,48303,1.0
79383,48305,1.0
79380,48219,1.0
79379,48079,1.0
79378,48445,1.0
79377,48115,1.0
79372,48219,1.0
79369,48279,1.0
79367,48219,1.0
79366,48303,1.0
79360,48165,1.0
79357,48107,1.0
79353,48219,1.0
79350,48303,1.0
79344,48017,1.0
79452,48303,1.0
79464,48303,1.0
79698,48441,1.0
79540,48433,1.0
79697,48441,1.0
79608,48441,1.0
79607,48441,1.0
79606,48441,1.0
79605,48441,1.0
79604,48441,1.0
79603,48441,1.0
79565,48335,1.0
79563,48441,1.0
79562,48441,1.0
79548,48207,1.0
79547,48207,1.0
79544,48207,1.0
79543,48151,1.0
79539,48207,1.0
79490,48303,1.0
79537,48353,1.0
79535,48353,1.0
79534,48151,1.0
79529,48275,1.0
79525,48253,1.0
79518,48263,1.0
79516,48415,1.0
79508,48441,1.0
79505,48275,1.0
79502,48433,1.0
79501,48253,1.0
79499,48303,1.0
79493,48303,1.0
79491,48303,1.0
79855,48109,1.0
79902,48141,1.0
80299,08031,1.0
80161,08005,1.0
80133,08041,1.0
80134,08035,1.0
80150,08005,1.0
80151,08005,1.0
80155,08005,1.0
80160,08005,1.0
80162,08059,1.0
79903,48141,1.0
80163,08035,1.0
80165,08005,1.0
80166,08005,1.0
80201,08031,1.0
80202,08031,1.0
80203,08031,1.0
80132,08041,1.0
80131,08035,1.0
80130,08035,1.0
80124,08035,1.0
80122,08005,1.0
80121,08005,1.0
80120,08005,1.0
80117,08039,1.0
80109,08035,1.0
80108,08035,1.0
80107,08039,1.0
80104,08035,1.0
80101,08039,1.0
80047,08005,1.0
80046,08005,1.0
80044,08005,1.0
80042,08001,1.0
80205,08031,1.0
80206,08031,1.0
80207,08031,1.0
80256,08031,1.0
80294,08031,1.0
80293,08031,1.0
80291,08031,1.0
80290,08031,1.0
80281,08031,1.0
80273,08031,1.0
80271,08031,1.0
80265,08031,1.0
80264,08031,1.0
80263,08031,1.0
80261,08031,1.0
80260,08001,1.0
80259,08031,1.0
80257,08031,1.0
80250,08031,1.0
80208,08031,1.0
80248,08031,1.0
80243,08031,1.0
80241,08001,1.0
80233,08001,1.0
80229,08001,1.0
80228,08059,1.0
80225,08059,1.0
80223,08031,1.0
80219,08031,1.0
80218,08031,1.0
80217,08031,1.0
80215,08059,1.0
80211,08031,1.0
80209,08031,1.0
80041,08005,1.0
80040,08001,1.0
80038,08014,1.0
79923,48141,1.0
79940,48141,1.0
79937,48141,1.0
79936,48141,1.0
79935,48141,1.0
79934,48141,1.0
79932,48141,1.0
79931,48141,1.0
79930,48141,1.0
79929,48141,1.0
79928,48141,1.0
79927,48141,1.0
79926,48141,1.0
79925,48141,1.0
79924,48141,1.0
79922,48141,1.0
79942,48141,1.0
79918,48141,1.0
79917,48141,1.0
79916,48141,1.0
79915,48141,1.0
79914,48141,1.0
79913,48141,1.0
79912,48141,1.0
79911,48141,1.0
79910,48141,1.0
79908,48141,1.0
79907,48141,1.0
79906,48141,1.0
79905,48141,1.0
79904,48141,1.0
79941,48141,1.0
79943,48141,1.0
80037,08001,1.0
80001,08059,1.0
80036,08001,1.0
80035,08001,1.0
80034,08059,1.0
80030,08001,1.0
80025,08013,1.0
80024,08001,1.0
80018,08005,1.0
80017,08005,1.0
80015,08005,1.0
80013,08005,1.0
80007,08059,1.0
80006,08059,1.0
80005,08059,1.0
80004,08059,1.0
79997,48141,1.0
79944,48141,1.0
79996,48141,1.0
79995,48141,1.0
79968,48141,1.0
79955,48141,1.0
79954,48141,1.0
79953,48141,1.0
79952,48141,1.0
79951,48141,1.0
79950,48141,1.0
79949,48141,1.0
79948,48141,1.0
79947,48141,1.0
79946,48141,1.0
79945,48141,1.0
33946,12015,1.0
99929,02275,1.0
33944,12043,1.0
29073,45063,1.0
14214,36029,1.0
14215,36029,1.0
21767,24043,1.0
21766,24001,1.0
29079,45031,1.0
14216,36029,1.0
14217,36029,1.0
14218,36029,1.0
29074,45055,1.0
29072,45063,1.0
14212,36029,1.0
29071,45063,1.0
14219,36029,1.0
14220,36029,1.0
14221,36029,1.0
14222,36029,1.0
14223,36029,1.0
14224,36029,1.0
14225,36029,1.0
14226,36029,1.0
14213,36029,1.0
14211,36029,1.0
24566,51143,1.0
14203,36029,1.0
14174,36063,1.0
29123,45063,1.0
29122,45071,1.0
14201,36029,1.0
24595,51009,1.0
29117,45075,1.0
29116,45075,1.0
29115,45075,1.0
14202,36029,1.0
14204,36029,1.0
14210,36029,1.0
29113,45075,1.0
14205,36029,1.0
21770,24021,1.0
14206,36029,1.0
14207,36029,1.0
29108,45071,1.0
29107,45075,1.0
14208,36029,1.0
14209,36029,1.0
14227,36029,1.0
14228,36029,1.0
29065,45039,1.0
14413,36117,1.0
14302,36063,1.0
14303,36063,1.0
14304,36063,1.0
14305,36063,1.0
14410,36055,1.0
29044,45079,1.0
14411,36073,1.0
29042,45009,1.0
29041,45027,1.0
24602,51185,1.0
14231,36029,1.0
24603,51027,1.0
24604,51185,1.0
29039,45075,1.0
14415,36123,1.0
21756,24043,1.0
29033,45063,1.0
24605,51185,1.0
24606,51185,1.0
14425,36069,1.0
14301,36063,1.0
29046,45061,1.0
14280,36029,1.0
14276,36029,1.0
29062,45085,1.0
29061,45079,1.0
21765,24027,1.0
14233,36029,1.0
14240,36029,1.0
14241,36029,1.0
21762,24021,1.0
21759,24021,1.0
14260,36029,1.0
14263,36029,1.0
14265,36029,1.0
14269,36029,1.0
14270,36029,1.0
29054,45063,1.0
24601,51185,1.0
29052,45079,1.0
14272,36029,1.0
14273,36029,1.0
29048,45075,1.0
29126,45071,1.0
14172,36063,1.0
14171,36009,1.0
29169,45063,1.0
24578,51163,1.0
14080,36029,1.0
29175,45055,1.0
14082,36121,1.0
14083,36121,1.0
14085,36029,1.0
29172,45063,1.0
29171,45063,1.0
29170,45063,1.0
29168,45085,1.0
24580,51117,1.0
21779,24043,1.0
14086,36029,1.0
21778,24021,1.0
14091,36029,1.0
29166,45081,1.0
14092,36063,1.0
14094,36063,1.0
14095,36063,1.0
29164,45003,1.0
21781,24043,1.0
14075,36029,1.0
14072,36029,1.0
14069,36029,1.0
14051,36029,1.0
21792,24047,1.0
21790,24021,1.0
24570,51019,1.0
14055,36029,1.0
14056,36037,1.0
14057,36029,1.0
21788,24021,1.0
24572,51009,1.0
24574,51009,1.0
14059,36029,1.0
14061,36029,1.0
24576,51031,1.0
14063,36013,1.0
21782,24043,1.0
14066,36121,1.0
14067,36063,1.0
29177,45079,1.0
14068,36029,1.0
29163,45075,1.0
14101,36009,1.0
14170,36029,1.0
14143,36037,1.0
14132,36063,1.0
21775,24021,1.0
14135,36013,1.0
29145,45071,1.0
29142,45075,1.0
14136,36013,1.0
14139,36029,1.0
14140,36029,1.0
21774,24021,1.0
21773,24021,1.0
14102,36029,1.0
14144,36063,1.0
29133,45075,1.0
29132,45039,1.0
14150,36029,1.0
14151,36029,1.0
14166,36013,1.0
14167,36121,1.0
14168,36009,1.0
14169,36029,1.0
14131,36063,1.0
29147,45079,1.0
29148,45027,1.0
29150,45085,1.0
24581,51125,1.0
21777,24021,1.0
14107,36063,1.0
14108,36063,1.0
14109,36063,1.0
14110,36029,1.0
14111,36029,1.0
14112,36029,1.0
14113,36121,1.0
24588,51031,1.0
14120,36063,1.0
24589,51083,1.0
14126,36063,1.0
14127,36029,1.0
14129,36009,1.0
29154,45085,1.0
29152,45085,1.0
29151,45085,1.0
14130,36121,1.0
14427,36121,1.0
14429,36073,1.0
14430,36055,1.0
21722,24043,1.0
14550,36121,1.0
14551,36117,1.0
14555,36117,1.0
14556,36051,1.0
21723,24027,1.0
14557,36037,1.0
14558,36051,1.0
14559,36055,1.0
14563,36117,1.0
21721,24043,1.0
28736,37099,1.0
14568,36117,1.0
14569,36121,1.0
14571,36073,1.0
24657,51027,1.0
14585,36069,1.0
14586,36055,1.0
14588,36099,1.0
14589,36117,1.0
14590,36117,1.0
14549,36121,1.0
28744,37113,1.0
14548,36069,1.0
14547,36069,1.0
14518,36069,1.0
21737,24027,1.0
14520,36117,1.0
14521,36099,1.0
21734,24043,1.0
14526,36055,1.0
14527,36123,1.0
14529,36101,1.0
21733,24043,1.0
14537,36069,1.0
14538,36117,1.0
14539,36051,1.0
21727,24021,1.0
14541,36099,1.0
14542,36117,1.0
14543,36055,1.0
14545,36051,1.0
28745,37087,1.0
23422,51001,1.0
28738,37087,1.0
28735,37089,1.0
14517,36051,1.0
14621,36055,1.0
14613,36055,1.0
14614,36055,1.0
14615,36055,1.0
14616,36055,1.0
14617,36055,1.0
24701,54055,1.0
14618,36055,1.0
14619,36055,1.0
14620,36055,1.0
14622,36055,1.0
21720,24043,1.0
14623,36055,1.0
14624,36055,1.0
14625,36055,1.0
24712,54055,1.0
14626,36055,1.0
14627,36055,1.0
14638,36055,1.0
14639,36055,1.0
24714,54055,1.0
14612,36055,1.0
14611,36055,1.0
24658,51027,1.0
14610,36055,1.0
28733,37075,1.0
14592,36051,1.0
14602,36055,1.0
14603,36055,1.0
28730,37021,1.0
28729,37089,1.0
28728,37021,1.0
28727,37089,1.0
28726,37089,1.0
28725,37099,1.0
28724,37089,1.0
14604,36055,1.0
28722,37149,1.0
14605,36055,1.0
14606,36055,1.0
14607,36055,1.0
14608,36055,1.0
28720,37161,1.0
14609,36055,1.0
21738,24027,1.0
14516,36117,1.0
29021,45055,1.0
28791,37089,1.0
28806,37021,1.0
28805,37021,1.0
28804,37021,1.0
28803,37021,1.0
28802,37021,1.0
28801,37021,1.0
28793,37089,1.0
14453,36069,1.0
14454,36051,1.0
28790,37089,1.0
14469,36069,1.0
14461,36069,1.0
28788,37099,1.0
14462,36051,1.0
28786,37087,1.0
28785,37087,1.0
28784,37089,1.0
14463,36069,1.0
28782,37149,1.0
14467,36055,1.0
28810,37021,1.0
28813,37021,1.0
28814,37021,1.0
28815,37021,1.0
24607,51051,1.0
14435,36051,1.0
24608,51185,1.0
24612,51185,1.0
29015,45039,1.0
14441,36123,1.0
14445,36055,1.0
24613,51185,1.0
24614,51027,1.0
14449,36117,1.0
29003,45009,1.0
29002,45079,1.0
24619,51185,1.0
28909,37043,1.0
28905,37039,1.0
28904,37043,1.0
28903,37039,1.0
14452,36073,1.0
28816,37021,1.0
14468,36055,1.0
28778,37021,1.0
28749,37111,1.0
14505,36117,1.0
21746,24043,1.0
21742,24043,1.0
14486,36051,1.0
24640,51185,1.0
24641,51185,1.0
14488,36051,1.0
21741,24043,1.0
24647,51185,1.0
14504,36069,1.0
14506,36055,1.0
24620,51027,1.0
14507,36123,1.0
14508,36055,1.0
14510,36051,1.0
14511,36055,1.0
21740,24043,1.0
24651,51185,1.0
28750,37149,1.0
14514,36055,1.0
14515,36055,1.0
28755,37199,1.0
14480,36051,1.0
24637,51185,1.0
14479,36073,1.0
28776,37021,1.0
28775,37113,1.0
28772,37175,1.0
28770,37021,1.0
21754,24021,1.0
24624,51027,1.0
24627,51027,1.0
28765,37121,1.0
28763,37113,1.0
24628,51027,1.0
24630,51185,1.0
24631,51027,1.0
28760,37089,1.0
24634,51027,1.0
24635,51185,1.0
14477,36073,1.0
28758,37089,1.0
14478,36123,1.0
28757,37021,1.0
14048,36013,1.0
21793,24021,1.0
10580,36119,1.0
13683,36033,1.0
13677,36089,1.0
29452,45029,1.0
29451,45019,1.0
13678,36089,1.0
21857,24039,1.0
13680,36089,1.0
13681,36089,1.0
21856,24045,1.0
29449,45019,1.0
29448,45035,1.0
13675,36045,1.0
13684,36089,1.0
29447,45035,1.0
29446,45029,1.0
21853,24039,1.0
13685,36045,1.0
29445,45015,1.0
13687,36089,1.0
29442,45043,1.0
13690,36089,1.0
13676,36089,1.0
13674,36045,1.0
29201,45079,1.0
21863,24047,1.0
13655,36033,1.0
21865,24045,1.0
13656,36045,1.0
13658,36089,1.0
13659,36045,1.0
13660,36089,1.0
21864,24047,1.0
13662,36089,1.0
13664,36089,1.0
13666,36089,1.0
29455,45019,1.0
13667,36089,1.0
13668,36089,1.0
21862,24047,1.0
13669,36089,1.0
13670,36089,1.0
13671,36045,1.0
13672,36089,1.0
21861,24045,1.0
13673,36045,1.0
13692,36045,1.0
29439,45019,1.0
21852,24045,1.0
13749,36007,1.0
13743,36107,1.0
24520,51083,1.0
13744,36007,1.0
13745,36007,1.0
21849,24045,1.0
13747,36077,1.0
29425,45019,1.0
29424,45019,1.0
13748,36007,1.0
29423,45019,1.0
13693,36045,1.0
29422,45019,1.0
13751,36025,1.0
21843,24047,1.0
13752,36025,1.0
13753,36025,1.0
13755,36025,1.0
13756,36025,1.0
29419,45019,1.0
13757,36025,1.0
13740,36025,1.0
13739,36025,1.0
13738,36023,1.0
29429,45019,1.0
29437,45035,1.0
24505,51680,1.0
13694,36089,1.0
13695,36089,1.0
13696,36089,1.0
24506,51680,1.0
24513,51680,1.0
29435,45029,1.0
29434,45015,1.0
13697,36089,1.0
24514,51680,1.0
13699,36089,1.0
24515,51680,1.0
24517,51031,1.0
13732,36107,1.0
21850,24045,1.0
13734,36107,1.0
13737,36007,1.0
29431,45015,1.0
13654,36089,1.0
21866,24039,1.0
13652,36089,1.0
13505,36065,1.0
21911,24015,1.0
13490,36065,1.0
13492,36065,1.0
13494,36065,1.0
13495,36065,1.0
21904,24015,1.0
21903,24015,1.0
13503,36065,1.0
13504,36065,1.0
13602,36045,1.0
13612,36045,1.0
13603,36045,1.0
13605,36045,1.0
29476,45015,1.0
13606,36045,1.0
29475,45029,1.0
21902,24015,1.0
13607,36045,1.0
21901,24015,1.0
29474,45029,1.0
13488,36077,1.0
21912,24015,1.0
13486,36065,1.0
13484,36053,1.0
13457,36077,1.0
21915,24015,1.0
21914,24015,1.0
13461,36065,1.0
13468,36077,1.0
24474,51005,1.0
13469,36065,1.0
24477,51015,1.0
13472,36043,1.0
13473,36049,1.0
29482,45019,1.0
24479,51015,1.0
21913,24015,1.0
13476,36065,1.0
13477,36065,1.0
13478,36065,1.0
13479,36065,1.0
13482,36077,1.0
29479,45015,1.0
13611,36045,1.0
13613,36089,1.0
29457,45019,1.0
13643,36045,1.0
13635,36089,1.0
21871,24039,1.0
13636,36045,1.0
13637,36045,1.0
13638,36045,1.0
21869,24019,1.0
13639,36089,1.0
13640,36045,1.0
13641,36045,1.0
13645,36089,1.0
13614,36089,1.0
21867,24039,1.0
29465,45019,1.0
13647,36089,1.0
29464,45019,1.0
29461,45015,1.0
29458,45019,1.0
13649,36089,1.0
13650,36045,1.0
13651,36045,1.0
13634,36045,1.0
29468,45015,1.0
13633,36089,1.0
21872,24047,1.0
13615,36045,1.0
13616,36045,1.0
13617,36089,1.0
13618,36045,1.0
21890,24039,1.0
13620,36049,1.0
24485,51015,1.0
13621,36089,1.0
13622,36045,1.0
21875,24045,1.0
13623,36089,1.0
13624,36045,1.0
13625,36089,1.0
13628,36045,1.0
21874,24045,1.0
13630,36089,1.0
13631,36045,1.0
29469,45015,1.0
13632,36045,1.0
13758,36017,1.0
13761,36007,1.0
29417,45019,1.0
14005,36037,1.0
13903,36007,1.0
29302,45083,1.0
13904,36007,1.0
29301,45083,1.0
29292,45079,1.0
29290,45079,1.0
29260,45079,1.0
13905,36007,1.0
24555,51163,1.0
24556,51019,1.0
21810,24045,1.0
14006,36029,1.0
14008,36063,1.0
29250,45079,1.0
21813,24047,1.0
14010,36029,1.0
21811,24047,1.0
14020,36037,1.0
29240,45079,1.0
24558,51083,1.0
13902,36007,1.0
29303,45083,1.0
29304,45083,1.0
29305,45083,1.0
29333,45083,1.0
21817,24039,1.0
29331,45083,1.0
21814,24045,1.0
13851,36007,1.0
13856,36025,1.0
13859,36077,1.0
29329,45083,1.0
29325,45059,1.0
29324,45083,1.0
13860,36025,1.0
13861,36077,1.0
24554,51031,1.0
29321,45087,1.0
29320,45083,1.0
29319,45083,1.0
29316,45083,1.0
13865,36007,1.0
13901,36007,1.0
29230,45079,1.0
14021,36037,1.0
13848,36007,1.0
14035,36029,1.0
29211,45079,1.0
21798,24021,1.0
14033,36029,1.0
29209,45079,1.0
14034,36029,1.0
29208,45079,1.0
29207,45079,1.0
29206,45079,1.0
29205,45079,1.0
29204,45079,1.0
29229,45079,1.0
29203,45079,1.0
29202,45079,1.0
14038,36029,1.0
14039,36121,1.0
14041,36009,1.0
14043,36029,1.0
21795,24043,1.0
21794,24027,1.0
14047,36029,1.0
21801,24045,1.0
24563,51143,1.0
21802,24045,1.0
14031,36029,1.0
29227,45079,1.0
29226,45079,1.0
29225,45079,1.0
29224,45079,1.0
29223,45079,1.0
29222,45079,1.0
14025,36029,1.0
14026,36029,1.0
29221,45079,1.0
29220,45079,1.0
29219,45079,1.0
29218,45079,1.0
29217,45079,1.0
14027,36029,1.0
29216,45079,1.0
29215,45079,1.0
14028,36063,1.0
21803,24045,1.0
14029,36003,1.0
29334,45083,1.0
13847,36025,1.0
29416,45019,1.0
13795,36007,1.0
29401,45019,1.0
29395,45087,1.0
13788,36025,1.0
29386,45083,1.0
29385,45083,1.0
24531,51143,1.0
13790,36007,1.0
13794,36007,1.0
24533,51009,1.0
29384,45059,1.0
13804,36025,1.0
29379,45087,1.0
29378,45083,1.0
29377,45083,1.0
29376,45083,1.0
13796,36077,1.0
13797,36007,1.0
13801,36017,1.0
13802,36007,1.0
24534,51083,1.0
29402,45019,1.0
29403,45019,1.0
29404,45019,1.0
13786,36025,1.0
13762,36007,1.0
13774,36025,1.0
24523,51019,1.0
29415,45019,1.0
29413,45019,1.0
29412,45019,1.0
13776,36077,1.0
13777,36007,1.0
29409,45019,1.0
29407,45019,1.0
21842,24047,1.0
13780,36017,1.0
21841,24047,1.0
24527,51143,1.0
21840,24045,1.0
29405,45019,1.0
13782,36025,1.0
21838,24039,1.0
13784,36023,1.0
29375,45083,1.0
24535,51083,1.0
13846,36025,1.0
29349,45083,1.0
13832,36017,1.0
29353,45087,1.0
21824,24039,1.0
13833,36007,1.0
13834,36077,1.0
24549,51143,1.0
13839,36025,1.0
13840,36107,1.0
29351,45059,1.0
29348,45083,1.0
29373,45083,1.0
29346,45083,1.0
13842,36025,1.0
13844,36017,1.0
21821,24039,1.0
29341,45021,1.0
13845,36107,1.0
29340,45021,1.0
29338,45083,1.0
29336,45083,1.0
13830,36017,1.0
13827,36107,1.0
21826,24045,1.0
13826,36007,1.0
13806,36025,1.0
21837,24045,1.0
24536,51019,1.0
13807,36077,1.0
13808,36077,1.0
29369,45083,1.0
29368,45083,1.0
13810,36077,1.0
21836,24039,1.0
24539,51083,1.0
29365,45083,1.0
29364,45087,1.0
29360,45059,1.0
21835,24019,1.0
13812,36107,1.0
13814,36017,1.0
13815,36017,1.0
21830,24045,1.0
21829,24047,1.0
14642,36055,1.0
14643,36055,1.0
28718,37175,1.0
24984,54063,1.0
15331,42125,1.0
15333,42125,1.0
15334,42059,1.0
15336,42125,1.0
24983,54063,1.0
15337,42059,1.0
28524,37031,1.0
28523,37049,1.0
28522,37103,1.0
15338,42059,1.0
21629,24011,1.0
28520,37031,1.0
28519,37049,1.0
15339,42125,1.0
28516,37031,1.0
28515,37137,1.0
21628,24035,1.0
15340,42125,1.0
15341,42059,1.0
15342,42125,1.0
28527,37049,1.0
15330,42125,1.0
28717,37099,1.0
15313,42125,1.0
15310,42059,1.0
28539,37133,1.0
15311,42125,1.0
21635,24029,1.0
21634,24019,1.0
28537,37137,1.0
28533,37049,1.0
15312,42125,1.0
28531,37031,1.0
15314,42125,1.0
28528,37031,1.0
15315,42059,1.0
15316,42059,1.0
24977,54025,1.0
21631,24019,1.0
15323,42125,1.0
15324,42125,1.0
28529,37137,1.0
15325,42059,1.0
15327,42059,1.0
15344,42059,1.0
28512,37031,1.0
28511,37031,1.0
15368,42125,1.0
28470,37019,1.0
15364,42059,1.0
15365,42125,1.0
28469,37019,1.0
21625,24041,1.0
15366,42125,1.0
15367,42125,1.0
28468,37019,1.0
28467,37019,1.0
21624,24041,1.0
28510,37137,1.0
15376,42125,1.0
15378,42125,1.0
15379,42125,1.0
15380,42059,1.0
15401,42051,1.0
24991,54025,1.0
28465,37019,1.0
28464,37061,1.0
28463,37047,1.0
28472,37047,1.0
21626,24019,1.0
15363,42125,1.0
15362,42059,1.0
28509,37137,1.0
15345,42125,1.0
15346,42059,1.0
28508,37061,1.0
15347,42125,1.0
15348,42125,1.0
15349,42059,1.0
15350,42125,1.0
15351,42059,1.0
15352,42059,1.0
15353,42059,1.0
15357,42059,1.0
15358,42125,1.0
15359,42059,1.0
15360,42125,1.0
28480,37129,1.0
28479,37019,1.0
15361,42125,1.0
21627,24019,1.0
15301,42125,1.0
15295,42003,1.0
28540,37133,1.0
15214,42003,1.0
15207,42003,1.0
28563,37049,1.0
15208,42003,1.0
15209,42003,1.0
15210,42003,1.0
15211,42003,1.0
15212,42003,1.0
24966,54025,1.0
15213,42003,1.0
15215,42003,1.0
15224,42003,1.0
15216,42003,1.0
15217,42003,1.0
15218,42003,1.0
15219,42003,1.0
15220,42003,1.0
15221,42003,1.0
21638,24035,1.0
15222,42003,1.0
28561,37049,1.0
15206,42003,1.0
21639,24011,1.0
15205,42003,1.0
15204,42003,1.0
15133,42003,1.0
15134,42003,1.0
15135,42003,1.0
21641,24011,1.0
15136,42003,1.0
24962,54089,1.0
15139,42003,1.0
15140,42003,1.0
15142,42003,1.0
15144,42003,1.0
15145,42003,1.0
15147,42003,1.0
15148,42003,1.0
15201,42003,1.0
28571,37137,1.0
28570,37031,1.0
28564,37049,1.0
15202,42003,1.0
15203,42003,1.0
15223,42003,1.0
15225,42003,1.0
28541,37133,1.0
28546,37133,1.0
15259,42003,1.0
15260,42003,1.0
15261,42003,1.0
15262,42003,1.0
15265,42003,1.0
15267,42003,1.0
28547,37133,1.0
15272,42003,1.0
15275,42003,1.0
15276,42003,1.0
15226,42003,1.0
21636,24011,1.0
28545,37133,1.0
15277,42003,1.0
15282,42003,1.0
15289,42003,1.0
15290,42003,1.0
28544,37133,1.0
28543,37133,1.0
28542,37133,1.0
24974,54063,1.0
28552,37137,1.0
15258,42003,1.0
15253,42003,1.0
15227,42003,1.0
15228,42003,1.0
15229,42003,1.0
15230,42003,1.0
15231,42003,1.0
15232,42003,1.0
15233,42003,1.0
15234,42003,1.0
28557,37031,1.0
28556,37137,1.0
15235,42003,1.0
15236,42003,1.0
15237,42003,1.0
15238,42003,1.0
15240,42003,1.0
15243,42003,1.0
28554,37079,1.0
28553,37031,1.0
15244,42003,1.0
15410,42051,1.0
24993,54063,1.0
25002,54019,1.0
28406,37129,1.0
15520,42111,1.0
28420,37019,1.0
21561,24023,1.0
28412,37129,1.0
15521,42009,1.0
15522,42009,1.0
28410,37129,1.0
28409,37129,1.0
28408,37129,1.0
28405,37129,1.0
15537,42009,1.0
28404,37129,1.0
28403,37129,1.0
28402,37129,1.0
15532,42111,1.0
25040,54019,1.0
15535,42009,1.0
15536,42057,1.0
28396,37165,1.0
28395,37051,1.0
15510,42111,1.0
28422,37019,1.0
15502,42111,1.0
25039,54039,1.0
25033,54079,1.0
15482,42051,1.0
15483,42125,1.0
15484,42051,1.0
15485,42111,1.0
15486,42051,1.0
15488,42051,1.0
15489,42051,1.0
15490,42051,1.0
28432,37047,1.0
28431,37047,1.0
15492,42051,1.0
25035,54039,1.0
28430,37047,1.0
28429,37129,1.0
28428,37129,1.0
28425,37141,1.0
28424,37047,1.0
25036,54019,1.0
28394,37125,1.0
28392,37017,1.0
15479,42129,1.0
15563,42111,1.0
28379,37153,1.0
15555,42111,1.0
15558,42111,1.0
28378,37155,1.0
15560,42111,1.0
15561,42111,1.0
15562,42111,1.0
28376,37093,1.0
28375,37155,1.0
15564,42111,1.0
15538,42111,1.0
15565,42111,1.0
28374,37125,1.0
21550,24023,1.0
15601,42129,1.0
28373,37125,1.0
28372,37155,1.0
15606,42129,1.0
21545,24001,1.0
15611,42129,1.0
15554,42009,1.0
15553,42111,1.0
15552,42111,1.0
21555,24001,1.0
21560,24001,1.0
15539,42009,1.0
28388,37125,1.0
28387,37125,1.0
15540,42111,1.0
21557,24001,1.0
25044,54081,1.0
15541,42111,1.0
28385,37163,1.0
15542,42111,1.0
15544,42111,1.0
15546,42111,1.0
28383,37155,1.0
15547,42111,1.0
15548,42111,1.0
21556,24001,1.0
15549,42111,1.0
28380,37153,1.0
15551,42111,1.0
15480,42051,1.0
15478,42051,1.0
28462,37019,1.0
21619,24035,1.0
15428,42051,1.0
28455,37047,1.0
25015,54039,1.0
15429,42125,1.0
15430,42051,1.0
15431,42051,1.0
15432,42125,1.0
15433,42051,1.0
15434,42125,1.0
25019,54015,1.0
28452,37019,1.0
25021,54005,1.0
15435,42051,1.0
21617,24035,1.0
25022,54045,1.0
15436,42051,1.0
15437,42051,1.0
15439,42051,1.0
15440,42051,1.0
25024,54005,1.0
25011,54079,1.0
15427,42125,1.0
15425,42051,1.0
15423,42125,1.0
28461,37019,1.0
28460,37133,1.0
21623,24035,1.0
28459,37019,1.0
15411,42111,1.0
15412,42125,1.0
15413,42051,1.0
15415,42051,1.0
21622,24019,1.0
15416,42051,1.0
25005,54087,1.0
25007,54081,1.0
25008,54081,1.0
15419,42125,1.0
15420,42051,1.0
28457,37141,1.0
15421,42051,1.0
15422,42051,1.0
25009,54005,1.0
15442,42051,1.0
28451,37019,1.0
15477,42125,1.0
28439,37047,1.0
28443,37141,1.0
28442,37047,1.0
15462,42051,1.0
15463,42051,1.0
15464,42051,1.0
21601,24041,1.0
15465,42051,1.0
15466,42051,1.0
15467,42051,1.0
15468,42051,1.0
15443,42051,1.0
25030,54015,1.0
15469,42051,1.0
15470,42051,1.0
15472,42051,1.0
15473,42051,1.0
15474,42051,1.0
15475,42051,1.0
15476,42051,1.0
25031,54019,1.0
15460,42051,1.0
15459,42051,1.0
15458,42051,1.0
15456,42051,1.0
15444,42051,1.0
15445,42051,1.0
21613,24019,1.0
28450,37047,1.0
28449,37129,1.0
15446,42051,1.0
21612,24041,1.0
15447,42051,1.0
21610,24029,1.0
15448,42129,1.0
21609,24011,1.0
15449,42051,1.0
15450,42051,1.0
25025,54039,1.0
15451,42051,1.0
15454,42051,1.0
25026,54039,1.0
15455,42051,1.0
25028,54005,1.0
15132,42003,1.0
24957,54025,1.0
15127,42003,1.0
24830,54047,1.0
28677,37097,1.0
21701,24021,1.0
14786,36003,1.0
14787,36013,1.0
21690,24029,1.0
14788,36009,1.0
14801,36101,1.0
14802,36003,1.0
24829,54047,1.0
24831,54047,1.0
28670,37193,1.0
24834,54109,1.0
24836,54047,1.0
24839,54109,1.0
14808,36101,1.0
24843,54047,1.0
14809,36101,1.0
14810,36101,1.0
21678,24029,1.0
21677,24019,1.0
14785,36013,1.0
24827,54109,1.0
14784,36013,1.0
14783,36009,1.0
14766,36009,1.0
14767,36013,1.0
24822,54109,1.0
14769,36013,1.0
21704,24021,1.0
28682,37035,1.0
21703,24021,1.0
14772,36009,1.0
14774,36003,1.0
14775,36013,1.0
28680,37023,1.0
24823,54109,1.0
24826,54047,1.0
14777,36003,1.0
14778,36009,1.0
14779,36009,1.0
14781,36013,1.0
21702,24021,1.0
14782,36013,1.0
28671,37023,1.0
28669,37193,1.0
14760,36009,1.0
14831,36101,1.0
28659,37193,1.0
28658,37035,1.0
21671,24041,1.0
24850,54047,1.0
14823,36101,1.0
24851,54059,1.0
14825,36015,1.0
14826,36101,1.0
14827,36101,1.0
24853,54047,1.0
14813,36003,1.0
28656,37193,1.0
24854,54109,1.0
24855,54047,1.0
24857,54109,1.0
24860,54109,1.0
24861,54047,1.0
24862,54047,1.0
14839,36101,1.0
24866,54047,1.0
14821,36101,1.0
14820,36101,1.0
14819,36101,1.0
28660,37097,1.0
28668,37005,1.0
28667,37027,1.0
21676,24041,1.0
28666,37023,1.0
28665,37193,1.0
28664,37011,1.0
21675,24019,1.0
28663,37005,1.0
21673,24041,1.0
24845,54109,1.0
24846,54047,1.0
14816,36015,1.0
24847,54109,1.0
28662,37011,1.0
24848,54047,1.0
28661,37027,1.0
24849,54109,1.0
14818,36097,1.0
21672,24019,1.0
28685,37193,1.0
21705,24021,1.0
24867,54109,1.0
28710,37089,1.0
24738,54055,1.0
14710,36013,1.0
21718,24021,1.0
28712,37175,1.0
14711,36003,1.0
14712,36013,1.0
21717,24021,1.0
24739,54055,1.0
14714,36003,1.0
28709,37021,1.0
14721,36003,1.0
28708,37175,1.0
28707,37099,1.0
14715,36003,1.0
14716,36013,1.0
14717,36003,1.0
14718,36013,1.0
21716,24021,1.0
14719,36009,1.0
24740,54055,1.0
14709,36003,1.0
24737,54055,1.0
14708,36003,1.0
14707,36003,1.0
14646,36055,1.0
24715,54055,1.0
24716,54109,1.0
24719,54109,1.0
14647,36055,1.0
14649,36055,1.0
24724,54055,1.0
24726,54109,1.0
14651,36055,1.0
14652,36055,1.0
24729,54055,1.0
14653,36055,1.0
24731,54055,1.0
14692,36055,1.0
14701,36013,1.0
24732,54055,1.0
14702,36013,1.0
24733,54055,1.0
14706,36009,1.0
14720,36013,1.0
14722,36013,1.0
14758,36013,1.0
14751,36009,1.0
28690,37023,1.0
14744,36003,1.0
24815,54047,1.0
14745,36003,1.0
21714,24021,1.0
14748,36009,1.0
24816,54047,1.0
24817,54047,1.0
14750,36013,1.0
21711,24043,1.0
14723,36013,1.0
24818,54109,1.0
14752,36013,1.0
14753,36009,1.0
14754,36003,1.0
21710,24021,1.0
14755,36009,1.0
14757,36013,1.0
28688,37097,1.0
28687,37097,1.0
14743,36009,1.0
28692,37189,1.0
28693,37009,1.0
14742,36013,1.0
14724,36013,1.0
14728,36013,1.0
14729,36009,1.0
14730,36009,1.0
28699,37097,1.0
14731,36009,1.0
24747,54055,1.0
14732,36013,1.0
24801,54047,1.0
14733,36013,1.0
14736,36013,1.0
24808,54047,1.0
28697,37193,1.0
24811,54047,1.0
14739,36003,1.0
14740,36013,1.0
21715,24043,1.0
14741,36009,1.0
24813,54047,1.0
28653,37011,1.0
28652,37011,1.0
15122,42003,1.0
15052,42007,1.0
24920,54075,1.0
24924,54075,1.0
15045,42003,1.0
24925,54025,1.0
15046,42003,1.0
15047,42003,1.0
15049,42003,1.0
15050,42007,1.0
15051,42003,1.0
15053,42125,1.0
24935,54089,1.0
24927,54075,1.0
15054,42125,1.0
15055,42125,1.0
15056,42003,1.0
15059,42007,1.0
24931,54025,1.0
15060,42125,1.0
15061,42007,1.0
24934,54075,1.0
15043,42007,1.0
15042,42007,1.0
21650,24029,1.0
21652,24041,1.0
28617,37009,1.0
28616,37011,1.0
28615,37009,1.0
28613,37035,1.0
15028,42003,1.0
21654,24041,1.0
28610,37035,1.0
28609,37035,1.0
15030,42003,1.0
28608,37189,1.0
15031,42003,1.0
15032,42003,1.0
15033,42125,1.0
15034,42003,1.0
24915,54075,1.0
21653,24041,1.0
15035,42003,1.0
24916,54025,1.0
28603,37035,1.0
15062,42129,1.0
15064,42003,1.0
21656,24035,1.0
15096,42003,1.0
15084,42003,1.0
28579,37031,1.0
24945,54063,1.0
15087,42129,1.0
15088,42003,1.0
28577,37031,1.0
28575,37031,1.0
15091,42003,1.0
15095,42003,1.0
15101,42003,1.0
24938,54025,1.0
15104,42003,1.0
15106,42003,1.0
15108,42003,1.0
24946,54075,1.0
24951,54063,1.0
15110,42003,1.0
15112,42003,1.0
15116,42003,1.0
15120,42003,1.0
28581,37031,1.0
24944,54075,1.0
21644,24035,1.0
15082,42003,1.0
15066,42007,1.0
15067,42125,1.0
24941,54063,1.0
21648,24019,1.0
21647,24041,1.0
28594,37031,1.0
28590,37147,1.0
15071,42003,1.0
15072,42129,1.0
28587,37137,1.0
21645,24029,1.0
15074,42007,1.0
15075,42003,1.0
28585,37103,1.0
15076,42003,1.0
15077,42007,1.0
15078,42125,1.0
28583,37137,1.0
15081,42007,1.0
15027,42007,1.0
21658,24035,1.0
28651,37193,1.0
21668,24035,1.0
14863,36097,1.0
24874,54109,1.0
28641,37023,1.0
24878,54047,1.0
14865,36097,1.0
28638,37027,1.0
24879,54047,1.0
14869,36097,1.0
21669,24019,1.0
28635,37193,1.0
14881,36109,1.0
14872,36015,1.0
21667,24029,1.0
21666,24035,1.0
14874,36101,1.0
14876,36097,1.0
14877,36101,1.0
14879,36101,1.0
21665,24041,1.0
21664,24019,1.0
14861,36015,1.0
14860,36099,1.0
24873,54047,1.0
28643,37009,1.0
14842,36123,1.0
28649,37193,1.0
28647,37023,1.0
28646,37011,1.0
21670,24035,1.0
14847,36099,1.0
14850,36109,1.0
24869,54109,1.0
14851,36109,1.0
14852,36109,1.0
14853,36109,1.0
14854,36109,1.0
24870,54109,1.0
14855,36101,1.0
14856,36101,1.0
14857,36123,1.0
14858,36101,1.0
24871,54047,1.0
24872,54047,1.0
14880,36003,1.0
21663,24041,1.0
24901,54025,1.0
21661,24029,1.0
24888,54047,1.0
24892,54047,1.0
24894,54047,1.0
15006,42003,1.0
15007,42003,1.0
15009,42007,1.0
15010,42007,1.0
15014,42003,1.0
15015,42003,1.0
21660,24011,1.0
28633,37027,1.0
15018,42003,1.0
15020,42003,1.0
15022,42125,1.0
21659,24019,1.0
28619,37023,1.0
15024,42003,1.0
24895,54047,1.0
15025,42003,1.0
24898,54109,1.0
15004,42125,1.0
24887,54047,1.0
14905,36015,1.0
24884,54047,1.0
14885,36101,1.0
14887,36097,1.0
24880,54109,1.0
21662,24041,1.0
14891,36097,1.0
24881,54047,1.0
14893,36097,1.0
14894,36015,1.0
28629,37009,1.0
28628,37023,1.0
28627,37005,1.0
28626,37009,1.0
14895,36003,1.0
24882,54109,1.0
14898,36101,1.0
14901,36015,1.0
14902,36015,1.0
14903,36015,1.0
14904,36015,1.0
24473,51163,1.0
29484,45035,1.0
21916,24015,1.0
11958,36103,1.0
11953,36103,1.0
30077,13121,1.0
24226,51051,1.0
11954,36103,1.0
24228,51051,1.0
11955,36103,1.0
11956,36103,1.0
11957,36103,1.0
30076,13121,1.0
11959,36103,1.0
30079,13089,1.0
11960,36103,1.0
30074,13089,1.0
11961,36103,1.0
11962,36103,1.0
11963,36103,1.0
11964,36103,1.0
30072,13089,1.0
11965,36103,1.0
11967,36103,1.0
30078,13135,1.0
30080,13067,1.0
29924,45049,1.0
11941,36103,1.0
11932,36103,1.0
11933,36103,1.0
11934,36103,1.0
22412,51179,1.0
30083,13089,1.0
11935,36103,1.0
11937,36103,1.0
11939,36103,1.0
11940,36103,1.0
30082,13067,1.0
11952,36103,1.0
11942,36103,1.0
11944,36103,1.0
11946,36103,1.0
30081,13067,1.0
11947,36103,1.0
11948,36103,1.0
11949,36103,1.0
11950,36103,1.0
11951,36103,1.0
11968,36103,1.0
11969,36103,1.0
30071,13135,1.0
12037,36021,1.0
12020,36091,1.0
12022,36083,1.0
22405,51179,1.0
12029,36021,1.0
12031,36095,1.0
22404,51630,1.0
12033,36083,1.0
12035,36095,1.0
22403,51179,1.0
12040,36083,1.0
30070,13217,1.0
12041,36001,1.0
12042,36039,1.0
12045,36001,1.0
22402,51630,1.0
12047,36001,1.0
12050,36021,1.0
12051,36039,1.0
30049,13135,1.0
30048,13135,1.0
12018,36083,1.0
12017,36021,1.0
12015,36039,1.0
12008,36093,1.0
30069,13067,1.0
11970,36103,1.0
30068,13067,1.0
11971,36103,1.0
11972,36103,1.0
11973,36103,1.0
30067,13067,1.0
11975,36103,1.0
11976,36103,1.0
11977,36103,1.0
30065,13067,1.0
30064,13067,1.0
30063,13067,1.0
30062,13067,1.0
30061,13067,1.0
11978,36103,1.0
30060,13067,1.0
11980,36103,1.0
12007,36001,1.0
11931,36103,1.0
11930,36103,1.0
30085,13089,1.0
11757,36103,1.0
11751,36103,1.0
30121,13015,1.0
11752,36103,1.0
22433,51137,1.0
11753,36059,1.0
11754,36103,1.0
11755,36103,1.0
11756,36059,1.0
30119,13045,1.0
30118,13045,1.0
11764,36103,1.0
30117,13045,1.0
30116,13045,1.0
30115,13057,1.0
30114,13057,1.0
11762,36059,1.0
22432,51133,1.0
30112,13045,1.0
30111,13067,1.0
11763,36103,1.0
11749,36103,1.0
11747,36103,1.0
30123,13015,1.0
11746,36103,1.0
11722,36103,1.0
30132,13223,1.0
30129,13115,1.0
11725,36103,1.0
11726,36103,1.0
11727,36103,1.0
11729,36103,1.0
11730,36103,1.0
11731,36103,1.0
11732,36059,1.0
24220,51051,1.0
11733,36103,1.0
22442,51193,1.0
11738,36103,1.0
11739,36103,1.0
30126,13067,1.0
11740,36103,1.0
11741,36103,1.0
11742,36103,1.0
30109,13045,1.0
11765,36059,1.0
30086,13089,1.0
11798,36103,1.0
11791,36059,1.0
11792,36103,1.0
30096,13135,1.0
11793,36059,1.0
11794,36103,1.0
30095,13135,1.0
11795,36103,1.0
22428,51033,1.0
11796,36103,1.0
11801,36059,1.0
11766,36103,1.0
11802,36059,1.0
22427,51033,1.0
11803,36059,1.0
11804,36059,1.0
30091,13135,1.0
30090,13067,1.0
30088,13089,1.0
11815,36059,1.0
11901,36103,1.0
11790,36103,1.0
11789,36103,1.0
11788,36103,1.0
11787,36103,1.0
11767,36103,1.0
11768,36103,1.0
11769,36103,1.0
22430,51179,1.0
11770,36103,1.0
11771,36059,1.0
11772,36103,1.0
11773,36059,1.0
11776,36103,1.0
11777,36103,1.0
11778,36103,1.0
11779,36103,1.0
11780,36103,1.0
11782,36103,1.0
11783,36059,1.0
11784,36103,1.0
11786,36103,1.0
30099,13135,1.0
30098,13121,1.0
30047,13135,1.0
30046,13135,1.0
30045,13135,1.0
12195,36021,1.0
12188,36091,1.0
12189,36001,1.0
22303,51059,1.0
12190,36041,1.0
12192,36039,1.0
30003,13135,1.0
30002,13089,1.0
12193,36001,1.0
12194,36095,1.0
12196,36083,1.0
29943,45053,1.0
12197,36077,1.0
12198,36083,1.0
22301,51510,1.0
12201,36001,1.0
12202,36001,1.0
12203,36001,1.0
12204,36001,1.0
12205,36001,1.0
12206,36001,1.0
12187,36095,1.0
12186,36001,1.0
12183,36001,1.0
12182,36083,1.0
22305,51510,1.0
12161,36001,1.0
12164,36041,1.0
12165,36021,1.0
30007,13067,1.0
30006,13067,1.0
12169,36083,1.0
12170,36091,1.0
24263,51105,1.0
12172,36021,1.0
12173,36021,1.0
24265,51105,1.0
12174,36021,1.0
12175,36095,1.0
24266,51167,1.0
12176,36039,1.0
12177,36057,1.0
12180,36083,1.0
12181,36083,1.0
12207,36001,1.0
29941,45013,1.0
30009,13121,1.0
12257,36001,1.0
12239,36001,1.0
24270,51191,1.0
12240,36001,1.0
12245,36001,1.0
12246,36001,1.0
12247,36001,1.0
12248,36001,1.0
12249,36001,1.0
12255,36001,1.0
12260,36001,1.0
12208,36001,1.0
12288,36001,1.0
12301,36093,1.0
22244,51013,1.0
12305,36093,1.0
29931,45013,1.0
29929,45029,1.0
29928,45013,1.0
29927,45053,1.0
29926,45013,1.0
29933,45049,1.0
12237,36001,1.0
12236,36001,1.0
24269,51051,1.0
12209,36001,1.0
12210,36001,1.0
29940,45013,1.0
29939,45049,1.0
29938,45013,1.0
12211,36001,1.0
12212,36001,1.0
12220,36001,1.0
12222,36001,1.0
12223,36001,1.0
22245,51013,1.0
29935,45013,1.0
12224,36001,1.0
12226,36001,1.0
12227,36001,1.0
12232,36001,1.0
12233,36001,1.0
12234,36001,1.0
12235,36001,1.0
30008,13067,1.0
30010,13135,1.0
30044,13135,1.0
12075,36021,1.0
30031,13089,1.0
12069,36057,1.0
30030,13089,1.0
12071,36095,1.0
22333,51510,1.0
12072,36057,1.0
12073,36095,1.0
12074,36091,1.0
24239,51027,1.0
12076,36095,1.0
12089,36083,1.0
12077,36001,1.0
12078,36035,1.0
24243,51105,1.0
12082,36083,1.0
22332,51510,1.0
12084,36001,1.0
30023,13121,1.0
30022,13121,1.0
30021,13089,1.0
30032,13089,1.0
30033,13089,1.0
30034,13089,1.0
12067,36001,1.0
30043,13135,1.0
30042,13135,1.0
30041,13117,1.0
12052,36083,1.0
22401,51630,1.0
12054,36001,1.0
12055,36001,1.0
30038,13089,1.0
12056,36093,1.0
12058,36039,1.0
30037,13089,1.0
30036,13089,1.0
30035,13089,1.0
12059,36001,1.0
12060,36021,1.0
12061,36083,1.0
12063,36083,1.0
12065,36091,1.0
22350,51510,1.0
12085,36001,1.0
22320,51510,1.0
12159,36001,1.0
22309,51059,1.0
12132,36021,1.0
12133,36083,1.0
12136,36021,1.0
12138,36083,1.0
12139,36041,1.0
12140,36083,1.0
24250,51169,1.0
12141,36093,1.0
24251,51169,1.0
12144,36083,1.0
12092,36095,1.0
12147,36001,1.0
12148,36091,1.0
22308,51059,1.0
22307,51059,1.0
12150,36093,1.0
12151,36091,1.0
12153,36083,1.0
22306,51059,1.0
12158,36001,1.0
12131,36095,1.0
12130,36021,1.0
12128,36001,1.0
24248,51105,1.0
22315,51059,1.0
12106,36021,1.0
12107,36001,1.0
12108,36041,1.0
30018,13297,1.0
12110,36001,1.0
22314,51510,1.0
30017,13135,1.0
22313,51510,1.0
12115,36021,1.0
12116,36077,1.0
12117,36035,1.0
30015,13217,1.0
12121,36083,1.0
22310,51059,1.0
12124,36039,1.0
24245,51169,1.0
24246,51195,1.0
12125,36021,1.0
11721,36103,1.0
22446,51033,1.0
11720,36103,1.0
10982,36087,1.0
10973,36071,1.0
22524,51193,1.0
10975,36071,1.0
10976,36087,1.0
10977,36087,1.0
10979,36071,1.0
10980,36087,1.0
10981,36071,1.0
22523,51103,1.0
10983,36087,1.0
10998,36071,1.0
10984,36087,1.0
10985,36071,1.0
10986,36087,1.0
10988,36071,1.0
10989,36087,1.0
10990,36071,1.0
10992,36071,1.0
10993,36087,1.0
10994,36087,1.0
10970,36087,1.0
10969,36071,1.0
10968,36087,1.0
10965,36087,1.0
10941,36071,1.0
22534,51177,1.0
10949,36071,1.0
22530,51133,1.0
10950,36071,1.0
10952,36087,1.0
10953,36071,1.0
10954,36087,1.0
10956,36087,1.0
10958,36071,1.0
24177,51141,1.0
30237,13063,1.0
22529,51193,1.0
10959,36071,1.0
22528,51103,1.0
10960,36087,1.0
10962,36087,1.0
22526,51099,1.0
10964,36087,1.0
10996,36071,1.0
24184,51067,1.0
30251,13199,1.0
30218,13199,1.0
30222,13199,1.0
11203,36047,1.0
11204,36047,1.0
11205,36047,1.0
11206,36047,1.0
11207,36047,1.0
11209,36047,1.0
11210,36047,1.0
22511,51133,1.0
11211,36047,1.0
11002,36059,1.0
11212,36047,1.0
11213,36047,1.0
11214,36047,1.0
30216,13035,1.0
11215,36047,1.0
11216,36047,1.0
11217,36047,1.0
22509,51057,1.0
11218,36047,1.0
11202,36047,1.0
11201,36047,1.0
11109,36081,1.0
22513,51103,1.0
11003,36059,1.0
24185,51141,1.0
22517,51103,1.0
11010,36059,1.0
11021,36059,1.0
11022,36059,1.0
11023,36059,1.0
30229,13077,1.0
11024,36059,1.0
11030,36059,1.0
11042,36059,1.0
11050,36059,1.0
11096,36059,1.0
11101,36081,1.0
11102,36081,1.0
11103,36081,1.0
11104,36081,1.0
11105,36081,1.0
11106,36081,1.0
30250,13063,1.0
10933,36071,1.0
11220,36047,1.0
30287,13063,1.0
10607,36119,1.0
30293,13199,1.0
10610,36119,1.0
10701,36119,1.0
30291,13121,1.0
30290,13113,1.0
30289,13077,1.0
10702,36119,1.0
10703,36119,1.0
30286,13293,1.0
10805,36119,1.0
10706,36119,1.0
10707,36119,1.0
30284,13255,1.0
10708,36119,1.0
10709,36119,1.0
10710,36119,1.0
10801,36119,1.0
30277,13077,1.0
10802,36119,1.0
10606,36119,1.0
10605,36119,1.0
10604,36119,1.0
10603,36119,1.0
10587,36119,1.0
24151,51067,1.0
10589,36119,1.0
10590,36119,1.0
10591,36119,1.0
30305,13121,1.0
30304,13121,1.0
30303,13121,1.0
10594,36119,1.0
10595,36119,1.0
10596,36119,1.0
10597,36119,1.0
30302,13121,1.0
30301,13121,1.0
30298,13063,1.0
30297,13063,1.0
10598,36119,1.0
10601,36119,1.0
10602,36119,1.0
10804,36119,1.0
24155,51023,1.0
10932,36071,1.0
24176,51067,1.0
10918,36071,1.0
30260,13063,1.0
10919,36071,1.0
10920,36087,1.0
10921,36071,1.0
24171,51141,1.0
24174,51019,1.0
10922,36071,1.0
22538,51033,1.0
10923,36087,1.0
30275,13077,1.0
22535,51033,1.0
10924,36071,1.0
10925,36071,1.0
10926,36071,1.0
10927,36087,1.0
30253,13151,1.0
10928,36071,1.0
10930,36071,1.0
10931,36087,1.0
24168,51089,1.0
24167,51071,1.0
22539,51133,1.0
10917,36071,1.0
30274,13063,1.0
24161,51143,1.0
10901,36087,1.0
30272,13121,1.0
30271,13077,1.0
30269,13113,1.0
10910,36071,1.0
10911,36087,1.0
10912,36071,1.0
10913,36087,1.0
22544,51099,1.0
22542,51137,1.0
30266,13255,1.0
30265,13077,1.0
10914,36071,1.0
30264,13077,1.0
10915,36071,1.0
10916,36071,1.0
30261,13285,1.0
11219,36047,1.0
11221,36047,1.0
11719,36103,1.0
30154,13097,1.0
30162,13115,1.0
11553,36059,1.0
11554,36059,1.0
11556,36059,1.0
30160,13067,1.0
11557,36059,1.0
24215,51195,1.0
11558,36059,1.0
30156,13067,1.0
11560,36059,1.0
11570,36059,1.0
11561,36059,1.0
11563,36059,1.0
11565,36059,1.0
11566,36059,1.0
11568,36059,1.0
30152,13067,1.0
11569,36059,1.0
30151,13057,1.0
30150,13045,1.0
30164,13115,1.0
11552,36059,1.0
11551,36059,1.0
11550,36059,1.0
30172,13115,1.0
11501,36059,1.0
11507,36059,1.0
11509,36059,1.0
11510,36059,1.0
11514,36059,1.0
11516,36059,1.0
11518,36059,1.0
11520,36059,1.0
11530,36059,1.0
30169,13057,1.0
22476,51057,1.0
11531,36059,1.0
11542,36059,1.0
11545,36059,1.0
11547,36059,1.0
11548,36059,1.0
22472,51159,1.0
11549,36059,1.0
30149,13115,1.0
11571,36059,1.0
11499,36081,1.0
11706,36103,1.0
11697,36081,1.0
22451,51099,1.0
22448,51099,1.0
11702,36103,1.0
11703,36103,1.0
11704,36103,1.0
30138,13233,1.0
30137,13015,1.0
11705,36103,1.0
11709,36059,1.0
11572,36059,1.0
11710,36059,1.0
30135,13097,1.0
11713,36103,1.0
11714,36059,1.0
11715,36103,1.0
11716,36103,1.0
11717,36103,1.0
11718,36103,1.0
30133,13097,1.0
11694,36081,1.0
11693,36081,1.0
24218,51105,1.0
30140,13143,1.0
11575,36059,1.0
24216,51195,1.0
30146,13057,1.0
11576,36059,1.0
11577,36059,1.0
11579,36059,1.0
22471,51179,1.0
11581,36059,1.0
22469,51193,1.0
11582,36059,1.0
22463,51179,1.0
11590,36059,1.0
30144,13067,1.0
11596,36059,1.0
11598,36059,1.0
22454,51057,1.0
30142,13057,1.0
11599,36059,1.0
11692,36081,1.0
22480,51103,1.0
11451,36081,1.0
11222,36047,1.0
11354,36081,1.0
11245,36047,1.0
11247,36047,1.0
11249,36047,1.0
22501,51033,1.0
11251,36047,1.0
11252,36047,1.0
11256,36047,1.0
11351,36081,1.0
11352,36081,1.0
11355,36081,1.0
11365,36081,1.0
11356,36081,1.0
22488,51193,1.0
11357,36081,1.0
11358,36081,1.0
11359,36081,1.0
11360,36081,1.0
11361,36081,1.0
24209,51520,1.0
11362,36081,1.0
11243,36047,1.0
11242,36047,1.0
11241,36047,1.0
11239,36047,1.0
30212,13255,1.0
11223,36047,1.0
11224,36047,1.0
11225,36047,1.0
30206,13231,1.0
11226,36047,1.0
11228,36047,1.0
11229,36047,1.0
22507,51103,1.0
11230,36047,1.0
11231,36047,1.0
11232,36047,1.0
11233,36047,1.0
11234,36047,1.0
11235,36047,1.0
11236,36047,1.0
11238,36047,1.0
24203,51520,1.0
30189,13057,1.0
11364,36081,1.0
11366,36081,1.0
11439,36081,1.0
11428,36081,1.0
11420,36081,1.0
22481,51099,1.0
11423,36081,1.0
11424,36081,1.0
30176,13143,1.0
24211,51191,1.0
11425,36081,1.0
11426,36081,1.0
11427,36081,1.0
11429,36081,1.0
11367,36081,1.0
11430,36081,1.0
11431,36081,1.0
11432,36081,1.0
11433,36081,1.0
11434,36081,1.0
11435,36081,1.0
11436,36081,1.0
11437,36081,1.0
24212,51191,1.0
11419,36081,1.0
11418,36081,1.0
24210,51191,1.0
30177,13227,1.0
11368,36081,1.0
11369,36081,1.0
11370,36081,1.0
11371,36081,1.0
11372,36081,1.0
11373,36081,1.0
11374,36081,1.0
11375,36081,1.0
11377,36081,1.0
11378,36081,1.0
11379,36081,1.0
11380,36081,1.0
11385,36081,1.0
11386,36081,1.0
11405,36081,1.0
11411,36081,1.0
11412,36081,1.0
11413,36081,1.0
11415,36081,1.0
29925,45013,1.0
12307,36093,1.0
13455,36065,1.0
13093,36075,1.0
13084,36067,1.0
13087,36023,1.0
13088,36067,1.0
13089,36067,1.0
29626,45007,1.0
29625,45007,1.0
13090,36067,1.0
22082,51059,1.0
22081,51059,1.0
29624,45007,1.0
13076,36075,1.0
13101,36023,1.0
13102,36109,1.0
22079,51059,1.0
13103,36075,1.0
29623,45007,1.0
22067,51059,1.0
29622,45007,1.0
29621,45007,1.0
22060,51059,1.0
13078,36067,1.0
24377,51185,1.0
29923,45049,1.0
13061,36053,1.0
13043,36053,1.0
22116,51059,1.0
13044,36075,1.0
22109,51059,1.0
13051,36067,1.0
13054,36065,1.0
22108,51059,1.0
22107,51059,1.0
13057,36067,1.0
13062,36109,1.0
24375,51173,1.0
22106,51059,1.0
13063,36067,1.0
13064,36011,1.0
13065,36099,1.0
13066,36067,1.0
13068,36109,1.0
22103,51059,1.0
13071,36011,1.0
22102,51059,1.0
13108,36067,1.0
13110,36067,1.0
13112,36067,1.0
29603,45045,1.0
13132,36075,1.0
13134,36053,1.0
29610,45045,1.0
29609,45045,1.0
29608,45045,1.0
29607,45045,1.0
29606,45045,1.0
29605,45045,1.0
29604,45045,1.0
29602,45045,1.0
13113,36011,1.0
29601,45045,1.0
13136,36017,1.0
29598,45051,1.0
29597,45051,1.0
29596,45069,1.0
29594,45069,1.0
13137,36067,1.0
13138,36067,1.0
24415,51163,1.0
24413,51091,1.0
24412,51017,1.0
24411,51015,1.0
13131,36075,1.0
29617,45045,1.0
29616,45045,1.0
13114,36075,1.0
13115,36075,1.0
13116,36067,1.0
13117,36011,1.0
13118,36011,1.0
29615,45045,1.0
29614,45045,1.0
24381,51035,1.0
13119,36067,1.0
13120,36067,1.0
13121,36075,1.0
29613,45045,1.0
29612,45045,1.0
13123,36065,1.0
24382,51197,1.0
13124,36017,1.0
24402,51790,1.0
22121,51059,1.0
22122,51059,1.0
13041,36067,1.0
12953,36033,1.0
12942,36031,1.0
12943,36031,1.0
12945,36033,1.0
12946,36031,1.0
12949,36089,1.0
12950,36031,1.0
22160,51059,1.0
12952,36019,1.0
29652,45045,1.0
22158,51059,1.0
22151,51059,1.0
22153,51059,1.0
12956,36031,1.0
22152,51059,1.0
12957,36033,1.0
12958,36019,1.0
12959,36019,1.0
12960,36031,1.0
12961,36031,1.0
24348,51077,1.0
12941,36031,1.0
12939,36033,1.0
12937,36033,1.0
12936,36031,1.0
12922,36089,1.0
29665,45073,1.0
29664,45073,1.0
29662,45045,1.0
12923,36019,1.0
12924,36019,1.0
12926,36033,1.0
12927,36089,1.0
29659,45001,1.0
29658,45073,1.0
12928,36031,1.0
12929,36019,1.0
29656,45007,1.0
12932,36031,1.0
12933,36019,1.0
22180,51059,1.0
22172,51153,1.0
12934,36019,1.0
12935,36019,1.0
12962,36019,1.0
22150,51059,1.0
22124,51059,1.0
29641,45077,1.0
12996,36031,1.0
12998,36031,1.0
13020,36067,1.0
13022,36011,1.0
13024,36011,1.0
13026,36011,1.0
13028,36075,1.0
13029,36067,1.0
13031,36067,1.0
29640,45077,1.0
12964,36031,1.0
29639,45001,1.0
13034,36011,1.0
29636,45045,1.0
29634,45077,1.0
29633,45077,1.0
29632,45077,1.0
22125,51153,1.0
24366,51021,1.0
13039,36067,1.0
12995,36033,1.0
12993,36031,1.0
24363,51077,1.0
24361,51191,1.0
12965,36089,1.0
12966,36033,1.0
24351,51035,1.0
12969,36033,1.0
29648,45047,1.0
12970,36033,1.0
12973,36089,1.0
12974,36031,1.0
12975,36031,1.0
12976,36033,1.0
29647,45047,1.0
12977,36031,1.0
12978,36019,1.0
12979,36019,1.0
12985,36019,1.0
24354,51173,1.0
12987,36031,1.0
22135,51179,1.0
12992,36019,1.0
13139,36011,1.0
29591,45041,1.0
29590,45089,1.0
13345,36049,1.0
21921,24015,1.0
29526,45051,1.0
13340,36043,1.0
13341,36065,1.0
24457,51005,1.0
13342,36077,1.0
29520,45025,1.0
29519,45067,1.0
13343,36049,1.0
13346,36053,1.0
29512,45069,1.0
13348,36077,1.0
24458,51091,1.0
13350,36043,1.0
24460,51017,1.0
29516,45069,1.0
13352,36065,1.0
13353,36041,1.0
13354,36065,1.0
13355,36053,1.0
29527,45051,1.0
29528,45051,1.0
29530,45041,1.0
29532,45031,1.0
29541,45041,1.0
13318,36065,1.0
22003,51059,1.0
13319,36065,1.0
21922,24015,1.0
13321,36065,1.0
13323,36065,1.0
13324,36043,1.0
13325,36049,1.0
13326,36077,1.0
13327,36049,1.0
24448,51005,1.0
29540,45031,1.0
13328,36065,1.0
13333,36077,1.0
13334,36053,1.0
13335,36077,1.0
13337,36077,1.0
29536,45033,1.0
24463,51015,1.0
13357,36043,1.0
29544,45051,1.0
13440,36065,1.0
29503,45041,1.0
29502,45041,1.0
21918,24015,1.0
24469,51015,1.0
13426,36075,1.0
13428,36057,1.0
13433,36049,1.0
13435,36065,1.0
13436,36041,1.0
13441,36065,1.0
13362,36065,1.0
21917,24015,1.0
24471,51165,1.0
29493,45029,1.0
29492,45015,1.0
29488,45029,1.0
13442,36065,1.0
13450,36077,1.0
29487,45019,1.0
29486,45015,1.0
13424,36065,1.0
13420,36043,1.0
13418,36053,1.0
13417,36065,1.0
29511,45051,1.0
13363,36065,1.0
24464,51125,1.0
13365,36043,1.0
13368,36049,1.0
13401,36065,1.0
13403,36065,1.0
24465,51091,1.0
13404,36049,1.0
13406,36043,1.0
13407,36043,1.0
24467,51015,1.0
13408,36053,1.0
21920,24015,1.0
13410,36057,1.0
29505,45041,1.0
13415,36077,1.0
21919,24015,1.0
13416,36043,1.0
29543,45033,1.0
24442,51091,1.0
29589,45067,1.0
22037,51059,1.0
13155,36017,1.0
22039,51059,1.0
13157,36065,1.0
22038,51600,1.0
13160,36011,1.0
13162,36065,1.0
29568,45051,1.0
29567,45033,1.0
13163,36053,1.0
13164,36067,1.0
13206,36067,1.0
22035,51059,1.0
22033,51059,1.0
29566,45051,1.0
13167,36075,1.0
13201,36067,1.0
13202,36067,1.0
29564,45089,1.0
13203,36067,1.0
13204,36067,1.0
29569,45051,1.0
29570,45069,1.0
13154,36117,1.0
29572,45051,1.0
29588,45051,1.0
29587,45051,1.0
29585,45043,1.0
29584,45025,1.0
29583,45041,1.0
29582,45051,1.0
13140,36011,1.0
13142,36075,1.0
13144,36075,1.0
29580,45089,1.0
29579,45051,1.0
29578,45051,1.0
29577,45051,1.0
29575,45051,1.0
22041,51059,1.0
13147,36011,1.0
24421,51015,1.0
13153,36067,1.0
22040,51610,1.0
13205,36067,1.0
29563,45033,1.0
13315,36077,1.0
13308,36065,1.0
13301,36065,1.0
22025,51153,1.0
24433,51091,1.0
24435,51163,1.0
13302,36075,1.0
13303,36065,1.0
24437,51015,1.0
24438,51023,1.0
13305,36049,1.0
22015,51059,1.0
13207,36067,1.0
13310,36053,1.0
13312,36049,1.0
13313,36065,1.0
22009,51059,1.0
29547,45033,1.0
29546,45067,1.0
13314,36053,1.0
29545,45051,1.0
24440,51015,1.0
13290,36067,1.0
13261,36067,1.0
13252,36067,1.0
29551,45031,1.0
29556,45089,1.0
13208,36067,1.0
13209,36067,1.0
13210,36067,1.0
13211,36067,1.0
13212,36067,1.0
13214,36067,1.0
22027,51059,1.0
13215,36067,1.0
13217,36067,1.0
13218,36067,1.0
24431,51015,1.0
13219,36067,1.0
13220,36067,1.0
13224,36067,1.0
13225,36067,1.0
13235,36067,1.0
22026,51153,1.0
13244,36067,1.0
12921,36019,1.0
12919,36019,1.0
29667,45077,1.0
12518,36071,1.0
12510,36027,1.0
12511,36027,1.0
12512,36027,1.0
12513,36021,1.0
29839,45003,1.0
12514,36027,1.0
12515,36111,1.0
12516,36021,1.0
12517,36021,1.0
12520,36071,1.0
12534,36021,1.0
12521,36021,1.0
12522,36027,1.0
12523,36021,1.0
29834,45003,1.0
12525,36111,1.0
12526,36021,1.0
12527,36027,1.0
12528,36111,1.0
12529,36021,1.0
12508,36027,1.0
12507,36027,1.0
12506,36027,1.0
29840,45065,1.0
12485,36039,1.0
12486,36111,1.0
12487,36111,1.0
29844,45065,1.0
12489,36111,1.0
12490,36111,1.0
22217,51013,1.0
12491,36111,1.0
12492,36039,1.0
12493,36111,1.0
12494,36111,1.0
12495,36111,1.0
12496,36039,1.0
12498,36111,1.0
12501,36027,1.0
12502,36021,1.0
29842,45003,1.0
12503,36021,1.0
12504,36027,1.0
12530,36021,1.0
12537,36027,1.0
29846,45005,1.0
12581,36027,1.0
12570,36027,1.0
12572,36027,1.0
29826,45011,1.0
12574,36027,1.0
12575,36071,1.0
12577,36071,1.0
29822,45003,1.0
12578,36027,1.0
12580,36027,1.0
12584,36071,1.0
24290,51169,1.0
12585,36027,1.0
12588,36111,1.0
12590,36027,1.0
12592,36027,1.0
12594,36027,1.0
12601,36027,1.0
24293,51195,1.0
12602,36027,1.0
24301,51155,1.0
12569,36027,1.0
12568,36111,1.0
12565,36021,1.0
12563,36079,1.0
12538,36027,1.0
12540,36027,1.0
12541,36021,1.0
29831,45003,1.0
22216,51013,1.0
12543,36071,1.0
12544,36021,1.0
12545,36027,1.0
12547,36111,1.0
12548,36111,1.0
12549,36071,1.0
12550,36071,1.0
12551,36071,1.0
29828,45003,1.0
22215,51013,1.0
12552,36071,1.0
12553,36071,1.0
12555,36071,1.0
12561,36111,1.0
24282,51105,1.0
12484,36111,1.0
12604,36027,1.0
22241,51013,1.0
12417,36111,1.0
12418,36039,1.0
29907,45013,1.0
29906,45013,1.0
12419,36111,1.0
12420,36111,1.0
12421,36025,1.0
29905,45013,1.0
29904,45013,1.0
12422,36039,1.0
12433,36111,1.0
12423,36039,1.0
29903,45013,1.0
22240,51013,1.0
29902,45013,1.0
12424,36039,1.0
12427,36039,1.0
12428,36111,1.0
12429,36111,1.0
12431,36039,1.0
22242,51013,1.0
12416,36111,1.0
12413,36039,1.0
22243,51013,1.0
12308,36093,1.0
12345,36093,1.0
29921,45049,1.0
29920,45013,1.0
29918,45049,1.0
24272,51051,1.0
12401,36111,1.0
12402,36111,1.0
12404,36111,1.0
12405,36039,1.0
12407,36039,1.0
12409,36111,1.0
29915,45013,1.0
29912,45053,1.0
29911,45049,1.0
12410,36111,1.0
12411,36111,1.0
29910,45013,1.0
12412,36111,1.0
12432,36111,1.0
22230,51013,1.0
12483,36111,1.0
12466,36111,1.0
22226,51013,1.0
12456,36111,1.0
12457,36111,1.0
24279,51195,1.0
12459,36025,1.0
12461,36111,1.0
24280,51167,1.0
12464,36111,1.0
24281,51105,1.0
22225,51013,1.0
29901,45013,1.0
12470,36039,1.0
12471,36111,1.0
12472,36111,1.0
12473,36039,1.0
22219,51013,1.0
12474,36025,1.0
12475,36111,1.0
12481,36111,1.0
12482,36039,1.0
29850,45003,1.0
29851,45003,1.0
12454,36039,1.0
12453,36111,1.0
29899,45065,1.0
29861,45003,1.0
12436,36039,1.0
12438,36025,1.0
12439,36039,1.0
12440,36111,1.0
12441,36111,1.0
12442,36039,1.0
12443,36111,1.0
12444,36039,1.0
12446,36111,1.0
22227,51013,1.0
29856,45003,1.0
12448,36111,1.0
12449,36111,1.0
12450,36039,1.0
12451,36039,1.0
12452,36039,1.0
24277,51105,1.0
12603,36027,1.0
12701,36105,1.0
12918,36019,1.0
24325,51035,1.0
29707,45057,1.0
12845,36113,1.0
12846,36113,1.0
12847,36041,1.0
24323,51197,1.0
12848,36115,1.0
12849,36115,1.0
12850,36091,1.0
12851,36031,1.0
12852,36031,1.0
29697,45007,1.0
22192,51153,1.0
12854,36115,1.0
12855,36031,1.0
12856,36113,1.0
24326,51077,1.0
24327,51191,1.0
29703,45091,1.0
12858,36031,1.0
12859,36091,1.0
29708,45091,1.0
29709,45025,1.0
29710,45091,1.0
24322,51197,1.0
29726,45091,1.0
29721,45057,1.0
12831,36091,1.0
22195,51153,1.0
12832,36115,1.0
12833,36091,1.0
29717,45091,1.0
29716,45091,1.0
12834,36115,1.0
29715,45091,1.0
12835,36091,1.0
22194,51153,1.0
12837,36115,1.0
12838,36115,1.0
29714,45023,1.0
12841,36115,1.0
22193,51153,1.0
12842,36041,1.0
12843,36113,1.0
12860,36113,1.0
29696,45073,1.0
29728,45025,1.0
29676,45073,1.0
12879,36031,1.0
29680,45045,1.0
29679,45073,1.0
12884,36091,1.0
12885,36113,1.0
12886,36113,1.0
22182,51059,1.0
12887,36115,1.0
29677,45007,1.0
29675,45073,1.0
29695,45047,1.0
12901,36019,1.0
12903,36019,1.0
12910,36019,1.0
22181,51059,1.0
29672,45073,1.0
29671,45077,1.0
12915,36033,1.0
12916,36033,1.0
12917,36033,1.0
29682,45077,1.0
29683,45045,1.0
12878,36113,1.0
12874,36113,1.0
29693,45073,1.0
22191,51153,1.0
22185,51059,1.0
12862,36113,1.0
12863,36091,1.0
12864,36041,1.0
12865,36115,1.0
12866,36091,1.0
29691,45073,1.0
29690,45045,1.0
22183,51059,1.0
29688,45045,1.0
29687,45045,1.0
29686,45073,1.0
29685,45077,1.0
29684,45007,1.0
12871,36091,1.0
12872,36031,1.0
12873,36115,1.0
29727,45025,1.0
29729,45023,1.0
12719,36105,1.0
12759,36105,1.0
12749,36105,1.0
29809,45003,1.0
29808,45011,1.0
12750,36105,1.0
12751,36105,1.0
29805,45003,1.0
12752,36105,1.0
12754,36105,1.0
22211,51013,1.0
12762,36105,1.0
12769,36105,1.0
12764,36105,1.0
29804,45003,1.0
29803,45003,1.0
29802,45003,1.0
22210,51013,1.0
12765,36105,1.0
12766,36105,1.0
12767,36105,1.0
22209,51013,1.0
12748,36105,1.0
12747,36105,1.0
29810,45005,1.0
12746,36071,1.0
22214,51013,1.0
12720,36105,1.0
12722,36105,1.0
12723,36105,1.0
29816,45003,1.0
12724,36105,1.0
29813,45011,1.0
12726,36105,1.0
12732,36105,1.0
12733,36105,1.0
12734,36105,1.0
24311,51173,1.0
12736,36105,1.0
12737,36105,1.0
12738,36105,1.0
12741,36105,1.0
12742,36105,1.0
12743,36105,1.0
12745,36105,1.0
20373,11001,1.0
12770,36105,1.0
12827,36115,1.0
12821,36115,1.0
12810,36113,1.0
12811,36113,1.0
12812,36041,1.0
12814,36113,1.0
12815,36113,1.0
12816,36115,1.0
12817,36113,1.0
12819,36115,1.0
12820,36113,1.0
12822,36091,1.0
12771,36071,1.0
22201,51013,1.0
12823,36115,1.0
12824,36113,1.0
22199,51059,1.0
29741,45025,1.0
29734,45091,1.0
29733,45091,1.0
29732,45091,1.0
29731,45091,1.0
12809,36115,1.0
12808,36113,1.0
12803,36091,1.0
12801,36113,1.0
12775,36105,1.0
29801,45003,1.0
29745,45091,1.0
12777,36105,1.0
12778,36105,1.0
12779,36105,1.0
12781,36105,1.0
12783,36105,1.0
12784,36105,1.0
12785,36071,1.0
12786,36105,1.0
12787,36105,1.0
22203,51013,1.0
12788,36105,1.0
12790,36105,1.0
22202,51013,1.0
12791,36105,1.0
12792,36105,1.0
29744,45057,1.0
28370,37125,1.0
28369,37155,1.0
15612,42129,1.0
20624,24037,1.0
25666,54059,1.0
18823,42115,1.0
20625,24017,1.0
18824,42115,1.0
18825,42115,1.0
18826,42115,1.0
27024,37171,1.0
18827,42115,1.0
18828,42115,1.0
20623,24033,1.0
27027,37157,1.0
27023,37067,1.0
27022,37169,1.0
25667,54059,1.0
20621,24037,1.0
18831,42015,1.0
18832,42015,1.0
27018,37197,1.0
20620,24037,1.0
27017,37171,1.0
18822,42115,1.0
18821,42115,1.0
19112,42101,1.0
18769,42079,1.0
20630,24037,1.0
18762,42079,1.0
20629,24009,1.0
18764,42079,1.0
20628,24037,1.0
18765,42079,1.0
27042,37169,1.0
18766,42079,1.0
18768,42079,1.0
18801,42115,1.0
18820,42115,1.0
18810,42015,1.0
18812,42115,1.0
27040,37067,1.0
18813,42115,1.0
18814,42015,1.0
18816,42115,1.0
20627,24037,1.0
18817,42015,1.0
20626,24037,1.0
27016,37169,1.0
20619,24037,1.0
27014,37059,1.0
18917,42017,1.0
18902,42017,1.0
18910,42017,1.0
18911,42017,1.0
18912,42017,1.0
20610,24009,1.0
18913,42017,1.0
20609,24037,1.0
18915,42091,1.0
18916,42017,1.0
18918,42091,1.0
20618,24037,1.0
20608,24033,1.0
18920,42017,1.0
25670,54059,1.0
18921,42017,1.0
18922,42017,1.0
18923,42017,1.0
26836,54031,1.0
26833,54023,1.0
26823,54027,1.0
18901,42017,1.0
18854,42015,1.0
26855,54023,1.0
18853,42015,1.0
18834,42115,1.0
18837,42015,1.0
20617,24017,1.0
18840,42015,1.0
18842,42115,1.0
27011,37197,1.0
27010,37067,1.0
18843,42115,1.0
20615,24009,1.0
18845,42015,1.0
20612,24017,1.0
25669,54099,1.0
18848,42015,1.0
18850,42015,1.0
27007,37171,1.0
27006,37059,1.0
20611,24017,1.0
26886,54071,1.0
26884,54071,1.0
18711,42079,1.0
18710,42079,1.0
20632,24017,1.0
18540,42069,1.0
18510,42069,1.0
18512,42069,1.0
18515,42069,1.0
25649,54045,1.0
18517,42069,1.0
18518,42069,1.0
27054,37159,1.0
18519,42069,1.0
20664,24017,1.0
20662,24017,1.0
20656,24037,1.0
18577,42069,1.0
18601,42079,1.0
18602,42079,1.0
20661,24017,1.0
20660,24037,1.0
25651,54059,1.0
20658,24017,1.0
18611,42079,1.0
20657,24009,1.0
20667,24037,1.0
27094,37067,1.0
18509,42069,1.0
27099,37067,1.0
20675,24017,1.0
18469,42127,1.0
18471,42069,1.0
27106,37067,1.0
25647,54045,1.0
18473,42127,1.0
27105,37067,1.0
20674,24037,1.0
18501,42069,1.0
18503,42069,1.0
27104,37067,1.0
27103,37067,1.0
27102,37067,1.0
20670,24037,1.0
18504,42069,1.0
18505,42069,1.0
18507,42069,1.0
18508,42069,1.0
27101,37067,1.0
25652,54045,1.0
20653,24037,1.0
18709,42079,1.0
18702,42079,1.0
18653,42069,1.0
25661,54059,1.0
18654,42079,1.0
20640,24017,1.0
18656,42079,1.0
27047,37171,1.0
18660,42079,1.0
20639,24009,1.0
18701,42079,1.0
20637,24017,1.0
25653,54045,1.0
27046,37169,1.0
18703,42079,1.0
18704,42079,1.0
18705,42079,1.0
20636,24037,1.0
20634,24037,1.0
18706,42079,1.0
18707,42079,1.0
18708,42079,1.0
18651,42079,1.0
18644,42079,1.0
27048,37157,1.0
18643,42079,1.0
18617,42079,1.0
18619,42113,1.0
27051,37067,1.0
20650,24037,1.0
18621,42079,1.0
18622,42079,1.0
20646,24017,1.0
18624,42025,1.0
25654,54045,1.0
18625,42131,1.0
18626,42113,1.0
18627,42079,1.0
20645,24017,1.0
27049,37171,1.0
18628,42113,1.0
18631,42037,1.0
18632,42113,1.0
18634,42079,1.0
18642,42079,1.0
18925,42017,1.0
18927,42017,1.0
18928,42017,1.0
19055,42017,1.0
19050,42045,1.0
19052,42045,1.0
26679,54067,1.0
26678,54067,1.0
26676,54067,1.0
26675,54067,1.0
19053,42017,1.0
26671,54067,1.0
19054,42017,1.0
19056,42017,1.0
19063,42045,1.0
26667,54067,1.0
19057,42017,1.0
26662,54067,1.0
26660,54067,1.0
20577,11001,1.0
20576,11001,1.0
19058,42017,1.0
19060,42045,1.0
19061,42045,1.0
19047,42017,1.0
19043,42045,1.0
26681,54067,1.0
26684,54067,1.0
25686,54059,1.0
26714,54027,1.0
19033,42045,1.0
20581,11001,1.0
26711,54027,1.0
20580,11001,1.0
19034,42091,1.0
25688,54059,1.0
19035,42091,1.0
20579,11001,1.0
26707,54023,1.0
26705,54077,1.0
26704,54027,1.0
19036,42045,1.0
19038,42091,1.0
19039,42045,1.0
26691,54067,1.0
25690,54059,1.0
25691,54059,1.0
26638,54021,1.0
19064,42045,1.0
19032,42045,1.0
19103,42101,1.0
19086,42045,1.0
26587,54049,1.0
26586,54049,1.0
19090,42091,1.0
19094,42045,1.0
25696,54059,1.0
20571,11001,1.0
19101,42101,1.0
19102,42101,1.0
19104,42101,1.0
19066,42091,1.0
19105,42101,1.0
19106,42101,1.0
20570,11001,1.0
19107,42101,1.0
19108,42101,1.0
19109,42101,1.0
20566,11001,1.0
20565,11001,1.0
19110,42101,1.0
19082,42045,1.0
19081,42045,1.0
19079,42045,1.0
26590,54061,1.0
20575,11001,1.0
19067,42017,1.0
26631,54007,1.0
26629,54007,1.0
26627,54007,1.0
19070,42045,1.0
26623,54007,1.0
26621,54007,1.0
26619,54007,1.0
19072,42091,1.0
20573,11001,1.0
26615,54007,1.0
19074,42045,1.0
25692,54059,1.0
20572,11001,1.0
19075,42091,1.0
19076,42045,1.0
26591,54049,1.0
19078,42045,1.0
25685,54059,1.0
19031,42091,1.0
26818,54031,1.0
18957,42091,1.0
26807,54071,1.0
26804,54071,1.0
18955,42017,1.0
20606,24037,1.0
26802,54071,1.0
26801,54031,1.0
20604,24017,1.0
18956,42017,1.0
26767,54057,1.0
20603,24017,1.0
20597,11001,1.0
26764,54077,1.0
20602,24017,1.0
18958,42091,1.0
18960,42017,1.0
20599,24033,1.0
18962,42017,1.0
18963,42017,1.0
18966,42017,1.0
26761,54027,1.0
26808,54027,1.0
18954,42017,1.0
18953,42017,1.0
18950,42017,1.0
26817,54027,1.0
18929,42017,1.0
18930,42017,1.0
18931,42017,1.0
18933,42017,1.0
26814,54071,1.0
18934,42017,1.0
18935,42017,1.0
18936,42091,1.0
18938,42017,1.0
26812,54031,1.0
18940,42017,1.0
18942,42017,1.0
18943,42017,1.0
18944,42017,1.0
26810,54031,1.0
18946,42017,1.0
18947,42017,1.0
18949,42017,1.0
18968,42017,1.0
18970,42017,1.0
25678,54059,1.0
26719,54057,1.0
19015,42045,1.0
19016,42045,1.0
19017,42045,1.0
19018,42045,1.0
20588,24033,1.0
26722,54027,1.0
20586,11001,1.0
19021,42017,1.0
26720,54023,1.0
19022,42045,1.0
18971,42091,1.0
19023,42045,1.0
20585,11001,1.0
19025,42091,1.0
19026,42045,1.0
19027,42091,1.0
19028,42045,1.0
19029,42045,1.0
19030,42017,1.0
25676,54059,1.0
19014,42045,1.0
19013,42045,1.0
25672,54059,1.0
19012,42091,1.0
18972,42017,1.0
20594,11001,1.0
18976,42017,1.0
18977,42017,1.0
18979,42091,1.0
18980,42017,1.0
26753,54057,1.0
26750,54057,1.0
18981,42017,1.0
19001,42091,1.0
20593,11001,1.0
19002,42091,1.0
19004,42091,1.0
19007,42017,1.0
20591,11001,1.0
26739,54023,1.0
19008,42045,1.0
19009,42091,1.0
20590,11001,1.0
18464,42103,1.0
27108,37067,1.0
18463,42127,1.0
18040,42095,1.0
18020,42095,1.0
18030,42025,1.0
18034,42077,1.0
18035,42095,1.0
27342,37081,1.0
18037,42077,1.0
18038,42095,1.0
20733,24003,1.0
18039,42017,1.0
25545,54011,1.0
18052,42077,1.0
25547,54045,1.0
25550,54053,1.0
25555,54099,1.0
18043,42095,1.0
18044,42095,1.0
18045,42095,1.0
18046,42077,1.0
27340,37001,1.0
18049,42077,1.0
20735,24033,1.0
25544,54043,1.0
18016,42095,1.0
18014,42095,1.0
17959,42107,1.0
17960,42107,1.0
17961,42107,1.0
17965,42107,1.0
17966,42107,1.0
17968,42107,1.0
17970,42107,1.0
17972,42107,1.0
17974,42107,1.0
17976,42107,1.0
17979,42107,1.0
17981,42107,1.0
17982,42107,1.0
17983,42107,1.0
27351,37057,1.0
18002,42095,1.0
27350,37151,1.0
18012,42025,1.0
18013,42095,1.0
18051,42077,1.0
18053,42077,1.0
17954,42107,1.0
20716,24033,1.0
18076,42091,1.0
27316,37151,1.0
27315,37033,1.0
18078,42077,1.0
18079,42077,1.0
20717,24033,1.0
18080,42077,1.0
18081,42017,1.0
18083,42095,1.0
18084,42091,1.0
20732,24009,1.0
18085,42095,1.0
18086,42095,1.0
18087,42077,1.0
18088,42095,1.0
25564,54043,1.0
25565,54043,1.0
27310,37081,1.0
20715,24033,1.0
18101,42077,1.0
20718,24033,1.0
25562,54099,1.0
18074,42091,1.0
25560,54079,1.0
27331,37105,1.0
20731,24033,1.0
18056,42011,1.0
18059,42077,1.0
18060,42077,1.0
20726,24033,1.0
20725,24033,1.0
18063,42095,1.0
18064,42095,1.0
20724,24003,1.0
18065,42077,1.0
18066,42077,1.0
18068,42077,1.0
18069,42077,1.0
20723,24027,1.0
18072,42095,1.0
20722,24033,1.0
20721,24033,1.0
20720,24033,1.0
17957,42107,1.0
17953,42107,1.0
18103,42077,1.0
17885,42119,1.0
27438,37081,1.0
17881,42097,1.0
20743,24033,1.0
17882,42109,1.0
27435,37081,1.0
17884,42093,1.0
27429,37081,1.0
27425,37081,1.0
27420,37081,1.0
27419,37081,1.0
27410,37081,1.0
27417,37081,1.0
27416,37081,1.0
27415,37081,1.0
20742,24033,1.0
17886,42119,1.0
27413,37081,1.0
20741,24033,1.0
17887,42119,1.0
27412,37081,1.0
27455,37081,1.0
27495,37081,1.0
27497,37081,1.0
27498,37081,1.0
17865,42097,1.0
17866,42097,1.0
27515,37135,1.0
27514,37135,1.0
27513,37183,1.0
27512,37183,1.0
27511,37183,1.0
27510,37135,1.0
27509,37077,1.0
27508,37069,1.0
17867,42097,1.0
27506,37085,1.0
17868,42097,1.0
17872,42097,1.0
27503,37063,1.0
17876,42109,1.0
17877,42097,1.0
17880,42119,1.0
27499,37081,1.0
27411,37081,1.0
27409,37081,1.0
17952,42107,1.0
17944,42107,1.0
17935,42107,1.0
17936,42107,1.0
27376,37125,1.0
27375,37157,1.0
27374,37057,1.0
27373,37057,1.0
20738,24033,1.0
17943,42107,1.0
25535,54099,1.0
25537,54011,1.0
17888,42037,1.0
25540,54043,1.0
27370,37151,1.0
17945,42107,1.0
17946,42107,1.0
17948,42107,1.0
17949,42107,1.0
20737,24033,1.0
27359,37001,1.0
17951,42107,1.0
27377,37081,1.0
27379,37033,1.0
27401,37081,1.0
27402,37081,1.0
27408,37081,1.0
17901,42107,1.0
27407,37081,1.0
17920,42037,1.0
17922,42107,1.0
27406,37081,1.0
17923,42107,1.0
20740,24033,1.0
17925,42107,1.0
17929,42107,1.0
17930,42107,1.0
17931,42107,1.0
27405,37081,1.0
17932,42107,1.0
17933,42107,1.0
27404,37081,1.0
27403,37081,1.0
25530,54099,1.0
17934,42107,1.0
18102,42077,1.0
18104,42077,1.0
27109,37067,1.0
27212,37033,1.0
25632,54045,1.0
18425,42103,1.0
18427,42127,1.0
20695,24017,1.0
20693,24017,1.0
20692,24037,1.0
20690,24037,1.0
18431,42127,1.0
27213,37037,1.0
18433,42069,1.0
18440,42069,1.0
18434,42069,1.0
25634,54045,1.0
18435,42103,1.0
25635,54045,1.0
20689,24009,1.0
20688,24009,1.0
20687,24037,1.0
18437,42127,1.0
18438,42127,1.0
27216,37001,1.0
25630,54045,1.0
18420,42069,1.0
25628,54045,1.0
18357,42089,1.0
20705,24033,1.0
18360,42089,1.0
18370,42089,1.0
18371,42103,1.0
18372,42089,1.0
18403,42069,1.0
20704,24033,1.0
20703,24033,1.0
18410,42069,1.0
18411,42069,1.0
25621,54059,1.0
18413,42115,1.0
18415,42127,1.0
18416,42069,1.0
25624,54045,1.0
18417,42127,1.0
27230,37151,1.0
25625,54045,1.0
18439,42127,1.0
27207,37037,1.0
18355,42089,1.0
27115,37067,1.0
20678,24009,1.0
18454,42127,1.0
18455,42127,1.0
27120,37067,1.0
27117,37067,1.0
27116,37067,1.0
18456,42127,1.0
18457,42103,1.0
18458,42103,1.0
27114,37067,1.0
20686,24037,1.0
27113,37067,1.0
20677,24017,1.0
18459,42127,1.0
25644,54045,1.0
25646,54045,1.0
27111,37067,1.0
18461,42127,1.0
20676,24009,1.0
27110,37067,1.0
18453,42127,1.0
25639,54045,1.0
25638,54045,1.0
27130,37067,1.0
18441,42115,1.0
27205,37151,1.0
27203,37151,1.0
27202,37001,1.0
27201,37001,1.0
27199,37067,1.0
20685,24009,1.0
18443,42127,1.0
27157,37067,1.0
25637,54045,1.0
20684,24037,1.0
20680,24037,1.0
27155,37067,1.0
27152,37067,1.0
27150,37067,1.0
18447,42069,1.0
18449,42127,1.0
18451,42103,1.0
18452,42069,1.0
18356,42089,1.0
18354,42089,1.0
18105,42077,1.0
20710,24033,1.0
25569,54079,1.0
27282,37081,1.0
18230,42025,1.0
18231,42107,1.0
18232,42025,1.0
18234,42079,1.0
18235,42025,1.0
25570,54099,1.0
18239,42079,1.0
18241,42107,1.0
18251,42079,1.0
18242,42107,1.0
18244,42025,1.0
18245,42107,1.0
18246,42079,1.0
27268,37081,1.0
18247,42079,1.0
20709,24033,1.0
18248,42107,1.0
18249,42079,1.0
18229,42025,1.0
20711,24003,1.0
18225,42079,1.0
20712,24033,1.0
18106,42077,1.0
27301,37081,1.0
27299,37057,1.0
25567,54043,1.0
18195,42077,1.0
27295,37057,1.0
27294,37057,1.0
27293,37057,1.0
18212,42025,1.0
18214,42107,1.0
18218,42107,1.0
27289,37157,1.0
27288,37157,1.0
27285,37067,1.0
18219,42079,1.0
18220,42107,1.0
18221,42079,1.0
18222,42079,1.0
18223,42079,1.0
18250,42025,1.0
27264,37081,1.0
18353,42089,1.0
18344,42089,1.0
18335,42089,1.0
18336,42103,1.0
18337,42103,1.0
25611,54045,1.0
18340,42103,1.0
18341,42089,1.0
27248,37151,1.0
18342,42089,1.0
18343,42095,1.0
18346,42089,1.0
20708,24033,1.0
18347,42089,1.0
27247,37123,1.0
18348,42089,1.0
25612,54045,1.0
25614,54045,1.0
18349,42089,1.0
18350,42089,1.0
18351,42095,1.0
18352,42089,1.0
27253,37001,1.0
27256,37037,1.0
18334,42089,1.0
18332,42089,1.0
25571,54043,1.0
18254,42025,1.0
25573,54043,1.0
18256,42079,1.0
27261,37081,1.0
18301,42089,1.0
18320,42089,1.0
25601,54045,1.0
18321,42089,1.0
25606,54045,1.0
18322,42089,1.0
18323,42089,1.0
25607,54045,1.0
18327,42089,1.0
20706,24033,1.0
27259,37125,1.0
27258,37001,1.0
18330,42089,1.0
18331,42089,1.0
19111,42101,1.0
19113,42045,1.0
27518,37183,1.0
20060,11001,1.0
20434,11001,1.0
20049,11001,1.0
20052,11001,1.0
20053,11001,1.0
20055,11001,1.0
20056,11001,1.0
20057,11001,1.0
20058,24031,1.0
20059,11001,1.0
20062,11001,1.0
20045,11001,1.0
20063,11001,1.0
20433,11001,1.0
20064,11001,1.0
20065,11001,1.0
20066,11001,1.0
20069,51059,1.0
20431,11001,1.0
20070,51059,1.0
20071,11001,1.0
20047,11001,1.0
20044,11001,1.0
19114,42101,1.0
20033,11001,1.0
20436,11001,1.0
20019,11001,1.0
20020,11001,1.0
20024,11001,1.0
20026,11001,1.0
20027,11001,1.0
20029,11001,1.0
20030,11001,1.0
20435,11001,1.0
25840,54019,1.0
20043,11001,1.0
20035,11001,1.0
26162,54103,1.0
20036,11001,1.0
20037,11001,1.0
20038,11001,1.0
20039,11001,1.0
20040,11001,1.0
20041,51059,1.0
20042,11001,1.0
20073,11001,1.0
20076,11001,1.0
25843,54081,1.0
20140,51061,1.0
25853,54081,1.0
25854,54019,1.0
20131,51107,1.0
20132,51107,1.0
26149,54095,1.0
20136,51153,1.0
20138,51061,1.0
20139,51061,1.0
26148,54085,1.0
20141,51107,1.0
20090,11001,1.0
20143,51153,1.0
20144,51061,1.0
20146,51107,1.0
20147,51107,1.0
20148,51107,1.0
20149,51107,1.0
25855,54019,1.0
25857,54081,1.0
25860,54081,1.0
20129,51107,1.0
25851,54081,1.0
20128,51061,1.0
20124,51059,1.0
20091,11001,1.0
20101,51107,1.0
20103,51107,1.0
20104,51107,1.0
20105,51107,1.0
20108,51683,1.0
20109,51153,1.0
25844,54081,1.0
20112,51153,1.0
25845,54109,1.0
20113,51685,1.0
20115,51061,1.0
25846,54019,1.0
26151,54013,1.0
26150,54107,1.0
25848,54109,1.0
20121,51059,1.0
25849,54081,1.0
20122,51059,1.0
20018,11001,1.0
20017,11001,1.0
25839,54081,1.0
19941,10005,1.0
25818,54081,1.0
25820,54055,1.0
19936,10001,1.0
20451,11001,1.0
25823,54081,1.0
26206,54101,1.0
26205,54067,1.0
19939,10005,1.0
19940,10005,1.0
20447,11001,1.0
19953,10001,1.0
20444,11001,1.0
19943,10001,1.0
19944,10005,1.0
19945,10005,1.0
19946,10001,1.0
19947,10005,1.0
19951,10005,1.0
20442,11001,1.0
26202,54067,1.0
19934,10001,1.0
25817,54081,1.0
19933,10005,1.0
26209,54075,1.0
19892,10003,1.0
19895,10003,1.0
19897,10003,1.0
20472,11001,1.0
19898,10003,1.0
25812,54019,1.0
19899,10003,1.0
19901,10001,1.0
19902,10001,1.0
19903,10001,1.0
20463,11001,1.0
19904,10001,1.0
20460,11001,1.0
19930,10005,1.0
20456,11001,1.0
26215,54097,1.0
25813,54081,1.0
19931,10005,1.0
26210,54097,1.0
20441,11001,1.0
19954,10001,1.0
20016,11001,1.0
20005,11001,1.0
25831,54019,1.0
25832,54081,1.0
26175,54095,1.0
20001,11001,1.0
20002,11001,1.0
20003,11001,1.0
20437,11001,1.0
25836,54081,1.0
20004,11001,1.0
20006,11001,1.0
19955,10001,1.0
20007,11001,1.0
20008,11001,1.0
20009,11001,1.0
20010,11001,1.0
20011,11001,1.0
20012,11001,1.0
20013,11001,1.0
20015,11001,1.0
25837,54019,1.0
19980,10001,1.0
19979,10001,1.0
26178,54085,1.0
20439,11001,1.0
19956,10005,1.0
26187,54107,1.0
19958,10005,1.0
19960,10005,1.0
19961,10001,1.0
19962,10001,1.0
19964,10001,1.0
19966,10005,1.0
25826,54109,1.0
26181,54107,1.0
19967,10005,1.0
19968,10005,1.0
25827,54081,1.0
19969,10005,1.0
19970,10005,1.0
19971,10005,1.0
20440,11001,1.0
19973,10005,1.0
19975,10005,1.0
25862,54019,1.0
20429,11001,1.0
20153,51059,1.0
20228,11001,1.0
26040,54051,1.0
25936,54019,1.0
25938,54019,1.0
20404,11001,1.0
26039,54051,1.0
20226,11001,1.0
25942,54019,1.0
20227,11001,1.0
20403,11001,1.0
26038,54051,1.0
20401,11001,1.0
20229,11001,1.0
26037,54009,1.0
26036,54051,1.0
20402,11001,1.0
20230,11001,1.0
25943,54109,1.0
20233,24033,1.0
20235,11001,1.0
26035,54009,1.0
26041,54051,1.0
26047,54029,1.0
20224,11001,1.0
20223,11001,1.0
20408,11001,1.0
20216,11001,1.0
20407,11001,1.0
20217,11001,1.0
20218,11001,1.0
20406,51013,1.0
26059,54069,1.0
26058,54009,1.0
26056,54029,1.0
20219,11001,1.0
20220,11001,1.0
25922,54055,1.0
25927,54081,1.0
20221,11001,1.0
20405,11001,1.0
25928,54109,1.0
20222,11001,1.0
26050,54029,1.0
25932,54081,1.0
20237,11001,1.0
26034,54029,1.0
20215,11001,1.0
20340,11001,1.0
25971,54055,1.0
20310,51013,1.0
20388,11001,1.0
20318,11001,1.0
20319,11001,1.0
20330,51013,1.0
25972,54025,1.0
20380,11001,1.0
20376,11001,1.0
25986,54089,1.0
20239,11001,1.0
25985,54089,1.0
25984,54025,1.0
20350,51013,1.0
25977,54089,1.0
20375,11001,1.0
25978,54089,1.0
20370,11001,1.0
20374,11001,1.0
20372,11001,1.0
26030,54009,1.0
20306,11001,1.0
20389,24033,1.0
20303,11001,1.0
20240,11001,1.0
20398,11001,1.0
20241,11001,1.0
20242,11001,1.0
25958,54025,1.0
20395,24033,1.0
25966,54089,1.0
20244,11001,1.0
20245,11001,1.0
20250,11001,1.0
20392,11001,1.0
20254,11001,1.0
20260,11001,1.0
20268,11001,1.0
20270,11001,1.0
20289,11001,1.0
20391,11001,1.0
20301,51013,1.0
20390,11001,1.0
20410,11001,1.0
20411,11001,1.0
20428,11001,1.0
25901,54019,1.0
20172,51059,1.0
20175,51107,1.0
25879,54019,1.0
20423,11001,1.0
20176,51107,1.0
25882,54109,1.0
20422,11001,1.0
20177,51107,1.0
25888,54019,1.0
20178,51107,1.0
25908,54081,1.0
20421,11001,1.0
20180,51107,1.0
20420,11001,1.0
25904,54019,1.0
25906,54081,1.0
20182,51153,1.0
26136,54013,1.0
26134,54073,1.0
20419,11001,1.0
25878,54081,1.0
20171,51059,1.0
25876,54109,1.0
25875,54109,1.0
20427,11001,1.0
20156,51153,1.0
20158,51107,1.0
20159,51107,1.0
25864,54081,1.0
20160,51107,1.0
25865,54081,1.0
26142,54107,1.0
20166,51107,1.0
20167,51107,1.0
25866,54019,1.0
25868,54019,1.0
25870,54109,1.0
20168,51153,1.0
25871,54081,1.0
25873,54081,1.0
20426,11001,1.0
20425,11001,1.0
20424,11001,1.0
25907,54019,1.0
25909,54081,1.0
20213,11001,1.0
20211,11001,1.0
20206,51059,1.0
25916,54109,1.0
20207,24031,1.0
20208,11001,1.0
20414,11001,1.0
20210,11001,1.0
25917,54019,1.0
26103,54107,1.0
25918,54081,1.0
20413,11001,1.0
20188,51061,1.0
20412,11001,1.0
26102,54107,1.0
26101,54107,1.0
26075,54009,1.0
26074,54069,1.0
25919,54081,1.0
25920,54081,1.0
20212,11001,1.0
25921,54081,1.0
20204,11001,1.0
20203,11001,1.0
20415,11001,1.0
20202,11001,1.0
25911,54081,1.0
20189,51107,1.0
25913,54109,1.0
20418,11001,1.0
20190,51059,1.0
20417,11001,1.0
20191,51059,1.0
26121,54107,1.0
26120,54107,1.0
20192,51059,1.0
20194,51059,1.0
20195,51059,1.0
26106,54107,1.0
20416,11001,1.0
20197,51107,1.0
25915,54081,1.0
26105,54107,1.0
26104,54107,1.0
20201,11001,1.0
20500,11001,1.0
20502,11001,1.0
19890,10003,1.0
26408,54033,1.0
19348,42029,1.0
19350,42029,1.0
19351,42029,1.0
20551,11001,1.0
19352,42029,1.0
19354,42029,1.0
19355,42029,1.0
19357,42029,1.0
26410,54077,1.0
19358,42029,1.0
19365,42029,1.0
20549,11001,1.0
26404,54033,1.0
26386,54033,1.0
19360,42029,1.0
20548,11001,1.0
20547,11001,1.0
25715,54011,1.0
25716,54011,1.0
25717,54011,1.0
26419,54103,1.0
26421,54085,1.0
26422,54033,1.0
26424,54091,1.0
26444,54077,1.0
19335,42029,1.0
19339,42045,1.0
19341,42029,1.0
25712,54011,1.0
19343,42029,1.0
26438,54033,1.0
26437,54103,1.0
26436,54017,1.0
26435,54091,1.0
26434,54095,1.0
25713,54011,1.0
25714,54011,1.0
26430,54021,1.0
19345,42029,1.0
19346,42029,1.0
20552,11001,1.0
19347,42029,1.0
26425,54077,1.0
25718,54011,1.0
19366,42029,1.0
25711,54011,1.0
19409,42091,1.0
19403,42091,1.0
19404,42091,1.0
20541,11001,1.0
19406,42091,1.0
26351,54021,1.0
26349,54001,1.0
26348,54103,1.0
19407,42091,1.0
19408,42091,1.0
19421,42029,1.0
19367,42029,1.0
19422,42091,1.0
19423,42091,1.0
20540,11001,1.0
19425,42029,1.0
19426,42091,1.0
19428,42091,1.0
19430,42091,1.0
19432,42029,1.0
19435,42091,1.0
25721,54011,1.0
26361,54033,1.0
26362,54085,1.0
26366,54033,1.0
25719,54011,1.0
19369,42029,1.0
19372,42029,1.0
19374,42029,1.0
20546,11001,1.0
19375,42029,1.0
19376,42029,1.0
19380,42029,1.0
19381,42029,1.0
19383,42029,1.0
19390,42029,1.0
19395,42029,1.0
19399,42029,1.0
20544,11001,1.0
19401,42091,1.0
20543,11001,1.0
26369,54033,1.0
20542,11001,1.0
25720,54011,1.0
19331,42045,1.0
25710,54011,1.0
19437,42091,1.0
26563,54049,1.0
26568,54033,1.0
26566,54049,1.0
19133,42101,1.0
19134,42101,1.0
19135,42101,1.0
19136,42101,1.0
25703,54011,1.0
20555,11001,1.0
19137,42101,1.0
25705,54011,1.0
19147,42101,1.0
19139,42101,1.0
19140,42101,1.0
19141,42101,1.0
19142,42101,1.0
19143,42101,1.0
19144,42101,1.0
25706,54011,1.0
19145,42101,1.0
26561,54103,1.0
19132,42101,1.0
19131,42101,1.0
19130,42101,1.0
19129,42101,1.0
19119,42101,1.0
19120,42101,1.0
20560,11001,1.0
19121,42101,1.0
20559,11001,1.0
19122,42101,1.0
20557,11001,1.0
19123,42101,1.0
19124,42101,1.0
19125,42101,1.0
26581,54103,1.0
19126,42101,1.0
26578,54049,1.0
26576,54049,1.0
25702,54011,1.0
19127,42101,1.0
26574,54049,1.0
26572,54049,1.0
26571,54049,1.0
19146,42101,1.0
19148,42101,1.0
19330,42029,1.0
26506,54061,1.0
26524,54077,1.0
26521,54061,1.0
19192,42101,1.0
19301,42029,1.0
20553,11001,1.0
26520,54077,1.0
26519,54077,1.0
19311,42029,1.0
26507,54061,1.0
26505,54061,1.0
25707,54011,1.0
26504,54061,1.0
26501,54061,1.0
26463,54033,1.0
19316,42029,1.0
25709,54011,1.0
19318,42029,1.0
26452,54041,1.0
26451,54033,1.0
19320,42029,1.0
19190,42101,1.0
26527,54061,1.0
26531,54061,1.0
26534,54061,1.0
19149,42101,1.0
26560,54049,1.0
26559,54049,1.0
20554,11001,1.0
19151,42101,1.0
19152,42101,1.0
26555,54049,1.0
25708,54011,1.0
19154,42101,1.0
19160,42101,1.0
19172,42101,1.0
26547,54077,1.0
26546,54061,1.0
26544,54061,1.0
26543,54061,1.0
19176,42101,1.0
19181,42101,1.0
26541,54061,1.0
26537,54077,1.0
19436,42091,1.0
26342,54021,1.0
19884,10003,1.0
20521,11001,1.0
19606,42011,1.0
20523,11001,1.0
19607,42011,1.0
19608,42011,1.0
19609,42011,1.0
20522,11001,1.0
26253,54083,1.0
19610,42011,1.0
19611,42011,1.0
26241,54083,1.0
20510,11001,1.0
25779,54011,1.0
19612,42011,1.0
19701,10003,1.0
19702,10003,1.0
19703,10003,1.0
20520,11001,1.0
19706,10003,1.0
20515,11001,1.0
26237,54097,1.0
19605,42011,1.0
19604,42011,1.0
26259,54083,1.0
26260,54093,1.0
25774,54011,1.0
26268,54083,1.0
25775,54011,1.0
19554,42011,1.0
19555,42011,1.0
19559,42011,1.0
19560,42011,1.0
19562,42011,1.0
26266,54101,1.0
19564,42011,1.0
25776,54011,1.0
25777,54011,1.0
20524,11001,1.0
19565,42011,1.0
26264,54075,1.0
19601,42011,1.0
19602,42011,1.0
19603,42011,1.0
25778,54011,1.0
26236,54097,1.0
19707,10003,1.0
19550,42011,1.0
19803,10003,1.0
20505,11001,1.0
19732,10003,1.0
19733,10003,1.0
19734,10003,1.0
19735,10003,1.0
19736,10003,1.0
26228,54097,1.0
19801,10003,1.0
19802,10003,1.0
19804,10003,1.0
19708,10003,1.0
19805,10003,1.0
20504,11001,1.0
19806,10003,1.0
19807,10003,1.0
19808,10003,1.0
19809,10003,1.0
26222,54101,1.0
19810,10003,1.0
20503,11001,1.0
19731,10003,1.0
19730,10003,1.0
25810,54109,1.0
19726,10003,1.0
19709,10003,1.0
19710,10003,1.0
19711,10003,1.0
26234,54097,1.0
26230,54083,1.0
26229,54097,1.0
19713,10003,1.0
20509,11001,1.0
25802,54081,1.0
20508,11001,1.0
19714,10003,1.0
20507,11001,1.0
19715,10003,1.0
19716,10003,1.0
19717,10003,1.0
19718,10003,1.0
19720,10003,1.0
20506,11001,1.0
19721,10003,1.0
26269,54093,1.0
19549,42107,1.0
26339,54017,1.0
19480,42029,1.0
19472,42091,1.0
26298,54101,1.0
26296,54083,1.0
19473,42091,1.0
25723,54011,1.0
19474,42091,1.0
19475,42029,1.0
19477,42091,1.0
19478,42091,1.0
26293,54083,1.0
20536,11001,1.0
26292,54093,1.0
26291,54075,1.0
26289,54093,1.0
26288,54101,1.0
20538,11001,1.0
19481,42029,1.0
19482,42029,1.0
26285,54083,1.0
19484,42091,1.0
19470,42029,1.0
19468,42091,1.0
19465,42029,1.0
19462,42091,1.0
26338,54041,1.0
19438,42091,1.0
19442,42029,1.0
19443,42091,1.0
19444,42091,1.0
19446,42091,1.0
19450,42091,1.0
19451,42091,1.0
19453,42091,1.0
20539,11001,1.0
26327,54085,1.0
25722,54011,1.0
26325,54085,1.0
26323,54033,1.0
19456,42091,1.0
19457,42029,1.0
26306,54033,1.0
26302,54033,1.0
26301,54033,1.0
19486,42091,1.0
19490,42091,1.0
25773,54011,1.0
19536,42011,1.0
19526,42011,1.0
20527,11001,1.0
19533,42011,1.0
25728,54011,1.0
26275,54001,1.0
19534,42011,1.0
20526,11001,1.0
19535,42011,1.0
26271,54093,1.0
19538,42011,1.0
25724,54011,1.0
25729,54011,1.0
20525,11001,1.0
19541,42011,1.0
19544,42011,1.0
19545,42011,1.0
19547,42011,1.0
19548,42011,1.0
25755,54011,1.0
25772,54011,1.0
20528,11001,1.0
19523,42011,1.0
19522,42011,1.0
19519,42011,1.0
19492,42091,1.0
19503,42011,1.0
25725,54011,1.0
19506,42011,1.0
20535,11001,1.0
19507,42011,1.0
20534,11001,1.0
19508,42011,1.0
26280,54083,1.0
25726,54011,1.0
26278,54083,1.0
20533,11001,1.0
19510,42011,1.0
20531,11001,1.0
20530,11001,1.0
19511,42011,1.0
20529,11001,1.0
19516,42011,1.0
25727,54011,1.0
17864,42109,1.0
17862,42109,1.0
28368,37085,1.0
25140,54081,1.0
21114,24003,1.0
16331,42031,1.0
16332,42031,1.0
25139,54019,1.0
16333,42083,1.0
16334,42031,1.0
21113,24003,1.0
16335,42039,1.0
16340,42123,1.0
16343,42121,1.0
16328,42039,1.0
16344,42121,1.0
21108,24003,1.0
16345,42123,1.0
25142,54005,1.0
21106,24003,1.0
21105,24005,1.0
16346,42121,1.0
16350,42123,1.0
21094,24005,1.0
16329,42123,1.0
21117,24005,1.0
28025,37025,1.0
21131,24005,1.0
16313,42123,1.0
25132,54039,1.0
25133,54015,1.0
21133,24005,1.0
28130,37119,1.0
25134,54039,1.0
21132,24025,1.0
28129,37167,1.0
16316,42039,1.0
21130,24025,1.0
28126,37119,1.0
21128,24005,1.0
28128,37167,1.0
16321,42053,1.0
16322,42053,1.0
16323,42121,1.0
16326,42031,1.0
21123,24003,1.0
21122,24003,1.0
21120,24005,1.0
16352,42123,1.0
25148,54005,1.0
21093,24005,1.0
16388,42039,1.0
16372,42121,1.0
28110,37179,1.0
21077,24003,1.0
16374,42121,1.0
16375,42031,1.0
28109,37167,1.0
28108,37179,1.0
21075,24027,1.0
21071,24005,1.0
21065,24005,1.0
21092,24005,1.0
25162,54039,1.0
21062,24003,1.0
16402,42123,1.0
21061,24003,1.0
21060,24003,1.0
16404,42039,1.0
21057,24005,1.0
21056,24003,1.0
16405,42123,1.0
16371,42123,1.0
16370,42053,1.0
16369,42123,1.0
16368,42123,1.0
28123,37097,1.0
28120,37071,1.0
21090,24003,1.0
28119,37007,1.0
28117,37097,1.0
25149,54005,1.0
25154,54005,1.0
16360,42039,1.0
21084,24025,1.0
16361,42031,1.0
25156,54039,1.0
21078,24025,1.0
25160,54039,1.0
25161,54019,1.0
16365,42123,1.0
16366,42123,1.0
28112,37179,1.0
28111,37179,1.0
16367,42123,1.0
16312,42123,1.0
28134,37119,1.0
25130,54005,1.0
28166,37097,1.0
16210,42005,1.0
16211,42063,1.0
21203,24510,1.0
16212,42005,1.0
16213,42031,1.0
21202,24510,1.0
21201,24510,1.0
16214,42031,1.0
16218,42005,1.0
16220,42031,1.0
21162,24005,1.0
25111,54015,1.0
16221,42031,1.0
16223,42031,1.0
16225,42031,1.0
16226,42005,1.0
16228,42005,1.0
28163,37167,1.0
25112,54039,1.0
28160,37161,1.0
16201,42005,1.0
16172,42073,1.0
16161,42085,1.0
16160,42073,1.0
16148,42085,1.0
16150,42085,1.0
25107,54039,1.0
16151,42085,1.0
28202,37119,1.0
21214,24510,1.0
28201,37119,1.0
28174,37179,1.0
28173,37179,1.0
28170,37007,1.0
28169,37045,1.0
16154,42085,1.0
21213,24510,1.0
21211,24510,1.0
16155,42073,1.0
21205,24510,1.0
25109,54079,1.0
25110,54039,1.0
21204,24005,1.0
16230,42031,1.0
25113,54015,1.0
25126,54039,1.0
28136,37045,1.0
16250,42005,1.0
21157,24013,1.0
16253,42005,1.0
16254,42031,1.0
21156,24005,1.0
16255,42031,1.0
21154,24025,1.0
16256,42063,1.0
16259,42005,1.0
21153,24005,1.0
25114,54005,1.0
21152,24005,1.0
16262,42005,1.0
21150,24027,1.0
21146,24003,1.0
16263,42005,1.0
16301,42121,1.0
21144,24003,1.0
21140,24003,1.0
21139,24005,1.0
21158,24013,1.0
16249,42005,1.0
21160,24025,1.0
16248,42031,1.0
28159,37159,1.0
28152,37045,1.0
16233,42031,1.0
16234,42031,1.0
16235,42031,1.0
28151,37045,1.0
16236,42005,1.0
16238,42005,1.0
25115,54019,1.0
28147,37159,1.0
28146,37159,1.0
28145,37159,1.0
28144,37159,1.0
25118,54019,1.0
25119,54019,1.0
16244,42005,1.0
25121,54045,1.0
16245,42005,1.0
16246,42063,1.0
16406,42039,1.0
21054,24003,1.0
21053,24005,1.0
28052,37071,1.0
28070,37119,1.0
28056,37071,1.0
28055,37071,1.0
28054,37071,1.0
28053,37071,1.0
16663,42033,1.0
16664,42009,1.0
25206,54005,1.0
16665,42013,1.0
16667,42009,1.0
16672,42009,1.0
21029,24027,1.0
21028,24025,1.0
28043,37161,1.0
28042,37045,1.0
16668,42021,1.0
16669,42061,1.0
21027,24005,1.0
16670,42009,1.0
16671,42033,1.0
25205,54005,1.0
21030,24005,1.0
21031,24005,1.0
21032,24003,1.0
16644,42021,1.0
16645,42033,1.0
16647,42061,1.0
16648,42013,1.0
28073,37045,1.0
16650,42009,1.0
21040,24025,1.0
28072,37159,1.0
16651,42033,1.0
21037,24003,1.0
16654,42061,1.0
16656,42033,1.0
25204,54005,1.0
21036,24027,1.0
21035,24003,1.0
16659,42009,1.0
16660,42061,1.0
16661,42033,1.0
21034,24025,1.0
28041,37159,1.0
25208,54005,1.0
21042,24027,1.0
28031,37119,1.0
16695,42009,1.0
25231,54035,1.0
16701,42083,1.0
16724,42083,1.0
16725,42083,1.0
28032,37071,1.0
16726,42083,1.0
16727,42083,1.0
21009,24025,1.0
16729,42083,1.0
21023,24005,1.0
25234,54013,1.0
16730,42083,1.0
16731,42083,1.0
21005,24025,1.0
16732,42083,1.0
16733,42083,1.0
16734,42047,1.0
21001,24025,1.0
28026,37025,1.0
28035,37119,1.0
21010,24025,1.0
21012,24003,1.0
21014,24025,1.0
16675,42021,1.0
21022,24005,1.0
16677,42027,1.0
28039,37159,1.0
28038,37045,1.0
21020,24005,1.0
25211,54015,1.0
16680,42033,1.0
16681,42033,1.0
16682,42013,1.0
16683,42061,1.0
16684,42013,1.0
16685,42061,1.0
21018,24025,1.0
21017,24025,1.0
25213,54079,1.0
16691,42057,1.0
16692,42033,1.0
21015,24025,1.0
21041,24027,1.0
28074,37161,1.0
21052,24005,1.0
28091,37007,1.0
16433,42039,1.0
16436,42123,1.0
16440,42039,1.0
25173,54019,1.0
16442,42049,1.0
16443,42049,1.0
25174,54081,1.0
16444,42049,1.0
16475,42049,1.0
25180,54081,1.0
16511,42049,1.0
16501,42049,1.0
16502,42049,1.0
16503,42049,1.0
16504,42049,1.0
16505,42049,1.0
16506,42049,1.0
16507,42049,1.0
16508,42049,1.0
16509,42049,1.0
25169,54005,1.0
16430,42049,1.0
16428,42049,1.0
16427,42049,1.0
16410,42049,1.0
16411,42049,1.0
21051,24005,1.0
28106,37119,1.0
25165,54005,1.0
16413,42049,1.0
16415,42049,1.0
16416,42123,1.0
16417,42049,1.0
25168,54079,1.0
16421,42049,1.0
28102,37007,1.0
28101,37071,1.0
28098,37071,1.0
16422,42039,1.0
16423,42049,1.0
16424,42039,1.0
16426,42049,1.0
28093,37109,1.0
16510,42049,1.0
16512,42049,1.0
16638,42061,1.0
16630,42021,1.0
16622,42061,1.0
16623,42061,1.0
16624,42021,1.0
25186,54019,1.0
21048,24013,1.0
25187,54053,1.0
21047,24025,1.0
25193,54005,1.0
25201,54039,1.0
16631,42013,1.0
16514,42049,1.0
16633,42009,1.0
21046,24027,1.0
21045,24027,1.0
16634,42061,1.0
21044,24027,1.0
25203,54005,1.0
16637,42013,1.0
28077,37071,1.0
28076,37161,1.0
25185,54019,1.0
16621,42061,1.0
16620,42033,1.0
16619,42021,1.0
16515,42049,1.0
28089,37045,1.0
28088,37159,1.0
16530,42049,1.0
16534,42049,1.0
16541,42049,1.0
16544,42049,1.0
16546,42049,1.0
16550,42049,1.0
16563,42049,1.0
16565,42049,1.0
25181,54005,1.0
16602,42013,1.0
25183,54045,1.0
16603,42013,1.0
21050,24025,1.0
28082,37025,1.0
16616,42033,1.0
16617,42013,1.0
16146,42085,1.0
21216,24510,1.0
28203,37119,1.0
28327,37125,1.0
28328,37163,1.0
15729,42063,1.0
15730,42065,1.0
15731,42063,1.0
21522,24023,1.0
15733,42065,1.0
15734,42063,1.0
15736,42005,1.0
21520,24023,1.0
21505,24001,1.0
15745,42063,1.0
15737,42021,1.0
15738,42021,1.0
15739,42063,1.0
15741,42063,1.0
21504,24001,1.0
28325,37061,1.0
21503,24001,1.0
21502,24001,1.0
15744,42065,1.0
28329,37163,1.0
28330,37153,1.0
15728,42063,1.0
21523,24023,1.0
21529,24001,1.0
15705,42063,1.0
15710,42063,1.0
15711,42065,1.0
15712,42063,1.0
15713,42063,1.0
21528,24001,1.0
15715,42065,1.0
15716,42063,1.0
15720,42063,1.0
15721,42033,1.0
28333,37191,1.0
15722,42021,1.0
15723,42063,1.0
21524,24001,1.0
15725,42063,1.0
15727,42063,1.0
28332,37017,1.0
28331,37051,1.0
28323,37085,1.0
15746,42063,1.0
15698,42129,1.0
28308,37051,1.0
15773,42021,1.0
25064,54039,1.0
15775,42021,1.0
28311,37051,1.0
28310,37051,1.0
28309,37051,1.0
15776,42065,1.0
21402,24003,1.0
15777,42063,1.0
21401,24003,1.0
15747,42063,1.0
28307,37051,1.0
15778,42065,1.0
15779,42129,1.0
15780,42065,1.0
15781,42065,1.0
21290,24510,1.0
15783,42063,1.0
15784,42065,1.0
28305,37051,1.0
15771,42063,1.0
21403,24003,1.0
15770,42065,1.0
21404,24003,1.0
15748,42063,1.0
21501,24001,1.0
15750,42063,1.0
15752,42063,1.0
15753,42033,1.0
15754,42063,1.0
15756,42063,1.0
21412,24003,1.0
15758,42063,1.0
15759,42063,1.0
15760,42021,1.0
15761,42063,1.0
21411,24003,1.0
28314,37051,1.0
15762,42021,1.0
21409,24003,1.0
15764,42065,1.0
15765,42063,1.0
21405,24003,1.0
15701,42063,1.0
25062,54081,1.0
21286,24005,1.0
15638,42129,1.0
21542,24001,1.0
15632,42129,1.0
15633,42129,1.0
15634,42129,1.0
15635,42129,1.0
28355,37105,1.0
28353,37165,1.0
15636,42129,1.0
15637,42129,1.0
15639,42129,1.0
15658,42129,1.0
15640,42129,1.0
15641,42129,1.0
28350,37125,1.0
28349,37061,1.0
28348,37051,1.0
15644,42129,1.0
15646,42129,1.0
15647,42129,1.0
15650,42129,1.0
15631,42051,1.0
28358,37155,1.0
28359,37155,1.0
15629,42129,1.0
28367,37153,1.0
25048,54081,1.0
15615,42129,1.0
15616,42129,1.0
15617,42129,1.0
15619,42129,1.0
15620,42129,1.0
15621,42129,1.0
25049,54005,1.0
15623,42129,1.0
25051,54005,1.0
15624,42129,1.0
15625,42129,1.0
15626,42129,1.0
28362,37155,1.0
15627,42129,1.0
21543,24001,1.0
28360,37155,1.0
15628,42129,1.0
15655,42129,1.0
15660,42129,1.0
15697,42129,1.0
25061,54039,1.0
15679,42129,1.0
15680,42129,1.0
21536,24023,1.0
15682,42005,1.0
25060,54081,1.0
15684,42129,1.0
28337,37017,1.0
15685,42129,1.0
15686,42005,1.0
15687,42129,1.0
15661,42129,1.0
15688,42129,1.0
15689,42129,1.0
21531,24023,1.0
15691,42129,1.0
21530,24001,1.0
15692,42129,1.0
15693,42129,1.0
15695,42129,1.0
15696,42129,1.0
15678,42129,1.0
28339,37085,1.0
15677,42129,1.0
15676,42129,1.0
15662,42129,1.0
28343,37165,1.0
28342,37051,1.0
15663,42129,1.0
25053,54005,1.0
15664,42129,1.0
15665,42129,1.0
25054,54039,1.0
21541,24023,1.0
21540,24001,1.0
15668,42129,1.0
15670,42129,1.0
15671,42129,1.0
28340,37155,1.0
15672,42129,1.0
15673,42005,1.0
15674,42129,1.0
15675,42129,1.0
21538,24023,1.0
21287,24510,1.0
25067,54039,1.0
28204,37119,1.0
16105,42073,1.0
16056,42019,1.0
25090,54019,1.0
25093,54005,1.0
25102,54039,1.0
16058,42031,1.0
16061,42019,1.0
21223,24510,1.0
16101,42073,1.0
16102,42073,1.0
21221,24005,1.0
28232,37119,1.0
28256,37119,1.0
28247,37119,1.0
28246,37119,1.0
28244,37119,1.0
28241,37119,1.0
28237,37119,1.0
28236,37119,1.0
28235,37119,1.0
28234,37119,1.0
25088,54015,1.0
16054,42031,1.0
16053,42019,1.0
16052,42019,1.0
16020,42019,1.0
16022,42019,1.0
16024,42019,1.0
16027,42019,1.0
16029,42019,1.0
16030,42019,1.0
16033,42019,1.0
28270,37119,1.0
16034,42019,1.0
16035,42019,1.0
16036,42031,1.0
25085,54019,1.0
16039,42019,1.0
16040,42019,1.0
16045,42019,1.0
25086,54039,1.0
16048,42019,1.0
16050,42019,1.0
28266,37119,1.0
28233,37119,1.0
28231,37119,1.0
16003,42019,1.0
21217,24510,1.0
28212,37119,1.0
21218,24510,1.0
25103,54039,1.0
16130,42085,1.0
16131,42039,1.0
16132,42073,1.0
28211,37119,1.0
28210,37119,1.0
16133,42085,1.0
28209,37119,1.0
28230,37119,1.0
28208,37119,1.0
16136,42007,1.0
16137,42085,1.0
16140,42073,1.0
28207,37119,1.0
25106,54053,1.0
16145,42085,1.0
28206,37119,1.0
28205,37119,1.0
16124,42085,1.0
28214,37119,1.0
16121,42085,1.0
28216,37119,1.0
28229,37119,1.0
28228,37119,1.0
16108,42073,1.0
16111,42039,1.0
21220,24005,1.0
16112,42073,1.0
16113,42085,1.0
21219,24005,1.0
16114,42085,1.0
16115,42007,1.0
28226,37119,1.0
16116,42073,1.0
28224,37119,1.0
28223,37119,1.0
28222,37119,1.0
28221,37119,1.0
28220,37119,1.0
28219,37119,1.0
28217,37119,1.0
25081,54005,1.0
28271,37119,1.0
15821,42047,1.0
15901,42021,1.0
28301,37051,1.0
28299,37119,1.0
28297,37119,1.0
21263,24510,1.0
21252,24005,1.0
15866,42033,1.0
21251,24510,1.0
15868,42047,1.0
28287,37119,1.0
15902,42021,1.0
15921,42021,1.0
21250,24005,1.0
28285,37119,1.0
21244,24005,1.0
15906,42021,1.0
28284,37119,1.0
15907,42021,1.0
15909,42021,1.0
15915,42021,1.0
15920,42063,1.0
15863,42065,1.0
15861,42023,1.0
28302,37051,1.0
15857,42047,1.0
15822,42047,1.0
15825,42065,1.0
15827,42047,1.0
15831,42047,1.0
25070,54079,1.0
21285,24005,1.0
21284,24005,1.0
21282,24005,1.0
21281,24510,1.0
21278,24510,1.0
15841,42047,1.0
21270,24510,1.0
15845,42047,1.0
15846,42047,1.0
15847,42065,1.0
15848,42033,1.0
15849,42033,1.0
28303,37051,1.0
15856,42033,1.0
28282,37119,1.0
15922,42021,1.0
16002,42019,1.0
15955,42021,1.0
15943,42021,1.0
15945,42021,1.0
21235,24005,1.0
25079,54039,1.0
15948,42021,1.0
15949,42063,1.0
15951,42021,1.0
15952,42021,1.0
15953,42111,1.0
21233,24510,1.0
15923,42129,1.0
15956,42021,1.0
21231,24510,1.0
28273,37119,1.0
21230,24510,1.0
15958,42021,1.0
15959,42111,1.0
15960,42021,1.0
15962,42021,1.0
16001,42019,1.0
28274,37119,1.0
28277,37119,1.0
15942,42021,1.0
15940,42021,1.0
21241,24005,1.0
15924,42111,1.0
15925,42021,1.0
28281,37119,1.0
25075,54039,1.0
25076,54045,1.0
15927,42021,1.0
15928,42111,1.0
15929,42063,1.0
28280,37119,1.0
21240,24003,1.0
15930,42021,1.0
15931,42021,1.0
28278,37119,1.0
15934,42021,1.0
15935,42111,1.0
15936,42111,1.0
15937,42111,1.0
15938,42021,1.0
16738,42083,1.0
28024,37161,1.0
20744,24033,1.0
20785,24033,1.0
27808,37013,1.0
25425,54037,1.0
27806,37013,1.0
17375,42001,1.0
17401,42133,1.0
17402,42133,1.0
17403,42133,1.0
17404,42133,1.0
17405,42133,1.0
17406,42133,1.0
17371,42133,1.0
17407,42133,1.0
17408,42133,1.0
17501,42071,1.0
20784,24033,1.0
17502,42071,1.0
17503,42071,1.0
17504,42071,1.0
17505,42071,1.0
17506,42071,1.0
20787,24031,1.0
27811,37147,1.0
28023,37159,1.0
17362,42133,1.0
17352,42133,1.0
17353,42001,1.0
17355,42133,1.0
17356,42133,1.0
17358,42133,1.0
17360,42133,1.0
20792,24033,1.0
17361,42133,1.0
27815,37065,1.0
17363,42133,1.0
17370,42133,1.0
27814,37013,1.0
27813,37195,1.0
20791,24033,1.0
17364,42133,1.0
17365,42133,1.0
20790,24033,1.0
25423,54037,1.0
17366,42133,1.0
17368,42133,1.0
17507,42071,1.0
27804,37127,1.0
17508,42071,1.0
27704,37063,1.0
27709,37063,1.0
27708,37063,1.0
17534,42071,1.0
25437,54027,1.0
17535,42071,1.0
25438,54037,1.0
25441,54037,1.0
27706,37063,1.0
20779,24003,1.0
17537,42071,1.0
25428,54003,1.0
20778,24003,1.0
27702,37063,1.0
25442,54037,1.0
17538,42071,1.0
27701,37063,1.0
27699,37183,1.0
27697,37183,1.0
27690,37183,1.0
27676,37183,1.0
27710,37063,1.0
17533,42071,1.0
20781,24033,1.0
17532,42071,1.0
17509,42071,1.0
17512,42071,1.0
17516,42071,1.0
17517,42071,1.0
17518,42071,1.0
25431,54027,1.0
27802,37065,1.0
17519,42071,1.0
17520,42071,1.0
27801,37065,1.0
27722,37063,1.0
27717,37063,1.0
27715,37063,1.0
17521,42071,1.0
17522,42071,1.0
25432,54037,1.0
17528,42071,1.0
17529,42071,1.0
20782,24033,1.0
17350,42001,1.0
25421,54003,1.0
25420,54003,1.0
17266,42041,1.0
20810,24031,1.0
17260,42061,1.0
27841,37117,1.0
17261,42055,1.0
17262,42055,1.0
17263,42055,1.0
17265,42055,1.0
27840,37117,1.0
27839,37083,1.0
17267,42057,1.0
17303,42001,1.0
17268,42055,1.0
17271,42055,1.0
25364,54039,1.0
17272,42055,1.0
20799,24033,1.0
27836,37147,1.0
25387,54039,1.0
27835,37147,1.0
17302,42133,1.0
17256,42055,1.0
25362,54039,1.0
20811,24031,1.0
20812,24031,1.0
17239,42061,1.0
17241,42041,1.0
20816,24031,1.0
17244,42055,1.0
17246,42055,1.0
17247,42055,1.0
27845,37131,1.0
17249,42061,1.0
17250,42055,1.0
20815,24031,1.0
25338,54039,1.0
25339,54039,1.0
17251,42055,1.0
17252,42055,1.0
25356,54039,1.0
17253,42061,1.0
25361,54039,1.0
17254,42055,1.0
20814,24031,1.0
25389,54039,1.0
17304,42001,1.0
17349,42133,1.0
17340,42001,1.0
17329,42133,1.0
27827,37147,1.0
25413,54003,1.0
27825,37117,1.0
27824,37095,1.0
25414,54037,1.0
17337,42001,1.0
17339,42133,1.0
27823,37083,1.0
17342,42133,1.0
17306,42001,1.0
25419,54003,1.0
17343,42001,1.0
17344,42001,1.0
27821,37013,1.0
27820,37131,1.0
27819,37065,1.0
27818,37091,1.0
17345,42133,1.0
17347,42133,1.0
17327,42133,1.0
25405,54003,1.0
17325,42001,1.0
17323,42133,1.0
25396,54039,1.0
17309,42133,1.0
17310,42001,1.0
17311,42133,1.0
17312,42133,1.0
25401,54003,1.0
17313,42133,1.0
27833,37147,1.0
25402,54003,1.0
27832,37131,1.0
27831,37131,1.0
17315,42133,1.0
17317,42133,1.0
17318,42133,1.0
17319,42133,1.0
17320,42001,1.0
25403,54003,1.0
17321,42133,1.0
17322,42133,1.0
25444,54027,1.0
17540,42071,1.0
17543,42071,1.0
17764,42035,1.0
17752,42081,1.0
17754,42081,1.0
27543,37085,1.0
20759,24027,1.0
25511,54099,1.0
25512,54099,1.0
17760,42035,1.0
17762,42081,1.0
17763,42081,1.0
17768,42113,1.0
17813,42109,1.0
17769,42081,1.0
17771,42081,1.0
25514,54099,1.0
25515,54053,1.0
17776,42081,1.0
17778,42035,1.0
17779,42035,1.0
17801,42097,1.0
20757,24033,1.0
20762,24033,1.0
17751,42035,1.0
17750,42035,1.0
17749,42097,1.0
17730,42097,1.0
20764,24003,1.0
17731,42113,1.0
17735,42015,1.0
17737,42081,1.0
17739,42081,1.0
17742,42081,1.0
17744,42081,1.0
27559,37037,1.0
27556,37181,1.0
27555,37101,1.0
25507,54099,1.0
17748,42035,1.0
27552,37085,1.0
27551,37185,1.0
27549,37069,1.0
27546,37085,1.0
27545,37183,1.0
20763,24027,1.0
17812,42109,1.0
20755,24003,1.0
17728,42081,1.0
20747,24033,1.0
17837,42119,1.0
17840,42097,1.0
17842,42109,1.0
17843,42109,1.0
17845,42119,1.0
20750,24033,1.0
20749,24033,1.0
20748,24033,1.0
17850,42097,1.0
20746,24033,1.0
25517,54099,1.0
27521,37085,1.0
17855,42119,1.0
17856,42119,1.0
17857,42097,1.0
17858,42037,1.0
17859,42037,1.0
17860,42097,1.0
20745,24033,1.0
17861,42109,1.0
17836,42097,1.0
17835,42119,1.0
27527,37101,1.0
27528,37101,1.0
27539,37183,1.0
25521,54043,1.0
17822,42093,1.0
20753,24033,1.0
17827,42109,1.0
20752,24033,1.0
17829,42119,1.0
27536,37181,1.0
27534,37191,1.0
27533,37191,1.0
27532,37191,1.0
27531,37191,1.0
27530,37191,1.0
17830,42097,1.0
17831,42109,1.0
17832,42097,1.0
17833,42109,1.0
20751,24003,1.0
17834,42097,1.0
27568,37101,1.0
27570,37185,1.0
27675,37183,1.0
17564,42071,1.0
17552,42071,1.0
17554,42071,1.0
17557,42071,1.0
27615,37183,1.0
27614,37183,1.0
17560,42071,1.0
17562,42071,1.0
17563,42071,1.0
20774,24033,1.0
17565,42071,1.0
27608,37183,1.0
17566,42071,1.0
20773,24033,1.0
27612,37183,1.0
27611,37183,1.0
17567,42071,1.0
17568,42071,1.0
17570,42071,1.0
17572,42071,1.0
27609,37183,1.0
27616,37183,1.0
25503,54053,1.0
25502,54053,1.0
27619,37183,1.0
27661,37183,1.0
20776,24003,1.0
25446,54037,1.0
27658,37183,1.0
27656,37183,1.0
27640,37183,1.0
27636,37183,1.0
27629,37183,1.0
27628,37183,1.0
27627,37183,1.0
17547,42071,1.0
20775,24033,1.0
17550,42071,1.0
27624,37183,1.0
27623,37183,1.0
25501,54043,1.0
17551,42071,1.0
27622,37183,1.0
27620,37183,1.0
17575,42071,1.0
27607,37183,1.0
27571,37183,1.0
17723,42081,1.0
17699,42071,1.0
25505,54045,1.0
17702,42081,1.0
17703,42081,1.0
20770,24033,1.0
20769,24033,1.0
17705,42081,1.0
17720,42081,1.0
27588,37183,1.0
27586,37185,1.0
17576,42071,1.0
27584,37181,1.0
20768,24033,1.0
27582,37077,1.0
27581,37077,1.0
27577,37101,1.0
27576,37101,1.0
20765,24003,1.0
27573,37145,1.0
17726,42035,1.0
17608,42071,1.0
17605,42071,1.0
27593,37101,1.0
27594,37185,1.0
17578,42071,1.0
27606,37183,1.0
27605,37183,1.0
27604,37183,1.0
17579,42071,1.0
17580,42071,1.0
27602,37183,1.0
27601,37183,1.0
17581,42071,1.0
20772,24033,1.0
17582,42071,1.0
17584,42071,1.0
27599,37135,1.0
17585,42071,1.0
17601,42071,1.0
17602,42071,1.0
17603,42071,1.0
17604,42071,1.0
20771,24033,1.0
17238,42057,1.0
17237,42055,1.0
20817,24031,1.0
20882,24031,1.0
20885,24031,1.0
16882,42027,1.0
27947,37053,1.0
20884,24031,1.0
20883,24031,1.0
16901,42117,1.0
16910,42015,1.0
16911,42117,1.0
16912,42117,1.0
27944,37143,1.0
16920,42117,1.0
27943,37055,1.0
27942,37091,1.0
27941,37053,1.0
27939,37053,1.0
27938,37073,1.0
27937,37073,1.0
16915,42105,1.0
25265,54053,1.0
16917,42117,1.0
16881,42033,1.0
16879,42033,1.0
16878,42033,1.0
25262,54035,1.0
25253,54053,1.0
20886,24031,1.0
16872,42027,1.0
16873,42033,1.0
16874,42027,1.0
16875,42027,1.0
27960,37095,1.0
27959,37055,1.0
27958,37053,1.0
16876,42033,1.0
27957,37015,1.0
27956,37053,1.0
27954,37055,1.0
27953,37055,1.0
27950,37053,1.0
27949,37055,1.0
27948,37055,1.0
25260,54053,1.0
25261,54013,1.0
20880,24031,1.0
27936,37055,1.0
27964,37053,1.0
27920,37055,1.0
27924,37015,1.0
20861,24031,1.0
16932,42117,1.0
16933,42117,1.0
20860,24031,1.0
16935,42117,1.0
27923,37053,1.0
27922,37091,1.0
27921,37029,1.0
16937,42105,1.0
27935,37073,1.0
16939,42117,1.0
16940,42117,1.0
16941,42105,1.0
16942,42117,1.0
16945,42015,1.0
27917,37053,1.0
16946,42117,1.0
25285,54015,1.0
27916,37053,1.0
25271,54035,1.0
20862,24031,1.0
20866,24031,1.0
16929,42117,1.0
25267,54021,1.0
20879,24031,1.0
20878,24031,1.0
25268,54013,1.0
20877,24031,1.0
20876,24031,1.0
20875,24031,1.0
27929,37053,1.0
16923,42105,1.0
20874,24031,1.0
20872,24031,1.0
27927,37053,1.0
16925,42015,1.0
16926,42015,1.0
27926,37073,1.0
16927,42105,1.0
20868,24031,1.0
16928,42117,1.0
27925,37177,1.0
16868,42027,1.0
27965,37053,1.0
20859,24031,1.0
16827,42027,1.0
28012,37071,1.0
28010,37097,1.0
20911,24031,1.0
20910,24031,1.0
20907,24031,1.0
28009,37167,1.0
28007,37007,1.0
16826,42027,1.0
20906,24031,1.0
16828,42027,1.0
16839,42033,1.0
16829,42027,1.0
16830,42033,1.0
16832,42027,1.0
16833,42033,1.0
20905,24031,1.0
16834,42033,1.0
16835,42027,1.0
16836,42033,1.0
16837,42033,1.0
16825,42033,1.0
16823,42027,1.0
16821,42033,1.0
16820,42027,1.0
16740,42083,1.0
20993,24031,1.0
16744,42083,1.0
16745,42083,1.0
16746,42105,1.0
20918,24031,1.0
20916,24031,1.0
20915,24031,1.0
28019,37161,1.0
20914,24031,1.0
20913,24031,1.0
16749,42083,1.0
16750,42083,1.0
16801,42027,1.0
16802,42027,1.0
28018,37161,1.0
28017,37045,1.0
16803,42027,1.0
16804,42027,1.0
16838,42033,1.0
16840,42033,1.0
27966,37053,1.0
16858,42033,1.0
16852,42027,1.0
20892,24031,1.0
27976,37029,1.0
20891,24031,1.0
25251,54087,1.0
16853,42027,1.0
16854,42027,1.0
16855,42033,1.0
16856,42027,1.0
16859,42027,1.0
28002,37167,1.0
27974,37029,1.0
16861,42033,1.0
16863,42033,1.0
27970,37187,1.0
16864,42027,1.0
27969,37073,1.0
27968,37055,1.0
20889,24031,1.0
27967,37015,1.0
27978,37055,1.0
16851,42027,1.0
16850,42033,1.0
27979,37073,1.0
28001,37167,1.0
20902,24031,1.0
20901,24031,1.0
27986,37091,1.0
16843,42033,1.0
20899,24031,1.0
20898,24031,1.0
20896,24031,1.0
20895,24031,1.0
27985,37143,1.0
27983,37015,1.0
16844,42027,1.0
27982,37055,1.0
25247,54053,1.0
16847,42033,1.0
27981,37055,1.0
16848,42035,1.0
20894,24031,1.0
16849,42033,1.0
16948,42105,1.0
20857,24031,1.0
20818,24031,1.0
17110,42043,1.0
17101,42043,1.0
17102,42043,1.0
27870,37083,1.0
17103,42043,1.0
17104,42043,1.0
17105,42043,1.0
17106,42043,1.0
17108,42043,1.0
17109,42043,1.0
27868,37127,1.0
17122,42043,1.0
27867,37131,1.0
25334,54039,1.0
17111,42043,1.0
17112,42043,1.0
17113,42043,1.0
17120,42043,1.0
17121,42043,1.0
27866,37131,1.0
27865,37013,1.0
17099,42087,1.0
27872,37015,1.0
27873,37195,1.0
17098,42043,1.0
20849,24031,1.0
17082,42067,1.0
27879,37147,1.0
17083,42075,1.0
20848,24031,1.0
17084,42087,1.0
17085,42075,1.0
25332,54039,1.0
25333,54039,1.0
27878,37127,1.0
20847,24031,1.0
17088,42075,1.0
17089,42041,1.0
27877,37131,1.0
27876,37131,1.0
27875,37095,1.0
17093,42041,1.0
17094,42067,1.0
17097,42043,1.0
27864,37065,1.0
17123,42043,1.0
20850,24031,1.0
17223,42057,1.0
27853,37131,1.0
25336,54039,1.0
17217,42055,1.0
17219,42055,1.0
17220,42055,1.0
17221,42055,1.0
25337,54039,1.0
20832,24031,1.0
20830,24031,1.0
20827,24031,1.0
17124,42043,1.0
20825,24031,1.0
17225,42055,1.0
17228,42057,1.0
20824,24031,1.0
17231,42055,1.0
17232,42055,1.0
17235,42055,1.0
27849,37015,1.0
27847,37015,1.0
17214,42055,1.0
20837,24031,1.0
17213,42061,1.0
17212,42057,1.0
17125,42043,1.0
17126,42043,1.0
27862,37131,1.0
27861,37117,1.0
17127,42043,1.0
17128,42043,1.0
27858,37147,1.0
27857,37117,1.0
17129,42043,1.0
17130,42043,1.0
27856,37127,1.0
17177,42043,1.0
17201,42055,1.0
17202,42055,1.0
20841,24031,1.0
25335,54039,1.0
17210,42055,1.0
20839,24031,1.0
20838,24031,1.0
17081,42041,1.0
20851,24031,1.0
17001,42041,1.0
17027,42041,1.0
25305,54039,1.0
25306,54039,1.0
25309,54039,1.0
17023,42043,1.0
25311,54039,1.0
17024,42099,1.0
17025,42041,1.0
20852,24031,1.0
25313,54039,1.0
17029,42087,1.0
17038,42075,1.0
17030,42043,1.0
25314,54039,1.0
27895,37195,1.0
17032,42043,1.0
17034,42043,1.0
27894,37195,1.0
27893,37195,1.0
17036,42043,1.0
25315,54039,1.0
25304,54039,1.0
25303,54039,1.0
25302,54039,1.0
17018,42043,1.0
17003,42075,1.0
17004,42087,1.0
20855,24031,1.0
17005,42043,1.0
27915,37055,1.0
17006,42099,1.0
20854,24031,1.0
17007,42041,1.0
20853,24031,1.0
17009,42087,1.0
17010,42075,1.0
17013,42041,1.0
17014,42067,1.0
17015,42041,1.0
27907,37139,1.0
17016,42075,1.0
27906,37139,1.0
25287,54053,1.0
25301,54039,1.0
17037,42099,1.0
27892,37117,1.0
17080,42043,1.0
17069,42099,1.0
27885,37095,1.0
25325,54039,1.0
17061,42043,1.0
27884,37147,1.0
17064,42075,1.0
17065,42041,1.0
17068,42099,1.0
25326,54039,1.0
25327,54039,1.0
17072,42041,1.0
17039,42075,1.0
25328,54039,1.0
25329,54039,1.0
17074,42099,1.0
17075,42087,1.0
17076,42067,1.0
27881,37065,1.0
17077,42075,1.0
25330,54039,1.0
25331,54039,1.0
25324,54039,1.0
17058,42067,1.0
17057,42043,1.0
27887,37083,1.0
17040,42099,1.0
17041,42075,1.0
25317,54039,1.0
17042,42075,1.0
17043,42041,1.0
17044,42087,1.0
25320,54039,1.0
17046,42075,1.0
17047,42099,1.0
17048,42043,1.0
17049,42067,1.0
17050,42041,1.0
27890,37083,1.0
25321,54039,1.0
17052,42061,1.0
25322,54039,1.0
25323,54039,1.0
17054,42087,1.0
17056,42067,1.0
10583,36119,1.0
12768,36105,1.0
24150,51071,1.0
03607,33019,1.0
32158,12069,1.0
03595,33007,1.0
03597,33007,1.0
32148,12107,1.0
03601,33019,1.0
03603,33019,1.0
32147,12107,1.0
03604,33005,1.0
03605,33019,1.0
03609,33005,1.0
03754,33019,1.0
03740,33009,1.0
03741,33009,1.0
03743,33019,1.0
03745,33019,1.0
03746,33019,1.0
03749,33009,1.0
03750,33009,1.0
03751,33019,1.0
03752,33019,1.0
03593,33007,1.0
03592,33007,1.0
03590,33007,1.0
03589,33007,1.0
23161,51097,1.0
03468,33011,1.0
03469,33005,1.0
03470,33005,1.0
03561,33009,1.0
03570,33007,1.0
03575,33007,1.0
03576,33007,1.0
03579,33007,1.0
03580,33009,1.0
03581,33007,1.0
03582,33007,1.0
03583,33007,1.0
03584,33007,1.0
32160,12019,1.0
03585,33009,1.0
03586,33009,1.0
23838,51041,1.0
03588,33007,1.0
32143,12035,1.0
32141,12127,1.0
23663,51650,1.0
03815,33017,1.0
03804,23031,1.0
32139,12107,1.0
32138,12107,1.0
32137,12035,1.0
03810,33001,1.0
03811,33015,1.0
03812,33003,1.0
03813,33003,1.0
03814,33003,1.0
03816,33003,1.0
03755,33009,1.0
03817,33003,1.0
03818,33003,1.0
03819,33015,1.0
03820,33017,1.0
23154,51073,1.0
32135,12035,1.0
23843,51025,1.0
03821,33017,1.0
23844,51175,1.0
03803,33015,1.0
03802,33015,1.0
03801,33015,1.0
23155,51073,1.0
03756,33009,1.0
03765,33009,1.0
03766,33009,1.0
03768,33009,1.0
03769,33009,1.0
03770,33019,1.0
03771,33009,1.0
03773,33019,1.0
23839,51181,1.0
03774,33009,1.0
23840,51053,1.0
03777,33009,1.0
23841,51053,1.0
03779,33009,1.0
03780,33009,1.0
23156,51097,1.0
03781,33019,1.0
03784,33009,1.0
03785,33009,1.0
03467,33005,1.0
23836,51041,1.0
03466,33005,1.0
03269,33001,1.0
32189,12107,1.0
32187,12107,1.0
03262,33009,1.0
03263,33013,1.0
32185,12107,1.0
03264,33009,1.0
03266,33009,1.0
03268,33013,1.0
23168,51095,1.0
32183,12083,1.0
03465,33005,1.0
03272,33013,1.0
23163,51115,1.0
03273,33013,1.0
03275,33013,1.0
03278,33013,1.0
03279,33009,1.0
32182,12083,1.0
32181,12107,1.0
33938,12015,1.0
32190,12127,1.0
03260,33013,1.0
32192,12083,1.0
32193,12107,1.0
03246,33001,1.0
03249,33001,1.0
32207,12031,1.0
32206,12031,1.0
03251,33009,1.0
32205,12031,1.0
03252,33001,1.0
23169,51119,1.0
32204,12031,1.0
03253,33001,1.0
32203,12031,1.0
32202,12031,1.0
32198,12127,1.0
03255,33013,1.0
23827,51175,1.0
03256,33001,1.0
23828,51175,1.0
03258,33013,1.0
03259,33003,1.0
03281,33011,1.0
23831,51041,1.0
03282,33009,1.0
03440,33011,1.0
03442,33011,1.0
03443,33005,1.0
03444,33005,1.0
03445,33005,1.0
03446,33005,1.0
03447,33005,1.0
03448,33005,1.0
03449,33011,1.0
03450,33005,1.0
03451,33005,1.0
03455,33005,1.0
03456,33005,1.0
23162,51085,1.0
03457,33005,1.0
32168,12127,1.0
32164,12035,1.0
03461,33005,1.0
03462,33005,1.0
03464,33005,1.0
03441,33005,1.0
03435,33005,1.0
03284,33019,1.0
32169,12127,1.0
32179,12083,1.0
03285,33009,1.0
23832,51041,1.0
32178,12107,1.0
03287,33013,1.0
03289,33001,1.0
32177,12107,1.0
32176,12127,1.0
32175,12127,1.0
03291,33015,1.0
03299,33001,1.0
03301,33013,1.0
03302,33013,1.0
03303,33013,1.0
03305,33013,1.0
03307,33013,1.0
32173,12127,1.0
03431,33005,1.0
32170,12127,1.0
03822,33017,1.0
03823,33017,1.0
03826,33015,1.0
04055,23005,1.0
04043,23031,1.0
04046,23031,1.0
04047,23031,1.0
04048,23031,1.0
04049,23031,1.0
04050,23005,1.0
32099,12031,1.0
04051,23017,1.0
04054,23031,1.0
32097,12089,1.0
04013,23005,1.0
04056,23031,1.0
23138,51115,1.0
04057,23005,1.0
04061,23031,1.0
04062,23005,1.0
04063,23031,1.0
23131,51073,1.0
04064,23031,1.0
04066,23005,1.0
04042,23031,1.0
04041,23017,1.0
04039,23005,1.0
32105,12127,1.0
04015,23005,1.0
04016,23017,1.0
32113,12083,1.0
04017,23005,1.0
04019,23005,1.0
04020,23031,1.0
04021,23005,1.0
04024,23005,1.0
23141,51127,1.0
04027,23031,1.0
32111,12083,1.0
04028,23031,1.0
04029,23005,1.0
04030,23031,1.0
04032,23005,1.0
04033,23005,1.0
32110,12035,1.0
04034,23005,1.0
04037,23017,1.0
32095,12109,1.0
04068,23017,1.0
32092,12109,1.0
23127,51095,1.0
04092,23005,1.0
23126,51097,1.0
23125,51115,1.0
04094,23031,1.0
04095,23031,1.0
04096,23005,1.0
32073,12019,1.0
04097,23005,1.0
04098,23005,1.0
32071,12121,1.0
32068,12019,1.0
32067,12019,1.0
04101,23005,1.0
32065,12019,1.0
32064,12121,1.0
04102,23005,1.0
32063,12003,1.0
32062,12121,1.0
32061,12023,1.0
04091,23005,1.0
04090,23031,1.0
04069,23005,1.0
32079,12019,1.0
04070,23005,1.0
04071,23005,1.0
23130,51115,1.0
32087,12003,1.0
04073,23031,1.0
04074,23005,1.0
04076,23031,1.0
04077,23005,1.0
04078,23005,1.0
32085,12109,1.0
32084,12109,1.0
04079,23005,1.0
04082,23005,1.0
04083,23031,1.0
04085,23005,1.0
23857,51025,1.0
04086,23023,1.0
04087,23031,1.0
04088,23017,1.0
04014,23031,1.0
04010,23017,1.0
03827,33015,1.0
32126,12127,1.0
03850,33003,1.0
23150,51087,1.0
32128,12127,1.0
03851,33017,1.0
03852,33017,1.0
03853,33003,1.0
03854,33015,1.0
03856,33015,1.0
32127,12127,1.0
03858,33015,1.0
04009,23005,1.0
03859,33015,1.0
03860,33003,1.0
03861,33017,1.0
03862,33015,1.0
03864,33003,1.0
03865,33015,1.0
32125,12127,1.0
03866,33017,1.0
03867,33017,1.0
32129,12127,1.0
03849,33003,1.0
32130,12127,1.0
03848,33015,1.0
03830,33003,1.0
03832,33003,1.0
03833,33015,1.0
03835,33017,1.0
03836,33003,1.0
23153,51075,1.0
03837,33001,1.0
03838,33003,1.0
03839,33017,1.0
03840,33015,1.0
03841,33015,1.0
03842,33015,1.0
03843,33015,1.0
32133,12083,1.0
03844,33015,1.0
32132,12127,1.0
03845,33003,1.0
03846,33003,1.0
03847,33003,1.0
32124,12127,1.0
32122,12127,1.0
32121,12127,1.0
03902,23031,1.0
03904,23031,1.0
03905,23031,1.0
03906,23031,1.0
03907,23031,1.0
03908,23031,1.0
03909,23031,1.0
03910,23031,1.0
23147,51036,1.0
03911,23031,1.0
04001,23031,1.0
04002,23031,1.0
04003,23005,1.0
32117,12127,1.0
04004,23031,1.0
04005,23031,1.0
04006,23031,1.0
32115,12127,1.0
32114,12127,1.0
04008,23023,1.0
03903,23031,1.0
03901,23031,1.0
03868,33017,1.0
03897,33003,1.0
03869,33017,1.0
03870,33015,1.0
03871,33015,1.0
03872,33003,1.0
03873,33015,1.0
03874,33015,1.0
03875,33003,1.0
23846,51181,1.0
03878,33017,1.0
03882,33003,1.0
03883,33003,1.0
32120,12127,1.0
03885,33015,1.0
03886,33003,1.0
03890,33003,1.0
03894,33003,1.0
32119,12127,1.0
32118,12127,1.0
03896,33003,1.0
32208,12031,1.0
23170,51109,1.0
32209,12031,1.0
23692,51199,1.0
02829,44007,1.0
02830,44007,1.0
23691,51199,1.0
02832,44009,1.0
02833,44009,1.0
32449,12013,1.0
02835,44005,1.0
32447,12063,1.0
32446,12063,1.0
02836,44009,1.0
02801,44005,1.0
32445,12063,1.0
32444,12005,1.0
02837,44005,1.0
32443,12063,1.0
02838,44007,1.0
02839,44007,1.0
02840,44005,1.0
02841,44005,1.0
02842,44005,1.0
02828,44007,1.0
02827,44003,1.0
02826,44007,1.0
02825,44007,1.0
02804,44009,1.0
02806,44001,1.0
02807,44009,1.0
02808,44009,1.0
32463,12133,1.0
23681,51650,1.0
02809,44001,1.0
02812,44009,1.0
02813,44009,1.0
02814,44007,1.0
02815,44007,1.0
02816,44003,1.0
02817,44003,1.0
32461,12131,1.0
32460,12063,1.0
02818,44003,1.0
32459,12131,1.0
02823,44007,1.0
02824,44007,1.0
23694,51199,1.0
02857,44007,1.0
02858,44007,1.0
02881,44009,1.0
02883,44009,1.0
32432,12063,1.0
02885,44001,1.0
02887,44003,1.0
02888,44003,1.0
02889,44003,1.0
02891,44009,1.0
02892,44009,1.0
02894,44009,1.0
02895,44007,1.0
02896,44007,1.0
02898,44009,1.0
32430,12013,1.0
23701,51740,1.0
02901,44007,1.0
23219,51760,1.0
02902,44007,1.0
02903,44007,1.0
02904,44007,1.0
02882,44009,1.0
02880,44009,1.0
02859,44007,1.0
02879,44009,1.0
32439,12131,1.0
23696,51199,1.0
02860,44007,1.0
02861,44007,1.0
02862,44007,1.0
02863,44007,1.0
02864,44007,1.0
02865,44007,1.0
23221,51760,1.0
02871,44005,1.0
02872,44005,1.0
32435,12131,1.0
02873,44009,1.0
02874,44009,1.0
02875,44009,1.0
23220,51760,1.0
02876,44007,1.0
02877,44009,1.0
02878,44005,1.0
02802,44007,1.0
02791,25005,1.0
02906,44007,1.0
32541,12091,1.0
02721,25005,1.0
32560,12033,1.0
32559,12033,1.0
32550,12131,1.0
32549,12091,1.0
32548,12091,1.0
32547,12091,1.0
32544,12091,1.0
32542,12091,1.0
32540,12091,1.0
02790,25005,1.0
02722,25005,1.0
02723,25005,1.0
32538,12131,1.0
32536,12091,1.0
32535,12033,1.0
02724,25005,1.0
02725,25005,1.0
02726,25005,1.0
32534,12033,1.0
02720,25005,1.0
02719,25005,1.0
32562,12113,1.0
32563,12113,1.0
02664,25001,1.0
02666,25001,1.0
02667,25001,1.0
32568,12033,1.0
02668,25001,1.0
02669,25001,1.0
02670,25001,1.0
02671,25001,1.0
02672,25001,1.0
02673,25001,1.0
02675,25001,1.0
32566,12113,1.0
32565,12113,1.0
02703,25005,1.0
02712,25005,1.0
02713,25007,1.0
02715,25005,1.0
02717,25005,1.0
02718,25005,1.0
32533,12033,1.0
02738,25023,1.0
02739,25023,1.0
32509,12033,1.0
32507,12033,1.0
02761,25005,1.0
32506,12033,1.0
02762,25021,1.0
32505,12033,1.0
02763,25005,1.0
32504,12033,1.0
02764,25005,1.0
32503,12033,1.0
32502,12033,1.0
02766,25005,1.0
02768,25005,1.0
02769,25005,1.0
32501,12033,1.0
02771,25005,1.0
23669,51650,1.0
02777,25005,1.0
23670,51650,1.0
02780,25005,1.0
32508,12033,1.0
32511,12033,1.0
32530,12113,1.0
02748,25005,1.0
32526,12033,1.0
32524,12033,1.0
32523,12033,1.0
32522,12033,1.0
02740,25005,1.0
02741,25005,1.0
02742,25005,1.0
32520,12033,1.0
02743,25005,1.0
32516,12033,1.0
32514,12033,1.0
02744,25005,1.0
02745,25005,1.0
32513,12033,1.0
02746,25005,1.0
23667,51650,1.0
02747,25005,1.0
32512,12033,1.0
23668,51650,1.0
02905,44007,1.0
02907,44007,1.0
32210,12031,1.0
32314,12073,1.0
03224,33013,1.0
03225,33001,1.0
32317,12073,1.0
32316,12073,1.0
03227,33003,1.0
03229,33013,1.0
03230,33013,1.0
03231,33013,1.0
32315,12073,1.0
32313,12073,1.0
23709,51740,1.0
32312,12073,1.0
32311,12073,1.0
32310,12073,1.0
32308,12073,1.0
32307,12073,1.0
32306,12073,1.0
32305,12073,1.0
32304,12073,1.0
32303,12073,1.0
32318,12073,1.0
32320,12037,1.0
03223,33009,1.0
03222,33009,1.0
03108,33011,1.0
03109,33011,1.0
32330,12039,1.0
03110,33011,1.0
03111,33011,1.0
23801,51149,1.0
23184,51073,1.0
03215,33009,1.0
23183,51073,1.0
03216,33013,1.0
32326,12129,1.0
32324,12039,1.0
23804,51730,1.0
03217,33009,1.0
32322,12037,1.0
03218,33001,1.0
23180,51119,1.0
03221,33013,1.0
23178,51073,1.0
32302,12073,1.0
32301,12073,1.0
32277,12031,1.0
32229,12031,1.0
32227,12031,1.0
32226,12031,1.0
32225,12031,1.0
23176,51119,1.0
32223,12031,1.0
32222,12031,1.0
32221,12031,1.0
32220,12031,1.0
32219,12031,1.0
32218,12031,1.0
32217,12031,1.0
03240,33009,1.0
03241,33009,1.0
23821,51025,1.0
23175,51119,1.0
32216,12031,1.0
32214,12031,1.0
32212,12031,1.0
32211,12031,1.0
32228,12031,1.0
32233,12031,1.0
32266,12031,1.0
03238,33009,1.0
32260,12109,1.0
03233,33013,1.0
32258,12031,1.0
32257,12031,1.0
32256,12031,1.0
32255,12031,1.0
32254,12031,1.0
03234,33013,1.0
32247,12031,1.0
32246,12031,1.0
32245,12031,1.0
32244,12031,1.0
32241,12031,1.0
32240,12031,1.0
32239,12031,1.0
32238,12031,1.0
32236,12031,1.0
32235,12031,1.0
03235,33013,1.0
03106,33013,1.0
23708,51740,1.0
02908,44007,1.0
32417,12005,1.0
03041,33015,1.0
32422,12131,1.0
32421,12013,1.0
03043,33011,1.0
23704,51740,1.0
03044,33015,1.0
23187,51830,1.0
23705,51740,1.0
03046,33013,1.0
32413,12005,1.0
03105,33011,1.0
32411,12005,1.0
32410,12005,1.0
32409,12005,1.0
32408,12005,1.0
32407,12005,1.0
32406,12005,1.0
32405,12005,1.0
03047,33011,1.0
32404,12005,1.0
03038,33015,1.0
03036,33015,1.0
03033,33011,1.0
32423,12063,1.0
02909,44007,1.0
32427,12133,1.0
32426,12063,1.0
02910,44007,1.0
02911,44007,1.0
02912,44007,1.0
02914,44007,1.0
23218,51760,1.0
02916,44007,1.0
02917,44007,1.0
02918,44007,1.0
02919,44007,1.0
02920,44007,1.0
02921,44007,1.0
23190,51073,1.0
32424,12013,1.0
02940,44007,1.0
03031,33011,1.0
03032,33015,1.0
03048,33011,1.0
32403,12005,1.0
32402,12005,1.0
32350,12079,1.0
32347,12123,1.0
03064,33011,1.0
32345,12065,1.0
03070,33011,1.0
03071,33011,1.0
32343,12039,1.0
32340,12079,1.0
32337,12065,1.0
03073,33015,1.0
03077,33015,1.0
32334,12077,1.0
03079,33015,1.0
03082,33011,1.0
32333,12039,1.0
03084,33011,1.0
03086,33011,1.0
03087,33015,1.0
03101,33011,1.0
32332,12039,1.0
32348,12123,1.0
03063,33011,1.0
32401,12005,1.0
03062,33011,1.0
32399,12073,1.0
32362,12073,1.0
32361,12065,1.0
03049,33011,1.0
32360,12077,1.0
03051,33011,1.0
03052,33011,1.0
03053,33015,1.0
03054,33011,1.0
03055,33011,1.0
23186,51830,1.0
32357,12123,1.0
32356,12123,1.0
32355,12129,1.0
32352,12039,1.0
03057,33011,1.0
23707,51740,1.0
03060,33011,1.0
03061,33011,1.0
32060,12121,1.0
32059,12079,1.0
04103,23005,1.0
31727,13277,1.0
05086,50017,1.0
05088,50027,1.0
05089,50027,1.0
23897,51183,1.0
05091,50027,1.0
05101,50025,1.0
05141,50025,1.0
05142,50027,1.0
05146,50025,1.0
31722,13071,1.0
05051,50017,1.0
05149,50027,1.0
05150,50027,1.0
23035,51115,1.0
05151,50027,1.0
05152,50003,1.0
05153,50027,1.0
05154,50025,1.0
05158,50025,1.0
23032,51119,1.0
05085,50017,1.0
05084,50027,1.0
05083,50017,1.0
05079,50017,1.0
05052,50027,1.0
23889,51025,1.0
05053,50027,1.0
05054,50017,1.0
05055,50027,1.0
05056,50027,1.0
05058,50017,1.0
05059,50027,1.0
23043,51119,1.0
05062,50027,1.0
23891,51183,1.0
05067,50027,1.0
23893,51025,1.0
05071,50027,1.0
23039,51075,1.0
05073,50027,1.0
05074,50017,1.0
05075,50017,1.0
05076,50017,1.0
05159,50025,1.0
05201,50003,1.0
05250,50003,1.0
05357,50025,1.0
05359,50025,1.0
05360,50025,1.0
05361,50025,1.0
05362,50025,1.0
05401,50007,1.0
05402,50007,1.0
23899,51181,1.0
05403,50007,1.0
05404,50007,1.0
05405,50007,1.0
05406,50007,1.0
05407,50007,1.0
05408,50007,1.0
05439,50007,1.0
05440,50013,1.0
05441,50011,1.0
05442,50015,1.0
05443,50001,1.0
05446,50007,1.0
05358,50025,1.0
31716,13205,1.0
23031,51119,1.0
05356,50025,1.0
05252,50003,1.0
05254,50003,1.0
05255,50003,1.0
05257,50003,1.0
05260,50003,1.0
05261,50003,1.0
05262,50003,1.0
05301,50025,1.0
05340,50003,1.0
05341,50025,1.0
05342,50025,1.0
05344,50025,1.0
05345,50025,1.0
05346,50025,1.0
05351,50025,1.0
05352,50003,1.0
05353,50025,1.0
05354,50025,1.0
05355,50025,1.0
23045,51115,1.0
05050,50005,1.0
23027,51049,1.0
04952,23027,1.0
04940,23007,1.0
04941,23027,1.0
04943,23025,1.0
04944,23025,1.0
04945,23025,1.0
04947,23007,1.0
04950,23025,1.0
23058,51087,1.0
04951,23027,1.0
04953,23019,1.0
05049,50027,1.0
04954,23025,1.0
04956,23007,1.0
04957,23025,1.0
31772,13321,1.0
04958,23025,1.0
31769,13155,1.0
04962,23011,1.0
04964,23007,1.0
04965,23025,1.0
04939,23019,1.0
04938,23007,1.0
04936,23007,1.0
23885,51053,1.0
04910,23011,1.0
04911,23025,1.0
04912,23025,1.0
04915,23027,1.0
04917,23011,1.0
04918,23011,1.0
04920,23025,1.0
04922,23027,1.0
04923,23025,1.0
04924,23025,1.0
04925,23025,1.0
04926,23011,1.0
23061,51073,1.0
04928,23019,1.0
04929,23025,1.0
23884,51183,1.0
23060,51087,1.0
04933,23019,1.0
04935,23011,1.0
04966,23007,1.0
04967,23025,1.0
04969,23019,1.0
04992,23007,1.0
05009,50027,1.0
05030,50027,1.0
05031,50027,1.0
23055,51065,1.0
05033,50017,1.0
31735,13261,1.0
05034,50027,1.0
05035,50027,1.0
05036,50017,1.0
05037,50027,1.0
05038,50017,1.0
05039,50017,1.0
05040,50017,1.0
05041,50017,1.0
05042,50005,1.0
05043,50017,1.0
05045,50017,1.0
05047,50027,1.0
05048,50027,1.0
05001,50027,1.0
04989,23011,1.0
04970,23007,1.0
04987,23027,1.0
31758,13275,1.0
31757,13275,1.0
31756,13071,1.0
31753,13071,1.0
04971,23025,1.0
23056,51115,1.0
04973,23027,1.0
04974,23027,1.0
04975,23025,1.0
31747,13071,1.0
04976,23025,1.0
04978,23025,1.0
04979,23025,1.0
04981,23027,1.0
04982,23007,1.0
04983,23007,1.0
04984,23007,1.0
04985,23025,1.0
04986,23027,1.0
05447,50011,1.0
05448,50011,1.0
04901,23011,1.0
05766,50001,1.0
05753,50001,1.0
22976,51125,1.0
05757,50021,1.0
05759,50021,1.0
05763,50021,1.0
22971,51125,1.0
05764,50021,1.0
23930,51135,1.0
05765,50021,1.0
05769,50001,1.0
05682,50023,1.0
05770,50001,1.0
05773,50021,1.0
31634,13065,1.0
05774,50021,1.0
22965,51079,1.0
22964,51125,1.0
05776,50003,1.0
05777,50021,1.0
05820,50019,1.0
31638,13027,1.0
05751,50021,1.0
05750,50021,1.0
05748,50001,1.0
05701,50021,1.0
05702,50021,1.0
05730,50021,1.0
05731,50021,1.0
05732,50021,1.0
05734,50001,1.0
05735,50021,1.0
05736,50021,1.0
05737,50021,1.0
05738,50021,1.0
05739,50021,1.0
05740,50001,1.0
05741,50021,1.0
22987,51003,1.0
05742,50021,1.0
05744,50021,1.0
05745,50021,1.0
05746,50027,1.0
05747,50001,1.0
05821,50005,1.0
05823,50019,1.0
05825,50019,1.0
31599,13305,1.0
05845,50019,1.0
31569,13039,1.0
31568,13039,1.0
31567,13069,1.0
05847,50019,1.0
05848,50005,1.0
23939,51011,1.0
05849,50005,1.0
05850,50005,1.0
23941,51117,1.0
05851,50005,1.0
05853,50019,1.0
31564,13299,1.0
31563,13001,1.0
31562,13049,1.0
31561,13127,1.0
05855,50019,1.0
31558,13039,1.0
05857,50019,1.0
31598,13305,1.0
31601,13185,1.0
22963,51065,1.0
22957,51137,1.0
05827,50019,1.0
05828,50005,1.0
05829,50019,1.0
05830,50019,1.0
05832,50005,1.0
31629,13027,1.0
31627,13075,1.0
05833,50019,1.0
31625,13027,1.0
05838,50005,1.0
22959,51003,1.0
22958,51125,1.0
31623,13065,1.0
31622,13019,1.0
31620,13075,1.0
31606,13185,1.0
05840,50009,1.0
31604,13185,1.0
31603,13185,1.0
31643,13027,1.0
05681,50023,1.0
05449,50007,1.0
05483,50011,1.0
05473,50001,1.0
05474,50013,1.0
05477,50007,1.0
05478,50011,1.0
31706,13095,1.0
05479,50011,1.0
05481,50011,1.0
23915,51117,1.0
05482,50007,1.0
05485,50011,1.0
22989,51113,1.0
23917,51117,1.0
05486,50013,1.0
05488,50011,1.0
05490,50007,1.0
05491,50001,1.0
05492,50015,1.0
05494,50007,1.0
31704,13095,1.0
05495,50007,1.0
23909,51147,1.0
05472,50001,1.0
23018,51073,1.0
05470,50011,1.0
31709,13261,1.0
31708,13095,1.0
05450,50011,1.0
05451,50007,1.0
05452,50007,1.0
05453,50007,1.0
05455,50011,1.0
05456,50001,1.0
05457,50011,1.0
05458,50013,1.0
05459,50011,1.0
05460,50011,1.0
23025,51115,1.0
05463,50013,1.0
23022,51065,1.0
05465,50007,1.0
23021,51115,1.0
05466,50007,1.0
05469,50001,1.0
05501,25009,1.0
05601,50023,1.0
23921,51029,1.0
05656,50015,1.0
05660,50023,1.0
05661,50015,1.0
05662,50015,1.0
31648,13101,1.0
31647,13075,1.0
05664,50023,1.0
05665,50015,1.0
05666,50023,1.0
05667,50023,1.0
05670,50023,1.0
05671,50023,1.0
05672,50015,1.0
05673,50023,1.0
05674,50023,1.0
05675,50017,1.0
23001,51073,1.0
05677,50023,1.0
05678,50023,1.0
05679,50017,1.0
05657,50015,1.0
05655,50015,1.0
05602,50023,1.0
05653,50015,1.0
05603,50023,1.0
05604,50023,1.0
05609,50023,1.0
05620,50023,1.0
05633,50023,1.0
31703,13095,1.0
05640,50023,1.0
23011,51127,1.0
31702,13095,1.0
23009,51101,1.0
23005,51085,1.0
23004,51029,1.0
31699,13185,1.0
31698,13185,1.0
23003,51073,1.0
05648,50023,1.0
05650,50023,1.0
05651,50023,1.0
05652,50015,1.0
04903,23011,1.0
04865,23013,1.0
04104,23005,1.0
31995,13053,1.0
04418,23019,1.0
32003,12019,1.0
23109,51115,1.0
04419,23019,1.0
04420,23009,1.0
23108,51097,1.0
31999,13215,1.0
31998,13215,1.0
04421,23009,1.0
04422,23019,1.0
32011,12089,1.0
31917,13215,1.0
31914,13215,1.0
31909,13215,1.0
04426,23021,1.0
23106,51101,1.0
04427,23019,1.0
31908,13215,1.0
31907,13215,1.0
04430,23019,1.0
04417,23019,1.0
04416,23009,1.0
23110,51097,1.0
04415,23021,1.0
04351,23011,1.0
04352,23011,1.0
04355,23011,1.0
04359,23011,1.0
04360,23011,1.0
04364,23011,1.0
04401,23019,1.0
04402,23019,1.0
32007,12107,1.0
32006,12019,1.0
04406,23021,1.0
04408,23009,1.0
04410,23019,1.0
32004,12109,1.0
04411,23019,1.0
23874,51175,1.0
04412,23019,1.0
04413,23029,1.0
04414,23021,1.0
04431,23009,1.0
23105,51007,1.0
31906,13215,1.0
04455,23019,1.0
04457,23019,1.0
23086,51101,1.0
04460,23019,1.0
04461,23019,1.0
04462,23019,1.0
04463,23021,1.0
04464,23021,1.0
04468,23019,1.0
04469,23019,1.0
04471,23003,1.0
04472,23009,1.0
04473,23019,1.0
04474,23019,1.0
04475,23019,1.0
04476,23009,1.0
04478,23025,1.0
04479,23021,1.0
04481,23021,1.0
31827,13263,1.0
04456,23019,1.0
04454,23029,1.0
04434,23019,1.0
04453,23019,1.0
23103,51075,1.0
04435,23019,1.0
04438,23027,1.0
31904,13215,1.0
31903,13215,1.0
31902,13215,1.0
31901,13215,1.0
23092,51119,1.0
31836,13263,1.0
23091,51097,1.0
04441,23021,1.0
23090,51199,1.0
04442,23021,1.0
04443,23021,1.0
04444,23019,1.0
04448,23019,1.0
04449,23019,1.0
31832,13307,1.0
04450,23019,1.0
32009,12089,1.0
04350,23011,1.0
23085,51097,1.0
04236,23001,1.0
04223,23001,1.0
04225,23007,1.0
04226,23017,1.0
04227,23007,1.0
04228,23001,1.0
04230,23001,1.0
04231,23017,1.0
23119,51115,1.0
04234,23007,1.0
04237,23017,1.0
32013,12067,1.0
04240,23001,1.0
04241,23001,1.0
04243,23001,1.0
04250,23001,1.0
04253,23001,1.0
04255,23017,1.0
04256,23001,1.0
04257,23017,1.0
04259,23011,1.0
32046,12089,1.0
04221,23017,1.0
32050,12019,1.0
32052,12047,1.0
04105,23005,1.0
04106,23005,1.0
32056,12023,1.0
04107,23005,1.0
04108,23005,1.0
04109,23005,1.0
04110,23005,1.0
04112,23005,1.0
04116,23005,1.0
04122,23005,1.0
04123,23005,1.0
04124,23005,1.0
04210,23001,1.0
04211,23001,1.0
04212,23001,1.0
04216,23017,1.0
04217,23017,1.0
04219,23017,1.0
32053,12047,1.0
04261,23017,1.0
04263,23001,1.0
04265,23011,1.0
04290,23017,1.0
04291,23001,1.0
32033,12109,1.0
04292,23017,1.0
04294,23007,1.0
32025,12023,1.0
04332,23011,1.0
04333,23011,1.0
04336,23011,1.0
04338,23011,1.0
04341,23015,1.0
04342,23015,1.0
04343,23011,1.0
04344,23011,1.0
23114,51041,1.0
04346,23011,1.0
04347,23011,1.0
04348,23015,1.0
04349,23011,1.0
23873,51025,1.0
32034,12089,1.0
04289,23017,1.0
04266,23001,1.0
04288,23001,1.0
04267,23017,1.0
04268,23017,1.0
23115,51057,1.0
04271,23017,1.0
23868,51025,1.0
04275,23017,1.0
04276,23017,1.0
04281,23017,1.0
23870,51081,1.0
32042,12007,1.0
32041,12089,1.0
32040,12003,1.0
04282,23001,1.0
32035,12089,1.0
04284,23011,1.0
04285,23007,1.0
04286,23017,1.0
23872,51053,1.0
04287,23023,1.0
04485,23021,1.0
04488,23019,1.0
23062,51073,1.0
04740,23003,1.0
04730,23003,1.0
04732,23003,1.0
23066,51115,1.0
04734,23003,1.0
04735,23003,1.0
04736,23003,1.0
04737,23003,1.0
04738,23003,1.0
04739,23003,1.0
04742,23003,1.0
04666,23029,1.0
04743,23003,1.0
04744,23003,1.0
04745,23003,1.0
04746,23003,1.0
23064,51115,1.0
04747,23003,1.0
04750,23003,1.0
04751,23003,1.0
04756,23003,1.0
04694,23029,1.0
23067,51075,1.0
04693,23009,1.0
04691,23029,1.0
04668,23029,1.0
04669,23009,1.0
23071,51119,1.0
04671,23029,1.0
04672,23009,1.0
04673,23009,1.0
23070,51119,1.0
04674,23009,1.0
04675,23009,1.0
04676,23009,1.0
04677,23009,1.0
04679,23009,1.0
04680,23029,1.0
04681,23009,1.0
04683,23009,1.0
04684,23009,1.0
04685,23009,1.0
23068,51115,1.0
04686,23029,1.0
04757,23003,1.0
04758,23003,1.0
04760,23003,1.0
04785,23003,1.0
04787,23003,1.0
04841,23013,1.0
04843,23013,1.0
04847,23013,1.0
04848,23027,1.0
04849,23027,1.0
04850,23027,1.0
04851,23013,1.0
04852,23015,1.0
31776,13071,1.0
04853,23013,1.0
04854,23013,1.0
04855,23013,1.0
04856,23013,1.0
04858,23013,1.0
04859,23013,1.0
04860,23013,1.0
04861,23013,1.0
04863,23013,1.0
04786,23003,1.0
04783,23003,1.0
04761,23003,1.0
04781,23003,1.0
31782,13095,1.0
31781,13321,1.0
04762,23003,1.0
04763,23003,1.0
04764,23003,1.0
04765,23019,1.0
04766,23003,1.0
04768,23003,1.0
04769,23003,1.0
04772,23003,1.0
04773,23003,1.0
04774,23003,1.0
04775,23003,1.0
23063,51075,1.0
04776,23003,1.0
23883,51181,1.0
04777,23019,1.0
04779,23003,1.0
04780,23003,1.0
04667,23029,1.0
23072,51073,1.0
04489,23019,1.0
23081,51095,1.0
31823,13145,1.0
04562,23023,1.0
04563,23013,1.0
04564,23015,1.0
04565,23023,1.0
04568,23015,1.0
31821,13259,1.0
04570,23015,1.0
04571,23015,1.0
04573,23015,1.0
31793,13277,1.0
04574,23013,1.0
04575,23015,1.0
23879,51081,1.0
23079,51119,1.0
31815,13259,1.0
04576,23015,1.0
04578,23015,1.0
04579,23023,1.0
04605,23009,1.0
04558,23015,1.0
04556,23015,1.0
04555,23015,1.0
04554,23015,1.0
04490,23029,1.0
04491,23029,1.0
04492,23029,1.0
04493,23019,1.0
04495,23019,1.0
04496,23027,1.0
04530,23023,1.0
04535,23015,1.0
23876,51025,1.0
04537,23015,1.0
04538,23015,1.0
04539,23015,1.0
04541,23015,1.0
04543,23015,1.0
04544,23015,1.0
04547,23013,1.0
04548,23023,1.0
04551,23015,1.0
04553,23015,1.0
04606,23029,1.0
04607,23009,1.0
04609,23009,1.0
04635,23009,1.0
04640,23009,1.0
04642,23009,1.0
04643,23029,1.0
04644,23009,1.0
04645,23013,1.0
04646,23009,1.0
04648,23029,1.0
04649,23029,1.0
04650,23009,1.0
31799,13275,1.0
04652,23029,1.0
04653,23009,1.0
04654,23029,1.0
04655,23029,1.0
04657,23029,1.0
04658,23029,1.0
04660,23009,1.0
04662,23009,1.0
04664,23009,1.0
04637,23029,1.0
04634,23009,1.0
04611,23029,1.0
04631,23029,1.0
31811,13145,1.0
31810,13263,1.0
04612,23009,1.0
04613,23009,1.0
04614,23009,1.0
04616,23009,1.0
04617,23009,1.0
04619,23029,1.0
31807,13145,1.0
04623,23029,1.0
23076,51115,1.0
04624,23009,1.0
04625,23009,1.0
04626,23029,1.0
04627,23009,1.0
23075,51087,1.0
04628,23029,1.0
04629,23009,1.0
04630,23029,1.0
23664,51650,1.0
02663,25001,1.0
05859,50019,1.0
01027,25015,1.0
23460,51810,1.0
33331,12011,1.0
33330,12011,1.0
33329,12011,1.0
33328,12011,1.0
33327,12011,1.0
33326,12011,1.0
33325,12011,1.0
33324,12011,1.0
23461,51810,1.0
23358,51001,1.0
33323,12011,1.0
01028,25013,1.0
01029,25003,1.0
01030,25013,1.0
33322,12011,1.0
33321,12011,1.0
33320,12011,1.0
33319,12011,1.0
01032,25015,1.0
23359,51001,1.0
33332,12011,1.0
33334,12011,1.0
33335,12011,1.0
23395,51001,1.0
33394,12011,1.0
33388,12011,1.0
33359,12011,1.0
33355,12011,1.0
33351,12011,1.0
33348,12011,1.0
23389,51001,1.0
23459,51810,1.0
01012,25015,1.0
01013,25013,1.0
01014,25013,1.0
01020,25013,1.0
33346,12011,1.0
33345,12011,1.0
33339,12011,1.0
01021,25013,1.0
01022,25013,1.0
33338,12011,1.0
33318,12011,1.0
01034,25013,1.0
02662,25001,1.0
33308,12011,1.0
01063,25015,1.0
01066,25015,1.0
01068,25027,1.0
33310,12011,1.0
23354,51131,1.0
23466,51810,1.0
33309,12011,1.0
01071,25013,1.0
01072,25011,1.0
01074,25027,1.0
33317,12011,1.0
33307,12011,1.0
33306,12011,1.0
33305,12011,1.0
33304,12011,1.0
33303,12011,1.0
01075,25015,1.0
01077,25013,1.0
01079,25013,1.0
33302,12011,1.0
33311,12011,1.0
33312,12011,1.0
01062,25015,1.0
01061,25015,1.0
33316,12011,1.0
01035,25015,1.0
01036,25013,1.0
33315,12011,1.0
01037,25027,1.0
01038,25015,1.0
01040,25013,1.0
01041,25013,1.0
23357,51001,1.0
33314,12011,1.0
33313,12011,1.0
01053,25015,1.0
01054,25011,1.0
23356,51001,1.0
23463,51810,1.0
01056,25013,1.0
01057,25013,1.0
01059,25015,1.0
01060,25015,1.0
33401,12099,1.0
33402,12099,1.0
33403,12099,1.0
33462,12099,1.0
00984,72031,1.0
33468,12099,1.0
00985,72031,1.0
00986,72031,1.0
33467,12099,1.0
33466,12099,1.0
33465,12099,1.0
33464,12099,1.0
33463,12099,1.0
33461,12099,1.0
33404,12099,1.0
33460,12099,1.0
33459,12099,1.0
23454,51810,1.0
33455,12085,1.0
33454,12099,1.0
33449,12099,1.0
33448,12099,1.0
00988,72031,1.0
33446,12099,1.0
00983,72031,1.0
00982,72031,1.0
23453,51810,1.0
33470,12099,1.0
23440,51001,1.0
33475,12085,1.0
23441,51001,1.0
23442,51001,1.0
33474,12099,1.0
00960,72021,1.0
23443,51131,1.0
23450,51810,1.0
33473,12099,1.0
23451,51810,1.0
00963,72033,1.0
33472,12099,1.0
00970,72061,1.0
00971,72061,1.0
00975,72127,1.0
23452,51810,1.0
00977,72033,1.0
00979,72031,1.0
00981,72031,1.0
33445,12099,1.0
33444,12099,1.0
33443,12011,1.0
33421,12099,1.0
33419,12099,1.0
33418,12099,1.0
33417,12099,1.0
33416,12099,1.0
33415,12099,1.0
33414,12099,1.0
33413,12099,1.0
33412,12099,1.0
33411,12099,1.0
33410,12099,1.0
33409,12099,1.0
33408,12099,1.0
23456,51810,1.0
01009,25013,1.0
33407,12099,1.0
23457,51810,1.0
23397,51093,1.0
33406,12099,1.0
33405,12099,1.0
33420,12099,1.0
33422,12099,1.0
33442,12011,1.0
33424,12099,1.0
33441,12011,1.0
01001,25013,1.0
23455,51810,1.0
33437,12099,1.0
33436,12099,1.0
33435,12099,1.0
33434,12099,1.0
33433,12099,1.0
01003,25015,1.0
33431,12099,1.0
01004,25015,1.0
01005,25027,1.0
01007,25015,1.0
33430,12099,1.0
33429,12099,1.0
33428,12099,1.0
33427,12099,1.0
33426,12099,1.0
33425,12099,1.0
33301,12011,1.0
01080,25013,1.0
01081,25013,1.0
33140,12086,1.0
33142,12086,1.0
01224,25003,1.0
01225,25003,1.0
01226,25003,1.0
01227,25003,1.0
01229,25003,1.0
01230,25003,1.0
23327,51550,1.0
33141,12086,1.0
01236,25003,1.0
33164,12086,1.0
01237,25003,1.0
01238,25003,1.0
23326,51550,1.0
33139,12086,1.0
33138,12086,1.0
01240,25003,1.0
01242,25003,1.0
01243,25015,1.0
33137,12086,1.0
01222,25003,1.0
01220,25003,1.0
01202,25003,1.0
33143,12086,1.0
33162,12086,1.0
33161,12086,1.0
33160,12086,1.0
33158,12086,1.0
33157,12086,1.0
33156,12086,1.0
33155,12086,1.0
33154,12086,1.0
33153,12086,1.0
33152,12086,1.0
33150,12086,1.0
33149,12086,1.0
33147,12086,1.0
01152,25013,1.0
33146,12086,1.0
01199,25013,1.0
33145,12086,1.0
01201,25003,1.0
33144,12086,1.0
01244,25003,1.0
01245,25003,1.0
33136,12086,1.0
01266,25003,1.0
01267,25003,1.0
01270,25003,1.0
01301,25011,1.0
01302,25011,1.0
33126,12086,1.0
33125,12086,1.0
33124,12086,1.0
01337,25011,1.0
33122,12086,1.0
33119,12086,1.0
01338,25011,1.0
01339,25011,1.0
01340,25011,1.0
01341,25011,1.0
01342,25011,1.0
01344,25011,1.0
01346,25011,1.0
01347,25011,1.0
01349,25011,1.0
33127,12086,1.0
01264,25003,1.0
33135,12086,1.0
23486,51131,1.0
01252,25003,1.0
23480,51001,1.0
01253,25003,1.0
01254,25003,1.0
01255,25003,1.0
01256,25003,1.0
01257,25003,1.0
01258,25003,1.0
01259,25003,1.0
33134,12086,1.0
01260,25003,1.0
01262,25003,1.0
01263,25003,1.0
33133,12086,1.0
33132,12086,1.0
33131,12086,1.0
33130,12086,1.0
33129,12086,1.0
33128,12086,1.0
33163,12086,1.0
33165,12086,1.0
33296,12086,1.0
33206,12086,1.0
33233,12086,1.0
33231,12086,1.0
33222,12086,1.0
01090,25013,1.0
01092,25027,1.0
23341,51001,1.0
01093,25011,1.0
01094,25027,1.0
01095,25013,1.0
33199,12086,1.0
33166,12086,1.0
33198,12086,1.0
33197,12086,1.0
23471,51810,1.0
23337,51001,1.0
01097,25013,1.0
01098,25015,1.0
33196,12086,1.0
01101,25013,1.0
23336,51001,1.0
33234,12086,1.0
33238,12086,1.0
33239,12086,1.0
33242,12086,1.0
33283,12086,1.0
33280,12086,1.0
33269,12086,1.0
23467,51810,1.0
33266,12086,1.0
33265,12086,1.0
01083,25027,1.0
01084,25015,1.0
33261,12086,1.0
23347,51131,1.0
01086,25013,1.0
01088,25015,1.0
01089,25013,1.0
33257,12086,1.0
33256,12086,1.0
33255,12086,1.0
33247,12086,1.0
33245,12086,1.0
33243,12086,1.0
33195,12086,1.0
33194,12086,1.0
33193,12086,1.0
33181,12086,1.0
01119,25013,1.0
33178,12086,1.0
01128,25013,1.0
01129,25013,1.0
23479,51810,1.0
33177,12086,1.0
01138,25013,1.0
33176,12086,1.0
33175,12086,1.0
01139,25013,1.0
01144,25013,1.0
01151,25013,1.0
33174,12086,1.0
33173,12086,1.0
33172,12086,1.0
33170,12086,1.0
33169,12086,1.0
33168,12086,1.0
33167,12086,1.0
33180,12086,1.0
33182,12086,1.0
01103,25013,1.0
33183,12086,1.0
33192,12086,1.0
33191,12086,1.0
33190,12086,1.0
01104,25013,1.0
01105,25013,1.0
01106,25013,1.0
33189,12086,1.0
33187,12086,1.0
33186,12086,1.0
01107,25013,1.0
01108,25013,1.0
01109,25013,1.0
01111,25013,1.0
01115,25013,1.0
01116,25013,1.0
33185,12086,1.0
33184,12086,1.0
23328,51550,1.0
01118,25013,1.0
23398,51131,1.0
33476,12099,1.0
33477,12099,1.0
33772,12103,1.0
33780,12103,1.0
33779,12103,1.0
33778,12103,1.0
33777,12103,1.0
33776,12103,1.0
00685,72131,1.0
33775,12103,1.0
33774,12103,1.0
33773,12103,1.0
33771,12103,1.0
33827,12105,1.0
33770,12103,1.0
33767,12103,1.0
33766,12103,1.0
33765,12103,1.0
33764,12103,1.0
33763,12103,1.0
33762,12103,1.0
33761,12103,1.0
33760,12103,1.0
33781,12103,1.0
33782,12103,1.0
33784,12103,1.0
33785,12103,1.0
00677,72117,1.0
33823,12105,1.0
33820,12105,1.0
33815,12105,1.0
33813,12105,1.0
33812,12105,1.0
00678,72115,1.0
33811,12105,1.0
00681,72097,1.0
33807,12105,1.0
33806,12105,1.0
33805,12105,1.0
33804,12105,1.0
33803,12105,1.0
33802,12105,1.0
33801,12105,1.0
33786,12103,1.0
00682,72097,1.0
23427,51001,1.0
33759,12103,1.0
33758,12103,1.0
33757,12103,1.0
33712,12103,1.0
33710,12103,1.0
33709,12103,1.0
33708,12103,1.0
33707,12103,1.0
33706,12103,1.0
33705,12103,1.0
33704,12103,1.0
33703,12103,1.0
33702,12103,1.0
33701,12103,1.0
33694,12057,1.0
33689,12057,1.0
33688,12057,1.0
33687,12057,1.0
33685,12057,1.0
33684,12057,1.0
33682,12057,1.0
33681,12057,1.0
33680,12057,1.0
33711,12103,1.0
33713,12103,1.0
33756,12103,1.0
33714,12103,1.0
33755,12103,1.0
33747,12103,1.0
33744,12103,1.0
33743,12103,1.0
00688,72013,1.0
33742,12103,1.0
33741,12103,1.0
33738,12103,1.0
00690,72005,1.0
33736,12103,1.0
33734,12103,1.0
33733,12103,1.0
33732,12103,1.0
33731,12103,1.0
33730,12103,1.0
33729,12103,1.0
33716,12103,1.0
00694,72145,1.0
33715,12103,1.0
33826,12055,1.0
33830,12105,1.0
33677,12057,1.0
23421,51001,1.0
33908,12071,1.0
33907,12071,1.0
33906,12071,1.0
33905,12071,1.0
33904,12071,1.0
33903,12071,1.0
33902,12071,1.0
33901,12071,1.0
33898,12105,1.0
00613,72013,1.0
33831,12105,1.0
00614,72013,1.0
00616,72013,1.0
33885,12105,1.0
33884,12105,1.0
23420,51001,1.0
33883,12105,1.0
33882,12105,1.0
23418,51001,1.0
00622,72023,1.0
33909,12071,1.0
33910,12071,1.0
33912,12071,1.0
33913,12071,1.0
33932,12071,1.0
33931,12071,1.0
33930,12051,1.0
33929,12071,1.0
00604,72005,1.0
00605,72005,1.0
00606,72093,1.0
23423,51001,1.0
00610,72011,1.0
33924,12071,1.0
33922,12071,1.0
33921,12071,1.0
33920,12071,1.0
33919,12071,1.0
33918,12071,1.0
00611,72141,1.0
33916,12071,1.0
33915,12071,1.0
33914,12071,1.0
33881,12105,1.0
33880,12105,1.0
33877,12105,1.0
00631,72081,1.0
23424,51093,1.0
33848,12097,1.0
33847,12105,1.0
33846,12105,1.0
33845,12105,1.0
33844,12105,1.0
00652,72013,1.0
00656,72059,1.0
33840,12105,1.0
33839,12105,1.0
33838,12105,1.0
33837,12105,1.0
23426,51001,1.0
33836,12105,1.0
33835,12105,1.0
00664,72073,1.0
00669,72081,1.0
00670,72083,1.0
23417,51001,1.0
00637,72121,1.0
33850,12105,1.0
33876,12055,1.0
33851,12105,1.0
33875,12055,1.0
33873,12049,1.0
00623,72023,1.0
33872,12055,1.0
33871,12055,1.0
33870,12055,1.0
33868,12105,1.0
33867,12105,1.0
33863,12105,1.0
33862,12055,1.0
00627,72027,1.0
33859,12105,1.0
33858,12105,1.0
33857,12055,1.0
33856,12105,1.0
33855,12105,1.0
33854,12105,1.0
33853,12105,1.0
33852,12055,1.0
33679,12057,1.0
33675,12057,1.0
23439,51800,1.0
00907,72127,1.0
33530,12057,1.0
33527,12057,1.0
00831,78020,1.0
00840,78010,1.0
33526,12101,1.0
33525,12101,1.0
00850,78010,1.0
00901,72127,1.0
00902,72127,1.0
00908,72127,1.0
23413,51131,1.0
33524,12101,1.0
00910,72127,1.0
33521,12119,1.0
00911,72127,1.0
00912,72127,1.0
00914,72127,1.0
00915,72127,1.0
33514,12119,1.0
33513,12119,1.0
33534,12057,1.0
00830,78020,1.0
00820,78010,1.0
33537,12101,1.0
23410,51001,1.0
00780,72113,1.0
23409,51001,1.0
33545,12101,1.0
00785,72057,1.0
00786,72009,1.0
23408,51131,1.0
23407,51001,1.0
00792,72069,1.0
33543,12101,1.0
23431,51093,1.0
00801,78030,1.0
00802,78030,1.0
33542,12101,1.0
33541,12101,1.0
00803,78030,1.0
00804,78030,1.0
33539,12101,1.0
33538,12119,1.0
00916,72127,1.0
33511,12057,1.0
00917,72127,1.0
00950,72137,1.0
33497,12099,1.0
33496,12099,1.0
33493,12099,1.0
33488,12099,1.0
33487,12099,1.0
00952,72137,1.0
33486,12099,1.0
33484,12099,1.0
33483,12099,1.0
23404,51001,1.0
00954,72135,1.0
33482,12099,1.0
23436,51800,1.0
33481,12099,1.0
23401,51001,1.0
23437,51800,1.0
33480,12099,1.0
00958,72021,1.0
23438,51800,1.0
00951,72137,1.0
23434,51800,1.0
00918,72127,1.0
33498,12099,1.0
00919,72127,1.0
33510,12057,1.0
33509,12057,1.0
00922,72061,1.0
00923,72127,1.0
23405,51131,1.0
00925,72127,1.0
33508,12057,1.0
00927,72127,1.0
00928,72127,1.0
00929,72127,1.0
00931,72127,1.0
33503,12057,1.0
23433,51800,1.0
00935,72127,1.0
00936,72127,1.0
00937,72031,1.0
00940,72127,1.0
33499,12099,1.0
00775,72049,1.0
00769,72043,1.0
33674,12057,1.0
33609,12057,1.0
33616,12057,1.0
33615,12057,1.0
33614,12057,1.0
23416,51001,1.0
00716,72113,1.0
33613,12057,1.0
33612,12057,1.0
33611,12057,1.0
33610,12057,1.0
33607,12057,1.0
00767,72151,1.0
00717,72113,1.0
00718,72103,1.0
33606,12057,1.0
33605,12057,1.0
33604,12057,1.0
33603,12057,1.0
33602,12057,1.0
33601,12057,1.0
00721,72119,1.0
33617,12057,1.0
33618,12057,1.0
33619,12057,1.0
33620,12057,1.0
00703,72007,1.0
33673,12057,1.0
33672,12057,1.0
33647,12057,1.0
33646,12057,1.0
33637,12057,1.0
33635,12057,1.0
33634,12057,1.0
33630,12057,1.0
33629,12057,1.0
00704,72123,1.0
00705,72009,1.0
00707,72095,1.0
33625,12057,1.0
00714,72015,1.0
33624,12057,1.0
33623,12057,1.0
33622,12057,1.0
33621,12057,1.0
00723,72109,1.0
00726,72025,1.0
00727,72025,1.0
33573,12057,1.0
33571,12057,1.0
33570,12057,1.0
33569,12057,1.0
33568,12057,1.0
33567,12057,1.0
33566,12057,1.0
33565,12057,1.0
23429,51131,1.0
23414,51001,1.0
33564,12057,1.0
33563,12057,1.0
00740,72053,1.0
00741,72069,1.0
00742,72037,1.0
00744,72103,1.0
00751,72123,1.0
00754,72129,1.0
33550,12057,1.0
00765,72147,1.0
33572,12057,1.0
00737,72035,1.0
33596,12057,1.0
00733,72113,1.0
33595,12057,1.0
33594,12057,1.0
33593,12101,1.0
33592,12057,1.0
33587,12057,1.0
33586,12057,1.0
33585,12119,1.0
33584,12057,1.0
00728,72113,1.0
33583,12057,1.0
33579,12057,1.0
33578,12057,1.0
33576,12101,1.0
23415,51001,1.0
00730,72113,1.0
33575,12057,1.0
00731,72113,1.0
00732,72113,1.0
33574,12101,1.0
33116,12086,1.0
01350,25011,1.0
01351,25011,1.0
32718,12117,1.0
02125,25025,1.0
02126,25025,1.0
23294,51087,1.0
02127,25025,1.0
02128,25025,1.0
02131,25025,1.0
02133,25025,1.0
02134,25025,1.0
32719,12117,1.0
32716,12117,1.0
02090,25021,1.0
32715,12117,1.0
02137,25025,1.0
32713,12127,1.0
02138,25017,1.0
02139,25017,1.0
02140,25017,1.0
02141,25017,1.0
02142,25017,1.0
02143,25017,1.0
32721,12127,1.0
02123,25025,1.0
02122,25025,1.0
23517,51710,1.0
32725,12127,1.0
32724,12127,1.0
02093,25021,1.0
02108,25025,1.0
32723,12127,1.0
23297,51041,1.0
02109,25025,1.0
02110,25025,1.0
02111,25025,1.0
02112,25025,1.0
02113,25025,1.0
02114,25025,1.0
02115,25025,1.0
02116,25025,1.0
02117,25025,1.0
02118,25025,1.0
02119,25025,1.0
02120,25025,1.0
02121,25025,1.0
02144,25017,1.0
02145,25017,1.0
23293,51760,1.0
02199,25025,1.0
02203,25025,1.0
23518,51710,1.0
02205,25025,1.0
02210,25025,1.0
02217,25025,1.0
02222,25025,1.0
23523,51710,1.0
23529,51710,1.0
02238,25017,1.0
02269,25021,1.0
23273,51087,1.0
32701,12117,1.0
32697,12125,1.0
23269,51760,1.0
02301,25023,1.0
32694,12001,1.0
02303,25023,1.0
02304,25023,1.0
02305,25023,1.0
02201,25025,1.0
02196,25025,1.0
32710,12095,1.0
32704,12095,1.0
32709,12095,1.0
02151,25025,1.0
02152,25025,1.0
02155,25017,1.0
32708,12117,1.0
02163,25025,1.0
23286,51760,1.0
02169,25021,1.0
02170,25021,1.0
02171,25021,1.0
32707,12117,1.0
32706,12127,1.0
02180,25017,1.0
23284,51760,1.0
02184,25021,1.0
02185,25021,1.0
02188,25021,1.0
02190,25021,1.0
02191,25021,1.0
32726,12069,1.0
02081,25021,1.0
32692,12029,1.0
32756,12069,1.0
32762,12117,1.0
32759,12127,1.0
01944,25009,1.0
01945,25009,1.0
01949,25009,1.0
01950,25009,1.0
01951,25009,1.0
01952,25009,1.0
01960,25009,1.0
01961,25009,1.0
02072,25021,1.0
01965,25009,1.0
01966,25009,1.0
23510,51710,1.0
23511,51710,1.0
32753,12127,1.0
01969,25009,1.0
01970,25009,1.0
01971,25009,1.0
01982,25009,1.0
01940,25009,1.0
01938,25009,1.0
01937,25009,1.0
32763,12127,1.0
01905,25009,1.0
23509,51710,1.0
32768,12095,1.0
23302,51001,1.0
01907,25009,1.0
01908,25009,1.0
32767,12069,1.0
01910,25009,1.0
01913,25009,1.0
01915,25009,1.0
01921,25009,1.0
01922,25009,1.0
32766,12117,1.0
01923,25009,1.0
01929,25009,1.0
01930,25009,1.0
01931,25009,1.0
01936,25009,1.0
32764,12127,1.0
32752,12117,1.0
01983,25009,1.0
01984,25009,1.0
02044,25023,1.0
02047,25023,1.0
02050,25023,1.0
32730,12117,1.0
02051,25023,1.0
02052,25021,1.0
02056,25021,1.0
02059,25023,1.0
32728,12127,1.0
32727,12069,1.0
02060,25023,1.0
02061,25023,1.0
02062,25021,1.0
23298,51760,1.0
02065,25023,1.0
02067,25021,1.0
02070,25021,1.0
23514,51710,1.0
02071,25021,1.0
23515,51710,1.0
02045,25023,1.0
02041,25023,1.0
01985,25009,1.0
02038,25021,1.0
32750,12117,1.0
23513,51710,1.0
32747,12117,1.0
32746,12117,1.0
32744,12127,1.0
32739,12127,1.0
32738,12127,1.0
02018,25023,1.0
02019,25021,1.0
32736,12069,1.0
02020,25023,1.0
32735,12069,1.0
02021,25021,1.0
02025,25021,1.0
32733,12095,1.0
02027,25021,1.0
02032,25021,1.0
23301,51001,1.0
02035,25021,1.0
02322,25021,1.0
02324,25023,1.0
01903,25009,1.0
02563,25001,1.0
02553,25001,1.0
32607,12001,1.0
02554,25019,1.0
02556,25001,1.0
02557,25007,1.0
02558,25023,1.0
02559,25001,1.0
02561,25001,1.0
02562,25001,1.0
02564,25019,1.0
23237,51041,1.0
02571,25023,1.0
02574,25001,1.0
02575,25007,1.0
32606,12001,1.0
32605,12001,1.0
32604,12001,1.0
32603,12001,1.0
32601,12001,1.0
32591,12033,1.0
23608,51700,1.0
02552,25007,1.0
02543,25001,1.0
02542,25001,1.0
32614,12001,1.0
32612,12001,1.0
32611,12001,1.0
32610,12001,1.0
02492,25021,1.0
02493,25017,1.0
02494,25021,1.0
02534,25001,1.0
23604,51700,1.0
02535,25007,1.0
02536,25001,1.0
02537,25001,1.0
02538,25023,1.0
02539,25007,1.0
32608,12001,1.0
02540,25001,1.0
23236,51041,1.0
02541,25001,1.0
23606,51700,1.0
32588,12091,1.0
32583,12113,1.0
32580,12091,1.0
32572,12113,1.0
02647,25001,1.0
23232,51760,1.0
02648,25001,1.0
02649,25001,1.0
23630,51650,1.0
02650,25001,1.0
02651,25001,1.0
02652,25001,1.0
23651,51650,1.0
02653,25001,1.0
32571,12113,1.0
32570,12113,1.0
02655,25001,1.0
23661,51650,1.0
23662,51735,1.0
02657,25001,1.0
02659,25001,1.0
02660,25001,1.0
02661,25001,1.0
23628,51700,1.0
32577,12033,1.0
32579,12091,1.0
02646,25001,1.0
02576,25023,1.0
02584,25019,1.0
23609,51700,1.0
02601,25001,1.0
02630,25001,1.0
02631,25001,1.0
02632,25001,1.0
02633,25001,1.0
02634,25001,1.0
02635,25001,1.0
02637,25001,1.0
02638,25001,1.0
02639,25001,1.0
02641,25001,1.0
02642,25001,1.0
02643,25001,1.0
02644,25001,1.0
23612,51700,1.0
02645,25001,1.0
02482,25021,1.0
02481,25021,1.0
02325,25023,1.0
02364,25023,1.0
02350,25023,1.0
02351,25023,1.0
02355,25023,1.0
23541,51710,1.0
02357,25005,1.0
02358,25023,1.0
02359,25023,1.0
02361,25023,1.0
02362,25023,1.0
02366,25023,1.0
02478,25017,1.0
02367,25023,1.0
02368,25021,1.0
02370,25023,1.0
02379,25023,1.0
02381,25023,1.0
02382,25023,1.0
02420,25017,1.0
02421,25017,1.0
23250,51087,1.0
02349,25023,1.0
02348,25023,1.0
23255,51087,1.0
23260,51760,1.0
32686,12083,1.0
32683,12075,1.0
32681,12083,1.0
23261,51760,1.0
02327,25023,1.0
02330,25023,1.0
02331,25023,1.0
02332,25023,1.0
02333,25023,1.0
02334,25005,1.0
02337,25023,1.0
02338,25023,1.0
02339,25023,1.0
02341,25023,1.0
02343,25021,1.0
02344,25023,1.0
02345,25023,1.0
02346,25023,1.0
32680,12029,1.0
02447,25021,1.0
02451,25017,1.0
02452,25017,1.0
32639,12075,1.0
32634,12083,1.0
32633,12001,1.0
32631,12001,1.0
32628,12029,1.0
32627,12001,1.0
32626,12075,1.0
32625,12075,1.0
02468,25017,1.0
32621,12075,1.0
32619,12041,1.0
02471,25017,1.0
32617,12083,1.0
32616,12001,1.0
23242,51087,1.0
23241,51760,1.0
32615,12001,1.0
02474,25017,1.0
02476,25017,1.0
02477,25017,1.0
32635,12001,1.0
02466,25017,1.0
02453,25017,1.0
32641,12001,1.0
23551,51710,1.0
02454,25017,1.0
02455,25017,1.0
32664,12083,1.0
32663,12083,1.0
32662,12001,1.0
32658,12001,1.0
02459,25017,1.0
02460,25017,1.0
32655,12001,1.0
32654,12001,1.0
32653,12001,1.0
32648,12029,1.0
32644,12075,1.0
02461,25017,1.0
02462,25017,1.0
02464,25017,1.0
23249,51760,1.0
02465,25017,1.0
01904,25009,1.0
01902,25009,1.0
01354,25011,1.0
33013,12086,1.0
33017,12086,1.0
23315,51093,1.0
01536,25027,1.0
33016,12086,1.0
01537,25027,1.0
01538,25027,1.0
01540,25027,1.0
33015,12086,1.0
33014,12086,1.0
01541,25027,1.0
33026,12011,1.0
01542,25027,1.0
01543,25027,1.0
01545,25027,1.0
01546,25027,1.0
01550,25027,1.0
01560,25027,1.0
01561,25027,1.0
33012,12086,1.0
33011,12086,1.0
01535,25027,1.0
01534,25027,1.0
33019,12011,1.0
33020,12011,1.0
01515,25027,1.0
33025,12011,1.0
01516,25027,1.0
01518,25027,1.0
33024,12011,1.0
01519,25027,1.0
01520,25027,1.0
01521,25013,1.0
01522,25027,1.0
01523,25027,1.0
01524,25027,1.0
01525,25027,1.0
01526,25027,1.0
33022,12011,1.0
01527,25027,1.0
01529,25027,1.0
23316,51131,1.0
01531,25027,1.0
33021,12011,1.0
01562,25027,1.0
01564,25027,1.0
01566,25027,1.0
32971,12061,1.0
32969,12061,1.0
01605,25027,1.0
23313,51131,1.0
01606,25027,1.0
01607,25027,1.0
32968,12061,1.0
01608,25027,1.0
01609,25027,1.0
32967,12061,1.0
01610,25027,1.0
01611,25027,1.0
01612,25027,1.0
32966,12061,1.0
32965,12061,1.0
32964,12061,1.0
32963,12061,1.0
01613,25027,1.0
32962,12061,1.0
32961,12061,1.0
32970,12061,1.0
32976,12009,1.0
01568,25027,1.0
32978,12061,1.0
01569,25027,1.0
01570,25027,1.0
33010,12086,1.0
33009,12011,1.0
33008,12011,1.0
01571,25027,1.0
01581,25027,1.0
33004,12011,1.0
33002,12086,1.0
01583,25027,1.0
01585,25027,1.0
23314,51093,1.0
33001,12087,1.0
01586,25027,1.0
01588,25027,1.0
01590,25027,1.0
01602,25027,1.0
01603,25027,1.0
01604,25027,1.0
23501,51710,1.0
33027,12011,1.0
32959,12009,1.0
33092,12086,1.0
01450,25017,1.0
01452,25027,1.0
01453,25027,1.0
01460,25017,1.0
33101,12086,1.0
33097,12011,1.0
33093,12011,1.0
01463,25017,1.0
01464,25017,1.0
33090,12086,1.0
33028,12011,1.0
23488,51001,1.0
01467,25027,1.0
33084,12011,1.0
33083,12011,1.0
01468,25027,1.0
01469,25017,1.0
01472,25017,1.0
01473,25027,1.0
33082,12011,1.0
01441,25027,1.0
01440,25027,1.0
01438,25027,1.0
01436,25027,1.0
01355,25011,1.0
01360,25011,1.0
01366,25027,1.0
01368,25027,1.0
01370,25011,1.0
23324,51550,1.0
01373,25011,1.0
33114,12086,1.0
33112,12086,1.0
33109,12086,1.0
01375,25011,1.0
01376,25011,1.0
01378,25011,1.0
01379,25011,1.0
01380,25011,1.0
01420,25027,1.0
01430,25027,1.0
01432,25017,1.0
33106,12086,1.0
33081,12011,1.0
33077,12011,1.0
33076,12011,1.0
33045,12087,1.0
33042,12087,1.0
33041,12087,1.0
33040,12087,1.0
33039,12086,1.0
33037,12087,1.0
33036,12087,1.0
01501,25027,1.0
33035,12086,1.0
33033,12086,1.0
33032,12086,1.0
33031,12086,1.0
33030,12086,1.0
01505,25027,1.0
01506,25027,1.0
33029,12011,1.0
01507,25027,1.0
01508,25027,1.0
01509,25027,1.0
01510,25027,1.0
33043,12087,1.0
33050,12087,1.0
01474,25017,1.0
33051,12087,1.0
01475,25027,1.0
33075,12011,1.0
33074,12011,1.0
33073,12011,1.0
33071,12011,1.0
33070,12087,1.0
33069,12011,1.0
33068,12011,1.0
33067,12011,1.0
33066,12011,1.0
33065,12011,1.0
33064,12011,1.0
33063,12011,1.0
33062,12011,1.0
33061,12011,1.0
33060,12011,1.0
33055,12086,1.0
33054,12086,1.0
33052,12087,1.0
32960,12061,1.0
01614,25027,1.0
32771,12117,1.0
01805,25017,1.0
32798,12095,1.0
32796,12009,1.0
32795,12117,1.0
32794,12095,1.0
01778,25017,1.0
01784,25017,1.0
01801,25017,1.0
32793,12095,1.0
01803,25017,1.0
01812,25009,1.0
32826,12095,1.0
32791,12117,1.0
01821,25017,1.0
01822,25017,1.0
32790,12095,1.0
32789,12095,1.0
01824,25017,1.0
23505,51710,1.0
01827,25017,1.0
01830,25009,1.0
32799,12117,1.0
32801,12095,1.0
32802,12095,1.0
32803,12095,1.0
32824,12095,1.0
32822,12095,1.0
01776,25017,1.0
32820,12095,1.0
32819,12095,1.0
32818,12095,1.0
32817,12095,1.0
32816,12095,1.0
32815,12009,1.0
32814,12095,1.0
32812,12095,1.0
32811,12095,1.0
32810,12095,1.0
32809,12095,1.0
32808,12095,1.0
32807,12095,1.0
32806,12095,1.0
32805,12095,1.0
32804,12095,1.0
01831,25009,1.0
32783,12009,1.0
32781,12009,1.0
32775,12009,1.0
01863,25017,1.0
01864,25017,1.0
23507,51710,1.0
01865,25017,1.0
01866,25017,1.0
01867,25017,1.0
01879,25017,1.0
32773,12117,1.0
32772,12117,1.0
23508,51710,1.0
01885,25009,1.0
01886,25017,1.0
01887,25017,1.0
01888,25017,1.0
01889,25017,1.0
01890,25017,1.0
01899,25009,1.0
23303,51001,1.0
01901,25009,1.0
32774,12127,1.0
01862,25017,1.0
32780,12009,1.0
01860,25009,1.0
01832,25009,1.0
01833,25009,1.0
23304,51093,1.0
01834,25009,1.0
01835,25009,1.0
01840,25009,1.0
01841,25009,1.0
01842,25009,1.0
32779,12117,1.0
32778,12069,1.0
32777,12095,1.0
01843,25009,1.0
01844,25009,1.0
01845,25009,1.0
01850,25017,1.0
01851,25017,1.0
01852,25017,1.0
01853,25017,1.0
01854,25017,1.0
32825,12095,1.0
32827,12095,1.0
01653,25027,1.0
32937,12009,1.0
01747,25027,1.0
32952,12009,1.0
01754,25017,1.0
23307,51131,1.0
32951,12009,1.0
32950,12009,1.0
32949,12009,1.0
32941,12009,1.0
32940,12009,1.0
32936,12009,1.0
32828,12095,1.0
01757,25027,1.0
23306,51001,1.0
32935,12009,1.0
32934,12009,1.0
32932,12009,1.0
32931,12009,1.0
32927,12009,1.0
32926,12009,1.0
32925,12009,1.0
01745,25027,1.0
32953,12009,1.0
01742,25017,1.0
01741,25017,1.0
01655,25027,1.0
32958,12061,1.0
32957,12061,1.0
01701,25017,1.0
01702,25017,1.0
01703,25017,1.0
32956,12009,1.0
01704,25017,1.0
01718,25017,1.0
01719,25017,1.0
01720,25017,1.0
32955,12009,1.0
01721,25017,1.0
23310,51131,1.0
32954,12009,1.0
01730,25017,1.0
23308,51001,1.0
01731,25017,1.0
01740,25027,1.0
32924,12009,1.0
32923,12009,1.0
32922,12009,1.0
01770,25017,1.0
32861,12095,1.0
32860,12095,1.0
32859,12095,1.0
32858,12095,1.0
32857,12095,1.0
32856,12095,1.0
32855,12095,1.0
32854,12095,1.0
32853,12095,1.0
32839,12095,1.0
01772,25027,1.0
32836,12095,1.0
32835,12095,1.0
32833,12095,1.0
32832,12095,1.0
32831,12095,1.0
01773,25017,1.0
01775,25017,1.0
32829,12095,1.0
23504,51710,1.0
32862,12095,1.0
32920,12009,1.0
32867,12095,1.0
32912,12009,1.0
32911,12009,1.0
32910,12009,1.0
32909,12009,1.0
32908,12009,1.0
32907,12009,1.0
32906,12009,1.0
32905,12009,1.0
32904,12009,1.0
32903,12009,1.0
32902,12009,1.0
32901,12009,1.0
32899,12009,1.0
32878,12095,1.0
32877,12095,1.0
32872,12095,1.0
32869,12095,1.0
23503,51710,1.0
32868,12095,1.0
05858,50009,1.0
04262,23007,1.0
24020,51161,1.0
06411,09140,1.0
07027,34039,1.0
08104,34007,1.0
08001,34033,1.0
06417,09130,1.0
08868,34019,1.0
24086,51071,1.0
06416,09130,1.0
08869,34035,1.0
24010,51770,1.0
06414,09130,1.0
31093,13153,1.0
07601,34003,1.0
31094,13303,1.0
30901,13245,1.0
08103,34007,1.0
31095,13153,1.0
24009,51770,1.0
08870,34019,1.0
06413,09130,1.0
30833,13163,1.0
08102,34007,1.0
08101,34007,1.0
06412,09130,1.0
08099,34007,1.0
24008,51770,1.0
08867,34019,1.0
08865,34041,1.0
07544,34031,1.0
07543,34031,1.0
07863,34041,1.0
30905,13245,1.0
30904,13245,1.0
06440,09190,1.0
08857,34023,1.0
08858,34019,1.0
24011,51770,1.0
06439,09130,1.0
22602,51069,1.0
06438,09130,1.0
07538,34031,1.0
06437,09170,1.0
06419,09130,1.0
06426,09130,1.0
08107,34007,1.0
08106,34007,1.0
06424,09130,1.0
06423,09130,1.0
30903,13245,1.0
08859,34023,1.0
08861,34023,1.0
08105,34007,1.0
08862,34023,1.0
08863,34023,1.0
08002,34007,1.0
08872,34023,1.0
06441,09130,1.0
22581,51193,1.0
22652,51171,1.0
06390,36103,1.0
24028,51770,1.0
08887,34019,1.0
31119,13089,1.0
06389,09180,1.0
06388,09180,1.0
08888,34019,1.0
07029,34017,1.0
22718,51047,1.0
30515,13135,1.0
30514,13291,1.0
08093,34015,1.0
07030,34017,1.0
07604,34003,1.0
08092,34029,1.0
31126,13121,1.0
08899,34023,1.0
07399,34017,1.0
24090,51023,1.0
07033,34039,1.0
24005,51770,1.0
22579,51133,1.0
08902,34023,1.0
07605,34003,1.0
24006,51770,1.0
06403,09140,1.0
08095,34007,1.0
06405,09170,1.0
08873,34035,1.0
07602,34003,1.0
24089,51089,1.0
08875,34035,1.0
06409,09130,1.0
08003,34007,1.0
24022,51770,1.0
06408,09140,1.0
30830,13033,1.0
08097,34015,1.0
08879,34023,1.0
24007,51770,1.0
08886,34041,1.0
08880,34035,1.0
06404,09190,1.0
31098,13153,1.0
07028,34013,1.0
08096,34015,1.0
08882,34023,1.0
31106,13121,1.0
31107,13089,1.0
08884,34023,1.0
08885,34019,1.0
07603,34003,1.0
08855,34023,1.0
07981,34027,1.0
08903,34023,1.0
06471,09170,1.0
08809,34019,1.0
08810,34023,1.0
07869,34027,1.0
08816,34023,1.0
31086,13207,1.0
06480,09130,1.0
07866,34027,1.0
08205,34001,1.0
22730,51113,1.0
22729,51047,1.0
07511,34031,1.0
08817,34023,1.0
08818,34023,1.0
08820,34023,1.0
22604,51840,1.0
06478,09140,1.0
08821,34035,1.0
07403,34031,1.0
24082,51141,1.0
08825,34019,1.0
06475,09130,1.0
06473,09170,1.0
08204,34009,1.0
08826,34019,1.0
06472,09170,1.0
06481,09130,1.0
31085,13159,1.0
07405,34027,1.0
07871,34037,1.0
08759,34029,1.0
30539,13123,1.0
06488,09140,1.0
30912,13245,1.0
08801,34019,1.0
08803,34019,1.0
24077,51023,1.0
07508,34031,1.0
06487,09140,1.0
24078,51089,1.0
22650,51139,1.0
08210,34009,1.0
30535,13137,1.0
30537,13241,1.0
07407,34003,1.0
07974,34039,1.0
08807,34035,1.0
07509,34031,1.0
24061,51121,1.0
07870,34027,1.0
08808,34041,1.0
31083,13271,1.0
06483,09140,1.0
07510,34031,1.0
22834,51165,1.0
07976,34027,1.0
08852,34023,1.0
08203,34001,1.0
07024,34003,1.0
06450,09170,1.0
08832,34023,1.0
08833,34019,1.0
08835,34035,1.0
07979,34019,1.0
08836,34035,1.0
06447,09110,1.0
08837,34023,1.0
07522,34031,1.0
06444,09110,1.0
30906,13245,1.0
24013,51770,1.0
07524,34031,1.0
07980,34027,1.0
06443,09170,1.0
22840,51165,1.0
07401,34003,1.0
08840,34023,1.0
08109,34007,1.0
08108,34007,1.0
08844,34035,1.0
08846,34023,1.0
06442,09130,1.0
08850,34023,1.0
06455,09130,1.0
06456,09130,1.0
07978,34035,1.0
24060,51121,1.0
24083,51023,1.0
07512,34031,1.0
22603,51069,1.0
31088,13153,1.0
06469,09130,1.0
22835,51139,1.0
08828,34023,1.0
08829,34019,1.0
07513,34031,1.0
06467,09110,1.0
06461,09170,1.0
24027,51770,1.0
08831,34023,1.0
06460,09170,1.0
08202,34009,1.0
31090,13319,1.0
08201,34001,1.0
08830,34023,1.0
06459,09130,1.0
07022,34003,1.0
07977,34035,1.0
07023,34039,1.0
07514,34031,1.0
06457,09130,1.0
06387,09150,1.0
07311,34017,1.0
06491,09120,1.0
31221,13021,1.0
07646,34003,1.0
10028,36061,1.0
06278,09150,1.0
08077,34005,1.0
10029,36061,1.0
10030,36061,1.0
06277,09150,1.0
06269,09110,1.0
07647,34003,1.0
06268,09110,1.0
10031,36061,1.0
10032,36061,1.0
31213,13021,1.0
08007,34007,1.0
10033,36061,1.0
31216,13021,1.0
06267,09150,1.0
06266,09180,1.0
08075,34005,1.0
06264,09150,1.0
06263,09150,1.0
10034,36061,1.0
06262,09150,1.0
06260,09150,1.0
06259,09150,1.0
10027,36061,1.0
10026,36061,1.0
07851,34037,1.0
30501,13139,1.0
31206,13021,1.0
31207,13021,1.0
07853,34027,1.0
31208,13021,1.0
10021,36061,1.0
08079,34033,1.0
31209,13021,1.0
23967,51037,1.0
07041,34013,1.0
07042,34013,1.0
07644,34003,1.0
10022,36061,1.0
08078,34007,1.0
07852,34027,1.0
10023,36061,1.0
30499,13267,1.0
07645,34003,1.0
10024,36061,1.0
06320,09180,1.0
22845,51171,1.0
06282,09150,1.0
10025,36061,1.0
06902,09190,1.0
22846,51165,1.0
06258,09150,1.0
31295,13021,1.0
06331,09150,1.0
06255,09150,1.0
10045,36061,1.0
10055,36061,1.0
10065,36061,1.0
24029,51770,1.0
10069,36061,1.0
22664,51171,1.0
06244,09150,1.0
31303,13103,1.0
22727,51113,1.0
31304,13191,1.0
10075,36061,1.0
10080,36061,1.0
31305,13191,1.0
31307,13103,1.0
06243,09150,1.0
06242,09150,1.0
10081,36061,1.0
10101,36061,1.0
07045,34027,1.0
31309,13179,1.0
07653,34003,1.0
31310,13179,1.0
10103,36061,1.0
31312,13103,1.0
06241,09150,1.0
08073,34005,1.0
30638,13219,1.0
06246,09150,1.0
07650,34003,1.0
07648,34003,1.0
10035,36061,1.0
10036,36061,1.0
30475,13279,1.0
07649,34003,1.0
08074,34015,1.0
24095,51019,1.0
10037,36061,1.0
06254,09180,1.0
22578,51103,1.0
07044,34013,1.0
22577,51193,1.0
06247,09150,1.0
10039,36061,1.0
10040,36061,1.0
06251,09110,1.0
10041,36061,1.0
10043,36061,1.0
07652,34003,1.0
22847,51171,1.0
10044,36061,1.0
06249,09180,1.0
06248,09110,1.0
22576,51103,1.0
07310,34017,1.0
22660,51171,1.0
06385,09180,1.0
06357,09180,1.0
07627,34003,1.0
10003,36061,1.0
31131,13121,1.0
10004,36061,1.0
10005,36061,1.0
10006,36061,1.0
07857,34027,1.0
07628,34003,1.0
10007,36061,1.0
06373,09150,1.0
06372,09180,1.0
22712,51061,1.0
07630,34003,1.0
07035,34027,1.0
08005,34029,1.0
23976,51037,1.0
07036,34039,1.0
06370,09180,1.0
23974,51111,1.0
07039,34013,1.0
06365,09180,1.0
10008,36061,1.0
06360,09180,1.0
08086,34015,1.0
10009,36061,1.0
07626,34003,1.0
10002,36061,1.0
24001,51770,1.0
24003,51770,1.0
07606,34003,1.0
07607,34003,1.0
06383,09180,1.0
08090,34015,1.0
08089,34007,1.0
08904,34023,1.0
07608,34003,1.0
06382,09180,1.0
24004,51770,1.0
06380,09180,1.0
06379,09180,1.0
07620,34003,1.0
10001,36061,1.0
07621,34003,1.0
08088,34005,1.0
07624,34003,1.0
08906,34023,1.0
06378,09180,1.0
06377,09150,1.0
24002,51770,1.0
08933,34023,1.0
06376,09130,1.0
07034,34027,1.0
06375,09180,1.0
10010,36061,1.0
07631,34003,1.0
31205,13021,1.0
06355,09180,1.0
23968,51117,1.0
06338,09180,1.0
24093,51071,1.0
07855,34037,1.0
07641,34003,1.0
06336,09180,1.0
31202,13021,1.0
22843,51015,1.0
06335,09180,1.0
30504,13139,1.0
30503,13139,1.0
07642,34003,1.0
06334,09180,1.0
08006,34029,1.0
06333,09180,1.0
07643,34003,1.0
10017,36061,1.0
10018,36061,1.0
08083,34007,1.0
06332,09150,1.0
10019,36061,1.0
30502,13139,1.0
10020,36061,1.0
31203,13021,1.0
31204,13021,1.0
07856,34027,1.0
22656,51069,1.0
06339,09180,1.0
10013,36061,1.0
06354,09150,1.0
10011,36061,1.0
31136,13121,1.0
31139,13067,1.0
24092,51067,1.0
22842,51171,1.0
06353,09180,1.0
31141,13089,1.0
10012,36061,1.0
31145,13089,1.0
07632,34003,1.0
30507,13139,1.0
31201,13021,1.0
31146,13089,1.0
10014,36061,1.0
10016,36061,1.0
31150,13121,1.0
07640,34003,1.0
31156,13121,1.0
31169,13113,1.0
08084,34007,1.0
06350,09180,1.0
06349,09180,1.0
06340,09180,1.0
08758,34029,1.0
30914,13245,1.0
30806,13189,1.0
31013,13153,1.0
22810,51171,1.0
08260,34009,1.0
08252,34009,1.0
06792,09160,1.0
07961,34027,1.0
07439,34037,1.0
08405,34001,1.0
06790,09160,1.0
08406,34001,1.0
30573,13241,1.0
07440,34027,1.0
22641,51171,1.0
22640,51157,1.0
07442,34031,1.0
07444,34027,1.0
08502,34035,1.0
06786,09140,1.0
08504,34035,1.0
08505,34005,1.0
06784,09190,1.0
06782,09140,1.0
31039,13269,1.0
08510,34025,1.0
08511,34005,1.0
08251,34009,1.0
07419,34037,1.0
30756,13313,1.0
06795,09140,1.0
22749,51157,1.0
06810,09190,1.0
07960,34027,1.0
31032,13169,1.0
06807,09190,1.0
06804,09190,1.0
31034,13009,1.0
22649,51187,1.0
24067,51067,1.0
06801,09190,1.0
06798,09140,1.0
24023,51770,1.0
07004,34013,1.0
07927,34027,1.0
24068,51121,1.0
08362,34011,1.0
07420,34031,1.0
30757,13083,1.0
08401,34001,1.0
08402,34001,1.0
08403,34001,1.0
07005,34027,1.0
08404,34001,1.0
24069,51143,1.0
06796,09160,1.0
31040,13175,1.0
06781,09140,1.0
07930,34027,1.0
07446,34003,1.0
08542,34021,1.0
08244,34001,1.0
06759,09160,1.0
08543,34021,1.0
07010,34003,1.0
08544,34021,1.0
06758,09160,1.0
31051,13093,1.0
06757,09160,1.0
22625,51069,1.0
24016,51770,1.0
08243,34009,1.0
08550,34021,1.0
31054,13319,1.0
08242,34009,1.0
31055,13271,1.0
08241,34001,1.0
07011,34031,1.0
22714,51047,1.0
31057,13193,1.0
06756,09160,1.0
06755,09190,1.0
08551,34019,1.0
06754,09160,1.0
07452,34003,1.0
31050,13079,1.0
07451,34003,1.0
08536,34023,1.0
30566,13139,1.0
07926,34027,1.0
08518,34005,1.0
07007,34013,1.0
06779,09140,1.0
22639,51061,1.0
07450,34003,1.0
30568,13241,1.0
22811,51165,1.0
07008,34023,1.0
06777,09160,1.0
22637,51069,1.0
08250,34009,1.0
22626,51171,1.0
08248,34009,1.0
08247,34009,1.0
31047,13153,1.0
08246,34009,1.0
06763,09160,1.0
08245,34009,1.0
22627,51157,1.0
08534,34021,1.0
30623,13211,1.0
06762,09140,1.0
08535,34025,1.0
06811,09190,1.0
08353,34011,1.0
22624,51069,1.0
08328,34015,1.0
08320,34011,1.0
30597,13187,1.0
07938,34035,1.0
30603,13059,1.0
06878,09190,1.0
08321,34011,1.0
06877,09190,1.0
06907,09190,1.0
08322,34015,1.0
22644,51171,1.0
08323,34011,1.0
07423,34003,1.0
08324,34011,1.0
06910,09190,1.0
06911,09190,1.0
06876,09190,1.0
30604,13059,1.0
06875,09190,1.0
07936,34027,1.0
22803,51660,1.0
06912,09190,1.0
08326,34001,1.0
08312,34015,1.0
08327,34011,1.0
24024,51770,1.0
08319,34001,1.0
06906,09190,1.0
08317,34001,1.0
22646,51043,1.0
07945,34027,1.0
06903,09190,1.0
07946,34027,1.0
07428,34037,1.0
08315,34011,1.0
07940,34027,1.0
07939,34035,1.0
31019,13175,1.0
06901,09190,1.0
06897,09190,1.0
08313,34011,1.0
06904,09190,1.0
30664,13265,1.0
30599,13157,1.0
06890,09120,1.0
30602,13059,1.0
06888,09190,1.0
07430,34003,1.0
30598,13257,1.0
06905,09190,1.0
06883,09190,1.0
07432,34003,1.0
06881,09190,1.0
08316,34011,1.0
06870,09190,1.0
07935,34027,1.0
06812,09190,1.0
08329,34011,1.0
07950,34027,1.0
31028,13153,1.0
06840,09190,1.0
30608,13059,1.0
07933,34027,1.0
08347,34033,1.0
07932,34027,1.0
06838,09190,1.0
08348,34011,1.0
06836,09190,1.0
08349,34011,1.0
08350,34001,1.0
22643,51061,1.0
08352,34011,1.0
30576,13241,1.0
07002,34017,1.0
06831,09190,1.0
06830,09190,1.0
06829,09190,1.0
06828,09120,1.0
06825,09120,1.0
06820,09190,1.0
30609,13059,1.0
07003,34013,1.0
06813,09190,1.0
07436,34003,1.0
31027,13175,1.0
08310,34001,1.0
08341,34001,1.0
24063,51121,1.0
08330,34001,1.0
06858,09190,1.0
30665,13133,1.0
08332,34011,1.0
30581,13241,1.0
22807,51660,1.0
08311,34011,1.0
06856,09190,1.0
30580,13137,1.0
06855,09190,1.0
06926,09190,1.0
31026,13237,1.0
08342,34001,1.0
07001,34023,1.0
07422,34037,1.0
06854,09190,1.0
06853,09190,1.0
08345,34011,1.0
06852,09190,1.0
31025,13153,1.0
06851,09190,1.0
08346,34001,1.0
06850,09190,1.0
07012,34031,1.0
08553,34035,1.0
08757,34029,1.0
07495,34003,1.0
08220,34001,1.0
07480,34031,1.0
31001,13315,1.0
06517,09170,1.0
07760,34025,1.0
06516,09170,1.0
24072,51063,1.0
07481,34003,1.0
30546,13281,1.0
08219,34009,1.0
08218,34009,1.0
06515,09170,1.0
08730,34025,1.0
06514,09170,1.0
06513,09170,1.0
30919,13245,1.0
07021,34013,1.0
08217,34001,1.0
08731,34029,1.0
08214,34009,1.0
08732,34029,1.0
07879,34037,1.0
06512,09170,1.0
07878,34027,1.0
06511,09170,1.0
31070,13093,1.0
07020,34003,1.0
08221,34001,1.0
08701,34029,1.0
08648,34021,1.0
06531,09170,1.0
06530,09170,1.0
30751,13213,1.0
08650,34021,1.0
08690,34021,1.0
06525,09170,1.0
06524,09170,1.0
06521,09170,1.0
22623,51157,1.0
07963,34027,1.0
08720,34025,1.0
06519,09170,1.0
08223,34009,1.0
08721,34029,1.0
07474,34031,1.0
07880,34041,1.0
06520,09170,1.0
30630,13221,1.0
08722,34029,1.0
22731,51113,1.0
22622,51069,1.0
08723,34029,1.0
07019,34013,1.0
08213,34001,1.0
08733,34029,1.0
06532,09170,1.0
07501,34031,1.0
31078,13079,1.0
06502,09170,1.0
07505,34031,1.0
06501,09170,1.0
30545,13311,1.0
06498,09130,1.0
08741,34029,1.0
08742,34029,1.0
08750,34025,1.0
08751,34029,1.0
30916,13245,1.0
08752,34029,1.0
08753,34029,1.0
22833,51165,1.0
07875,34037,1.0
06495,09170,1.0
06494,09170,1.0
22715,51113,1.0
06493,09170,1.0
08754,34029,1.0
07507,34031,1.0
30542,13139,1.0
30541,13111,1.0
08755,34029,1.0
22611,51043,1.0
08740,34029,1.0
06503,09170,1.0
06504,09170,1.0
08735,34029,1.0
08212,34009,1.0
22620,51043,1.0
07877,34037,1.0
08734,34029,1.0
22830,51165,1.0
07502,34031,1.0
07503,34031,1.0
31075,13175,1.0
07504,34031,1.0
07970,34027,1.0
24076,51141,1.0
06510,09170,1.0
06505,09170,1.0
08736,34025,1.0
30917,13073,1.0
22831,51165,1.0
06509,09170,1.0
06508,09170,1.0
06507,09170,1.0
06506,09170,1.0
22832,51165,1.0
08738,34029,1.0
08739,34029,1.0
07876,34027,1.0
07018,34013,1.0
06533,09170,1.0
08554,34005,1.0
24026,51770,1.0
08232,34001,1.0
07457,34027,1.0
24025,51770,1.0
08602,34021,1.0
07013,34031,1.0
06721,09140,1.0
08603,34021,1.0
30555,13111,1.0
06720,09140,1.0
08604,34021,1.0
06716,09140,1.0
07458,34003,1.0
08605,34021,1.0
08231,34001,1.0
07890,34037,1.0
06712,09140,1.0
06710,09140,1.0
08606,34021,1.0
06708,09140,1.0
06706,09140,1.0
24062,51121,1.0
31062,13009,1.0
06705,09140,1.0
07014,34031,1.0
08607,34021,1.0
08601,34021,1.0
07417,34003,1.0
06722,09140,1.0
06750,09160,1.0
31059,13009,1.0
08555,34025,1.0
06753,09160,1.0
08556,34019,1.0
08240,34001,1.0
22732,51113,1.0
30563,13137,1.0
30562,13241,1.0
31010,13081,1.0
08557,34019,1.0
07456,34031,1.0
07418,34037,1.0
07901,34039,1.0
30667,13221,1.0
07921,34035,1.0
30559,13111,1.0
08559,34019,1.0
31009,13175,1.0
06724,09140,1.0
06723,09140,1.0
08234,34001,1.0
08561,34021,1.0
07962,34027,1.0
07902,34039,1.0
06704,09140,1.0
08608,34021,1.0
08641,34005,1.0
07461,34037,1.0
06608,09120,1.0
08224,34005,1.0
07885,34027,1.0
06607,09120,1.0
22821,51165,1.0
06606,09120,1.0
31067,13303,1.0
22824,51171,1.0
30549,13157,1.0
06605,09120,1.0
06604,09120,1.0
08638,34021,1.0
06602,09120,1.0
06601,09120,1.0
31003,13319,1.0
06540,09170,1.0
08640,34005,1.0
06538,09170,1.0
06537,09170,1.0
06536,09170,1.0
07410,34003,1.0
30752,13083,1.0
06535,09170,1.0
07017,34013,1.0
06534,09170,1.0
30552,13241,1.0
07416,34037,1.0
08629,34021,1.0
08618,34021,1.0
06703,09140,1.0
07015,34031,1.0
07462,34037,1.0
06702,09140,1.0
06701,09140,1.0
08609,34021,1.0
06699,09120,1.0
06673,09120,1.0
06615,09120,1.0
31007,13093,1.0
08611,34021,1.0
22820,51165,1.0
06610,09120,1.0
08230,34009,1.0
07016,34039,1.0
08619,34021,1.0
07463,34003,1.0
08226,34009,1.0
08225,34001,1.0
07465,34031,1.0
08628,34021,1.0
07470,34031,1.0
31005,13153,1.0
31004,13207,1.0
10104,36061,1.0
06281,09150,1.0
31018,13303,1.0
06096,09110,1.0
08035,34007,1.0
22906,51540,1.0
06101,09110,1.0
10519,36119,1.0
08057,34005,1.0
06035,09110,1.0
10280,36061,1.0
06098,09160,1.0
31547,13039,1.0
10282,36061,1.0
07204,34039,1.0
24136,51071,1.0
06095,09110,1.0
08056,34015,1.0
07823,34041,1.0
31546,13305,1.0
06093,09110,1.0
06092,09110,1.0
08015,34005,1.0
30329,13089,1.0
07203,34039,1.0
06102,09110,1.0
08059,34007,1.0
10277,36061,1.0
06034,09110,1.0
10522,36119,1.0
22554,51179,1.0
31548,13039,1.0
06106,09110,1.0
06105,09110,1.0
08016,34005,1.0
07074,34003,1.0
10520,36119,1.0
10278,36061,1.0
24037,51770,1.0
10279,36061,1.0
07075,34003,1.0
22905,51540,1.0
06103,09110,1.0
10281,36061,1.0
10285,36061,1.0
10514,36119,1.0
08038,34033,1.0
30334,13121,1.0
06084,09110,1.0
07739,34025,1.0
30424,13251,1.0
22747,51157,1.0
30423,13109,1.0
07079,34013,1.0
10518,36119,1.0
30336,13121,1.0
22709,51113,1.0
08039,34015,1.0
24033,51770,1.0
10304,36085,1.0
10517,36119,1.0
07080,34023,1.0
10305,36085,1.0
10516,36079,1.0
10306,36085,1.0
06039,09160,1.0
30333,13089,1.0
10303,36085,1.0
24036,51770,1.0
07826,34037,1.0
10301,36085,1.0
31545,13305,1.0
07740,34025,1.0
06091,09160,1.0
22909,51003,1.0
10302,36085,1.0
22943,51003,1.0
07077,34023,1.0
30331,13121,1.0
08055,34005,1.0
22742,51061,1.0
06089,09110,1.0
07722,34025,1.0
08036,34005,1.0
06088,09110,1.0
30332,13121,1.0
08034,34007,1.0
07073,34003,1.0
10276,36061,1.0
07843,34037,1.0
31524,13127,1.0
10530,36119,1.0
10528,36119,1.0
10185,36061,1.0
31525,13127,1.0
08018,34007,1.0
07071,34003,1.0
22722,51113,1.0
10527,36119,1.0
10275,36061,1.0
10199,36061,1.0
06027,09160,1.0
06028,09110,1.0
08032,34015,1.0
22724,51047,1.0
31527,13127,1.0
07717,34025,1.0
07822,34037,1.0
10532,36119,1.0
31523,13127,1.0
22946,51003,1.0
24131,51045,1.0
10474,36005,1.0
10176,36061,1.0
06026,09110,1.0
07101,34013,1.0
06112,09110,1.0
07716,34025,1.0
07099,34017,1.0
10177,36061,1.0
06111,09110,1.0
23944,51111,1.0
10178,36061,1.0
10179,36061,1.0
24032,51770,1.0
08010,34005,1.0
31522,13127,1.0
07752,34025,1.0
10533,36119,1.0
10203,36061,1.0
06029,09110,1.0
10526,36119,1.0
06109,09110,1.0
10268,36061,1.0
08011,34005,1.0
06108,09110,1.0
07072,34003,1.0
10269,36061,1.0
10271,36061,1.0
30429,13109,1.0
22945,51003,1.0
10524,36079,1.0
06033,09110,1.0
10523,36119,1.0
06107,09110,1.0
10272,36061,1.0
10274,36061,1.0
30327,13121,1.0
31534,13069,1.0
31535,13069,1.0
10258,36061,1.0
07842,34027,1.0
07718,34025,1.0
07746,34025,1.0
10211,36061,1.0
10212,36061,1.0
06110,09110,1.0
06030,09110,1.0
22741,51047,1.0
07097,34017,1.0
24132,51155,1.0
30325,13121,1.0
06031,09160,1.0
22555,51179,1.0
07719,34025,1.0
07750,34025,1.0
31533,13069,1.0
07720,34025,1.0
07748,34025,1.0
10213,36061,1.0
08033,34007,1.0
06040,09110,1.0
08041,34005,1.0
06114,09110,1.0
06067,09110,1.0
30385,13121,1.0
22931,51003,1.0
22932,51003,1.0
30380,13121,1.0
06068,09160,1.0
30358,13121,1.0
24035,51770,1.0
30359,13089,1.0
30378,13121,1.0
07087,34017,1.0
06066,09110,1.0
10501,36119,1.0
07734,34025,1.0
10464,36005,1.0
06051,09110,1.0
06052,09110,1.0
10465,36005,1.0
22939,51015,1.0
30388,13121,1.0
30396,13121,1.0
08051,34015,1.0
08046,34005,1.0
30818,13163,1.0
06045,09110,1.0
07730,34025,1.0
30410,13209,1.0
30355,13121,1.0
30401,13107,1.0
06050,09110,1.0
06070,09110,1.0
30356,13089,1.0
30398,13121,1.0
30357,13121,1.0
06069,09160,1.0
07737,34025,1.0
07086,34017,1.0
10462,36005,1.0
22924,51003,1.0
07837,34037,1.0
07831,34019,1.0
24034,51770,1.0
10307,36085,1.0
08014,34015,1.0
08049,34007,1.0
07207,34039,1.0
30363,13121,1.0
10472,36005,1.0
07733,34025,1.0
06058,09160,1.0
07833,34041,1.0
23955,51135,1.0
07091,34039,1.0
07732,34025,1.0
06059,09160,1.0
08050,34029,1.0
06060,09110,1.0
06061,09160,1.0
07090,34039,1.0
30368,13121,1.0
30366,13089,1.0
30364,13121,1.0
08048,34005,1.0
30645,13219,1.0
10471,36005,1.0
06057,09160,1.0
30643,13147,1.0
06065,09160,1.0
30377,13121,1.0
06064,09110,1.0
30369,13121,1.0
06053,09110,1.0
30361,13121,1.0
10467,36005,1.0
23952,51111,1.0
10468,36005,1.0
07836,34027,1.0
30708,13213,1.0
07834,34027,1.0
06063,09160,1.0
30362,13089,1.0
07092,34039,1.0
10469,36005,1.0
10461,36005,1.0
31544,13271,1.0
07208,34039,1.0
07205,34039,1.0
10312,36085,1.0
30819,13301,1.0
30655,13297,1.0
22553,51177,1.0
06080,09110,1.0
10313,36085,1.0
06079,09160,1.0
30415,13031,1.0
30341,13089,1.0
10460,36005,1.0
30414,13109,1.0
07303,34017,1.0
10314,36085,1.0
30342,13121,1.0
10451,36005,1.0
30719,13313,1.0
07302,34017,1.0
10452,36005,1.0
10311,36085,1.0
10510,36119,1.0
06081,09110,1.0
06082,09110,1.0
07081,34039,1.0
30720,13313,1.0
22547,51099,1.0
10512,36079,1.0
08054,34005,1.0
10308,36085,1.0
06041,09110,1.0
10309,36085,1.0
07723,34025,1.0
24038,51770,1.0
07096,34017,1.0
07827,34037,1.0
07724,34025,1.0
10310,36085,1.0
10511,36119,1.0
07304,34017,1.0
06083,09110,1.0
30343,13121,1.0
06078,09110,1.0
30639,13119,1.0
10504,36119,1.0
10503,36119,1.0
10457,36005,1.0
06074,09110,1.0
10458,36005,1.0
22552,51033,1.0
06072,09110,1.0
10459,36005,1.0
30711,13213,1.0
07838,34041,1.0
07094,34017,1.0
31542,13025,1.0
07093,34017,1.0
10502,36119,1.0
07082,34027,1.0
30412,13209,1.0
22548,51159,1.0
06071,09110,1.0
06075,09110,1.0
10506,36119,1.0
07095,34023,1.0
08045,34007,1.0
08042,34005,1.0
30344,13121,1.0
10453,36005,1.0
06042,09110,1.0
10454,36005,1.0
06043,09110,1.0
06077,09110,1.0
30345,13089,1.0
07206,34039,1.0
10455,36005,1.0
07839,34037,1.0
22911,51003,1.0
07738,34025,1.0
10456,36005,1.0
07727,34025,1.0
23959,51037,1.0
10507,36119,1.0
10535,36119,1.0
30722,13313,1.0
22738,51113,1.0
07175,34013,1.0
06161,09110,1.0
07670,34003,1.0
10122,36061,1.0
24058,51155,1.0
07675,34003,1.0
22748,51113,1.0
05875,50019,1.0
06160,09110,1.0
30808,13189,1.0
30312,13121,1.0
07676,34003,1.0
30730,13055,1.0
10570,36119,1.0
05901,50009,1.0
30728,13295,1.0
31406,13051,1.0
30458,13031,1.0
07064,34023,1.0
30311,13121,1.0
06167,09110,1.0
05874,50019,1.0
30459,13031,1.0
10573,36119,1.0
07306,34017,1.0
22565,51177,1.0
31402,13051,1.0
30461,13031,1.0
30460,13031,1.0
05872,50019,1.0
31403,13051,1.0
07061,34039,1.0
10120,36061,1.0
10121,36061,1.0
31404,13051,1.0
31405,13051,1.0
06199,09110,1.0
07666,34003,1.0
06183,09110,1.0
24122,51019,1.0
08020,34015,1.0
30313,13121,1.0
30464,13107,1.0
08026,34007,1.0
10129,36061,1.0
24126,51155,1.0
31408,13051,1.0
07847,34027,1.0
30725,13295,1.0
08019,34005,1.0
08068,34005,1.0
30454,13175,1.0
06153,09110,1.0
10123,36061,1.0
07699,34003,1.0
10131,36061,1.0
10133,36061,1.0
22850,51165,1.0
10562,36119,1.0
07757,34025,1.0
07756,34025,1.0
07068,34013,1.0
08069,34033,1.0
06154,09110,1.0
05903,50009,1.0
06155,09110,1.0
10124,36061,1.0
08008,34029,1.0
30726,13047,1.0
22545,51179,1.0
10566,36119,1.0
06156,09110,1.0
30648,13221,1.0
10125,36061,1.0
07763,34025,1.0
07848,34037,1.0
08025,34015,1.0
30314,13121,1.0
10126,36061,1.0
22719,51113,1.0
07677,34003,1.0
10128,36061,1.0
05902,50009,1.0
22948,51113,1.0
07762,34025,1.0
06115,09110,1.0
06237,09110,1.0
05860,50019,1.0
06238,09110,1.0
10108,36061,1.0
10110,36061,1.0
31556,13229,1.0
08021,34007,1.0
05861,50005,1.0
10111,36061,1.0
06235,09150,1.0
10579,36079,1.0
08023,34033,1.0
10112,36061,1.0
31322,13051,1.0
05862,50005,1.0
06234,09150,1.0
10113,36061,1.0
06233,09150,1.0
05863,50005,1.0
07052,34013,1.0
07051,34013,1.0
10107,36061,1.0
22736,51047,1.0
07046,34027,1.0
24104,51019,1.0
22711,51113,1.0
31314,13179,1.0
31315,13179,1.0
22949,51125,1.0
06239,09150,1.0
07850,34027,1.0
08022,34005,1.0
31318,13103,1.0
10105,36061,1.0
07050,34013,1.0
31319,13191,1.0
07656,34003,1.0
24111,51121,1.0
31320,13179,1.0
10106,36061,1.0
07054,34027,1.0
31324,13029,1.0
10576,36119,1.0
30310,13121,1.0
07059,34035,1.0
31401,13051,1.0
10116,36061,1.0
07758,34025,1.0
30309,13121,1.0
10117,36061,1.0
22848,51165,1.0
07307,34017,1.0
30732,13129,1.0
07055,34031,1.0
07662,34003,1.0
07663,34003,1.0
10118,36061,1.0
10577,36119,1.0
08070,34033,1.0
30467,13251,1.0
06230,09150,1.0
10119,36061,1.0
31333,13179,1.0
31331,13191,1.0
31329,13103,1.0
05868,50019,1.0
07657,34003,1.0
31326,13103,1.0
10578,36119,1.0
10115,36061,1.0
06232,09110,1.0
05866,50005,1.0
31327,13191,1.0
30308,13121,1.0
07057,34003,1.0
30809,13073,1.0
31328,13051,1.0
08072,34033,1.0
07660,34003,1.0
07661,34003,1.0
07058,34027,1.0
05867,50005,1.0
08071,34015,1.0
10138,36061,1.0
31409,13051,1.0
31410,13051,1.0
06126,09110,1.0
30445,13209,1.0
24147,51071,1.0
06128,09110,1.0
10542,36079,1.0
07105,34013,1.0
24146,51067,1.0
06127,09110,1.0
24030,51770,1.0
22851,51139,1.0
10165,36061,1.0
10163,36061,1.0
24142,51750,1.0
07753,34025,1.0
24130,51023,1.0
06123,09110,1.0
10164,36061,1.0
08063,34015,1.0
24031,51770,1.0
08029,34007,1.0
06129,09110,1.0
07710,34025,1.0
30703,13129,1.0
06131,09110,1.0
07108,34013,1.0
30318,13121,1.0
10159,36061,1.0
30724,13213,1.0
07702,34025,1.0
07704,34025,1.0
10545,36119,1.0
07107,34013,1.0
10543,36119,1.0
07106,34013,1.0
31516,13229,1.0
10160,36061,1.0
10162,36061,1.0
22720,51061,1.0
06016,09110,1.0
07845,34027,1.0
07844,34041,1.0
10540,36119,1.0
30647,13195,1.0
06022,09110,1.0
10170,36061,1.0
10171,36061,1.0
07712,34025,1.0
08060,34005,1.0
06021,09160,1.0
06117,09110,1.0
10172,36061,1.0
10173,36061,1.0
30322,13089,1.0
06120,09110,1.0
31521,13127,1.0
10536,36119,1.0
06024,09160,1.0
08031,34007,1.0
30438,13267,1.0
10174,36061,1.0
10175,36061,1.0
06025,09110,1.0
10169,36061,1.0
06020,09110,1.0
10168,36061,1.0
07102,34013,1.0
30320,13063,1.0
06119,09110,1.0
10538,36119,1.0
30321,13121,1.0
10166,36061,1.0
07104,34013,1.0
07820,34041,1.0
08062,34015,1.0
08061,34015,1.0
07711,34025,1.0
31520,13127,1.0
06118,09110,1.0
06018,09160,1.0
10167,36061,1.0
31550,13299,1.0
07103,34013,1.0
08030,34007,1.0
31411,13051,1.0
07109,34013,1.0
08064,34005,1.0
31419,13051,1.0
05905,50009,1.0
07765,34025,1.0
10552,36119,1.0
05906,50009,1.0
07799,34025,1.0
10152,36061,1.0
08066,34015,1.0
30822,13165,1.0
30807,13301,1.0
30812,13245,1.0
10153,36061,1.0
30451,13043,1.0
10154,36061,1.0
10551,36119,1.0
06001,09110,1.0
22726,51047,1.0
30449,13251,1.0
08067,34033,1.0
31418,13051,1.0
07701,34025,1.0
10553,36119,1.0
06152,09110,1.0
07202,34039,1.0
06147,09110,1.0
10150,36061,1.0
07846,34041,1.0
05904,50009,1.0
07755,34025,1.0
07764,34025,1.0
24127,51045,1.0
06146,09110,1.0
08009,34007,1.0
31412,13051,1.0
31414,13051,1.0
10151,36061,1.0
31415,13051,1.0
22558,51193,1.0
31416,13051,1.0
06132,09110,1.0
07801,34027,1.0
06145,09110,1.0
30448,13107,1.0
06006,09110,1.0
10548,36119,1.0
06011,09140,1.0
22737,51047,1.0
06137,09110,1.0
06134,09110,1.0
24148,51089,1.0
10156,36061,1.0
10157,36061,1.0
10155,36061,1.0
23943,51147,1.0
22723,51113,1.0
10547,36119,1.0
06133,09110,1.0
10158,36061,1.0
10546,36119,1.0
07069,34035,1.0
07806,34027,1.0
06144,09110,1.0
24129,51750,1.0
10549,36119,1.0
06138,09110,1.0
07754,34025,1.0
06143,09110,1.0
06142,09110,1.0
06141,09110,1.0
07305,34017,1.0
08027,34015,1.0
31420,13051,1.0
31421,13051,1.0
31501,13299,1.0
07802,34027,1.0
07803,34027,1.0
06002,09110,1.0
31502,13299,1.0
22725,51113,1.0
08028,34015,1.0
10473,36005,1.0
29720,45057,0.9999661819411566
80204,08031,0.99996555643578
53051,55133,0.9999633619110427
97223,41067,0.9999631431519976
47374,18177,0.9999623281220569
33928,12071,0.9999619047619047
92223,06065,0.9999617019646893
80501,08013,0.9999613556440082
60435,17197,0.9999591570004901
55303,27003,0.9999585869880316
32837,12095,0.9999579814277911
60506,17089,0.999957497449847
93720,06019,0.9999574649085495
10475,36005,0.9999558108705259
56560,27027,0.9999557619995576
55112,27123,0.999955122739308
87144,35043,0.9999550258601304
75501,48037,0.9999548288011564
85140,04021,0.9999547777325555
34609,12053,0.9999546073536087
80210,08031,0.9999539085545722
80601,08001,0.999952867983221
80906,08041,0.9999522262564494
29466,45019,0.9999511121975068
85143,04021,0.9999475671140939
64133,29095,0.9999471207233885
23323,51550,0.9999469805418588
10705,36119,0.9999467149784196
34689,12103,0.9999443362092959
00698,72153,0.9999441901997991
24073,51121,0.9999435538496274
04011,23005,0.999942713107241
19115,42101,0.9999422032135014
08822,34019,0.9999412317818523
14424,36069,0.9999411279877546
43123,39049,0.9999405204460966
94534,06095,0.9999402557055801
95035,06085,0.9999397372544293
73703,40047,0.9999391431353457
02136,25025,0.9999389909096456
59718,30031,0.9999376694611525
29678,45073,0.9999373512091216
64114,29095,0.9999362366894089
98110,53035,0.9999358933264952
63112,29510,0.9999342191816866
98001,53033,0.9999337704483741
92301,06071,0.9999333954975357
91761,06071,0.9999331818789255
63379,29113,0.999932591843613
60018,17031,0.9999310059334897
33626,12057,0.9999304347826087
02132,25025,0.9999299719887955
84098,49043,0.999929493055066
01906,25009,0.9999286834973613
56303,27145,0.9999284180386543
02302,25023,0.9999283667621777
07201,34039,0.9999283205504982
08901,34023,0.9999281066896726
41501,21195,0.9999272462713714
89406,32001,0.9999270764967549
59101,30111,0.9999234801239621
28352,37165,0.9999223542200482
11237,36047,0.9999197174052665
23502,51710,0.9999194068343005
20152,51107,0.9999186396550321
30642,13133,0.9999183606825047
20151,51059,0.9999169573160605
33018,12086,0.999915754001685
11414,36081,0.9999151679674245
74804,40125,0.9999149948996939
45801,39003,0.9999148283791841
74037,40143,0.9999138896064755
94591,06095,0.9999125185897997
32712,12095,0.9999120492524186
93063,06111,0.9999113200017736
15801,42033,0.9999112058248979
98036,53061,0.9999110874010847
46368,18127,0.9999074074074074
46037,18057,0.9999072141034563
49014,26025,0.9999071149916403
43616,39095,0.9999057848125118
13850,36007,0.9999053478466635
73115,40109,0.9999043245311902
77437,48481,0.9999026669262215
47112,18061,0.999902657451572
08854,34023,0.9999018131832166
84116,49035,0.9999017778214321
43701,39119,0.9999003587086489
30326,13121,0.9998993761320185
48114,26093,0.9998991833854219
34491,12083,0.9998977714168882
80026,08013,0.9998954029600963
73142,40109,0.999894659222585
91708,06071,0.9998936735778841
60411,17031,0.9998936547323644
28016,37071,0.9998913987836664
44133,39035,0.9998906027786895
15904,42021,0.9998901461056795
63601,29187,0.9998896003532789
80602,08001,0.9998895942589014
39828,13131,0.9998891843971631
94945,06041,0.999889012208657
80249,08031,0.9998889629136132
25801,54081,0.9998885793871867
80237,08031,0.9998870694522869
28715,37021,0.999886505504483
34287,12115,0.9998841855347733
08110,34007,0.999883409117407
46176,18145,0.9998829724985372
39232,28121,0.9998816708081883
20170,51059,0.9998805756254852
10704,36119,0.999880002399952
58854,38053,0.9998788319399007
29829,45003,0.99987722529159
60107,17031,0.9998760765846707
07066,34039,0.9998754514883547
01532,25027,0.9998741346758968
61108,17201,0.9998705920414106
81212,08043,0.9998696219035202
33843,12105,0.9998686284813453
34610,12101,0.999868073878628
36067,01001,0.9998680303530189
91752,06065,0.9998674794593162
23601,51700,0.9998642963767133
78570,48215,0.9998636022642025
68803,31079,0.9998612556364898
19454,42091,0.9998582666005245
28532,37049,0.9998576411132465
33056,12086,0.9998553450021698
91762,06071,0.9998538812785388
62052,17083,0.9998531139835488
78254,48029,0.9998524725598962
03076,33011,0.9998524638536441
92590,06065,0.9998518079430943
90703,06037,0.9998509983113142
39730,28095,0.9998499624906226
45385,39057,0.9998473360134345
33034,12086,0.9998463547668434
52405,19113,0.9998462957270212
46703,18151,0.9998427054659851
30241,13285,0.9998426848453068
17701,42081,0.9998409353004335
29841,45003,0.9998401193775315
32765,12117,0.9998386992709207
19046,42091,0.999838657631494
60192,17031,0.9998380829015544
94112,06075,0.9998363137864713
75704,48423,0.9998362802881466
61254,17073,0.9998360655737705
61920,17029,0.9998347790169352
25404,54003,0.9998346424142207
23435,51800,0.9998338778448419
34446,12017,0.9998315363881402
49037,26025,0.9998299030447355
89508,32031,0.9998298741068391
75032,48397,0.9998283556470993
16601,42013,0.9998282967032966
45807,39003,0.9998272884283247
19020,42017,0.9998268518197874
66048,20103,0.9998262078554049
26651,54067,0.9998261776464453
32038,12023,0.9998257839721254
38751,28133,0.9998249912495625
02360,25023,0.9998247305231794
13165,36099,0.9998239126606797
27909,37139,0.9998223011994669
45822,39107,0.9998221431747444
56001,27013,0.9998216196931858
73099,40017,0.9998212570100766
44044,39093,0.9998211411196566
38478,47055,0.9998193315266486
38301,47113,0.9998189061934082
28034,37071,0.9998188241688559
03857,33015,0.9998178838098707
56537,27111,0.9998169671456026
87002,35061,0.9998164632467652
48021,26099,0.9998162777879845
66106,20209,0.9998161088635528
32055,12023,0.999813258636788
32609,12001,0.9998120654012403
03825,33017,0.9998096688237533
74107,40143,0.9998095419483859
55355,27093,0.9998090509833875
76574,48491,0.9998089780324737
56387,27145,0.9998079508354139
02130,25025,0.9998067259373792
28027,37025,0.9998056082033339
46168,18063,0.999804801873902
31024,13237,0.9998044838373306
32086,12109,0.999802371541502
06518,09170,0.9998019605901575
00680,72097,0.9998001518845677
28723,37099,0.9997994987468671
06824,09120,0.999798441279226
34951,12111,0.999797652772157
56425,27035,0.999797652772157
91710,06071,0.999796568793653
73533,40137,0.999796032838713
28681,37003,0.9997960293717705
78550,48061,0.9997958489282068
98282,53029,0.9997949138638228
78643,48299,0.9997947876051714
86046,04005,0.9997947454844006
33544,12101,0.9997943656179313
19095,42091,0.9997923588039868
51041,19167,0.9997916232548447
32112,12107,0.9997912753078689
08053,34005,0.9997907424458022
14052,36029,0.9997904442581727
35670,01103,0.999789029535865
39648,28113,0.9997889107796228
68137,31055,0.9997888364890547
74361,40097,0.9997870528109029
44136,39035,0.9997869469497905
83404,16019,0.9997861877271755
54751,55033,0.9997861115072009
39183,28149,0.9997856836690956
59917,30053,0.9997850848914679
94563,06013,0.9997824431632764
79015,48381,0.9997820717710301
70118,22071,0.9997816713061514
53225,55079,0.9997804610318332
16066,42019,0.9997771587743732
39701,28087,0.9997764363961547
79029,48341,0.9997754070746772
50401,19033,0.9997743045759747
78061,48163,0.999774062358789
04330,23011,0.9997724557710905
11422,36081,0.9997724169321802
33890,12049,0.9997709049255441
45056,39017,0.9997705895847672
54944,55087,0.9997672794973237
42071,21035,0.9997671982307066
37030,47159,0.9997669540899558
48187,26163,0.9997654967560384
55337,27037,0.9997615357100275
43713,39013,0.9997608227696724
73507,40031,0.99975969240628
35077,01043,0.9997592102094871
77318,48339,0.9997579473939002
75693,48183,0.9997573404513468
55125,27163,0.9997572579862123
37683,47091,0.999756067813148
93230,06031,0.9997559274755927
47243,18077,0.9997555609875336
42240,21047,0.9997534212797435
38562,47087,0.9997533908754624
62948,17199,0.9997532387415176
40065,21211,0.9997529796825789
73077,40103,0.9997529033852236
73501,40031,0.9997518815648002
28607,37189,0.9997513983840896
75961,48347,0.9997469849034326
30213,13121,0.9997464074387151
28675,37005,0.9997459349593496
93630,06019,0.999745708836618
25411,54065,0.9997430956968529
38756,28151,0.999742864489586
49304,26085,0.9997425997425997
48867,26155,0.9997418188859485
54241,55071,0.9997417688831505
68138,31153,0.9997408655091993
37324,47051,0.9997395833333333
95616,06113,0.9997369228745561
10567,36119,0.9997359735973598
32309,12073,0.9997321368780553
14032,36029,0.9997317596566524
15001,42007,0.99973109605249
46517,18039,0.9997308692921862
08065,34005,0.9997307485191168
67735,20181,0.9997289238275956
32732,12117,0.9997283346916599
20187,51061,0.9997265518184304
43082,39041,0.9997254632807138
48198,26161,0.9997242647058824
32344,12065,0.9997230300512394
20169,51153,0.9997227100471393
28901,37039,0.9997201231458158
67801,20057,0.9997200447928332
59404,30013,0.999718091479315
34604,12053,0.9997171145685997
06010,09140,0.9997139951696962
01810,25009,0.9997134342044933
38320,47005,0.9997123130034522
80033,08059,0.9997117158671587
43026,39049,0.9997111125377158
62274,17145,0.9997108991037872
78605,48053,0.9997086247086248
44092,39085,0.9997080860173202
30223,13255,0.9997067305342392
79707,48329,0.999706558419328
72417,05031,0.9997050147492625
84655,49049,0.9997048841670355
15317,42125,0.9997044792502217
46992,18169,0.9997031466455572
02472,25017,0.9997027053810326
73104,40109,0.9997022036926743
59601,30049,0.9997021149836163
83617,16045,0.9996992179667135
69101,31111,0.9996980493991183
29406,45019,0.9996979308261592
78738,48453,0.9996971165495517
95228,06009,0.9996944699052857
76302,48485,0.9996942363552973
22936,51003,0.9996936274509803
94568,06001,0.9996920023270935
43130,39045,0.9996902202533998
04280,23001,0.999687206756334
06019,09110,0.9996869129618033
60448,17197,0.9996813002947972
84720,49021,0.9996799743979519
61571,17179,0.9996789211751484
44143,39035,0.9996780010303967
06776,09190,0.9996748601898816
23602,51700,0.9996746455960958
31021,13175,0.9996712869117406
98937,53077,0.999670836076366
28746,37161,0.9996704021094265
55021,27131,0.999669945210905
24577,51083,0.999669749009247
93204,06031,0.9996694214876033
73651,40075,0.9996669996669997
72556,05065,0.9996661101836394
53132,55079,0.9996611509572485
79735,48371,0.9996583532627263
52501,19179,0.999656730934264
76905,48451,0.9996539193632116
75181,48113,0.9996534996534997
72143,05145,0.9996519144704127
81008,08101,0.9996518509922246
49015,26025,0.9996502028823282
98023,53033,0.9996484708481896
57201,46029,0.9996473077827416
15320,42059,0.9996470172961525
14845,36015,0.9996470172961525
77856,48395,0.9996465182043125
04572,23015,0.9996436208125445
79316,48445,0.9996434937611408
39339,28159,0.9996434937611408
24586,51143,0.9996408045977011
28637,37023,0.9996406755300036
71654,05041,0.9996400287976962
07076,34039,0.9996398667506977
55113,27123,0.9996390036500742
06032,09110,0.9996376483377117
39451,28041,0.9996371552975326
53144,55059,0.9996367071132747
72442,05093,0.9996362313568571
27243,37135,0.99963530269876
76044,48251,0.9996347031963471
77864,48313,0.9996344361177115
27312,37037,0.9996344361177115
02189,25021,0.9996342801414116
52314,19113,0.9996342355523044
06770,09140,0.9996339007871133
81052,08099,0.9996332966629996
01749,25017,0.9996312004425595
20783,24033,0.9996286439314229
30240,13285,0.9996279992559985
96007,06089,0.999627588261582
35616,01033,0.9996268656716418
88101,35009,0.999623423084165
31513,13001,0.9996222851746931
24224,51167,0.9996213555471413
19567,42011,0.999619916381604
18328,42103,0.9996195548792087
47265,18079,0.999617261506076
08043,34007,0.9996172248803827
17314,42133,0.9996152366294728
21643,24019,0.999613601236476
06791,09160,0.9996124031007751
03782,33019,0.9996107434799533
17851,42097,0.9996100604406317
48085,26125,0.9996099463676256
77964,48285,0.999608533959679
57532,46117,0.999607996863975
76384,48487,0.999607996863975
42141,21009,0.9996077552392693
32433,12131,0.9996060665747488
01085,25013,0.9996042151090883
01746,25017,0.9996019108280255
04963,23011,0.9996007984031936
21755,24021,0.9995985547972702
02915,44007,0.9995982322217758
47803,18167,0.9995975855130784
26508,54061,0.9995971802618329
02129,25025,0.9995955347031225
31407,13051,0.999591419816139
70053,22051,0.9995903737839221
87004,35043,0.9995902199153122
47885,18167,0.9995860070378804
87506,35049,0.9995854063018242
78362,48409,0.9995846601135262
36016,01005,0.9995833333333334
23322,51550,0.9995802167607999
98019,53033,0.9995751310012746
76901,48451,0.9995729363675188
05454,50011,0.9995719178082192
15461,42051,0.9995687796463993
60143,17043,0.9995687796463993
70570,22097,0.9995687796463993
97882,41059,0.9995678478824547
40207,21111,0.9995675208130609
81301,08067,0.9995645020807122
64507,29021,0.9995640168580148
30547,13011,0.999562363238512
32351,12039,0.9995617398926263
42633,21231,0.9995609798928791
08515,34005,0.9995581087052585
85142,04013,0.9995571302037201
48005,26099,0.9995561473590768
55325,27093,0.9995559502664298
81428,08029,0.9995557529986673
80022,08001,0.9995538204127161
44094,39085,0.9995528128074412
23320,51550,0.999551328068916
35031,01009,0.9995512676688355
41041,21069,0.9995499549954996
43004,39049,0.9995489739156581
32465,12045,0.9995463823996371
75457,48159,0.9995452478399273
80758,08125,0.9995448338643604
61462,17187,0.9995440036479708
02186,25021,0.9995432538595049
40056,21185,0.999540018399264
15065,42003,0.999539241283981
73448,40085,0.9995386389850057
07924,34035,0.9995381062355658
30328,13121,0.999534306116113
31006,13269,0.9995331465919701
22043,51059,0.9995330157840665
83655,16075,0.9995320542817033
72040,05117,0.9995316159250586
39459,28067,0.9995296331138288
39069,28063,0.9995289684408856
42345,21177,0.9995281535073922
61856,17147,0.9995257291913683
46953,18053,0.9995252306022789
76476,48221,0.9995244888254874
54904,55139,0.9995226350544991
24592,51083,0.9995171414775471
74820,40123,0.9995123537061118
11559,36059,0.9995105237395986
75750,48423,0.9995105237395986
14042,36009,0.9995090819833088
76642,48293,0.999507874015748
68136,31153,0.999507631708518
75633,48365,0.9995074862096138
02893,44003,0.99950546733337
16023,42019,0.9995051954477981
83661,16075,0.9995047870584352
03102,33011,0.9995027899011104
32250,12031,0.9995014458071593
82701,56045,0.9995009980039921
04357,23023,0.9994984954864594
89701,32510,0.9994958406856567
66030,20091,0.9994949494949495
92028,06073,0.9994940202391904
23228,51087,0.9994932743688962
93274,06107,0.9994926433282597
84312,49003,0.9994926433282597
61953,17041,0.9994874423372629
00783,72047,0.9994841638295677
67544,20009,0.999482936918304
60545,17093,0.9994802494802495
40391,21049,0.9994778885814233
08361,34011,0.9994778749510508
61270,17195,0.9994749278025729
01880,25017,0.9994735110233629
76706,48309,0.9994734574697238
98177,53033,0.9994728518713759
55378,27139,0.9994718177016525
43619,39173,0.9994715984147953
18042,42095,0.9994700838231043
01876,25017,0.9994681911852689
79705,48329,0.9994679233809669
74653,40071,0.9994666666666666
51103,19193,0.9994655264564404
59729,30057,0.9994646680942184
78002,48029,0.999464237878382
74525,40005,0.9994639794168096
44077,39085,0.9994630331912608
17059,42067,0.9994629430719656
02568,25007,0.9994619027120103
04254,23001,0.9994606256742179
60551,17099,0.9994594594594595
47424,18055,0.9994561276287165
44820,39033,0.9994558119286026
07828,34027,0.9994553376906318
80433,08059,0.9994551398474392
26033,54051,0.9994547437295529
03242,33013,0.9994547437295529
31029,13207,0.9994545057822387
07031,34003,0.9994543718455873
59501,30041,0.9994522798849788
24017,51770,0.9994501178318932
65020,29029,0.9994492381127226
93675,06019,0.9994490358126722
03034,33015,0.9994487320837927
87014,35006,0.9994487320837927
94558,06055,0.9994486307664032
23875,51149,0.9994466731221469
58054,38073,0.9994435169727324
88340,35035,0.9994428969359331
57042,46079,0.99944279346211
98632,53015,0.999438596491228
78559,48061,0.999437570303712
28135,37007,0.9994369369369369
99022,53063,0.9994350282485875
16635,42013,0.9994339088593264
85119,04021,0.9994327850255247
41514,21195,0.999429874572406
78834,48127,0.9994281357224553
01748,25017,0.9994256834367103
80303,08013,0.999424736337488
32714,12117,0.9994206257242179
55345,27053,0.9994194484760522
62363,17149,0.9994179278230501
51351,19059,0.9994167395742198
35058,01043,0.999416484318016
50054,19099,0.9994141769185706
17844,42119,0.9994113029827315
93210,06019,0.9994078460399703
48625,26035,0.9994077583654131
47150,18043,0.9994064453056807
75904,48005,0.9994063655874698
20164,51107,0.999405901379629
73129,40109,0.9994038155802861
30259,13077,0.9994036970781157
06751,09140,0.9994036970781157
47802,18167,0.9994036647511656
03824,33017,0.9994024142464444
49657,26113,0.9993957703927493
00602,72003,0.9993919124353907
62401,17049,0.9993903501132206
28079,37179,0.9993896713615024
62884,17055,0.9993891264508247
71929,05059,0.9993876301285977
75422,48231,0.9993872549019608
76531,48193,0.9993849938499385
42164,21003,0.9993846153846154
11743,36103,0.9993845862526036
40356,21113,0.9993843447669305
65301,29159,0.999383762132183
16870,42027,0.9993804213135068
23927,51117,0.9993802293151534
95666,06005,0.9993794601303134
20155,51153,0.9993751735628992
33809,12105,0.9993737082733137
80027,08013,0.9993730079941481
57350,46005,0.9993725162099979
48768,26157,0.9993697478991597
97041,41027,0.9993686868686869
74538,40029,0.9993680884676145
44691,39169,0.9993677821798871
15090,42003,0.9993664370000792
42045,21139,0.9993658845909955
02760,25005,0.9993635977938057
07009,34013,0.999362955884695
08080,34015,0.9993621709381886
50423,19081,0.9993581514762516
48801,26057,0.9993550467591099
00603,72005,0.999354966755979
51534,19129,0.9993514915693904
23693,51199,0.9993514915693904
56438,27153,0.9993498049414824
70767,22121,0.9993485342019544
83330,16047,0.9993438320209974
72064,05117,0.9993438320209974
68763,31089,0.9993416721527321
49650,26019,0.9993390614672836
46819,18003,0.9993368700265252
71801,05057,0.9993348115299335
53223,55079,0.999333866240341
99004,53063,0.9993327216615231
37209,47037,0.9993304638928743
02886,44003,0.9993293091884641
07070,34003,0.9993278817071805
19518,42011,0.9993270524899058
76225,48497,0.9993259184361307
23229,51087,0.9993247391037446
19116,42101,0.9993232726534479
98312,53035,0.9993210519168968
23325,51550,0.9993184141769851
89423,32005,0.999317949300898
04345,23011,0.9993158182813355
48756,26129,0.9993117687543015
31605,13185,0.9993090343755399
50833,19173,0.9993079584775086
49664,26089,0.9993074792243767
66542,20177,0.9993050729673384
36832,01081,0.999303919468837
35744,01071,0.9993031358885017
03245,33009,0.9992997198879552
11691,36081,0.9992968431960327
05819,50005,0.9992950299612267
53178,55055,0.9992947813822285
46011,18095,0.9992941176470588
44028,39093,0.9992904026964697
47905,18157,0.9992894758839755
76638,48309,0.999288256227758
22728,51061,0.9992846924177397
97124,41067,0.9992826398852224
17747,42035,0.9992826398852224
16640,42021,0.9992805755395684
63901,29023,0.9992777001974286
84501,49007,0.9992759744177627
65775,29091,0.9992754498249004
34601,12053,0.9992747890295358
80125,08035,0.9992736328733008
82604,56025,0.9992732558139535
66414,20139,0.9992732558139535
01826,25017,0.9992716678805535
03045,33011,0.9992687920444574
28752,37111,0.9992665036674817
98028,53033,0.9992659652556888
81625,08081,0.999263948181952
11208,36047,0.9992620833845776
36587,01097,0.9992606284658041
47720,18163,0.9992594421130585
37692,47171,0.9992589848091886
40014,21185,0.9992550516807897
55920,27109,0.9992542878448919
58504,38015,0.9992525692930552
37385,47123,0.9992519169627828
46383,18127,0.999251497005988
80807,08063,0.9992503748125937
48002,26147,0.9992486851990984
68528,31109,0.9992471769134254
54947,55139,0.9992464204973625
51301,19041,0.9992450388265747
79373,48305,0.999244142101285
80113,08005,0.9992429977289932
72360,05077,0.9992424242424243
71269,22083,0.9992423094408244
97759,41017,0.9992420961455175
68788,31039,0.9992418498862775
39629,28085,0.9992401215805471
45380,39037,0.9992316557817903
83301,16083,0.9992278230788239
70115,22071,0.9992267806786137
54724,55017,0.9992264053635895
45069,39017,0.9992249778565102
29440,45043,0.9992242477974178
53185,55101,0.9992239467849224
61938,17029,0.9992226972405752
32428,12133,0.9992226217082888
06489,09110,0.999219641034876
46072,18159,0.9992176804224526
19128,42101,0.9992169507139567
70563,22045,0.9992157741429532
30066,13067,0.9992120589242891
24954,54075,0.9992116673236106
68370,31169,0.999211356466877
18252,42107,0.9992109831150386
39328,28069,0.9992104224240032
67756,20023,0.9992101105845181
28779,37099,0.9992056487202118
62501,17115,0.9991980753809142
22443,51193,0.9991951062459755
02048,25005,0.999194976654323
85614,04019,0.9991928567825253
06037,09110,0.9991926531436068
71845,05073,0.9991915925626516
57783,46081,0.9991890430708236
06371,09130,0.9991883116883117
79521,48207,0.9991853360488798
38261,47131,0.9991849210392256
23702,51740,0.9991846053489889
12477,36111,0.9991844871330192
62269,17163,0.9991825056202739
46392,18073,0.9991812227074236
38632,28033,0.999181050774852
43015,39041,0.9991757545016485
98828,53007,0.9991714995857498
31774,13155,0.9991712707182321
30673,13317,0.9991708126036484
07424,34031,0.9991708126036484
45614,39053,0.9991704686851929
68310,31067,0.9991701244813278
31512,13069,0.9991694352159468
02066,25023,0.999168744804655
06351,09180,0.9991649767386377
75182,48113,0.9991638795986622
06783,09160,0.9991610738255033
38762,28011,0.9991610738255033
47872,18121,0.9991591339079252
50619,19023,0.9991575400168492
30058,13089,0.9991541552125185
96114,06035,0.9991539763113367
35057,01043,0.9991532599491956
35582,01059,0.9991525423728813
06896,09190,0.9991514637250742
44224,39153,0.9991485738612176
74884,40133,0.9991474850809889
37615,47179,0.9991420274551215
00920,72127,0.9991412623443539
76259,48121,0.9991408934707904
46405,18089,0.9991394148020654
39042,28121,0.9991393685116454
03104,33011,0.9991375840855516
05822,50019,0.999137187230371
62246,17005,0.9991370010787487
48176,26161,0.9991329980925958
36054,01051,0.9991322269226597
28734,37113,0.9991319863046728
33432,12099,0.9991306615665478
04353,23015,0.9991304347826087
94014,06081,0.9991284137129576
04258,23001,0.9991258741258742
78026,48013,0.9991239597021463
83226,16037,0.9991181657848325
55107,27123,0.9991168306838254
76065,48139,0.9991145332050048
15239,42003,0.9991145218417946
76240,48097,0.9991142043657071
30214,13113,0.9991139552055132
57445,46013,0.9991126885536823
08889,34019,0.9991122159090909
08560,34021,0.9991071428571429
38345,47077,0.9991063449508489
55013,27025,0.9991058122205663
68718,31107,0.9991031390134529
32080,12109,0.9991027603314508
28747,37175,0.9991023339317774
56359,27095,0.9991019308486754
38652,28145,0.9990996398559424
89703,32510,0.9990935186584076
21713,24043,0.9990911156555329
61728,17113,0.9990892531876139
80127,08059,0.9990887967561165
59925,30029,0.9990884229717412
35614,01083,0.9990863407948835
13145,36075,0.9990859232175503
07731,34025,0.999083465721618
27610,37183,0.9990806338218593
61109,17201,0.999078863459222
65078,29141,0.9990763546798029
98563,53027,0.9990725712960816
67502,20155,0.9990717821782178
04038,23005,0.9990711714849646
30456,13033,0.9990706319702602
23124,51127,0.9990703439727301
53094,55055,0.9990699596982536
43025,39089,0.9990697674418605
52332,19011,0.9990662931839402
45365,39149,0.9990655370047347
39747,28097,0.9990636704119851
18067,42095,0.9990627928772259
67410,20041,0.999058734939759
02026,25021,0.9990570485619991
42320,21183,0.9990516832622096
83616,16001,0.9990514583827366
22610,51187,0.9990512333965844
53080,55089,0.9990500316656111
65706,29225,0.9990494296577946
63138,29189,0.9990437942245172
95461,06033,0.999043062200957
73859,40043,0.999043062200957
29681,45045,0.9990411955299875
69145,31105,0.9990407673860912
50129,19073,0.9990372272143774
81147,08007,0.9990367516301126
50213,19039,0.9990361445783132
30705,13213,0.9990321214687556
91709,06071,0.9990284344840987
72704,05143,0.9990280777537797
38079,47095,0.9990277102576568
23112,51041,0.9990263603908983
48317,26099,0.999025974025974
97756,41017,0.9990244607435776
78163,48091,0.9990230905861457
40312,21197,0.9990221642764016
70711,22063,0.9990198480764518
20616,24017,0.9990196078431373
85212,04013,0.9990151888186054
61739,17105,0.9990118577075099
67578,20185,0.9990108803165183
61755,17179,0.9990103908955963
93219,06107,0.999009900990099
67846,20055,0.9990086094442995
15438,42051,0.9990079365079365
48842,26065,0.999007033512619
67543,20155,0.9990069513406157
67661,20147,0.9990054699154649
27242,37125,0.999003984063745
61012,17007,0.9990029910269193
75951,48241,0.9990023279015631
17536,42071,0.999000999000999
97080,41051,0.9990009490983566
48708,26017,0.9990007993605116
11580,36059,0.9989993328885924
78636,48031,0.9989974937343359
32082,12109,0.9989951874768629
02053,25021,0.9989943010392223
70049,22095,0.9989909182643795
56354,27041,0.9989909182643795
50595,19079,0.9989894907033144
40741,21125,0.9989873417721519
75416,48277,0.9989832231825114
79381,48305,0.9989816700610998
49868,26095,0.9989802855200544
93546,06051,0.9989735694123685
61520,17057,0.9989729544676481
64720,29013,0.9989727786337956
02176,25017,0.9989721803480882
17051,42087,0.9989717223650385
00638,72039,0.9989684644857059
45735,39009,0.9989669421487604
13027,36067,0.9989664363814393
19501,42071,0.998960498960499
04862,23013,0.998960498960499
36360,01045,0.998958500240346
78719,48453,0.9989572471324296
47038,18155,0.9989561586638831
28398,37061,0.9989544123797575
62839,17025,0.9989528795811519
70775,22125,0.9989506820566632
50036,19015,0.9989504617968094
71655,05043,0.998949027850762
00667,72079,0.9989448137596286
35570,01093,0.9989443522847232
79504,48059,0.9989412387506618
02149,25017,0.9989412163306793
06611,09120,0.9989365029715358
50226,19153,0.9989361702127659
73852,40153,0.9989339019189766
98502,53067,0.9989314064726237
30421,13267,0.9989287627209427
72365,05111,0.9989281886387996
87122,35001,0.9989267827331266
00676,72099,0.9989258861439313
38655,28071,0.9989253667186073
07928,34027,0.9989242685025818
51347,19059,0.9989235737351991
95445,06045,0.9989218328840971
56277,27129,0.9989195029713668
17721,42035,0.9989189189189189
93536,06037,0.9989148520581639
06477,09170,0.9989145183175034
04093,23031,0.9989100817438692
77445,48473,0.9989090115644774
01760,25017,0.9989085239085239
00736,72035,0.998906439854192
36271,01015,0.9989056087551299
62544,17115,0.9989023051591658
04354,23027,0.9988998899889989
56379,27009,0.9988936829295276
26060,54069,0.9988913525498891
51003,19167,0.9988913525498891
62258,17163,0.9988888888888889
42049,21035,0.9988864142538976
03884,33017,0.9988857938718663
08520,34021,0.998882764784746
14432,36069,0.9988797610156833
61944,17045,0.9988782950084127
01331,25027,0.9988759308697485
72335,05123,0.9988740006755996
76424,48429,0.9988736624741881
71422,22127,0.9988636363636364
98823,53025,0.9988633134413185
61473,17187,0.9988623435722411
32328,12037,0.9988603988603989
28768,37175,0.9988558352402745
25312,54039,0.9988545246277205
27874,37083,0.9988536492166603
77954,48123,0.9988520826500492
53022,55131,0.998848810437452
11797,36059,0.9988461538461538
66614,20177,0.9988449321397632
62918,17199,0.9988397149013758
75644,48459,0.9988392338943702
46149,18063,0.9988317757009346
16258,42031,0.9988304093567252
75414,48181,0.9988283538371412
61740,17105,0.9988276670574443
00966,72061,0.9988273921200751
10974,36087,0.9988214496169712
69361,31157,0.9988206388206389
01462,25027,0.9988191632928475
06401,09140,0.9988180833251256
03458,33011,0.9988151658767772
60119,17089,0.9988149318585818
30263,13077,0.9988146843673801
08091,34007,0.9987995198079231
13021,36011,0.9987974058325817
07067,34023,0.9987959866220736
10466,36005,0.9987956341738803
72501,05063,0.9987940506498727
06085,09110,0.998792270531401
04428,23019,0.9987871437234688
74006,40147,0.9987865713900499
87528,35039,0.9987834549878345
51458,19161,0.998780487804878
15019,42125,0.9987775061124694
64151,29165,0.9987741759738491
32224,12031,0.9987735769263301
50060,19185,0.9987714987714987
23111,51085,0.9987706451440483
68767,31139,0.9987677141096735
31804,13145,0.998766954377312
83522,16049,0.9987654320987654
30165,13115,0.9987646695491044
67879,20071,0.9987639060568603
32569,12091,0.9987629886194953
05743,50021,0.9987613542526838
55387,27019,0.9987596471885336
98359,53035,0.9987585350713842
13731,36025,0.9987531172069826
46750,18069,0.9987493920655874
63023,29099,0.998745294855709
50273,19121,0.9987450324199958
15102,42003,0.9987427210164108
14428,36055,0.9987421383647799
45013,39017,0.9987380497131931
60491,17197,0.9987372408713038
33860,12105,0.9987334290298067
88252,35025,0.998730964467005
73165,40027,0.998730561726436
01756,25027,0.9987261146496815
28150,37045,0.9987249544626594
29414,45019,0.9987239302946923
55372,27139,0.9987236758136566
60423,17197,0.9987227054315431
70401,22105,0.9987114378837262
01223,25003,0.9987113402061856
45883,39107,0.9987080103359173
61252,17195,0.9987075928917609
60047,17097,0.9987075332348597
67401,20169,0.998706721353878
62988,17003,0.9987046632124352
20165,51107,0.9987030765905325
15037,42003,0.9987020211385129
03598,33007,0.9987018606663782
54313,55009,0.9987014392381777
07065,34039,0.9986977471024873
28694,37009,0.9986950848194868
56584,27107,0.9986928104575163
78934,48089,0.9986879510168379
77517,48167,0.9986859395532195
95367,06099,0.9986851421057955
66216,20091,0.9986828240252897
61534,17179,0.9986824769433466
81432,08091,0.9986801583809943
72422,05021,0.9986785596299967
51561,19129,0.9986772486772487
53156,55055,0.9986772486772487
50626,19013,0.9986702127659575
20186,51061,0.9986673128180277
13601,36045,0.9986671664792369
63837,29069,0.9986631016042781
16922,42105,0.9986586183769283
12586,36071,0.9986561397614648
54546,55003,0.9986559139784946
83851,16009,0.9986504723346828
92225,06065,0.9986498215835664
37922,47093,0.998646955650213
62960,17127,0.9986468200270636
02356,25005,0.9986433779888079
83544,16035,0.9986431478968792
59072,30065,0.998642687478792
97701,41017,0.9986357966947302
30346,13089,0.9986324786324786
61548,17203,0.998630762209037
62471,17051,0.9986304050088045
93458,06083,0.9986296676944159
02375,25005,0.9986293024672556
46528,18039,0.9986268766019772
01752,25017,0.9986255154317131
48818,26117,0.9986244841815681
32821,12095,0.9986240299411084
00735,72037,0.9986233480176211
57754,46081,0.9986225895316805
45363,39149,0.9986225895316805
28721,37087,0.9986218302094818
39840,13243,0.9986211651154774
51002,19021,0.9986168741355463
37688,47091,0.9986149584487535
29571,45067,0.998614663256607
18818,42115,0.9986130374479889
66056,20107,0.9986101459346769
28762,37111,0.998608017817372
15851,42065,0.998608017817372
64437,29087,0.9986072423398329
01504,25027,0.9986056239832675
77082,48201,0.9986041727887158
81654,08097,0.9986013986013986
83422,16081,0.9985968194574368
04864,23013,0.9985941893158388
47933,18107,0.9985927205270901
35136,01037,0.9985885673959068
78840,48465,0.998583274303096
32066,12067,0.9985810571124513
14873,36101,0.9985805535841022
71282,22065,0.9985783915515841
54025,55109,0.9985771200910644
53228,55079,0.99857668129522
28714,37199,0.998576132419685
67349,20049,0.9985754985754985
47666,18051,0.998567335243553
30315,13121,0.9985664076951535
46260,18097,0.9985656472516777
04274,23001,0.9985637342908438
61912,17029,0.9985590778097982
64866,29145,0.9985590778097982
46052,18011,0.9985572177082542
27834,37147,0.9985563976569224
76950,48435,0.9985549132947977
48634,26017,0.9985507246376811
79336,48219,0.9985499163413274
00687,72101,0.9985496035583059
74728,40089,0.9985486211901307
78945,48149,0.9985471451402005
38585,47175,0.998547039593171
47581,18101,0.9985418489355498
30540,13123,0.9985412107950401
34731,12069,0.9985365853658537
35674,01033,0.9985344029620488
74066,40037,0.9985322896281801
43950,39013,0.9985314053321284
76366,48009,0.9985294117647059
18951,42017,0.9985247389922832
66749,20001,0.9985243482538121
37821,47029,0.9985203973789897
70611,22019,0.9985198342214328
95973,06007,0.9985171271810588
45640,39079,0.9985168282943525
48080,26099,0.9985165405726153
37643,47019,0.9985121999603254
28783,37099,0.9985096870342772
68028,31153,0.9985074626865672
72472,05111,0.9985027138311809
37331,47107,0.9985026737967915
07728,34025,0.9985010236911378
50158,19127,0.9984931903796002
22937,51003,0.9984917043740573
90808,06037,0.9984908849450682
73717,40151,0.9984907287623976
02124,25025,0.9984904461128987
08527,34029,0.9984877427570837
95324,06047,0.9984833164812943
62254,17163,0.9984830097087378
70435,22103,0.9984780747645772
76656,48145,0.9984732824427481
40060,21155,0.9984732824427481
38658,28107,0.998472116119175
95948,06007,0.9984717269485481
46565,18087,0.9984709480122325
06470,09190,0.9984707809939923
74033,40143,0.9984707354372306
44256,39103,0.9984665936473165
61443,17073,0.99846547314578
51031,19149,0.9984541877459246
63662,29017,0.9984520123839009
01431,25017,0.9984520123839009
05445,50007,0.9984512132163139
50677,19017,0.9984464812800994
77047,48201,0.9984419631264606
43515,39051,0.9984419631264606
59741,30031,0.9984375
26218,54097,0.9984375
29812,45011,0.9984330484330485
76856,48319,0.9984326018808778
08052,34005,0.9984304150680153
28906,37039,0.998428313638745
47401,18105,0.9984271165113444
46060,18057,0.9984227767218021
61501,17057,0.998422712933754
49640,26019,0.9984202211690363
62548,17107,0.9984202211690363
58561,38047,0.9984177215189873
43326,39065,0.9984150046229032
48836,26093,0.9984137055837563
54216,55061,0.9984111852557992
54024,55095,0.9984096692111959
67860,20093,0.9984089101034208
95620,06095,0.9984080657999469
57279,46109,0.9984025559105432
81090,08009,0.9984025559105432
64040,29101,0.9983995732195252
87124,35043,0.9983949221172437
71367,22039,0.9983948635634029
17938,42107,0.9983948635634029
74103,40143,0.9983903420523139
62534,17173,0.998389694041868
46236,18097,0.9983848825002019
67045,20073,0.9983838383838384
50025,19009,0.9983739837398374
45658,39053,0.9983726606997559
75490,48147,0.998371335504886
74048,40105,0.99836867862969
78389,48025,0.99836867862969
42055,21143,0.9983677910772579
95377,06077,0.9983671045795294
97221,41051,0.998365284589092
42301,21059,0.9983651695061091
56258,27083,0.9983583233008646
51063,19133,0.9983552631578947
50659,19037,0.9983520105471325
13081,36011,0.9983498349834984
55109,27123,0.9983439926907264
12524,36027,0.9983392382639504
71028,22013,0.9983388704318937
17823,42097,0.9983388704318937
37317,47139,0.9983333333333333
27817,37013,0.9983329364134318
05077,50017,0.9983277591973244
43420,39143,0.9983240223463687
49241,26075,0.9983221476510067
89821,32011,0.9983193277310924
30477,13163,0.9983179142136249
28436,37047,0.9983136593591906
23703,51740,0.9983124952059523
47383,18035,0.9983122362869198
40513,21067,0.9983111277913305
63855,29069,0.9983108108108109
43235,39049,0.9983102399459277
73051,40027,0.9983098591549295
99403,53003,0.998307801923762
52531,19135,0.9983074753173484
67758,20199,0.9983050847457627
47421,18093,0.9983048932082721
15370,42059,0.9983029274501485
57311,46061,0.9982964224872232
76801,48049,0.9982955290415628
26601,54007,0.9982917663136317
07114,34013,0.9982914969115521
14580,36055,0.9982914501317007
26070,54009,0.9982898674647285
73111,40109,0.9982825246887076
74441,40021,0.998282377189969
04937,23025,0.998280309544282
99328,53013,0.9982758620689656
84056,49011,0.998269040553907
48813,26045,0.9982688978649741
44312,39153,0.9982649577433257
66783,20207,0.9982568274259151
79423,48303,0.9982545454545455
43103,39129,0.9982535293261534
66935,20157,0.9982517482517482
38229,47183,0.9982486865148862
80503,08013,0.9982478682396916
53960,55021,0.9982476635514018
21655,24011,0.9982463831652784
42003,21145,0.9982462095496719
57472,46129,0.9982456140350877
06612,09120,0.9982456140350877
58040,38081,0.9982456140350877
34266,12027,0.9982426372560902
70031,22089,0.9982425307557118
71901,05051,0.998240410235785
14471,36069,0.9982321744254566
29370,45059,0.99822695035461
42038,21143,0.9982264262488915
49680,26079,0.9982253771073647
29102,45027,0.998223169864961
38253,47131,0.998220640569395
66865,20111,0.998220640569395
72544,05005,0.9982142857142857
79095,48087,0.998211091234347
31768,13071,0.9982086557752938
78361,48247,0.998205312275664
66701,20011,0.9982051636062405
93647,06107,0.9981998199819982
22407,51177,0.9981984578799452
27314,37033,0.9981981981981982
85937,04017,0.998193315266486
46239,18097,0.9981889916564258
53224,55079,0.9981868416508375
27292,37057,0.9981865721997301
62428,17035,0.998186215235792
65689,29215,0.9981851179673321
22101,51059,0.9981849912739965
34224,12015,0.9981843271116275
38614,28027,0.9981819834560495
03042,33015,0.998181345804105
08098,34033,0.9981768459434822
43545,39069,0.9981747066492829
79070,48357,0.9981733306271565
94574,06055,0.9981691078561917
64446,29005,0.9981684981684982
29706,45023,0.9981649692632352
29574,45067,0.9981617647058824
84525,49015,0.9981549815498155
07047,34017,0.9981519438190921
83113,56035,0.9981498612395929
68456,31159,0.9981481481481481
35128,01115,0.9981427023680545
13148,36099,0.9981412639405205
01033,25015,0.998139782088759
67467,20143,0.9981389578163772
72011,05125,0.998138495904691
38231,47079,0.9981378026070763
75486,48277,0.9981343283582089
36877,01081,0.9981343283582089
51528,19047,0.9981343283582089
15557,42111,0.998133457769482
10550,36119,0.9981241978477638
98944,53077,0.9981230448383733
11701,36103,0.998122946973252
93560,06029,0.9981162540365985
81230,08051,0.9981085892300846
75417,48387,0.9981069569332702
04252,23001,0.9981067777357062
74010,40037,0.9981050818260121
22485,51099,0.9981049682788169
81252,08027,0.9981024667931688
67878,20075,0.9981024667931688
71241,22111,0.998101156568272
45383,39109,0.9981009224091155
62286,17157,0.9980993755090959
71003,22027,0.9980988593155894
52620,19177,0.9980988593155894
76878,48083,0.9980952380952381
48028,26147,0.9980952380952381
80720,08121,0.9980891719745223
77510,48167,0.9980879541108987
95678,06061,0.9980873976134048
46140,18059,0.9980872385546177
23462,51810,0.9980853699740961
83444,16051,0.9980842911877394
41262,21159,0.9980769230769231
76266,48121,0.9980752574343181
49920,26071,0.9980725987793125
29506,45041,0.9980722891566265
63005,29189,0.9980722402597403
62231,17027,0.9980718245360328
61844,17183,0.9980657640232108
53108,55101,0.998062015503876
15530,42111,0.9980544747081712
46157,18109,0.9980516317584024
39437,28067,0.9980498676695919
23666,51650,0.9980449333951885
61853,17019,0.9980405878236529
55342,27129,0.9980392156862745
02043,25023,0.9980355242694606
71225,22073,0.9980348808646524
68638,31125,0.9980295566502463
53913,55111,0.9980283911671924
98043,53061,0.9980205859065716
67672,20195,0.998019801980198
69033,31029,0.9980145598941098
72482,05135,0.9980139026812314
81641,08103,0.9980132450331126
98380,53035,0.9980102330869812
44149,39035,0.9980068652419444
37064,47187,0.9980058291148949
52404,19113,0.9980046683231685
55312,27085,0.998
78024,48265,0.998
00624,72111,0.9979987492182614
00757,72133,0.9979902686693463
42211,21221,0.9979889391654098
51632,19145,0.997986770204199
02852,44009,0.9979845482028888
38358,47053,0.9979792876989139
19138,42101,0.9979761181946974
49925,26131,0.9979716024340771
64850,29145,0.9979687029792357
69034,31145,0.9979674796747967
72687,05089,0.9979661016949153
31064,13159,0.9979569093610698
90815,06037,0.9979561398663205
74019,40131,0.9979503996720639
39759,28105,0.997947928690522
60955,17075,0.997946611909651
62675,17129,0.9979454065159965
78801,48463,0.9979410974845583
00909,72127,0.9979241366295527
42539,21045,0.9979227972996365
62410,17185,0.997920997920998
14867,36109,0.9979202772963605
00965,72061,0.9979175343606831
14103,36073,0.9979174555092768
98528,53045,0.9979144942648592
25159,54079,0.9979105725031342
76904,48451,0.997907746204749
76051,48439,0.9979010704540684
29645,45059,0.9978950777202072
39209,28049,0.9978779178629384
83401,16019,0.9978758773550055
10588,36119,0.997874601487779
02030,25021,0.9978700745473909
43050,39083,0.997867154174284
46167,18063,0.9978665041145992
45860,39107,0.9978655282817502
62618,17017,0.9978615343491045
46920,18015,0.9978586723768736
80427,08047,0.9978540772532188
27028,37059,0.9978511428013284
80728,08075,0.9978494623655914
88267,35025,0.9978448275862069
12168,36083,0.9978448275862069
41465,21153,0.9978422117329737
56475,27097,0.9978401727861771
43128,39047,0.9978401727861771
40337,21173,0.997836278398846
68331,31067,0.9978354978354979
84052,49013,0.9978354978354979
60520,17037,0.9978245105148659
49426,26139,0.9978232963107663
78010,48265,0.997822931785196
73433,40049,0.9978213507625272
53227,55079,0.9978211925339531
81635,08045,0.9978193146417446
38668,28137,0.9978137297770004
40047,21029,0.9978124145474433
07006,34013,0.9978094194961665
22205,51013,0.9978078187796858
68404,31109,0.9978070175438597
95023,06069,0.9978006510073019
06090,09110,0.9977973568281938
74578,40077,0.9977918851780293
28421,37141,0.9977900552486187
07506,34031,0.9977876106194691
62240,17163,0.9977851605758582
10987,36071,0.9977843426883308
78653,48453,0.9977825122831427
42167,21171,0.9977795720629794
46112,18063,0.9977782815688052
50150,19135,0.9977777777777778
05350,50003,0.9977678571428571
78629,48177,0.9977671926168502
12043,36095,0.997766361402725
08562,34005,0.9977661950856291
47302,18035,0.9977660049786174
51035,19035,0.9977653631284916
73065,40087,0.9977641140301845
67839,20101,0.9977628635346756
06484,09140,0.997751088568831
58425,38039,0.9977502812148481
95476,06097,0.9977490927465662
65791,29149,0.9977483816493105
13126,36075,0.9977402998236331
54665,55123,0.9977352275066914
95966,06007,0.9977347092876919
73742,40073,0.9977313974591652
47906,18157,0.9977256773831251
72471,05067,0.997716894977169
65591,29029,0.997716894977169
65017,29131,0.997716894977169
31316,13183,0.9977155041120926
53589,55025,0.9977154345243535
56051,27043,0.9977116704805492
29670,45007,0.9977113795295613
56222,27023,0.9977064220183486
43040,39159,0.9977064220183486
74450,40101,0.9977037887485649
07922,34039,0.9977026583524778
60449,17197,0.9976977814985349
98292,53061,0.9976960294908225
24656,51027,0.9976958525345622
15531,42111,0.9976873265494912
64158,29047,0.9976871928302977
78017,48163,0.9976851851851852
04022,23017,0.9976744186046511
01364,25011,0.9976679104477612
00795,72075,0.9976636989328787
28504,37107,0.9976619328022168
47805,18167,0.9976584452076178
48118,26161,0.9976541118206699
51646,19173,0.9976525821596244
43811,39031,0.9976525821596244
72734,05007,0.9976480649989309
54956,55139,0.9976480297090984
59634,30043,0.9976461357395057
43443,39173,0.9976387249114522
79758,48135,0.997638167217761
42276,21141,0.9976375295308809
68901,31001,0.9976333761579552
00784,72057,0.9976261869065467
60450,17063,0.997626112759644
56308,27041,0.9976258565801543
84722,49053,0.997624703087886
19150,42101,0.9976156413924654
50211,19181,0.9976116551229998
03608,33005,0.9976
50588,19021,0.9975949975949976
36207,01015,0.9975907618177287
46917,18015,0.9975903614457832
23464,51810,0.9975869185585013
67642,20065,0.997586484312148
65201,29019,0.9975801805262147
76055,48217,0.9975757575757576
84604,49049,0.99756343970999
55960,27109,0.9975609756097561
49345,26081,0.9975583702121166
39083,28029,0.9975571453498517
78380,48355,0.9975562484199882
18466,42089,0.9975531086642198
28075,37025,0.9975482684646031
41056,21161,0.9975478748248482
28792,37089,0.9975420092956739
32145,12109,0.9975385992392034
43844,39031,0.9975381585425899
73554,40055,0.9975369458128078
24340,51191,0.9975362715576239
06410,09140,0.9975324769576892
54656,55081,0.9975311292400172
15642,42129,0.99753003725876
30122,13097,0.9975296781719618
68739,31027,0.9975278121137207
79382,48303,0.9975268950166934
75672,48203,0.9975252629408126
23350,51131,0.9975247524752475
83241,16029,0.9975247524752475
82225,56027,0.9975232198142415
98901,53077,0.9975221001875167
50461,19131,0.9975178405212535
81089,08055,0.9975170701427685
66549,20149,0.9975124378109452
57016,46079,0.9975062344139651
80116,08035,0.9975035663338089
13060,36067,0.9975015615240475
31763,13177,0.9974988170080443
50216,19077,0.9974974974974975
34484,12119,0.9974945192608832
19405,42091,0.9974937343358395
26031,54051,0.9974937343358395
04220,23017,0.9974826935179358
46936,18067,0.9974820143884892
60408,17197,0.9974811083123426
14414,36051,0.9974747474747475
08724,34029,0.9974737059187462
06384,09150,0.9974726200505476
23030,51036,0.9974683544303797
45150,39025,0.9974675181678044
53536,55105,0.997467188579323
54667,55123,0.9974489795918368
67530,20009,0.9974466683139774
50638,19075,0.9974450689831375
46902,18067,0.9974430721729062
97838,41059,0.9974410774410775
69337,31045,0.997437868306431
16652,42061,0.9974362104749115
87016,35057,0.9974358974358974
74085,40119,0.9974358974358974
83714,16001,0.9974327491907579
42748,21123,0.9974318451205058
40486,21109,0.997431506849315
07083,34039,0.9974310540234227
37215,47037,0.9974309569685292
95322,06047,0.9974287050023375
67561,20155,0.9974259974259975
22556,51179,0.9974241556954779
38068,47047,0.9974222651844692
15146,42003,0.9974216467083022
78372,48249,0.9974193548387097
13501,36065,0.997412741030022
03237,33001,0.997411561691113
52336,19113,0.9974070872947277
48455,26087,0.9973978662503252
58529,38037,0.9973958333333334
34269,12027,0.9973941368078176
47725,18163,0.9973932877158683
94706,06001,0.9973892773892774
84017,49043,0.9973890339425587
56444,27035,0.9973810563072893
37352,47127,0.9973808276584599
33841,12105,0.9973759020336759
38950,28135,0.9973684210526316
81123,08023,0.9973614775725593
83876,16055,0.9973591549295775
14423,36051,0.9973568281938326
55449,27003,0.997356087008773
93461,06079,0.9973544973544973
07032,34017,0.9973512857300518
05251,50003,0.9973509933774835
80129,08035,0.9973495377852479
45348,39037,0.9973404255319149
68626,31023,0.9973404255319149
56223,27173,0.9973333333333333
85624,04023,0.9973333333333333
57314,46111,0.9973333333333333
10560,36119,0.9973313000381243
72081,05145,0.9973272241313479
18851,42015,0.9973262032085561
69356,31157,0.9973262032085561
39565,28059,0.9973128243143069
30141,13223,0.9973080086741942
40744,21125,0.9973068158276363
54166,55115,0.9973061957497755
56225,27011,0.9973045822102425
59859,30089,0.9973033707865169
30187,13097,0.9973006644518272
92509,06065,0.9972968545216252
29306,45083,0.9972850678733032
46784,18113,0.997275204359673
32327,12129,0.9972677595628415
38462,47101,0.9972673203665006
94611,06001,0.9972670128450396
37938,47093,0.9972640218878249
06374,09150,0.9972640218878249
39213,28049,0.9972594158640671
24430,51015,0.9972565157750343
30516,13147,0.9972552607502287
46403,18089,0.9972434532013532
73078,40017,0.9972380777020806
00720,72107,0.9972303431297123
66401,20197,0.997229916897507
73566,40075,0.9972222222222222
36756,01105,0.9972222222222222
60554,17089,0.9972133203288283
75803,48001,0.9972067039106145
73173,40027,0.9971973094170403
18640,42079,0.9971953315841853
73647,40149,0.9971883786316776
55769,27061,0.9971771347918137
77474,48015,0.9971765164054133
60962,17053,0.9971751412429378
01069,25013,0.9971739130434782
76943,48105,0.9971698113207547
60927,17075,0.997169143665959
60543,17093,0.9971663955501915
49346,26107,0.9971620227038184
04487,23019,0.9971509971509972
93925,06053,0.9971428571428571
78009,48325,0.9971381847914963
28401,37129,0.997133643855249
46975,18049,0.997131454227987
22406,51179,0.9971305595408895
66007,20103,0.9971302850583509
59715,30031,0.9971244009168577
21750,24043,0.997119341563786
45661,39131,0.9971128608923885
37311,47011,0.9971064131333413
66952,20183,0.9971014492753624
30120,13015,0.9971002639503327
77356,48339,0.9970983654125157
60140,17089,0.9970980321030198
82721,56011,0.9970972423802612
80537,08069,0.9970963764368959
64601,29117,0.9970948012232416
55321,27171,0.9970833333333333
36323,01031,0.9970794392523364
80701,08087,0.9970789798899
87552,35047,0.997078870496592
49302,26081,0.9970785860356413
53004,55089,0.9970777323202805
76460,48503,0.9970760233918129
56716,27119,0.9970741901776384
49228,26091,0.9970631424375918
75652,48401,0.9970611808709591
76537,48491,0.9970577418168445
87544,35028,0.9970573810691515
35901,01055,0.9970539055657297
00601,72001,0.997050605402049
81637,08037,0.9970414201183432
39307,28075,0.99703719960496
12414,36039,0.9970354399676593
66086,20103,0.9970291146761735
30742,13047,0.9970226280269948
92880,06065,0.9970214576621482
31560,13305,0.9970184853905785
19464,42091,0.9970178156467855
60952,17053,0.9970059880239521
54153,55083,0.9970022483137647
04260,23005,0.9969947407963937
48433,26049,0.9969933365837803
48423,26049,0.9969924812030075
38843,28057,0.9969815876848778
57456,46089,0.9969788519637462
40510,21067,0.9969742813918305
60417,17197,0.9969740634005764
56307,27145,0.9969670710571924
31780,13261,0.9969666329625885
62650,17137,0.9969652057308208
41051,21117,0.9969609159657926
13493,36075,0.9969604863221885
73110,40109,0.9969515514425694
61840,17019,0.9969512195121951
37323,47011,0.9969502088443943
79331,48115,0.9969491055332131
81050,08089,0.9969446441409058
53217,55079,0.9969422939301281
73024,40149,0.9969418960244648
46996,18131,0.9969395562356542
37043,47125,0.9969358655421394
38556,47049,0.9969340827797649
98572,53041,0.9969325153374233
50173,19171,0.9969325153374233
52101,19191,0.9969306930693069
63461,29127,0.9969287469287469
41862,21119,0.9969230769230769
65084,29141,0.996921619701634
06073,09110,0.9969146383270483
13331,36043,0.9969135802469136
76430,48417,0.9969104016477858
04949,23027,0.9969088098918083
36037,01013,0.996904709263763
61774,17113,0.9969040247678018
28338,37153,0.9968895800933126
63654,29179,0.9968847352024922
15137,42003,0.9968755138957408
73664,40149,0.996875
03809,33001,0.996875
85928,04017,0.99687255668491
32448,12063,0.9968631335644709
04932,23019,0.9968602825745683
72632,05015,0.9968560520997081
45734,39111,0.9968553459119497
33179,12086,0.9968545850471813
03304,33013,0.9968508445462353
50049,19117,0.9968404423380727
00653,72055,0.9968379446640316
38851,28017,0.9968329374505146
70791,22033,0.9968306288032455
28716,37087,0.996826963756875
01073,25015,0.9968164131588256
59701,30093,0.996810598626104
54157,55075,0.9968061322261258
43105,39045,0.9968
35956,01055,0.9967961553864637
57223,46057,0.9967897271268058
60152,17111,0.9967897271268058
51249,19143,0.9967862881628281
35456,01125,0.9967793880837359
59436,30099,0.9967741935483871
59464,30027,0.9967741935483871
59427,30035,0.9967558799675588
01031,25027,0.9967532467532467
80452,08019,0.9967497291440953
74445,40111,0.9967469095640858
75638,48343,0.9967396367023754
68792,31027,0.9967213114754099
55119,27123,0.9967152653719817
16327,42039,0.9967023907666942
33023,12011,0.9966994223989198
76249,48121,0.9966990965948576
40342,21005,0.9966955153422502
06359,09180,0.9966914805624483
79512,48335,0.9966862095335203
37659,47179,0.9966856611233864
37743,47059,0.9966794713197474
56237,27173,0.9966777408637874
67576,20185,0.9966694421315571
67575,20165,0.9966666666666667
14450,36055,0.9966661904081535
97814,41001,0.9966626936829559
51443,19027,0.9966592427616926
60523,17043,0.996658126322825
04084,23005,0.9966580976863754
50143,19123,0.9966555183946488
14530,36121,0.996636394214598
00773,72089,0.9966339410939692
31565,13039,0.9966307277628033
72703,05143,0.9966299523261548
07726,34025,0.9966295427901524
43556,39039,0.996629213483146
29620,45001,0.9966290678075975
62069,17117,0.9966273187183811
62920,17181,0.9966261808367072
67439,20053,0.9966235227912211
50103,19053,0.9966216216216216
65270,29175,0.9966188524590164
65324,29029,0.9966055668703326
40033,21155,0.9965986394557823
38641,28033,0.9965986394557823
99827,02100,0.9965986394557823
62366,17149,0.996594778660613
39474,28065,0.9965916837082481
72855,05083,0.9965708256396729
35079,01009,0.9965684295518773
97370,41003,0.9965669445806769
46142,18081,0.9965645415634152
80723,08087,0.9965635738831615
45101,39015,0.9965612104539202
80466,08013,0.9965553789083201
41653,21071,0.9965546942291128
48164,26163,0.996551724137931
50565,19021,0.9965397923875432
52576,19107,0.9965397923875432
64469,29063,0.9965397923875432
37857,47073,0.9965323264236726
57471,46045,0.9965277777777778
62649,17117,0.9965277777777778
80421,08093,0.9965260545905708
23607,51700,0.996523754345307
25671,54059,0.9965217391304347
16232,42031,0.9965208747514911
77316,48339,0.9965196638989708
38863,28115,0.9965177016831108
56185,27105,0.9965156794425087
61423,17187,0.9965034965034965
06279,09110,0.9965034965034965
19044,42091,0.9964959290940946
14481,36051,0.9964953271028038
04270,23017,0.9964891749561147
49323,26005,0.9964841788046208
08533,34029,0.9964822513591302
45653,39145,0.9964753272910373
19333,42029,0.9964730290456432
56010,27013,0.9964726631393298
59330,30021,0.9964678178963893
85653,04019,0.9964603297936632
07751,34025,0.9964597853744883
29038,45075,0.9964589235127479
40272,21111,0.9964567137342006
78102,48025,0.9964503504141258
38351,47077,0.9964495935718958
26525,54077,0.9964488636363636
87026,35061,0.9964454976303317
23845,51025,0.99644128113879
43450,39173,0.9964391691394658
95618,06113,0.9964343598055105
13033,36011,0.9964306960142773
78063,48019,0.9964225192995669
22460,51159,0.9964061096136568
66441,20061,0.9964039379826681
26815,54071,0.9964028776978417
72410,05075,0.9964028776978417
90630,06059,0.9964025415810129
05156,50027,0.9963987559338681
29936,45053,0.9963958060288336
12564,36027,0.9963954685890835
37380,47115,0.9963917525773196
80831,08041,0.9963869931754316
37752,47025,0.9963779052218533
36442,01039,0.9963768115942029
53507,55049,0.9963735267452403
63530,29121,0.9963702359346642
35906,01055,0.9963647858384701
00641,72141,0.9963646532438478
40070,21103,0.9963636363636363
63638,29179,0.9963614311704063
67749,20039,0.9963614311704063
71435,22021,0.9963592233009708
62932,17077,0.9963592233009708
78150,48029,0.9963570127504554
82729,56011,0.9963556851311953
51566,19137,0.9963539134662129
02054,25021,0.996352860724869
93641,06019,0.9963503649635036
71286,22035,0.9963503649635036
57523,46053,0.9963436928702011
44470,39155,0.9963325183374083
78727,48453,0.996330971659919
39834,13087,0.9963289280469897
97202,41051,0.9963289005431729
02770,25023,0.9963247577681257
59645,30059,0.996316758747698
46151,18109,0.9963153193389906
00791,72069,0.9963141097676091
81140,08021,0.9963133640552996
54451,55119,0.996312329645663
43567,39051,0.9963088280529068
93602,06019,0.9963031423290203
76252,48097,0.9962962962962963
35080,01117,0.9962946328317988
21236,24005,0.9962942114644902
44046,39055,0.9962917181705809
03855,33017,0.9962908011869436
41254,21115,0.9962825278810409
15126,42003,0.9962751427861932
53919,55039,0.9962721342031687
15129,42003,0.99626986701265
23487,51093,0.996268656716418
67877,20081,0.996268656716418
45342,39113,0.9962684710682124
52339,19171,0.9962669155389641
03103,33011,0.9962663666121113
55906,27109,0.9962650833173722
79720,48227,0.996264674493063
30093,13135,0.9962594023175442
06468,09120,0.9962568058076225
72405,05031,0.9962546816479401
87521,35055,0.9962546816479401
98011,53033,0.9962531467712663
40322,21165,0.9962506695232994
01247,25003,0.9962412907957462
14882,36109,0.9962370649106302
58047,38017,0.9962351578337677
67701,20193,0.9962349397590361
32948,12061,0.996230479267636
71433,22079,0.9962203023758099
20607,24033,0.9962199312714777
03254,33003,0.9962143273150844
48463,26049,0.9962067330488383
17224,42055,0.9962025316455696
78014,48283,0.9961990324809952
49010,26005,0.9961884595023822
42516,21045,0.9961832061068703
43113,39129,0.9961787413241832
23690,51199,0.9961783439490446
20904,24031,0.9961746632482806
24557,51143,0.9961740793878527
35603,01103,0.9961701154681605
04238,23017,0.9961685823754789
40385,21151,0.9961636828644501
73754,40047,0.9961612284069098
20707,24033,0.9961599840414921
50543,19187,0.9961587708066582
63857,29069,0.9961585951433667
23002,51007,0.9961575408261287
68532,31109,0.9961538461538462
02135,25025,0.9961529295611616
49879,26103,0.9961489088575096
67752,20063,0.9961439588688946
58324,38095,0.9961439588688946
66413,20139,0.996142719382835
06880,09190,0.9961395381483821
83445,16043,0.9961379310344828
11417,36081,0.996137291689659
60471,17031,0.996134198536518
71354,22029,0.9961340206185567
98237,53057,0.996122361051271
49719,26097,0.9961202715809894
56149,27081,0.9961190168175937
54174,55083,0.9961127308066083
61752,17113,0.9961028838659393
59001,30095,0.9960988296488946
55008,27059,0.9960880742148206
20198,51061,0.9960861056751468
58259,38063,0.996078431372549
28731,37089,0.9960688626813068
03261,33015,0.9960681520314548
54614,55063,0.9960681520314548
14735,36003,0.996066089693155
60416,17063,0.9960572732932144
07040,34013,0.9960542117001201
98816,53007,0.9960518894529047
41843,21119,0.9960474308300395
16693,42013,0.9960474308300395
67842,20057,0.9960474308300395
40299,21111,0.996045621045621
15834,42023,0.996044588277598
55126,27123,0.9960411718131433
30663,13211,0.996039603960396
30710,13313,0.9960373620152845
83423,16033,0.996031746031746
79235,48153,0.9960212201591512
68787,31179,0.9960136674259681
55746,27137,0.9960102593331434
73529,40137,0.9960072595281306
22207,51013,0.9960062125582427
57252,46051,0.996005326231691
14533,36051,0.996005326231691
26385,54033,0.996
54963,55139,0.9959925193694897
78584,48427,0.9959820594281442
48750,26069,0.9959812458137978
38553,47049,0.9959677419354839
62677,17167,0.9959612277867528
22520,51193,0.9959420289855072
82435,56029,0.9959407831900668
67054,20097,0.9959404600811907
41179,21135,0.9959395443266411
75058,48181,0.9959367945823928
07111,34013,0.9959363023655345
94134,06075,0.9959358604891746
25526,54079,0.9959292182437485
41311,21129,0.9959195569804722
28640,37009,0.9959183673469387
57006,46011,0.9959173093124231
31788,13071,0.9959157000490116
51014,19035,0.9959016393442623
57601,46129,0.9958965941731637
18031,42077,0.9958932238193019
68128,31153,0.995890813031993
21769,24021,0.9958864664747018
61850,17183,0.9958847736625515
13036,36075,0.9958803122289679
24970,54025,0.9958694754233788
61264,17161,0.99586890663729
62930,17165,0.9958624256529609
54759,55091,0.9958592132505176
94550,06001,0.9958575373773926
63848,29143,0.9958563535911602
55432,27003,0.9958560265214302
45813,39125,0.9958555358200119
40440,21021,0.9958540630182421
30605,13059,0.9958524930123523
80135,08035,0.995847750865052
53098,55027,0.9958438742320203
42210,21061,0.9958263772954925
03290,33015,0.9958217270194986
48871,26057,0.9958202716823407
64738,29185,0.9958100558659218
35651,01079,0.9958100558659218
77861,48185,0.9958083832335329
13069,36075,0.9958059666059983
06492,09170,0.9958014324524574
25504,54011,0.9957987396218866
97225,41067,0.9957896143821426
95901,06115,0.995781035755722
67009,20077,0.9957805907172996
53502,55045,0.9957805907172996
32131,12107,0.9957761351636748
37820,47089,0.9957716701902748
72021,05095,0.9957657021877205
53572,55025,0.9957651588065447
76837,48095,0.9957627118644068
43442,39143,0.9957627118644068
54227,55071,0.9957627118644068
94503,06055,0.9957621677154231
82301,56007,0.9957618955885186
29730,45091,0.995761269762693
59520,30015,0.9957356076759062
47037,18137,0.9957345971563981
55363,27171,0.9957325746799431
43302,39101,0.9957281112959323
52738,19115,0.9957238851557727
79065,48179,0.9957213760054766
67867,20069,0.9957203994293866
77979,48057,0.9957194599934146
15021,42125,0.9957173447537473
45325,39113,0.9957081545064378
55051,27065,0.9956796277833168
29646,45047,0.9956754530477759
71101,22017,0.9956734124214933
65771,29213,0.9956709956709957
73658,40043,0.9956709956709957
55020,27139,0.9956602603843769
61088,17201,0.9956573233320174
10803,36119,0.9956550802139037
62853,17121,0.9956521739130435
68879,31115,0.9956521739130435
66404,20131,0.9956521739130435
17060,42061,0.9956427015250545
71429,22085,0.9956416464891041
62060,17119,0.9956413449564134
51023,19167,0.9956212370005474
47638,18129,0.9956195244055068
67520,20165,0.9956140350877193
65355,29015,0.9956129661223495
80118,08035,0.995609220636663
87821,35003,0.9956043956043956
40962,21051,0.9955994418804336
62907,17077,0.9955985915492958
24201,51520,0.9955960245194311
05046,50005,0.9955947136563876
83352,16063,0.9955947136563876
34240,12115,0.9955944195981576
57241,46057,0.9955849889624724
66610,20177,0.9955839057899902
36460,01099,0.9955833079500457
70764,22047,0.9955790381712314
60950,17091,0.9955787146691931
53048,55027,0.9955776672194583
60135,17037,0.9955739972337483
72638,05015,0.9955715471907003
30635,13105,0.9955685257241678
22514,51033,0.9955673758865248
71935,05097,0.9955654101995566
21228,24005,0.9955623755806238
43067,39159,0.9955621301775148
38646,28119,0.9955599407992106
79027,48069,0.9955535793686082
43056,39089,0.9955516014234875
76449,48363,0.9955428207577205
74028,40037,0.9955423476968797
39149,28127,0.9955406911928651
69133,31105,0.9955357142857143
70431,22103,0.9955357142857143
01503,25027,0.99553208773355
39341,28103,0.9955307262569832
46171,18133,0.9955307262569832
33540,12101,0.9955294418188785
62640,17117,0.9955223880597015
18426,42103,0.9955169515270383
76379,48009,0.9955156950672646
56065,27013,0.9955123410620793
65026,29131,0.9955053293951458
45030,39061,0.9955003599712023
97886,41059,0.9954954954954955
02445,25021,0.9954908081859174
08824,34023,0.9954887218045113
67665,20167,0.9954887218045113
73572,40033,0.9954881050041017
05663,50023,0.9954802259887006
75146,48113,0.9954801217599852
81054,08011,0.9954792043399638
25214,54039,0.995475113122172
04358,23011,0.9954728370221329
27325,37125,0.9954654574553214
04921,23027,0.9954648526077098
43521,39051,0.9954614220877458
44203,39153,0.995460910715148
28771,37075,0.9954536469658035
38305,47113,0.9954523858005837
00745,72119,0.9954491389564049
74061,40147,0.9954462659380692
14737,36009,0.9954432477216238
47348,18009,0.9954361944883272
46110,18145,0.9954337899543378
14173,36009,0.9954337899543378
30019,13135,0.995433372910768
92313,06071,0.995427078229626
50421,19197,0.9954233409610984
07110,34013,0.9954084429824561
40509,21067,0.9954072508535198
45369,39023,0.9954007884362681
61530,17203,0.9954004329004329
61008,17007,0.9953952417498081
53901,55021,0.9953928526958038
67228,20173,0.9953757225433526
47404,18105,0.9953717265217646
92320,06065,0.9953711093375898
24649,51167,0.9953617810760668
53515,55025,0.9953524399690162
26217,54101,0.9953488372093023
26320,54095,0.9953488372093023
95912,06011,0.9953452288595811
46793,18033,0.9953423381462506
75455,48449,0.9953416149068323
74008,40143,0.9953408397581675
26257,54083,0.9953379953379954
26354,54091,0.9953371592539455
37037,47149,0.9953322960657924
33825,12055,0.9953314659197012
56035,27047,0.9953271028037384
57220,46011,0.9953271028037384
38915,28013,0.9953125
75156,48213,0.995299442896936
47115,18061,0.99528672427337
22551,51177,0.9952830188679245
61460,17071,0.9952830188679245
72057,05053,0.9952755905511811
35903,01055,0.995275028973879
36904,01023,0.995274445656125
00660,72067,0.9952700039416634
81201,08015,0.9952689243027888
76945,48081,0.9952662721893492
11758,36059,0.995255988727102
76634,48035,0.9952527889864704
81062,08025,0.9952380952380953
45314,39057,0.9952283571915473
45885,39011,0.995227442207308
97222,41005,0.9951983826130907
26287,54093,0.9951974386339381
29410,45015,0.9951963241436925
44090,39093,0.9951931965243114
40840,21131,0.9951923076923077
50566,19187,0.9951923076923077
45832,39161,0.9951923076923077
68820,31093,0.9951923076923077
56235,27149,0.9951923076923077
43081,39049,0.9951899676468062
27502,37183,0.99518102581294
72135,05119,0.9951790633608816
57075,46079,0.9951749095295537
28622,37011,0.9951724137931034
50858,19001,0.9951690821256038
66552,20085,0.9951690821256038
28580,37079,0.995165489029379
77031,48201,0.9951603982300885
72576,05049,0.995159728944821
55381,27085,0.9951573849878934
48858,26073,0.9951538647928277
49712,26029,0.9951480675924377
83327,16025,0.9951456310679612
60935,17091,0.9951377633711507
56350,27001,0.9951338199513382
26337,54085,0.9951298701298701
44321,39153,0.9951289057859095
85248,04013,0.9951238127544098
29631,45077,0.9951138256524154
48236,26163,0.9951092054133727
61354,17099,0.9951038575667656
41425,21175,0.9950980392156863
92397,06071,0.9950980392156863
55982,27099,0.9950980392156863
13460,36017,0.9950932286555446
19525,42091,0.9950844854070661
35082,01121,0.9950738916256158
75044,48113,0.9950694966190834
22204,51013,0.9950653921805446
66618,20177,0.995053003533569
63531,29103,0.995049504950495
27231,37135,0.995049504950495
47223,18079,0.995049504950495
62862,17193,0.995049504950495
40361,21017,0.9950349579491337
62294,17119,0.9950339147286822
38944,28083,0.9950248756218906
66869,20017,0.9950248756218906
28705,37121,0.9950248756218906
71063,22031,0.9950248756218906
60921,17105,0.9950124688279302
78660,48453,0.9950110367352799
54701,55035,0.9950078822911192
66428,20131,0.995
45889,39063,0.994991652754591
51551,19129,0.9949899799599199
72045,05145,0.9949874686716792
38721,28125,0.9949748743718593
31639,13019,0.9949740325012565
45692,39079,0.994964330675619
00766,72149,0.9949625595643294
73646,40043,0.9949622166246851
31015,13081,0.9949573312645461
60424,17063,0.9949537426408747
79261,48191,0.9949494949494949
61074,17015,0.9949477938699899
28227,37119,0.9949409184178872
83833,16055,0.9949348769898697
66533,20177,0.9949302915082383
23829,51175,0.9949152542372881
57362,46059,0.9949090909090909
80224,08031,0.9949086794892517
14546,36055,0.9949022939677146
77371,48407,0.9949016751638747
44273,39103,0.9948979591836735
33936,12071,0.9948766453850398
97064,41009,0.9948744233726294
98422,53053,0.9948729634271392
30040,13117,0.9948720761236186
67341,20099,0.9948717948717949
55005,27003,0.9948691636736788
30531,13137,0.9948661532819949
81101,08003,0.9948643410852713
11363,36081,0.9948593891744784
59826,30063,0.9948453608247423
61418,17071,0.9948453608247423
83442,16051,0.9948277645598428
39574,28047,0.9948206164729662
51234,19167,0.9948186528497409
87020,35006,0.9948103078024337
21804,24045,0.9948102497567305
24986,54025,0.9948060941828255
04955,23007,0.9948051948051948
66801,20111,0.9947994500567876
33598,12057,0.9947991728805063
15853,42047,0.9947903745968742
19083,42045,0.9947883963330403
83335,16053,0.9947848761408083
42104,21227,0.9947848125944339
68405,31159,0.9947746570868713
02767,25005,0.9947651386530844
62481,17079,0.9947643979057592
57269,46051,0.9947643979057592
62091,17135,0.9947643979057592
72086,05085,0.9947625698324022
68850,31047,0.9947524925660312
94551,06001,0.9947501261988895
54230,55071,0.9947418738049714
33547,12057,0.99473398900333
26757,54027,0.9947222222222222
50069,19049,0.9947089947089947
72396,05037,0.9946989261927416
52773,19163,0.9946969696969697
75248,48113,0.9946920945089013
72450,05055,0.994691561413143
79108,48375,0.9946889226100152
12009,36001,0.9946865037194474
18610,42089,0.9946782776971457
44060,39085,0.9946748878923767
33917,12071,0.9946738845717279
13642,36089,0.9946710391473662
55944,27039,0.9946709299227284
61438,17109,0.9946666666666667
30161,13115,0.9946518816544822
49457,26121,0.994651306315573
95391,06077,0.9946476360392507
61413,17073,0.9946428571428572
52637,19057,0.9946360153256705
56324,27111,0.9946332737030411
57732,46081,0.9946323134728932
45318,39109,0.9946319018404908
18201,42079,0.9946236559139785
50214,19125,0.9946236559139785
14884,36003,0.9946236559139785
54141,55083,0.994619523443505
49083,26077,0.994610907523173
40115,21027,0.9946091644204852
67745,20153,0.9945945945945946
70526,22001,0.9945940727869486
04239,23007,0.9945904173106646
66109,20209,0.9945862335653519
61854,17147,0.994579945799458
46071,18011,0.9945684972842487
29477,45035,0.9945613620241192
58784,38061,0.9945596735804149
53029,55133,0.9945583167059677
43730,39127,0.9945553539019963
11724,36103,0.9945454545454545
22567,51137,0.994535519125683
95568,06093,0.994535519125683
32321,12077,0.9945295404814004
59011,30097,0.9945222154595252
61951,17139,0.9945212005717008
27707,37063,0.994520748100526
74354,40115,0.9945128895330779
64118,29047,0.9945094836192032
48470,26063,0.9945054945054945
05772,50027,0.9945054945054945
56736,27119,0.9945054945054945
54646,55057,0.9944998281196288
06451,09170,0.9944890185590405
44240,39133,0.9944834719648321
57058,46087,0.994475138121547
61333,17105,0.994475138121547
61454,17071,0.9944649446494465
41171,21063,0.9944640161046804
46814,18003,0.9944507683551508
49853,26095,0.9944506104328524
68759,31149,0.9944444444444445
68323,31133,0.9944444444444445
42029,21157,0.9944363103953148
54652,55123,0.9944341372912802
14843,36101,0.9944303184404891
16420,42123,0.994413407821229
20758,24003,0.994413407821229
64037,29107,0.9943985849056604
46012,18095,0.9943927010074131
43840,39157,0.994392523364486
13783,36025,0.9943791517629024
15550,42009,0.9943693693693694
75067,48121,0.9943686311900364
55317,27019,0.994361770958499
43062,39089,0.9943609022556391
73552,40031,0.9943582510578279
47944,18007,0.9943560800410467
43078,39021,0.9943534726143421
74403,40101,0.9943502824858758
72026,05001,0.9943502824858758
50122,19083,0.9943502824858758
82835,56033,0.9943502824858758
61073,17201,0.9943392543431583
71822,05081,0.9943337241109809
77836,48051,0.994325621999127
67550,20145,0.9943253467843631
63656,29093,0.9943181818181818
18657,42131,0.9943118756936737
50459,19195,0.9943084803642572
60936,17053,0.9943052391799544
63343,29113,0.994303076338777
72761,05007,0.9942976034522617
77327,48291,0.9942935772390626
66539,20177,0.994281045751634
36480,01099,0.9942748091603053
72834,05149,0.9942629482071713
97133,41067,0.9942592183705012
59523,30005,0.9942583732057416
18091,42095,0.9942528735632183
80834,08063,0.9942528735632183
72682,05089,0.9942528735632183
08085,34015,0.9942517537022604
53538,55055,0.99424505597991
46988,18017,0.9942363112391931
59349,30079,0.9942307692307693
67861,20203,0.9942196531791907
22743,51113,0.9942196531791907
54545,55125,0.9942084942084942
68862,31175,0.9942074776197999
76549,48027,0.9941986414540114
75087,48397,0.9941964285714285
91304,06037,0.9941911549350776
37604,47179,0.9941876667064772
73061,40103,0.9941775836972343
31553,13025,0.9941760877012675
46563,18099,0.9941708851050775
78947,48287,0.9941690962099126
60553,17103,0.9941690962099126
42066,21083,0.9941667980450891
97843,41049,0.9941634241245136
63960,29207,0.9941622883829538
76481,48503,0.9941520467836257
06023,09110,0.9941520467836257
24328,51035,0.994148244473342
68462,31109,0.9941434846266471
45309,39113,0.9941377625793845
54868,55005,0.9941348973607038
80045,08001,0.994131455399061
22655,51069,0.994128064125268
02347,25023,0.9941262848751835
50470,19197,0.9941176470588236
67862,20187,0.9941176470588236
06062,09110,0.9941115992148799
50028,19099,0.9941107184923439
67232,20173,0.9940828402366864
46131,18081,0.9940801965821512
25286,54087,0.9940758293838863
68454,31131,0.9940652818991098
61738,17203,0.9940612151667428
63451,29205,0.9940476190476191
61478,17187,0.9940476190476191
58496,38093,0.9940476190476191
02148,25017,0.9940334497789594
46928,18053,0.9940334128878282
50076,19009,0.994026284348865
74562,40127,0.9940239043824701
63630,29221,0.9940167530913442
68714,31149,0.9940047961630696
61353,17103,0.9940029985007496
71752,05027,0.994
57559,46075,0.993993993993994
46039,18023,0.993993993993994
53095,55131,0.9939922848289382
60178,17037,0.9939840101321935
17233,42057,0.9939799331103679
60126,17043,0.9939761628157137
47846,18021,0.9939759036144579
73543,40031,0.9939759036144579
68004,31039,0.9939759036144579
26203,54101,0.9939759036144579
30317,13089,0.993943629163755
31532,13161,0.9939393939393939
46172,18133,0.9939393939393939
70586,22039,0.9939393939393939
39842,13273,0.9939317848922369
64402,29075,0.9939312204989885
92536,06065,0.9939252336448599
79252,48197,0.9939252336448599
26416,54001,0.9939249867934495
26624,54007,0.9939226519337017
15501,42111,0.9939175257731959
85139,04021,0.9939112786314874
73655,40075,0.9939098660170523
06422,09130,0.9939077458659704
03257,33013,0.993907083015994
05489,50007,0.993907083015994
52227,19113,0.9939024390243902
61839,17147,0.9939024390243902
00693,72145,0.9938989513822688
17255,42061,0.9938900203665988
28713,37173,0.9938837920489296
37185,47085,0.9938826916156891
13464,36017,0.9938775510204082
48747,26017,0.9938744257274119
54615,55053,0.9938693291294447
37658,47019,0.9938686131386861
40171,21027,0.9938650306748467
42330,21177,0.9938650306748467
78877,48323,0.9938650306748467
72756,05007,0.9938603906215242
54729,55017,0.9938570461762716
06256,09180,0.9938524590163934
06479,09110,0.9938450398262129
54984,55137,0.9938325991189427
80430,08057,0.9938271604938271
14125,36037,0.993823347745522
91311,06037,0.9938189619942787
55040,27059,0.9938099659548127
61723,17107,0.9938032532920217
66402,20177,0.9938032532920217
49327,26123,0.9937952430196484
46733,18001,0.9937946992006731
54986,55139,0.9937888198757764
89408,32019,0.9937851435335898
43125,39049,0.9937845303867403
14036,36037,0.9937750111160516
71601,05069,0.9937741722479011
95988,06021,0.9937730627306273
44333,39153,0.9937700585236926
43074,39041,0.9937639198218263
22304,51510,0.9937609348694418
63536,29197,0.99375
57543,46071,0.99375
44281,39103,0.9937444711234678
57442,46107,0.9937353171495693
68436,31059,0.9937304075235109
29824,45037,0.9937264742785445
61087,17085,0.9937238493723849
56227,27011,0.9937106918238994
97034,41005,0.9937006476798864
80126,08035,0.9936978467643112
61320,17011,0.9936908517350158
57717,46019,0.9936799184505607
67355,20019,0.9936708860759493
66945,20201,0.9936708860759493
47260,18071,0.993660855784469
38551,47027,0.9936603269936604
45873,39125,0.9936536718041704
16239,42053,0.9936373276776246
73011,40051,0.9936305732484076
63565,29171,0.9936283185840707
83638,16085,0.9936278674596432
62002,17119,0.9936188165805295
45338,39135,0.9936170212765958
02150,25025,0.9936087222143898
66523,20139,0.993607305936073
29650,45045,0.993603626290607
61523,17143,0.9936005389019872
12120,36001,0.9935897435897436
36301,01069,0.9935864101230716
23083,51007,0.9935838680109991
23139,51145,0.9935797056060132
24175,51023,0.9935794542536116
40336,21065,0.9935774801858431
12839,36115,0.9935705100728676
60517,17043,0.9935624784457984
56243,27093,0.9935400516795866
74053,40131,0.9935394554683895
07934,34035,0.9935275080906149
50662,19065,0.9935233160621761
68666,31143,0.9935205183585313
56187,27105,0.9935205183585313
56347,27153,0.993517017828201
31719,13261,0.9935064935064936
65064,29131,0.9935064935064936
78332,48249,0.9934962835906233
37920,47093,0.9934933647024226
74344,40041,0.9934825486664951
30824,13189,0.9934813607659401
18914,42017,0.993477803492531
30450,13031,0.9934735315445975
66843,20017,0.9934640522875817
81223,08043,0.9934442763489663
68818,31081,0.9934340118187788
41364,21189,0.993421052631579
57217,46025,0.9933774834437086
65754,29043,0.9933774834437086
15038,42125,0.9933774834437086
67420,20123,0.993375046006625
76825,48307,0.9933668801463861
66217,20091,0.9933510638297872
35243,01073,0.9933432476453509
75765,48499,0.993342929111191
15241,42003,0.9933403101512701
73401,40019,0.9933355082257538
93254,06083,0.9933333333333333
65667,29229,0.9933333333333333
66717,20205,0.9933184855233853
28304,37051,0.9933137329286799
28435,37141,0.9933110367892977
28655,37023,0.9933093994778068
67644,20147,0.9932885906040269
55733,27017,0.9932789246279404
25608,54059,0.9932659932659933
63020,29099,0.9932650073206443
83448,16065,0.9932569116655429
43160,39047,0.9932533076316481
71038,22027,0.9932486100079428
46947,18017,0.9932455717141084
60033,17111,0.9932411674347158
13691,36045,0.9932349323493235
37073,47147,0.9932283232739585
37086,47149,0.993220546020888
42553,21199,0.9932203389830508
58640,38025,0.9932203389830508
50236,19169,0.9932157394843962
39851,13061,0.9932065217391305
68357,31067,0.9931972789115646
10470,36005,0.9931947988820027
26160,54105,0.9931880108991825
73095,40087,0.9931787175989086
67740,20179,0.9931412894375857
49065,26159,0.9931393423231606
52255,19031,0.993127147766323
61028,17085,0.9931192660550459
52333,19103,0.9931148443954834
41367,21193,0.993103448275862
03226,33001,0.9931000492853622
53126,55101,0.9930969563853154
13862,36007,0.9930924548352816
17063,42087,0.9930875576036866
78132,48091,0.9930811248229819
47403,18105,0.9930808080808081
60090,17031,0.9930709403723781
10940,36071,0.993058406419108
67459,20053,0.9930555555555556
26133,54107,0.9930555555555556
19118,42101,0.9930544338555969
75119,48139,0.9930457179652286
45895,39011,0.9930258717660293
77575,48291,0.9930183268919087
50111,19153,0.9930109029913335
63877,29155,0.9930104842735896
76637,48035,0.993006993006993
52641,19087,0.9929942126104173
48879,26037,0.992992533026996
65590,29059,0.9929906542056075
55032,27025,0.992989165073295
38549,47137,0.9929849175727815
23878,51175,0.9929824561403509
35541,01133,0.9929750614682121
53571,55025,0.9929577464788732
78676,48209,0.9929559316209947
28625,37097,0.9929533876112936
00692,72143,0.9929518757104964
78071,48297,0.9929506545820745
30350,13121,0.992950133947455
98651,53059,0.9929411764705882
02702,25005,0.9929328621908127
93013,06083,0.9929272187999088
95692,06115,0.9929266136162688
67062,20079,0.9929221435793731
65733,29213,0.9929203539823008
30680,13013,0.9929089190040971
61089,17177,0.9929078014184397
04927,23011,0.9929032258064516
44236,39153,0.992902329887363
48891,26117,0.9928977272727273
38654,28033,0.9928898662268646
54501,55085,0.9928882438316401
75472,48379,0.9928432010409889
46755,18113,0.9928427925665495
76043,48425,0.9928325688073395
63775,29157,0.9928248151010045
50675,19171,0.992822966507177
58559,38055,0.9928057553956835
54463,55085,0.9928057553956835
59064,30111,0.9928057553956835
78223,48029,0.9927970357031548
80220,08031,0.9927740571025732
13360,36041,0.9927710843373494
78152,48029,0.9927698828222389
51247,19167,0.9927646610814927
31068,13193,0.9927594529364441
30439,13043,0.9927563858177659
46135,18133,0.9927543953116675
50544,19187,0.9927536231884058
60918,17075,0.9927536231884058
39735,28019,0.9927288280581694
74601,40071,0.9927269540834209
80230,08031,0.9927266849846452
28673,37035,0.9927248677248677
67416,20169,0.9927140255009107
79355,48501,0.9927007299270073
70638,22003,0.9927007299270073
55796,27137,0.9927007299270073
46743,18003,0.9926931106471816
72538,05049,0.9926739926739927
33471,12043,0.9926502377864246
65340,29195,0.992625
13367,36049,0.9926191008722881
14534,36055,0.9926105236335839
06482,09190,0.9926038308363361
38242,47079,0.9926019868949482
79083,48233,0.992600422832981
79938,48141,0.9926001601457879
62885,17051,0.9925925925925926
36030,01013,0.9925925925925926
68325,31169,0.9925925925925926
46017,18095,0.9925903056498919
71052,22031,0.9925823701914783
55397,27019,0.9925816023738873
64456,29227,0.9925803792250618
67855,20187,0.9925788497217068
46745,18003,0.9925650557620818
23432,51800,0.9925595238095238
49616,26019,0.992553983618764
61071,17195,0.9925527513446422
49009,26077,0.9925524987790981
25557,54043,0.9925465838509316
27021,37169,0.9925423728813559
50616,19067,0.9925373134328358
68055,31173,0.9925373134328358
68858,31019,0.9925373134328358
42220,21219,0.992526158445441
78064,48013,0.9925235559197051
37035,47021,0.9925187032418953
39170,28049,0.992517006802721
21085,24025,0.992507204610951
80817,08041,0.9924957118353345
81036,08061,0.9924953095684803
53559,55025,0.9924865831842576
56025,27043,0.9924812030075187
61042,17103,0.9924812030075187
67131,20035,0.9924812030075187
23887,51025,0.9924812030075187
11416,36081,0.9924751841178354
24134,51071,0.9924694069657986
13104,36067,0.9924626220190288
12997,36031,0.9924471299093656
18472,42127,0.9924410849266341
37756,47151,0.9924330616996507
12972,36019,0.9924297043979813
28645,37027,0.9924149313481054
46818,18003,0.9924119640489171
40324,21209,0.9924102786511981
81226,08043,0.9924087591240875
46730,18033,0.9924012158054711
00738,72053,0.9923968931189148
12533,36027,0.9923702523685755
38663,28139,0.9923565041822902
63068,29071,0.9923329682365827
02458,25017,0.9923281203894955
50449,19081,0.9923273657289002
37033,47081,0.9923126201153107
63133,29189,0.9923076923076923
27030,37171,0.9922965611167859
48428,26087,0.9922937443336355
30016,13217,0.9922889448240042
83402,16019,0.9922882274972888
26169,54107,0.9922879177377892
46041,18023,0.9922865958176208
73160,40027,0.9922815142265726
38901,28043,0.9922763169313547
30646,13195,0.9922707889125799
76365,48077,0.9922655494682565
32180,12127,0.9922600619195047
65647,29009,0.9922480620155039
56546,27027,0.9922480620155039
65656,29209,0.992244183137353
53090,55131,0.992242800349074
61064,17141,0.9922367782629792
51503,19155,0.9922351933169112
48417,26145,0.9922239502332815
50251,19099,0.9922239502332815
18932,42017,0.9922178988326849
78055,48019,0.9922077922077922
30124,13115,0.9922027290448343
43504,39095,0.9921875
34142,12021,0.9921845455691416
38379,47109,0.9921773142112125
52756,19163,0.9921722113502935
15865,42065,0.9921671018276762
75966,48351,0.992165465371357
68527,31109,0.9921630094043887
45326,39109,0.9921568627450981
67951,20189,0.9921487603305785
30525,13241,0.9921475312314099
56285,27129,0.9921465968586387
44875,39139,0.9921454545454546
98848,53025,0.9921446568845412
13775,36025,0.9921348314606742
29010,45061,0.9921177870315289
47528,18083,0.9921052631578947
29649,45047,0.9920955458112163
54027,55109,0.9920948616600791
97459,41011,0.992091388400703
05161,50027,0.9920844327176781
57345,46069,0.9920792079207921
53949,55077,0.992077246843278
22503,51103,0.9920634920634921
56543,27167,0.9920634920634921
58015,38077,0.9920634920634921
55118,27037,0.9920577179580453
32043,12019,0.9920550847457628
31824,13307,0.9920544835414302
57315,46009,0.9920477137176938
61490,17073,0.9920382165605095
46501,18099,0.9920279023418037
99122,53043,0.9920255183413078
54106,55087,0.9920199501246882
68943,31129,0.992
63447,29111,0.992
58581,38051,0.992
71016,22013,0.992
71467,22043,0.9919972164231037
40484,21137,0.9919963757173059
67432,20027,0.9919928825622776
27869,37131,0.9919908466819222
16679,42009,0.9919786096256684
49544,26081,0.9919746173945502
43431,39143,0.9919678714859438
00647,72055,0.9919667590027701
47527,18037,0.9919597989949749
37335,47103,0.9919571045576407
40348,21017,0.9919571045576407
71353,22097,0.9919571045576407
80019,08001,0.9919450680047537
82636,56025,0.9919375157470396
81076,08025,0.9919354838709677
59542,30005,0.9919354838709677
71368,22025,0.9919224555735057
47978,18073,0.9919174548581255
19312,42029,0.9919170620277631
92373,06071,0.991895476202171
30802,13073,0.9918954248366013
88130,35041,0.9918916035420889
11421,36081,0.9918877039467687
80861,08063,0.991869918699187
67639,20147,0.991869918699187
37190,47015,0.9918653045781309
77545,48157,0.9918608636052091
62563,17167,0.9918548685671973
74421,40111,0.9918454935622317
55974,27055,0.9918099918099919
45371,39109,0.9918083944453113
11020,36059,0.9918072289156626
46766,18179,0.9918032786885246
30701,13129,0.9917987211565193
44805,39005,0.9917934002869441
68418,31131,0.9917763157894737
67147,20173,0.9917670682730924
14062,36013,0.9917669411019633
65322,29053,0.9917582417582418
30677,13219,0.9917474902160966
18629,42131,0.9917440660474717
76048,48221,0.9917432545338379
62854,17121,0.9917355371900827
17020,42099,0.9917355371900827
44041,39007,0.9917305848513902
15772,42063,0.9917218543046358
51235,19119,0.991701244813278
67646,20147,0.9916897506925207
97304,41053,0.9916890735761428
56003,27103,0.9916698220371072
68338,31095,0.9916666666666667
43217,39049,0.9916666666666667
71468,22069,0.9916666666666667
27235,37081,0.9916626965221534
54821,55007,0.9916413373860182
08558,34035,0.9916411256617442
08848,34019,0.9916378316032295
87068,35061,0.991635687732342
54020,55095,0.9916349809885932
25506,54043,0.9916317991631799
43605,39095,0.9916306318872925
03753,33019,0.9916201117318436
66736,20205,0.9916094584286804
55128,27163,0.991607658012064
64455,29147,0.9915966386554622
65265,29007,0.991594703511802
69153,31101,0.9915855903234289
42207,21061,0.9915824915824916
79088,48437,0.991572004397215
38401,47119,0.991569477738573
47879,18153,0.9915662650602409
61401,17095,0.9915634062747166
62892,17121,0.9915611814345991
66761,20207,0.9915611814345991
30527,13139,0.9915597569209993
37745,47059,0.9915554804931599
37160,47003,0.9915527816636178
92399,06071,0.991551091981508
72173,05045,0.991544191664989
88426,35037,0.9915254237288136
30512,13291,0.9915177219024538
24360,51197,0.9915139171758316
51466,19161,0.9915110356536503
48111,26163,0.9915104503339798
65281,29041,0.9915014164305949
12981,36019,0.9914965986394558
47446,18093,0.9914878524561093
45304,39037,0.9914831130690162
72653,05005,0.9914766785191382
07026,34003,0.9914688181998546
98329,53053,0.9914618908788005
68766,31089,0.9914529914529915
50567,19161,0.9914529914529915
17963,42107,0.9914511179307322
28739,37089,0.9914493066034347
55955,27039,0.9914383561643836
64035,29177,0.9914346895074947
72512,05065,0.9914320685434517
05061,50017,0.9914285714285714
57328,46043,0.9914236706689536
31791,13321,0.9913931436907367
64683,29079,0.9913860610806577
93454,06083,0.9913828719825296
37082,47021,0.9913674033149171
24868,54047,0.9913606911447084
99166,53019,0.9913606911447084
04363,23011,0.9913544668587896
59486,30073,0.9913494809688581
32776,12069,0.9913432002234013
19153,42101,0.9913426488456865
51638,19145,0.9913419913419913
16125,42085,0.991341516878562
45659,39087,0.9913294797687862
59433,30099,0.9913294797687862
27886,37065,0.9913287836210357
89705,32005,0.9913147648996705
14098,36073,0.991304347826087
30567,13157,0.991304347826087
85645,04019,0.9912917271407837
97448,41039,0.9912839859503058
15926,42111,0.9912790697674418
36080,01051,0.9912739965095986
37049,47147,0.9912616056799564
24526,51019,0.99125
44233,39103,0.9912323429128105
47353,18161,0.9912280701754386
57264,46051,0.9912280701754386
58033,38073,0.9912280701754386
69020,31145,0.9912280701754386
80012,08005,0.9912087103656294
38804,28081,0.9911935704514364
36027,01005,0.9911921708185053
03748,33009,0.9911843618244538
56081,27165,0.9911811023622047
18237,42107,0.9911807937285644
15757,42033,0.9911699779249448
24593,51011,0.9911678115799804
36420,01039,0.9911676990135352
37398,47051,0.9911668991166899
67138,20007,0.9911504424778761
81434,08051,0.9911504424778761
46952,18053,0.9911151268729764
52322,19103,0.9911147011308562
35983,01019,0.9911075181891673
06250,09110,0.9910913140311804
35954,01055,0.9910714285714286
35959,01019,0.9910639486177045
28781,37113,0.9910625620655412
38255,47183,0.9910569105691057
61748,17113,0.9910554561717353
06013,09160,0.9910531697341514
78634,48491,0.9910522408471066
12157,36095,0.991044776119403
51440,19027,0.9910313901345291
46106,18081,0.9910205869469996
62349,17001,0.9910179640718563
47246,18005,0.9910031488978858
37772,47105,0.9910003912873353
24522,51011,0.991
21562,24001,0.9909960607765897
97530,41029,0.9909930195901824
52237,19055,0.990990990990991
06614,09120,0.9909798026014772
52338,19103,0.990979381443299
45005,39165,0.990966796875
44840,39005,0.9909638554216867
60185,17043,0.990962730599746
31796,13321,0.9909604519774011
19373,42045,0.9909502262443439
49237,26075,0.9909407665505227
56219,27155,0.9909297052154195
27846,37117,0.9909267660401815
49339,26117,0.9909159727479182
73096,40039,0.9909149209063702
66930,20157,0.990909090909091
27252,37037,0.990909090909091
17815,42037,0.9908954584404456
58267,38035,0.9908952959028832
59019,30095,0.9908944831280129
44481,39155,0.9908867858394672
62625,17167,0.9908675799086758
52172,19005,0.9908637873754153
76475,48363,0.9908592321755028
36801,01081,0.9908549783549784
57375,46003,0.9908536585365854
38348,47017,0.9908424908424909
63334,29163,0.990837048043586
62017,17135,0.9908256880733946
05871,50005,0.9908256880733946
97526,41033,0.9908207867897038
75604,48183,0.9908078163998295
61068,17141,0.9907983761840324
30453,13267,0.9907952871870398
47386,18065,0.990791896869245
65779,29085,0.9907904834996163
30217,13149,0.9907843137254903
42025,21157,0.9907735982966643
66949,20089,0.9907692307692307
31035,13303,0.9907692307692307
48158,26161,0.9907692307692307
72601,05009,0.9907659787506258
34119,12021,0.9907610889357312
56142,27081,0.9907550077041603
63845,29133,0.9907529722589168
69001,31145,0.9907522674728793
00794,72019,0.9907459338194055
44040,39035,0.99074502545118
56127,27091,0.9907407407407407
79014,48211,0.9907243816254417
39423,28111,0.9906904577191621
80239,08031,0.9906851467369957
56684,27119,0.9906542056074766
00612,72013,0.9906531656837655
30817,13181,0.9906337186129932
31069,13153,0.9906284100391552
22042,51059,0.9906197654941373
54017,55109,0.9906112664802237
68855,31041,0.9906103286384976
72112,05067,0.9906064601186553
54002,55109,0.990604447228312
28562,37049,0.9905927782113955
54139,55083,0.9905897114178168
56760,27089,0.9905660377358491
31041,13193,0.9905660377358491
08314,34011,0.9905660377358491
01070,25015,0.9905660377358491
59339,30021,0.9905660377358491
17090,42099,0.9905544147843942
46001,18095,0.9905357444651005
13454,36043,0.990521327014218
04072,23031,0.9905027511871561
36268,01121,0.9905016325319086
50853,19029,0.9904988123515439
25276,54087,0.9904926534140017
76865,48399,0.9904761904761905
40241,21111,0.9904745104956783
76857,48049,0.9904705181655747
55327,27053,0.9904573872984535
28743,37115,0.990443686006826
53007,55133,0.990436341900777
40444,21079,0.9904318936877077
37686,47163,0.9904306220095693
79713,48115,0.9904306220095693
30252,13151,0.9904201177527193
52310,19105,0.9904153354632588
45836,39065,0.9904109589041096
30337,13121,0.9903917220990391
60050,17111,0.9903881250760433
56085,27015,0.9903846153846154
39095,28051,0.9903821817261452
48444,26087,0.9903805044890979
39041,28049,0.9903788334335538
28312,37051,0.990377824858757
12804,36113,0.9903752357416922
35754,01103,0.990357698289269
45894,39161,0.9903536977491961
63474,29045,0.9903536977491961
03220,33001,0.9903469866944952
55368,27019,0.9903381642512077
59032,30027,0.9903381642512077
04961,23025,0.9903381642512077
45841,39063,0.9903381642512077
39166,28053,0.9903381642512077
17870,42109,0.990334679746105
05476,50011,0.9903323262839879
65732,29085,0.9903314917127072
01451,25027,0.9903147699757869
27055,37197,0.9902962206332993
93212,06031,0.9902875642734718
93555,06029,0.9902837584189025
93618,06107,0.9902802101576182
38237,47183,0.9902466367713004
71652,05025,0.9902439024390244
39470,28109,0.9902419984387197
63037,29071,0.9902411021814007
67880,20067,0.9902386117136659
06231,09110,0.9902379499694935
50022,19029,0.9902359641985354
65720,29043,0.990228013029316
45845,39149,0.9902234636871509
16611,42061,0.9902222222222222
97497,41033,0.9902200488997555
97450,41015,0.9902200488997555
50668,19017,0.9902120717781403
01002,25015,0.990205680705191
81324,08033,0.9901960784313726
45133,39071,0.9901863826550019
30571,13311,0.9901793339026473
55396,27143,0.9901785714285715
37097,47135,0.9901754385964913
52301,19095,0.9901731399157697
72106,05045,0.9901587301587301
31011,13091,0.9901574803149606
25969,54089,0.9901574803149606
72662,05009,0.9901477832512315
52330,19055,0.9901234567901235
72629,05141,0.9901185770750988
23430,51093,0.9901168014375562
47562,18027,0.9901168014375562
30909,13245,0.9901163864769998
42064,21055,0.9901160292221745
76427,48237,0.9900990099009901
66775,20133,0.9900990099009901
51463,19027,0.9900990099009901
68835,31093,0.9900662251655629
26164,54035,0.9900596421471173
00659,72065,0.990057803468208
36401,01035,0.9900572969329289
57232,46091,0.9900497512437811
49087,26077,0.9900468384074942
63125,29189,0.9900396213955536
48616,26145,0.9900323275862069
94505,06013,0.99002849002849
73724,40011,0.9900249376558603
66762,20037,0.9900244299674267
44024,39055,0.9900199600798403
52201,19183,0.9900166389351082
48439,26049,0.9900092936802974
66548,20117,0.99
79526,48415,0.99
83323,16031,0.99
36426,01053,0.9899893089707454
45601,39141,0.9899825635064446
54459,55099,0.9899749373433584
44093,39007,0.9899569583931134
83274,16011,0.9899486263122627
62442,17023,0.9899425287356322
30183,13057,0.9899234179766223
55375,27053,0.9899180844360429
74523,40127,0.9899180844360429
63780,29201,0.9899164505906078
82401,56043,0.9899037332707208
42036,21035,0.98989898989899
42728,21001,0.9898947807063235
47024,18047,0.9898916967509025
54945,55135,0.9898892633606162
03244,33011,0.9898855469789726
47338,18035,0.9898674980514419
93610,06039,0.9898526549902696
50456,19195,0.9898190045248869
67068,20095,0.9898167006109979
67629,20137,0.9897959183673469
31789,13321,0.9897959183673469
60437,17063,0.9897959183673469
58787,38075,0.9897959183673469
66901,20029,0.989782551742206
46156,18139,0.9897810218978103
46989,18053,0.9897680763983628
12068,36057,0.9897660818713451
66940,20157,0.9897435897435898
65759,29213,0.9897435897435898
97352,41047,0.9897341405633061
49097,26077,0.9897191114374885
16441,42049,0.9897144883844653
58068,38073,0.9896907216494846
68007,31055,0.9896837093300079
56009,27047,0.9896774193548387
24225,51167,0.9896694214876033
78151,48255,0.9896640826873385
46058,18023,0.989648033126294
65046,29135,0.9896296296296296
31082,13303,0.9896232439335888
61863,17019,0.9896103896103896
65247,29121,0.9895833333333334
47838,18153,0.9895734597156398
60074,17031,0.9895666986053444
11005,36081,0.9895522388059701
84629,49039,0.9895522388059701
10509,36079,0.9895282928235181
57274,46037,0.9895259095920618
94020,06081,0.989517819706499
64150,29165,0.9895141558895492
46250,18097,0.9895021179937381
22815,51165,0.9895006999533364
50124,19169,0.9894991922455574
47601,18173,0.9894884372810091
44425,39155,0.9894792214623882
67133,20015,0.9894698620188817
75839,48001,0.9894578313253012
08610,34021,0.9894538343344043
70456,22105,0.9894366197183099
52550,19107,0.9894366197183099
38554,47133,0.9894179894179894
39739,28103,0.9894050529747351
60401,17197,0.9893992932862191
76444,48093,0.9893752656183595
50622,19017,0.989375
65101,29051,0.9893748777785021
47331,18041,0.989364216497282
72004,05069,0.9893390191897654
83687,16027,0.9893388320975738
50578,19063,0.9893333333333333
81041,08099,0.9893238434163701
65231,29027,0.9893175074183976
33440,12051,0.9893168400337363
44857,39077,0.9893132170359893
38363,47039,0.9893089960886571
75770,48213,0.9893075356415478
71115,22017,0.9893015987498497
83316,16083,0.9893004115226337
63764,29017,0.9892966360856269
61843,17019,0.989282769991756
47949,18045,0.9892802450229708
61729,17203,0.9892761394101877
73149,40109,0.9892613081679141
54126,55009,0.9892537313432835
87743,35021,0.989247311827957
68816,31121,0.989247311827957
43724,39121,0.989247311827957
38388,47077,0.989247311827957
88415,35059,0.9892221180880975
60468,17197,0.9892183288409704
38737,28133,0.9892021595680864
17777,42097,0.9891891891891892
83338,16053,0.9891781521184277
13413,36065,0.9891774891774892
62832,17145,0.9891770852771039
68875,31077,0.9891696750902527
73644,40009,0.989164589879727
62216,17027,0.9891618497109826
61759,17179,0.9891435464414958
53065,55039,0.98914223669924
15559,42009,0.9891411648568608
68658,31023,0.9891304347826086
97830,41069,0.9891304347826086
57064,46083,0.9891261368129696
71667,05079,0.989114445425125
97446,41043,0.9891067538126361
48729,26157,0.989100817438692
68424,31095,0.989100817438692
27574,37145,0.9890874369117446
06752,09190,0.9890643985419199
47273,18079,0.9890643985419199
73062,40075,0.9890643985419199
07849,34027,0.9890631448617416
40157,21163,0.9890510948905109
17307,42001,0.9890510948905109
00662,72071,0.9890464822356411
61107,17201,0.9890426052889324
37096,47135,0.9890385932861384
40390,21113,0.9890350877192983
28262,37119,0.9890276309397948
42602,21053,0.989010989010989
06778,09160,0.989010989010989
68831,31093,0.989010989010989
31023,13091,0.9890044927878932
39429,28091,0.9890019996364298
25177,54039,0.9889875191884135
71646,05003,0.9889862327909887
50265,19153,0.9889755310567356
28623,37005,0.9889705882352942
61559,17143,0.9889638258736971
68460,31185,0.9889624724061811
57002,46011,0.988950276243094
70533,22113,0.9889380530973452
64759,29011,0.9889324417800323
35579,01127,0.988929889298893
35652,01077,0.9889254196227721
57034,46083,0.9889196675900277
24374,51197,0.9889196675900277
47841,18021,0.9888977002379065
57553,46055,0.9888888888888889
04622,23029,0.9888641425389755
82411,56003,0.9888475836431226
67455,20105,0.9888446215139443
94588,06001,0.9888410558513652
17745,42035,0.9888340932353215
24292,51077,0.9888268156424581
03452,33005,0.9888084265964451
79245,48191,0.9887990043559427
77597,48071,0.988795518207283
37354,47123,0.9887766554433222
66064,20121,0.9887719298245614
51649,19071,0.9887640449438202
89442,32031,0.9887640449438202
40109,21029,0.9887640449438202
56484,27021,0.988759187202767
49411,26105,0.9887543252595156
30746,13129,0.9887459807073955
24482,51015,0.9887440758293838
24529,51117,0.9887429643527205
17033,42043,0.9887397634212921
76272,48097,0.9887337741856478
72401,05031,0.9887174763988027
43013,39089,0.9887133182844243
02215,25025,0.9887058823529412
67851,20055,0.9886947584789312
49464,26139,0.9886783165148905
49227,26059,0.988673139158576
86047,04017,0.988664802002061
81320,08033,0.9886363636363636
51563,19085,0.9886363636363636
50222,19121,0.9886363636363636
56331,27145,0.9886363636363636
63822,29207,0.9886039886039886
35150,01121,0.9885846452286802
83211,16077,0.9885791064830366
81331,08083,0.9885714285714285
16646,42021,0.9885664028144239
97123,41067,0.9885369532428356
05647,50023,0.9885321100917431
97009,41005,0.9885216702948744
37055,47043,0.9885137267276743
71071,22119,0.9885057471264368
97132,41071,0.9885023233647087
87734,35033,0.9884726224783862
08691,34021,0.9884576357179097
78611,48053,0.9884434814012278
71665,05025,0.9884434814012278
77664,48457,0.9884259259259259
95321,06109,0.9884151992585728
40769,21235,0.9884057971014493
43449,39123,0.9884009942004971
30536,13123,0.9884007029876977
14838,36015,0.988399071925754
46070,18095,0.9883966244725738
68112,31055,0.9883964238158646
63119,29189,0.988381873620019
57341,46017,0.9883720930232558
47120,18175,0.9883495145631068
25259,54087,0.9883177570093458
48306,26125,0.9883040935672515
39194,28163,0.9882996172772006
72150,05053,0.9882910510175634
62263,17189,0.9882864792503346
95361,06099,0.9882758203904031
47630,18173,0.988273084178861
56315,27041,0.988272921108742
24091,51063,0.988271741535738
53118,55133,0.9882689556509299
31042,13319,0.9882352941176471
12435,36111,0.9882352941176471
67423,20105,0.9882352941176471
66941,20089,0.9882352941176471
53525,55105,0.9882289994649546
38857,28081,0.9882226980728052
65536,29105,0.9882225823878984
57580,46123,0.9882223040117777
10963,36071,0.9882032667876588
38703,28151,0.9881889763779528
90638,06037,0.9881846225481636
78118,48255,0.9881777415409703
23321,51550,0.9881773956329901
76621,48217,0.9881756756756757
65785,29039,0.9881726788882318
27703,37063,0.9881682399938932
74644,40103,0.9881656804733728
24530,51143,0.9881481481481481
62895,17191,0.9881337648327939
65332,29159,0.9881337648327939
67451,20041,0.9881188118811881
49022,26021,0.9881138748767901
50613,19013,0.9881045751633987
50520,19091,0.9880952380952381
29845,45065,0.9880952380952381
07874,34037,0.9880925634688834
40511,21067,0.9880898537614956
65786,29029,0.9880863737900223
37890,47089,0.988082627118644
53023,55117,0.9880774962742176
55338,27143,0.9880749574105622
62935,17165,0.9880749574105622
76033,48251,0.9880547832355061
99348,53071,0.9880546075085325
13646,36089,0.9880450070323488
83342,16031,0.9880341880341881
95542,06023,0.9880059970014993
67127,20033,0.987987987987988
57226,46039,0.9879759519038076
29016,45079,0.9879758187736664
24271,51169,0.98796992481203
80226,08059,0.9879666274467858
65337,29159,0.9879638916750251
51333,19041,0.9879518072289156
46571,18087,0.9879379666858128
06787,09140,0.9879245283018868
38617,28027,0.9879227053140096
17846,42037,0.9879154078549849
71602,05069,0.9879085971923353
50207,19123,0.987887963663891
39601,28085,0.9878800470946741
47355,18135,0.9878787878787879
46923,18015,0.9878686964795433
23960,51147,0.9878665318503539
35121,01009,0.9878602223734967
07421,34031,0.9878472222222222
26716,54077,0.9878419452887538
12166,36057,0.9878378378378379
62952,17181,0.9878271454656117
40146,21027,0.9878268710550046
40447,21109,0.9878078517434772
36849,01081,0.9878048780487805
83440,16065,0.9877843087145413
30821,13301,0.987783595113438
67834,20057,0.9877551020408163
51549,19155,0.9877551020408163
38920,28135,0.9877450980392157
37807,47173,0.9877350776778414
63383,29219,0.9877229800629591
58601,38089,0.9876991565135895
20777,24027,0.9876977152899824
77865,48289,0.9876847290640394
26147,54013,0.9876819708846585
49043,26159,0.9876811594202899
64428,29147,0.9876543209876543
48117,26115,0.9876543209876543
26731,54023,0.9876543209876543
47043,18155,0.9876488751654169
56531,27051,0.9876441515650741
50029,19077,0.9876237623762376
49333,26015,0.9876082159225937
51562,19165,0.987603305785124
58646,38041,0.987603305785124
78114,48493,0.9875981810665564
20659,24037,0.987578947368421
24085,51023,0.9875724937862469
43054,39049,0.9875714991879104
20120,51059,0.9875453163372705
28399,37017,0.987535953978907
14830,36101,0.9875258086717137
51461,19047,0.9875173370319001
98858,53017,0.9875
53532,55025,0.9874954911626789
80232,08059,0.9874707807386629
68949,31137,0.9874655302080722
65202,29019,0.9874616668607585
40380,21197,0.9874575385419389
57108,46083,0.9874461307850853
37725,47089,0.9874428199838551
58488,38043,0.9874213836477987
20119,51061,0.9874141876430206
58458,38045,0.9874125874125874
39361,28103,0.9873853211009175
75104,48113,0.9873848334514529
72104,05059,0.987373343725643
30106,13067,0.987373068432671
62249,17119,0.9873708381171068
42437,21225,0.9873655913978494
58415,38045,0.9873417721518988
57537,46117,0.9873417721518988
47145,18025,0.9873303167420815
21237,24005,0.987315875613748
47240,18031,0.987315363431528
28630,37027,0.9873076588715987
76234,48497,0.9873057393445145
75558,48449,0.9872922776148583
50162,19127,0.9872727272727273
37171,47125,0.9872701555869873
28391,37051,0.9872677219545767
59241,30105,0.9872611464968153
47137,18025,0.9872611464968153
98229,53073,0.9872586657764424
38485,47181,0.9872534872534873
61080,17201,0.9872492613901415
68845,31019,0.9872444522103792
68791,31039,0.9872423945044161
43756,39115,0.9872408293460925
13032,36053,0.9872372372372372
38606,28107,0.9872344390607529
95316,06099,0.9872293170460855
51239,19167,0.9872225958305313
48815,26067,0.9872122762148338
43319,39091,0.9872068230277186
99169,53001,0.9872053872053872
59425,30073,0.9871916508538899
50664,19065,0.9871794871794872
98382,53009,0.9871505161947804
72856,05115,0.987146529562982
61272,17131,0.9871345029239766
76442,48093,0.9871319520174482
05032,50027,0.9871309613928841
41049,21069,0.9871309613928841
66416,20085,0.9871244635193133
55367,27019,0.9871244635193133
73446,40095,0.9871224537579021
62638,17137,0.9871060171919771
51334,19063,0.9870982875908985
41472,21175,0.9870765615821422
47842,18165,0.9870722433460076
97883,41061,0.9870654810024252
13317,36057,0.987058237929318
75935,48419,0.9870419543281996
71235,22061,0.987037037037037
02779,25005,0.9870283018867925
28213,37119,0.9870219894481457
59253,30019,0.987012987012987
03037,33015,0.9870064967516242
54840,55013,0.9869947275922671
18326,42089,0.9869913275517012
66948,20029,0.9869706840390879
79068,48065,0.9869706840390879
41727,21193,0.9869565217391304
76657,48309,0.9869293078055965
53150,55133,0.9868982776387457
62670,17167,0.9868766404199475
72374,05107,0.9868766404199475
42717,21057,0.9868718877320054
98672,53039,0.986870897155361
45634,39163,0.9868686868686869
65541,29065,0.9868421052631579
88427,35037,0.9868421052631579
49854,26153,0.9868391195824824
14889,36015,0.9868297271872061
68636,31003,0.9868247694334651
46240,18097,0.9868009330374922
76630,48309,0.9867899603698811
37321,47143,0.9867826383559307
24066,51023,0.9867803837953092
92324,06071,0.986774179785827
27713,37063,0.9867721558571518
71913,05051,0.9867709686188045
45872,39173,0.9867125984251969
68938,31035,0.9867109634551495
42202,21141,0.9867109634551495
80238,08031,0.986704834605598
20736,24009,0.9866899410866244
69217,31017,0.9866666666666667
67953,20129,0.9866666666666667
51029,19035,0.9866666666666667
77971,48239,0.9866666666666667
38454,47081,0.9866666666666667
75126,48257,0.9866610601069918
29388,45083,0.986661002548853
91786,06071,0.9866415603794365
19952,10001,0.9866365518539432
76641,48349,0.9866342648845686
50133,19159,0.9866220735785953
56013,27043,0.9866207951070336
64154,29165,0.9865842277181521
50546,19151,0.9865470852017937
78563,48215,0.9864864864864865
69214,31017,0.9864864864864865
78635,48031,0.9864864864864865
61102,17201,0.9864780267935395
75969,48005,0.9864703541583765
73546,40141,0.986468200270636
29138,45081,0.9864559819413092
54409,55067,0.9864491150442478
56278,27011,0.986444212721585
54659,55053,0.9864406779661017
48745,26001,0.9864364981504316
46554,18141,0.9864321608040201
26170,54073,0.9863857374392221
79035,48369,0.9863855950812472
68014,31023,0.9863013698630136
79510,48059,0.9862749303023804
73026,40027,0.9862700228832952
45334,39149,0.9862660944206009
45368,39023,0.9862542955326461
54872,55013,0.9862542955326461
59087,30069,0.9862385321100917
97362,41047,0.9862353750860289
97361,41053,0.9862296063463554
57702,46103,0.9862181856584644
47369,18075,0.9862068965517241
99326,53021,0.9861751152073732
46524,18085,0.9861751152073732
57017,46101,0.9861751152073732
56621,27029,0.986159169550173
71457,22069,0.9861494147208433
32531,12091,0.9861241768579492
47542,18037,0.9861161856046766
88410,35059,0.9861111111111112
78623,48091,0.9861111111111112
40456,21203,0.9861081877499474
53585,55127,0.9860973187686196
45856,39137,0.9860853432282004
31642,13003,0.986084452975048
65714,29043,0.9860636071264485
50247,19127,0.9860248447204969
28434,37017,0.986013986013986
56742,27125,0.986013986013986
46348,18091,0.986
85545,04007,0.9859943977591037
40078,21229,0.9859882005899705
62238,17145,0.9859649122807017
73082,40051,0.9859550561797753
15089,42129,0.9859313449634215
62432,17079,0.9859154929577465
28345,37153,0.9859113154382323
78112,48029,0.9859040829552819
54107,55115,0.9858772406300923
66088,20087,0.9858686616791354
27260,37081,0.9858467839074921
42406,21101,0.9858044164037855
05155,50025,0.9858012170385395
62411,17049,0.9857967154904572
53574,55045,0.9857894736842105
63473,29111,0.985781990521327
39336,28101,0.9857697283311773
48441,26063,0.9857607811228641
37061,47083,0.9857600569597722
00777,72077,0.9857577523143652
22904,51003,0.985743908761016
29453,45015,0.9857369255150554
48759,26063,0.9857142857142858
94952,06097,0.9857126973537914
37826,47107,0.9857099422316814
76087,48367,0.9857022290622053
45858,39063,0.9856902356902357
47449,18055,0.9856850715746421
15534,42009,0.9856801909307876
75853,48001,0.9856687898089171
61569,17143,0.985663082437276
56435,27021,0.9856611789697292
07860,34037,0.9856563766760212
02446,25021,0.9856431003009521
64628,29115,0.9856418918918919
12930,36033,0.985632183908046
36482,01025,0.985632183908046
28103,37179,0.9856115107913669
29162,45027,0.9856115107913669
22408,51177,0.985602011945929
00683,72125,0.9856011519078474
52060,19097,0.9855925324675324
60957,17053,0.9855704697986577
76844,48333,0.9855545200372786
33810,12105,0.9855523726491469
70462,22063,0.9855447680690399
37813,47063,0.9855403348554034
69301,31013,0.9855322080606269
44429,39099,0.985524728588661
14422,36037,0.9855222337125129
52135,19065,0.9854771784232366
39653,28037,0.9854682454251884
80422,08047,0.9854561480828559
56093,27161,0.9854527623406342
76691,48309,0.9854341736694678
79118,48381,0.9853908467769854
90623,06059,0.9853862212943633
18302,42089,0.9853686635944701
65325,29015,0.9853658536585366
75751,48213,0.9853629478342268
17035,42067,0.9853300733496333
49072,26149,0.9853039412157648
83435,16051,0.9852941176470589
43101,39141,0.9852941176470589
47342,18035,0.9852941176470589
27563,37185,0.9852941176470589
49884,26003,0.9852941176470589
26726,54057,0.9852906566250883
07920,34035,0.9852795236520013
68740,31179,0.9852507374631269
38318,47017,0.9852507374631269
47942,18007,0.9852507374631269
67230,20173,0.985249621785174
27851,37195,0.9852422200834136
99156,53051,0.9852383802114503
75559,48037,0.9852121731675954
30736,13047,0.985203288158187
97424,41039,0.9852010515042352
17019,42133,0.9851860492243089
58794,38061,0.9851851851851852
99371,53001,0.9851851851851852
31313,13179,0.9851785023843279
57301,46035,0.9851765489673551
44614,39151,0.9851567711807871
76458,48237,0.9851311953352769
22973,51079,0.9851001465559355
72833,05149,0.9850976361767728
80754,08123,0.9850746268656716
54761,55093,0.9850746268656716
78671,48171,0.9850746268656716
59257,30091,0.9850746268656716
13471,36065,0.9850441876274643
39654,28077,0.9850388988629563
49347,26117,0.984993178717599
38848,28095,0.9849906191369606
64096,29107,0.9849749582637729
18109,42077,0.9849645125140082
35179,01043,0.9849527773331199
39483,28091,0.9849502199583237
40823,21095,0.9849411764705882
69121,31005,0.9849246231155779
28612,37023,0.9849165596919127
44730,39151,0.9849094567404426
58569,38037,0.9848484848484849
14013,36037,0.9848484848484849
64071,29107,0.9848484848484849
50426,19131,0.9848484848484849
69161,31171,0.9848484848484849
65336,29101,0.9848275862068966
53563,55105,0.9848088004190676
04222,23001,0.9847494553376906
71603,05069,0.9847465231045311
68865,31081,0.9847328244274809
57461,46115,0.9846938775510204
57054,46079,0.9846743295019157
55334,27143,0.9846743295019157
58366,38079,0.9846153846153847
72846,05071,0.984594317014721
14870,36101,0.9845814977973568
75028,48121,0.9845611359954255
44437,39155,0.9845599588265569
31635,13173,0.9845462208485529
62460,17101,0.9845201238390093
15824,42065,0.9844961240310077
53946,55047,0.984463812050019
54644,55063,0.9844632768361582
51462,19073,0.9844559585492227
61720,17113,0.9844559585492227
24579,51163,0.9844192634560907
79052,48437,0.9844155844155844
81122,08067,0.9844097995545658
40515,21067,0.9844032945849641
50643,19013,0.9843971631205674
41002,21023,0.9843856076035302
28080,37109,0.984382625671059
57342,46023,0.984375
25979,54089,0.9843478260869565
63534,29121,0.984313725490196
49601,26165,0.9843074823743462
56535,27119,0.9842995169082126
99143,53075,0.9842696629213483
58443,38031,0.984251968503937
59832,30039,0.984251968503937
73573,40067,0.9842476914720261
74343,40115,0.9842105263157894
67526,20009,0.9842105263157894
30125,13233,0.9842082799829279
49435,26139,0.984197218710493
65582,29125,0.9841954022988506
40353,21173,0.9841913590465154
71107,22017,0.9841911764705882
64652,29079,0.9841897233201581
67058,20077,0.9841646872525732
57760,46019,0.9841521394611727
58260,38019,0.9841269841269841
28105,37119,0.9841082493782405
16720,42105,0.9841040462427746
49042,26149,0.9840928632846088
46118,18063,0.9840723202755058
81328,08083,0.9840528977051731
57701,46103,0.9840340991186245
35216,01073,0.9840286516310135
64155,29047,0.9840206970019784
66427,20117,0.984009840098401
80812,08121,0.984
21607,24035,0.984
68813,31041,0.9839743589743589
49102,26021,0.9839743589743589
48734,26145,0.9839709339602479
31794,13277,0.9839555100997187
27520,37101,0.9839430894308943
52761,19139,0.9839271208077057
78642,48491,0.9839197580003184
95236,06077,0.983890214797136
44280,39103,0.9838771593090211
41804,21133,0.9838709677419355
53020,55117,0.9838472834067548
24236,51191,0.9838472834067548
65440,29065,0.9838383838383838
72419,05031,0.9838235294117647
56353,27095,0.9838125665601704
68038,31021,0.9838107098381071
82639,56019,0.9838056680161943
45760,39105,0.9838018103858981
05658,50023,0.9837997054491899
67031,20191,0.983756345177665
30188,13057,0.9837550234901228
67868,20055,0.983739837398374
17055,42041,0.9837268914090415
07721,34025,0.9837228714524207
55912,27099,0.9837098612321512
04988,23027,0.9837067209775967
48770,26069,0.983704974271012
46714,18179,0.983702117535094
76474,48093,0.9836956521739131
57325,46015,0.9836867862969005
25529,54005,0.9836829836829837
64776,29185,0.9836766420520793
50635,19171,0.9836477987421384
30108,13045,0.983640081799591
87022,35001,0.9836257309941521
25270,54087,0.9836065573770492
73092,40051,0.9836065573770492
53505,55105,0.9836065573770492
75428,48231,0.983585657370518
44235,39103,0.9835796387520526
67039,20015,0.9835787089467724
44057,39085,0.9835553705245629
80524,08069,0.983544153217812
49720,26029,0.9835374149659863
75645,48459,0.9835232252410167
68874,31041,0.9835164835164835
06418,09140,0.9834987752997293
26847,54023,0.9834590829947766
45430,39057,0.9834508952794357
44903,39139,0.9834494773519163
81650,08045,0.9834437086092715
23936,51029,0.983440662373505
40972,21051,0.9834254143646409
62613,17129,0.9834224598930481
79241,48153,0.9834123222748815
16435,42039,0.9834070796460177
41035,21081,0.9833994947672321
56050,27079,0.9833971902937421
52205,19105,0.9833935018050541
60020,17097,0.9833911034084344
14420,36055,0.9833693663728588
76823,48049,0.9833564493758669
69157,31009,0.9833333333333333
57540,46069,0.9833333333333333
48604,26145,0.9833195706028076
14561,36069,0.9833194328607172
61250,17195,0.9833080424886191
62326,17109,0.9832519190509421
27863,37191,0.983246234245312
14804,36003,0.9832317073170732
54965,55137,0.9832167832167832
73662,40009,0.983206106870229
75019,48113,0.9832020777479893
75433,48223,0.9831487722676938
72015,05125,0.9831442033313424
71753,05027,0.9831404628890662
13166,36011,0.9831344058121432
73669,40039,0.9831168831168832
78390,48409,0.9831042382588774
07832,34041,0.9831019915509958
49412,26123,0.9830949284785435
00725,72025,0.9830829942794213
36912,01023,0.9830795262267343
82227,56027,0.9830508474576272
61259,17161,0.9830508474576272
58721,38013,0.9830508474576272
68378,31127,0.9830508474576272
62065,17013,0.9830508474576272
68319,31185,0.9830508474576272
71953,05113,0.9830363810946335
35757,01089,0.9830288336652524
15085,42129,0.9830179524502669
12870,36031,0.9830097087378641
22213,51013,0.9829954218443427
52656,19111,0.9829821717990276
73447,40069,0.9829787234042553
73848,40059,0.9829738933030647
25248,54035,0.9829508196721312
32136,12035,0.9829106945975744
63061,29071,0.9829059829059829
46748,18003,0.9828767123287672
81047,08099,0.9828722002635046
20601,24017,0.9828466570927078
80759,08125,0.9828361258684103
30828,13301,0.982824427480916
12582,36027,0.9828042328042328
12123,36083,0.9828020134228188
22546,51033,0.9827793834296724
59222,30019,0.9827586206896551
66960,20157,0.9827586206896551
36255,01027,0.9827586206896551
61450,17067,0.9827420901246404
70560,22045,0.9827282830153732
30528,13311,0.9827180376610506
41166,21135,0.9827089337175793
72376,05035,0.9826883910386965
13083,36075,0.9826707441386341
30457,13283,0.9826639699508812
74563,40077,0.9826517967781908
50548,19091,0.9826238053866203
63852,29069,0.9826224328593997
75140,48467,0.9826064382139148
19382,42029,0.9826040309602269
07112,34013,0.9825938079611928
56297,27173,0.9825870646766169
48014,26147,0.9825613079019073
72063,05029,0.9825517993456925
70549,22053,0.9825496849248667
50050,19073,0.9825436408977556
75448,48119,0.9825436408977556
36081,01109,0.9825387801510599
31730,13205,0.9825319308790383
65018,29135,0.9825277966870887
94571,06095,0.9825072886297376
61859,17019,0.9824868651488616
88419,35059,0.9824561403508771
65653,29213,0.9824451410658307
68866,31019,0.9824175824175824
38603,28009,0.9824
47954,18107,0.9823911028730306
38042,47069,0.9823788546255506
29078,45055,0.982370702249927
59353,30109,0.982363315696649
47992,18157,0.9823434991974318
00771,72085,0.9823365354818717
57730,46033,0.9823358818876878
14502,36117,0.9823315433916507
57623,46137,0.9823008849557522
72852,05071,0.9823008849557522
41034,21161,0.9823008849557522
46064,18095,0.9822769953051643
98557,53027,0.9822590183323477
28393,37163,0.9822546972860126
80111,08005,0.9822347138993477
52052,19043,0.9822180627047262
36701,01047,0.9822119585569842
38916,28013,0.9821971341728181
36041,01041,0.9821930646672915
39367,28153,0.9821711150965292
53544,55049,0.9821428571428571
70662,22011,0.9821428571428571
61048,17177,0.9821428571428571
55976,27109,0.982129180495277
17555,42071,0.9821205821205822
57035,46099,0.9821109123434705
43147,39045,0.9821008949552522
01330,25011,0.9821002386634845
08876,34035,0.9820985584981562
24162,51121,0.982094897045658
49668,26165,0.9820923656927427
48829,26117,0.9820627802690582
67445,20029,0.9820627802690582
51046,19141,0.9820585457979226
62441,17023,0.9820585457979226
39773,28025,0.9820205479452054
57564,46119,0.9820143884892086
05767,50027,0.9820143884892086
32830,12095,0.9820051413881749
66872,20127,0.982
56041,27015,0.9819819819819819
44278,39153,0.9819773953772528
46165,18063,0.9819694868238558
45742,39167,0.9819542253521126
53403,55101,0.981938172976728
28574,37133,0.9818741074371087
81144,08105,0.9818543375590355
49770,26047,0.98183422813856
82201,56031,0.9818014282423405
68447,31133,0.9817518248175182
54411,55073,0.9817412013760254
94028,06081,0.9816893089190786
79363,48303,0.981679389312977
68847,31019,0.9816590634019179
79061,48483,0.981651376146789
54470,55119,0.9816345270890725
00772,72087,0.981624184943687
22952,51015,0.9816091954022989
62201,17163,0.9815968289920725
50074,19159,0.9815668202764977
67356,20099,0.9815611555009219
58429,38003,0.9815384615384616
35971,01049,0.981536189069424
67871,20171,0.9815331010452961
02822,44009,0.981532147742818
60477,17031,0.9815273815647945
63459,29173,0.9815253434391283
36322,01045,0.9815230530132965
57273,46037,0.9815100154083205
66006,20045,0.9814980602805132
45831,39137,0.9814957594448728
65401,29161,0.9814824871029052
68878,31047,0.9814814814814815
61031,17103,0.9814814814814815
57566,46121,0.9814814814814815
54413,55141,0.9814814814814815
37334,47103,0.9814774618334419
51050,19149,0.9814671814671815
65619,29077,0.9814157444142827
74014,40145,0.981367336376041
56215,27151,0.981359649122807
64077,29177,0.9813519813519813
15870,42047,0.9813486370157819
20871,24031,0.981348167539267
25071,54039,0.9813432835820896
76431,48497,0.9813397129186603
52731,19045,0.9813084112149533
38878,28013,0.9813084112149533
50530,19187,0.9813084112149533
23116,51085,0.9812955919945133
51248,19141,0.9812909260991581
87321,35031,0.9812889812889813
67430,20123,0.9812834224598931
25422,54065,0.9812695109261186
50554,19151,0.9812558575445174
45121,39015,0.9812552653748947
77662,48361,0.9812478920741989
48767,26157,0.9812382739212008
29450,45015,0.9812
36703,01047,0.981199538638985
77357,48339,0.981183282069839
61875,17019,0.9811827956989247
80549,08069,0.9811666666666666
26851,54031,0.9811498586239397
58262,38067,0.9811320754716981
68437,31147,0.9811320754716981
99017,53075,0.9811320754716981
44201,39133,0.98111863199145
46068,18159,0.9810874704491725
53941,55111,0.9810547875064004
97210,41051,0.9810513447432763
20833,24031,0.9810495626822158
16689,42057,0.981042654028436
29525,45069,0.981029810298103
64423,29147,0.981029810298103
97219,41051,0.9810295607330325
95360,06099,0.9810253603357052
37087,47189,0.9809777378584718
20032,11001,0.9809645227942146
74131,40037,0.9809624537281861
30747,13055,0.9809558030901905
83634,16001,0.9809536859413538
50254,19175,0.9809523809523809
35748,01089,0.9809330628803246
52551,19177,0.9809322033898306
06785,09160,0.9809322033898306
27524,37101,0.9809256661991584
00968,72061,0.9809234171965717
42743,21087,0.9808861859252823
23129,51075,0.9808612440191388
45862,39107,0.980836236933798
52745,19163,0.9808306709265175
14564,36069,0.9808171670098623
58474,38021,0.9808153477218226
27603,37183,0.9808131566925536
60007,17031,0.9807899848909993
72126,05105,0.9807881773399014
48886,26117,0.9807692307692307
50841,19003,0.9807692307692307
67518,20135,0.9807692307692307
62967,17087,0.9807692307692307
76092,48439,0.9807644422310757
31089,13303,0.9807625043721581
30533,13187,0.9807621161672216
60940,17091,0.9807564698075647
62828,17065,0.9807407407407407
72650,05129,0.9807234650166587
68122,31055,0.9807217004448838
56042,27047,0.9807162534435262
28704,37021,0.9807145879934708
74075,40119,0.9807113543091656
32259,12109,0.9806927881885292
45322,39113,0.9806830907054871
60959,17053,0.9806576402321083
39823,13099,0.9806253596777288
13682,36045,0.9806094182825484
19363,42029,0.980598529038803
60470,17099,0.9805825242718447
72175,05069,0.9805825242718447
82190,56029,0.9805825242718447
45424,39113,0.9805770470664088
34110,12021,0.9805588748965898
63935,29181,0.9805580558055805
54455,55073,0.9805480378890392
78028,48265,0.9805330814407163
14840,36101,0.9805171803046404
43907,39067,0.9805092738132662
64436,29003,0.9805013927576601
36049,01041,0.9804797742238947
26161,54085,0.98046875
56364,27097,0.9804597701149426
44645,39169,0.9804469273743017
43778,39059,0.9804432855280313
44654,39075,0.9804389855566928
54870,55129,0.980422866092404
18974,42017,0.9804165514699106
54013,55109,0.9804161566707467
12789,36105,0.9803921568627451
26838,54031,0.9803921568627451
57040,46135,0.9803921568627451
55350,27085,0.9803825883271521
38063,47097,0.9803752426137589
87013,35043,0.9803667745415319
70438,22117,0.9803642825410929
30094,13247,0.9803455270336434
47341,18177,0.9802955665024631
57235,46029,0.9802816901408451
43720,39119,0.9802731411229135
43526,39039,0.9802538787023978
33849,12105,0.9802452316076294
58344,38063,0.9801980198019802
61081,17195,0.980174672489083
33865,12049,0.9801324503311258
79567,48399,0.9800970873786408
33458,12099,0.980095058853552
24015,51770,0.9800837503830048
51056,19193,0.9800796812749004
59430,30027,0.9800796812749004
98857,53025,0.9800693240901213
29518,45089,0.98005698005698
17727,42081,0.98
45868,39063,0.98
06420,09180,0.9799906933457422
42048,21157,0.9799857040743388
28306,37051,0.979983423124741
36421,01039,0.9799773938317455
30157,13223,0.9799722559389631
79019,48011,0.9799554565701559
48426,26151,0.9799554565701559
64074,29107,0.979933110367893
27344,37037,0.9799302841449244
68623,31125,0.9798994974874372
05487,50001,0.9798850574712644
66017,20043,0.9798657718120806
30028,13117,0.9798572996706916
40383,21239,0.9798552986239183
18846,42015,0.9798488664987406
35042,01007,0.9798453892876864
22841,51165,0.9798449612403101
71658,05003,0.9798387096774194
71403,22115,0.9798319327731092
40906,21121,0.9798313770871219
29322,45083,0.9798287345385347
72839,05071,0.9798270893371758
49337,26123,0.9798110521547819
37076,47037,0.9797992685208812
52766,19139,0.9797979797979798
67155,20033,0.9797979797979798
73526,40065,0.9797822706065319
36830,01081,0.9797781685378061
12306,36093,0.9797648735304596
24315,51021,0.9797546012269939
17967,42107,0.9797297297297297
80744,08115,0.9797297297297297
76852,48307,0.9797297297297297
61342,17099,0.97970761509928
51350,19143,0.9796747967479674
59922,30029,0.9796682718031032
05841,50019,0.9796610169491525
29180,45039,0.9796580556595532
61942,17041,0.9796557120500783
61020,17141,0.9796421961752005
34787,12095,0.9796397958200905
35035,01007,0.9796137339055794
62316,17067,0.9795918367346939
57633,46041,0.9795918367346939
00926,72127,0.9795629959778237
52154,19037,0.9795539033457249
63533,29001,0.9795454545454545
43140,39097,0.9795375485983221
68368,31109,0.9795221843003413
12302,36093,0.9795140885566418
44854,39033,0.9794933655006032
30813,13073,0.9794791494972803
58621,38033,0.9794721407624634
47326,18075,0.9794344473007712
47995,18181,0.9794188861985472
30295,13231,0.9794050343249427
50581,19151,0.9794007490636704
28347,37153,0.979381443298969
48614,26145,0.9793459552495697
13402,36053,0.9792899408284024
37366,47061,0.9792746113989638
64681,29041,0.9792746113989638
56594,27167,0.9792746113989638
00957,72021,0.9792720843748095
00961,72021,0.9792625145917737
14470,36073,0.9792110874200426
00719,72105,0.9791891475258209
60544,17197,0.9791792230562709
38650,28145,0.9791765262659725
27712,37063,0.9791754312158183
66079,20059,0.9791666666666666
79247,48487,0.9791666666666666
73747,40093,0.9791666666666666
66436,20085,0.9791600884117462
40351,21205,0.9791581528402125
79602,48441,0.9791220186657449
48741,26157,0.9791044776119403
49404,26139,0.9790984638630068
50859,19003,0.9790940766550522
53027,55131,0.9790858492157194
62882,17121,0.979075850043592
35967,01049,0.9790507033701042
52132,19191,0.979047619047619
97498,41041,0.9790454016298021
80214,08059,0.9790382922535211
75035,48085,0.9789795744921952
53911,55021,0.978978978978979
43138,39073,0.9789736939607262
61870,17183,0.9789473684210527
19539,42011,0.9789215686274509
81323,08083,0.978912319644839
78027,48259,0.9789029535864979
28351,37165,0.9788834249349146
61775,17105,0.9788732394366197
44428,39155,0.9788688626476072
68069,31055,0.978865406006674
76049,48221,0.9788624743028833
38732,28011,0.9788398018166804
45867,39063,0.9788235294117648
16841,42027,0.978776529338327
03574,33009,0.9787685774946921
82442,56043,0.9787685774946921
49913,26061,0.9787660256410257
38011,47167,0.9787441974102126
66858,20115,0.9787234042553191
26167,54103,0.9787234042553191
45335,39057,0.9787166454891995
42366,21059,0.9787153173698213
45356,39109,0.9787120808940926
27504,37101,0.9787051348102352
40601,21073,0.9786770530763137
27045,37067,0.9786715417428398
62635,17107,0.9786666666666667
54205,55061,0.9786368260427264
22473,51133,0.9786348501664817
79124,48375,0.9786257351886386
29307,45083,0.9786181586085847
52073,19061,0.978601997146933
28787,37021,0.9785749875435974
40150,21029,0.9785714285714285
68461,31109,0.9785522788203753
13863,36023,0.9785407725321889
57355,46015,0.9785330948121646
69027,31029,0.978494623655914
59063,30095,0.9784845650140318
77833,48477,0.978477191413238
70517,22099,0.9784557438794727
37090,47189,0.9784366576819407
93654,06019,0.9784347553324969
59487,30013,0.9784283513097073
24352,51035,0.9784172661870504
67675,20163,0.9784172661870504
62080,17051,0.9784117193523516
30601,13059,0.978391959798995
61311,17105,0.9783783783783784
23923,51037,0.9783743475018642
46970,18103,0.9783409791682335
54104,55075,0.9783393501805054
30238,13063,0.9783337472063571
57073,46027,0.978328173374613
45502,39023,0.9783259489881452
50126,19083,0.978305257784584
61314,17011,0.9783001808318263
30633,13195,0.9782956362805575
76528,48099,0.9782608695652174
58788,38049,0.9782608695652174
67753,20193,0.9782608695652174
38855,28057,0.978252427184466
21136,24005,0.9781962338949455
61062,17177,0.9781897491821155
06793,09160,0.9781879194630873
62931,17069,0.9781849912739965
74469,40101,0.9781818181818182
79323,48501,0.9781687846203975
61051,17015,0.9781609195402299
75980,48005,0.9781443298969072
64645,29211,0.9781420765027322
27613,37183,0.9781324676495784
71351,22009,0.9780729833546735
47460,18119,0.9780597014925373
43045,39159,0.9780487804878049
12883,36031,0.9779959377115776
40006,21223,0.977994227994228
66025,20045,0.9779924852388621
73028,40083,0.9779688339602365
71701,05103,0.977967773758632
29058,45057,0.9779141104294479
57383,46003,0.9779005524861878
76380,48023,0.9778929188255613
75479,48147,0.9778869778869779
78640,48209,0.9778742712170371
06794,09160,0.977872340425532
12989,36033,0.9778534923339012
46186,18059,0.9778434268833087
22134,51153,0.9778354492529985
57071,46011,0.9778325123152709
66002,20005,0.9778073679538394
18071,42025,0.9777902202314296
71643,05079,0.9777777777777777
95922,06115,0.9777777777777777
43506,39171,0.9777751366769669
45812,39065,0.9777542372881356
61052,17141,0.9777327935222672
00921,72127,0.9776977076473877
50242,19157,0.9776785714285714
61956,17041,0.9776643267389917
64672,29171,0.9776536312849162
45306,39149,0.9776482021379981
87412,35045,0.9776357827476039
43119,39049,0.9776334243744003
42101,21227,0.9776313556925513
47201,18005,0.9775993734090465
65244,29175,0.9775910364145658
38643,28119,0.9775784753363229
50670,19023,0.9775609756097561
48371,26125,0.9775578121000086
40069,21229,0.9775551102204408
58327,38071,0.9775280898876404
61114,17201,0.9775191748214758
64788,29083,0.9775147928994082
14012,36063,0.9774774774774775
64017,29177,0.9774774774774775
43908,39081,0.9774436090225563
60440,17197,0.9774369431269117
58368,38069,0.9774368231046932
56228,27093,0.9774266365688488
44626,39151,0.9774127310061602
61047,17141,0.9774011299435028
67663,20163,0.9773635153129161
43331,39091,0.9773543220104943
71360,22079,0.9773067065356685
87048,35043,0.9772820024486465
34747,12097,0.9772757968665586
57021,46125,0.9772727272727273
69148,31069,0.9772727272727273
50148,19127,0.9772727272727273
59082,30067,0.9772727272727273
49873,26109,0.9772727272727273
70520,22055,0.9772258862324814
30092,13135,0.9772210645955673
31649,13173,0.9772209567198178
49630,26089,0.9772151898734177
18616,42113,0.9772151898734177
37332,47143,0.9772117962466488
14897,36003,0.9772079772079773
73150,40109,0.9771689497716894
57018,46099,0.9771341463414634
76579,48027,0.9771241830065359
65781,29077,0.97709049255441
35148,01127,0.97709049255441
72842,05149,0.977088948787062
63333,29139,0.9770833333333333
26261,54067,0.9770642201834863
47141,18019,0.9770408163265306
65734,29009,0.977015558698727
67118,20095,0.9770114942528736
52236,19095,0.9770114942528736
39426,28109,0.9769905821917808
47922,18111,0.9769784172661871
16674,42061,0.9769736842105263
62448,17079,0.9769707705934455
76070,48425,0.9769392033542977
61914,17139,0.9769230769230769
66871,20031,0.976911976911977
63130,29189,0.9769017736138118
75480,48159,0.9768623024830699
14513,36117,0.9768608865347087
68801,31079,0.9767965124455069
12836,36113,0.9767932489451476
56283,27127,0.9767441860465116
68627,31011,0.9767441860465116
95939,06021,0.9767441860465116
72346,05123,0.9767441860465116
42442,21107,0.9767002518891688
13320,36077,0.9766949152542372
74330,40097,0.97669256381798
79045,48117,0.9766883784710318
50471,19067,0.9766763848396501
16613,42021,0.9766763848396501
71323,22009,0.9766606822262118
62422,17173,0.9766536964980544
74867,40133,0.9766454352441614
32539,12091,0.976620029455081
68725,31089,0.9766081871345029
68464,31151,0.9765886287625418
68465,31151,0.9765828274067649
74106,40143,0.9765758520156831
79325,48369,0.9765395894428153
96141,06061,0.9765333333333334
78942,48287,0.9765100671140939
59327,30087,0.9765079365079365
48420,26049,0.9764905021628738
24476,51015,0.9764705882352941
97823,41021,0.9764309764309764
51036,19167,0.9764309764309764
18829,42015,0.9764150943396226
60511,17089,0.9764089121887287
66966,20157,0.976401179941003
74848,40063,0.9763942931258106
76426,48497,0.976366137301488
68939,31061,0.9763593380614657
26865,54027,0.9763513513513513
27617,37183,0.9763464337700145
61442,17131,0.9763313609467456
50627,19083,0.9763104838709677
60929,17105,0.976303317535545
75755,48459,0.9762755102040817
75440,48379,0.976272414417678
64080,29037,0.9762345679012345
35672,01079,0.9762269938650306
68652,31011,0.9761904761904762
05758,50021,0.9761904761904762
33834,12049,0.9761509746992949
61330,17011,0.9760820045558086
60942,17183,0.9760428410372041
30339,13067,0.976024351870853
48612,26051,0.9760180267181716
28040,37161,0.9760081674323634
42134,21213,0.9759947074945657
61529,17143,0.97599451303155
55049,27147,0.9759807846277022
76853,48281,0.9759786476868327
67450,20053,0.975975975975976
54982,55137,0.9759656652360515
12542,36111,0.9759565667011375
13825,36077,0.9759114583333334
58421,38031,0.9758639605046626
71676,05003,0.9758454106280193
40422,21021,0.9757727039130754
57039,46083,0.9757709251101322
46268,18097,0.9757565434622154
97056,41009,0.9757351971515231
24598,51083,0.9757330637007078
80819,08041,0.9757281553398058
35184,01007,0.9757202978310133
49307,26107,0.9757054041128647
27896,37195,0.9756976529292183
39059,28029,0.9756797583081571
53061,55015,0.9756662804171495
50140,19053,0.9756578947368421
72413,05121,0.975609756097561
56178,27081,0.975609756097561
54490,55119,0.975609756097561
71055,22119,0.9755934788826389
53954,55021,0.9755755193711398
78839,48507,0.9755732801595214
38473,47055,0.9755725190839695
57001,46127,0.9755469755469756
25275,54035,0.9755409219190969
65453,29055,0.975485389292018
73020,40109,0.9754795512124502
73079,40051,0.9754601226993865
68157,31153,0.9754445385266723
13778,36017,0.9754098360655737
67547,20047,0.9753914988814317
21787,24013,0.9753857457751653
35126,01073,0.9753728414442701
66058,20005,0.9753694581280788
42286,21219,0.9753623188405797
50533,19197,0.9753424657534246
24521,51009,0.9753390875462392
79546,48151,0.9753381066030231
85121,04013,0.9753246753246754
51345,19143,0.9753086419753086
40142,21163,0.9752559726962458
12434,36025,0.9752321981424149
50801,19175,0.9752229930624381
46985,18131,0.9752066115702479
41265,21115,0.9751861042183623
63028,29099,0.9751751751751752
00646,72051,0.9751537515375154
97368,41041,0.9751468594667871
71075,22119,0.9750812567713976
41339,21025,0.9750735675956379
22716,51157,0.9750346740638003
50136,19107,0.975
47390,18135,0.9749739311783108
19040,42091,0.9749489701243274
13035,36053,0.9749435665914221
21043,24027,0.9749416745874017
61745,17113,0.9749364329822012
78569,48489,0.9749182115594329
75474,48231,0.9749134040096568
78624,48171,0.9749071618037135
46173,18139,0.97487693091156
52163,19089,0.9748743718592965
72560,05137,0.974851554313657
61466,17131,0.9748427672955975
73030,40099,0.9748334566987417
71671,05011,0.9748302037554935
16342,42121,0.9748062015503876
37374,47115,0.9747974797479748
16317,42121,0.9747774480712166
72476,05075,0.9747756487994179
14489,36117,0.9747668678003292
79530,48441,0.9747634069400631
45821,39125,0.9747634069400631
05462,50007,0.9747596153846154
24422,51005,0.9747419880499728
71065,22085,0.974739970282318
53560,55025,0.9747332959011791
27932,37041,0.974707676664972
13073,36109,0.9746995572422518
05826,50019,0.9746835443037974
00956,72021,0.9746669100200767
35034,01007,0.9746630727762803
62255,17163,0.9746588693957114
68421,31127,0.9746478873239437
12920,36033,0.974645466265578
41042,21015,0.9746138020016041
50538,19025,0.9746031746031746
83607,16027,0.974585122432401
80498,08117,0.9745735436112005
72928,05047,0.9745547073791349
67470,20169,0.9745454545454545
31771,13071,0.974527209571594
16401,42049,0.9745162812647475
45459,39113,0.9744924518479958
58530,38065,0.974477958236659
67437,20141,0.9744623655913979
50630,19037,0.9744444444444444
93601,06039,0.9744318181818182
66939,20157,0.9744318181818182
45786,39167,0.9744298548721493
41230,21127,0.9744069015097052
51016,19193,0.9743935309973046
28751,37087,0.9743875278396437
79346,48079,0.9743772241992883
69142,31171,0.9743589743589743
56646,27119,0.9743589743589743
98846,53047,0.9743589743589743
68964,31129,0.9743589743589743
95223,06009,0.9743589743589743
71833,05061,0.974308300395257
30740,13313,0.974302380577014
26372,54041,0.974293059125964
55967,27099,0.974293059125964
52037,19045,0.9742647058823529
52580,19101,0.9742489270386266
88135,35009,0.9742198100407056
22206,51013,0.9741858338608708
39475,28073,0.9741822429906543
37825,47025,0.9741557546519641
68343,31151,0.974155069582505
53932,55021,0.9741496598639455
66933,20201,0.9741379310344828
99322,53039,0.9741379310344828
97071,41047,0.9741063889670701
56701,27113,0.974089068825911
58413,38051,0.9740871613663133
39120,28001,0.974061433447099
79364,48303,0.9740289069557362
65721,29043,0.9740167386904436
76567,48331,0.9739874301675978
53091,55027,0.9739382239382239
27583,37145,0.9739206027238482
57227,46109,0.9739130434782609
72120,05119,0.9738944833625219
66546,20177,0.9738805970149254
67337,20125,0.9738552650585006
49738,26039,0.9738004121283486
39897,13131,0.9737910668143226
00962,72033,0.9737764093852851
07882,34041,0.9737302977232924
00739,72041,0.9737198205256036
49250,26059,0.9737179487179487
58523,38057,0.9737084870848709
37110,47177,0.9736946990833001
79339,48279,0.9736842105263158
57057,46079,0.9736842105263158
66711,20037,0.9736842105263158
64728,29217,0.9736842105263158
36750,01021,0.9736842105263158
48415,26145,0.9736620311841551
65738,29077,0.9736222326895903
25825,54081,0.973621103117506
35976,01095,0.9736120898911597
83318,16031,0.973586078309509
50174,19039,0.9735849056603774
46731,18179,0.9735849056603774
57070,46125,0.973568281938326
23837,51175,0.9735599622285175
41102,21019,0.9735243879293983
68326,31169,0.9735099337748344
83830,16009,0.9734848484848485
83350,16067,0.9734395750332006
12095,36035,0.9734049697783748
43344,39159,0.97339593114241
46504,18099,0.9733671528218135
76534,48027,0.9733231707317073
68147,31153,0.9733193277310924
46740,18001,0.973308504034761
18612,42079,0.973305954825462
39145,28121,0.9732948394081559
40360,21011,0.9732604071710727
38340,47023,0.9732446643983916
37379,47065,0.9732414352321103
50628,19089,0.9732394366197183
31714,13287,0.9732360097323601
38329,47039,0.9732057416267943
72943,05083,0.9731723675385647
29653,45047,0.973133148952983
56334,27121,0.9731223310725948
50068,19117,0.9731182795698925
62694,17171,0.9730790802019069
13750,36025,0.9730769230769231
49649,26055,0.9730650154798761
67114,20079,0.9730218785984537
68843,31081,0.972972972972973
51366,19041,0.972972972972973
01010,25013,0.9729580573951435
79201,48075,0.9729448491155047
17545,42071,0.9729007281777122
43334,39117,0.9728987993138937
76067,48363,0.9728887766270944
37122,47189,0.972872845289489
71270,22061,0.9728153317362774
61472,17095,0.972809667673716
43570,39171,0.9728020240354206
61489,17095,0.9727891156462585
47358,18135,0.9727520435967303
63349,29113,0.9727352682497801
12780,36071,0.9727272727272728
26208,54101,0.9726651480637813
25243,54087,0.9726443768996961
59716,30031,0.9726224783861671
24313,51197,0.972568578553616
50524,19187,0.9725490196078431
40763,21235,0.9725274725274725
78612,48021,0.9725110553364408
33897,12105,0.9724810267168508
81136,08003,0.9724770642201835
27009,37067,0.9724437998549673
47990,18107,0.9724310776942355
47448,18013,0.9724229745150247
47334,18035,0.9724178403755869
68365,31059,0.9724137931034482
39345,28101,0.9724047306176085
12861,36115,0.9723865877712031
51449,19025,0.9723577235772358
62830,17081,0.9723557692307693
35022,01073,0.9723505795015529
61260,17131,0.9723502304147466
37373,47065,0.9723300970873786
77455,48481,0.9722955145118733
70449,22063,0.9722943722943723
78736,48453,0.9722880583409298
39350,28099,0.9722759030771517
34972,12093,0.9722573839662447
57501,46065,0.9722325408618128
69221,31031,0.9722222222222222
12090,36083,0.9722222222222222
13475,36043,0.9722222222222222
58224,38063,0.9722222222222222
55953,27099,0.9722222222222222
25989,54081,0.9722222222222222
65746,29225,0.9721691098364138
30039,13135,0.9721569428834168
48766,26011,0.9721448467966574
35463,01125,0.972139303482587
37931,47093,0.9720754263752102
76849,48267,0.9720394736842105
35160,01121,0.9720338983050848
53014,55015,0.9720311783585511
78355,48047,0.9719976905311778
24963,54063,0.9719853836784409
48658,26011,0.9719687092568449
28269,37119,0.9719330013580806
44288,39133,0.9719222462203023
98935,53077,0.9719202898550725
31792,13275,0.9719189752003534
50228,19099,0.9719101123595506
28748,37021,0.9719081877355259
69129,31049,0.9719029374201787
62421,17159,0.9718969555035128
49655,26133,0.971875
12118,36091,0.971868085554736
31539,13161,0.9718168092601912
41143,21043,0.9718007251242111
65068,29053,0.9717948717948718
26610,54067,0.9717741935483871
77835,48477,0.9717691342534505
08318,34033,0.9717487373737373
37052,47125,0.9717341482047365
72721,05087,0.9717314487632509
68659,31037,0.9716981132075472
50038,19049,0.9716981132075472
58650,38041,0.9716981132075472
56159,27033,0.971677559912854
57340,46061,0.9716312056737588
08805,34035,0.9716272600834492
30012,13247,0.9716018065953103
38240,47131,0.9715964740450539
79084,48421,0.9715909090909091
85342,04013,0.9715596330275229
12184,36021,0.9715483677747828
17774,42081,0.9715302491103203
62264,17163,0.9715281812899477
62644,17125,0.9714941022280472
56292,27127,0.9714285714285714
31022,13175,0.9714285714285714
56574,27107,0.9714285714285714
68945,31099,0.9714285714285714
67739,20153,0.9714285714285714
54843,55113,0.9714098646879092
18614,42113,0.9713506139154161
59044,30111,0.9713445995591476
55810,27137,0.9713278495887192
62621,17171,0.9713261648745519
78759,48453,0.9713003164324086
75862,48455,0.9712983493471299
28759,37089,0.9712669683257918
67112,20095,0.9712643678160919
00782,72045,0.9712480252764613
54480,55119,0.9712351945854484
53821,55023,0.9712334437086093
46767,18113,0.9712150567395517
46926,18103,0.9712041884816754
07088,34039,0.9711872826626925
18844,42115,0.9711779448621554
72160,05001,0.9711763178395222
48429,26155,0.9711538461538461
51025,19093,0.9711221122112211
17820,42037,0.9710982658959537
34251,12081,0.9710811698981269
29020,45055,0.9710538218000905
61884,17147,0.971042471042471
64855,29097,0.9710344827586207
12853,36113,0.9710312862108922
50269,19083,0.9710144927536232
30803,13163,0.9710144927536232
63060,29071,0.9710144927536232
70736,22077,0.9710144927536232
68745,31027,0.9709821428571429
55395,27085,0.9709762532981531
22849,51139,0.9709734513274336
97131,41057,0.970917225950783
30354,13121,0.9709145147757994
05343,50025,0.9709090909090909
13480,36065,0.9709090909090909
24133,51141,0.9708973322554567
41348,21025,0.9708939708939709
98568,53027,0.9708835341365462
62056,17135,0.9708757637474542
47234,18145,0.9708588957055214
22853,51165,0.970846830171217
57474,46013,0.9708029197080292
79556,48353,0.9707938655841227
58731,38049,0.9707602339181286
93516,06029,0.9707560627674751
28320,37017,0.9707339036470058
59540,30041,0.9707317073170731
57262,46109,0.9706840390879479
62458,17051,0.9706601466992665
45068,39165,0.9706362153344209
30442,13165,0.9706311185169756
74652,40113,0.9705882352941176
57371,46059,0.9705882352941176
83632,16003,0.9705882352941176
98537,53027,0.9705573080967402
51053,19161,0.9705400981996727
62424,17049,0.9705340699815838
67026,20173,0.9704875962360993
99125,53075,0.9704797047970479
55037,27115,0.9704450625869263
17236,42055,0.9704238472286912
76093,48251,0.9704142011834319
28501,37107,0.970368660047718
37801,47009,0.970354302241504
95380,06099,0.9703136356012747
67357,20099,0.9703122811931102
68324,31131,0.9702970297029703
68924,31099,0.9702660406885759
35444,01125,0.9702405218100285
72128,05053,0.9702233250620348
56710,27089,0.9702127659574468
28618,37189,0.9702108157653528
58545,38057,0.9702048417132216
07043,34013,0.9701921350332197
14482,36037,0.9701559020044543
26270,54083,0.9701492537313433
52216,19031,0.9701298701298702
99350,53005,0.970126582278481
21222,24005,0.9700957786449096
54727,55017,0.9700942236788201
49707,26007,0.9700929355041576
67481,20105,0.9700854700854701
42327,21149,0.9700627716079189
40734,21121,0.9700472937467157
29009,45055,0.9700374531835206
00987,72031,0.9700225430476281
45741,39105,0.97
72740,05087,0.969998285616321
33548,12057,0.96998031496063
61882,17039,0.96996996996997
49309,26123,0.9699331848552338
43410,39143,0.9699204346982341
31063,13193,0.9699121027721433
54914,55087,0.9699058809423895
37709,47057,0.9698795180722891
49093,26149,0.9698672609243291
64735,29083,0.9698104892022917
68748,31119,0.9697802197802198
46777,18179,0.9697364139277579
50039,19049,0.9696969696969697
16629,42021,0.9696969696969697
67656,20195,0.9696969696969697
31510,13005,0.9696452933151433
68770,31051,0.9696335078534032
31092,13093,0.9696312364425163
24317,51035,0.9696132596685083
14817,36109,0.9696071163825055
35096,01121,0.9695526450076544
27330,37105,0.9695459837019791
75692,48203,0.9695393759286776
77489,48157,0.9695330686019444
62547,17021,0.9694656488549618
62693,17167,0.9694656488549618
07078,34013,0.9694568268119531
61491,17175,0.9694267515923567
50843,19029,0.9694189602446484
78654,48053,0.9694056511854499
58645,38007,0.9693877551020408
47274,18071,0.9693636625395912
54154,55083,0.9693460490463215
56141,27101,0.9693251533742331
26201,54097,0.9692927742059303
70774,22005,0.9692913385826771
57567,46055,0.9692832764505119
53079,55039,0.9692513368983957
54115,55009,0.9692313768860099
31519,13069,0.9691954022988506
77872,48313,0.9691808596918086
36033,01013,0.9691780821917808
30147,13115,0.9691732835123774
56164,27117,0.9691548426896978
12455,36025,0.9691289966923925
65565,29055,0.9690972222222223
71067,22015,0.9690844233055886
56554,27005,0.9690831556503199
65737,29209,0.9690747782002535
30721,13313,0.9690645352279456
60174,17089,0.9690556900726393
46163,18059,0.9690483523252232
74437,40111,0.969041402461768
71251,22049,0.9689972204404533
64506,29021,0.9689678626084
24084,51155,0.9689507494646681
55333,27129,0.9689265536723164
80654,08087,0.9689119170984456
47119,18043,0.9689036966523877
24943,54025,0.96875
94060,06081,0.96875
68458,31067,0.96875
25534,54099,0.96875
73488,40019,0.96875
54639,55123,0.9687255668491008
15017,42003,0.9687190119895429
63621,29093,0.9686985172981878
61937,17139,0.9686552072800809
47975,18171,0.9686274509803922
74962,40135,0.9686274509803922
98579,53067,0.9685701637892873
46366,18149,0.9685685001708234
57718,46093,0.9685613682092555
80808,08041,0.9685603971318257
38645,28027,0.9685430463576159
18407,42069,0.9685422602089269
50107,19073,0.9685185185185186
79520,48253,0.9685157421289355
12758,36105,0.9685004436557232
15321,42125,0.9684947491248541
79549,48415,0.9684793070259865
39480,28067,0.9684741488020177
74051,40147,0.9684684684684685
56028,27079,0.9684579439252337
69155,31101,0.9684418145956607
14519,36117,0.9684273529851863
36467,01039,0.9684259402569262
57337,46097,0.968421052631579
61410,17095,0.9684005833738454
61872,17019,0.9683908045977011
67522,20155,0.9683877766069547
27371,37123,0.968378506894912
29135,45017,0.968372627947096
73763,40011,0.9683631361760661
05641,50023,0.9683402023229674
53543,55049,0.9683313032886723
70582,22099,0.9683192758691628
30455,13251,0.9682926829268292
18224,42079,0.9682713347921226
79081,48195,0.9682457053617908
26582,54049,0.9682017543859649
43557,39171,0.9681952662721893
55052,27131,0.968186638388123
76360,48485,0.9681734317343174
57015,46125,0.9681372549019608
14054,36037,0.9681208053691275
49012,26077,0.9681159420289855
60481,17197,0.9681141815973276
00674,72091,0.968111327924412
37091,47117,0.9681070808890357
80863,08119,0.9680950163018165
45810,39065,0.9680851063829787
42722,21099,0.9680851063829787
80926,08041,0.9680715197956578
61526,17143,0.9680638722554891
45050,39017,0.9679915582131551
97390,41041,0.9679715302491103
05072,50017,0.9678899082568807
78023,48029,0.967867231638418
61531,17057,0.9678571428571429
79407,48303,0.9678317186747311
46710,18113,0.9678150498640072
27565,37077,0.9678100263852243
65066,29073,0.9677841801990571
48170,26163,0.9677802877184639
36013,01101,0.967741935483871
59214,30055,0.967741935483871
05461,50007,0.967741935483871
58356,38027,0.967741935483871
32134,12083,0.9677086911714188
97019,41051,0.9677066228790366
27317,37151,0.9676948962422883
61452,17169,0.9675925925925926
32044,12007,0.9675675675675676
68317,31109,0.9675675675675676
50472,19131,0.967558799675588
29555,45041,0.967546254170458
70427,22117,0.9675269184754742
45869,39011,0.9675205855443733
50014,19169,0.967519743483166
39866,13037,0.9675090252707581
66536,20149,0.967504598405886
47561,18083,0.967479674796748
62667,17117,0.9674267100977199
45312,39109,0.967409948542024
32140,12107,0.967391304347826
81416,08029,0.9673680657139642
50606,19065,0.9673469387755103
61929,17147,0.9673366834170855
75022,48121,0.9672529940119761
74022,40147,0.9672364672364673
75261,48439,0.9672364672364673
97826,41059,0.9672316384180791
13074,36075,0.9672209026128266
56113,27081,0.9672131147540983
76491,48447,0.9672131147540983
61321,17099,0.9672131147540983
57424,46115,0.9672131147540983
28104,37179,0.9672044432689765
46531,18149,0.9671897289586305
62379,17067,0.9671875
78003,48019,0.9671551288529561
47126,18019,0.9671422395157804
56208,27151,0.9671361502347418
76624,48309,0.9670932358318098
83202,16005,0.9670733745612569
31784,13205,0.9670588235294117
24976,54063,0.9670510708401977
28756,37149,0.9670371789957838
68669,31023,0.967032967032967
69025,31063,0.967032967032967
26155,54103,0.9669914495923643
89403,32019,0.9669913931712854
74547,40121,0.9669785360484314
60941,17091,0.966958211856171
43512,39039,0.9669212802222082
61376,17011,0.9669187145557656
12986,36033,0.9669056811913955
43986,39067,0.9668803418803419
78957,48021,0.9668719826868654
50568,19021,0.9668674698795181
43084,39021,0.9668508287292817
68726,31003,0.9668508287292817
54616,55121,0.9668174962292609
75972,48405,0.966788990825688
44611,39075,0.966785290628707
52320,19105,0.9667832167832168
55954,27045,0.9667487684729064
37806,47093,0.9666848716548334
53049,55039,0.9666395443449959
40409,21203,0.9666153055983564
71334,22029,0.9666110183639399
40031,21185,0.9666098195853156
73650,40129,0.9665551839464883
59074,30037,0.9665271966527197
19344,42029,0.9665131112686038
62560,17135,0.966501240694789
26554,54049,0.9664930193790373
37062,47187,0.966488313151225
31061,13009,0.9664731223075482
37876,47155,0.9664557287647271
81220,08051,0.9663865546218487
16127,42085,0.9663638944081748
56754,27113,0.9663461538461539
23023,51097,0.9663461538461539
41040,21191,0.966270783847981
95632,06067,0.9662628431222205
56592,27119,0.9662447257383966
51243,19119,0.9662337662337662
32420,12063,0.9662322274881516
05843,50005,0.9662162162162162
50155,19121,0.9662162162162162
72366,05107,0.9661733615221987
16657,42061,0.9661495063469676
16059,42019,0.9661266568483063
62671,17107,0.9661016949152542
45387,39057,0.9660336988499599
76556,48331,0.9660297239915074
46280,18057,0.9660080730826429
46798,18003,0.965962441314554
46342,18089,0.9659555442003066
05680,50015,0.9659201557935735
43342,39101,0.9659168370824812
69024,31087,0.9659090909090909
32669,12001,0.9658818669971087
30656,13297,0.965859872611465
38829,28117,0.9658375786634702
77355,48339,0.9658125658125658
45324,39057,0.9658081373646883
46706,18033,0.9657920956492859
55972,27169,0.9657779546358933
07825,34041,0.9657643312101911
67762,20199,0.9657534246575342
68642,31141,0.9657534246575342
89521,32031,0.9657475902264067
48649,26145,0.9657360406091371
62075,17135,0.9657172995780591
80002,08059,0.9657049922217508
65263,29137,0.9656912209889001
43164,39129,0.9656862745098039
29827,45005,0.9656601539372409
48875,26067,0.9656526005888125
55027,27049,0.9656518345042935
44141,39035,0.9656366911459054
54454,55141,0.9656357388316151
67870,20081,0.965625
37036,47043,0.9656108597285068
25239,54035,0.9656050955414013
66044,20045,0.9655674667909578
13045,36023,0.9655427024366232
31701,13095,0.9655419489317353
43943,39081,0.9655367231638418
57233,46077,0.9655172413793104
82242,56027,0.9655172413793104
68443,31097,0.9655172413793104
28636,37003,0.9655032467532467
54853,55095,0.9654907975460123
29628,45001,0.9654800431499461
66521,20149,0.9654761904761905
51058,19141,0.9654605263157895
47250,18077,0.965449088646512
52209,19011,0.9654427645788337
56027,27043,0.9654427645788337
24343,51035,0.9654382279931258
49245,26025,0.9654166666666667
42453,21107,0.9653679653679653
50042,19009,0.9653179190751445
60013,17111,0.9653080406733316
68354,31059,0.9653061224489796
63628,29187,0.9652627560758367
08004,34007,0.9652424550695151
80474,08047,0.9652173913043478
48659,26011,0.9652002626395273
53010,55039,0.9651873505182036
12019,36091,0.9651747710563653
42741,21001,0.9651741293532339
55328,27171,0.965158924205379
93646,06019,0.9651567944250871
26411,54017,0.9651474530831099
13158,36023,0.9651324965132496
65534,29169,0.9651162790697675
55975,27045,0.9650780608052588
66050,20045,0.9650436953807741
75252,48085,0.9650311900191939
43416,39123,0.9650249821556032
81063,08025,0.9650170648464164
47955,18107,0.965
05068,50027,0.9649805447470817
71763,05039,0.964964964964965
62939,17087,0.964963503649635
70529,22055,0.9649396735273243
38468,47099,0.9649298597194389
18324,42103,0.9649222601441031
75423,48231,0.9649220489977728
57258,46025,0.9649122807017544
61361,17011,0.9648910411622276
28624,37193,0.9648760330578512
59262,30083,0.9648648648648649
37405,47065,0.9648595063922882
39571,28047,0.9648446109764162
16055,42019,0.9648003779825183
17372,42001,0.9647964796479648
01235,25003,0.9647779479326187
47529,18027,0.9647302904564315
66072,20107,0.9647058823529412
68429,31095,0.9647058823529412
68332,31097,0.9647058823529412
12149,36095,0.9646098003629764
68768,31167,0.9646017699115044
47102,18143,0.9645993413830956
57469,46115,0.9645569620253165
25043,54015,0.9645494830132939
72368,05077,0.9645390070921985
37365,47061,0.964516129032258
45327,39113,0.9645037304996609
53924,55103,0.9644886363636364
65724,29085,0.9644693782141187
21227,24005,0.964458146704671
55979,27169,0.9644444444444444
57366,46067,0.9644097222222222
19342,42045,0.9644029034503331
29081,45009,0.9643605870020965
55991,27157,0.9643312101910828
27217,37001,0.964319248826291
82210,56031,0.9642857142857143
79062,48233,0.9642857142857143
27305,37033,0.9642857142857143
71923,05019,0.9642754525428598
37015,47021,0.9642282958199357
28701,37021,0.9641791044776119
45066,39165,0.9641583008379656
78070,48091,0.9641557637222266
79356,48169,0.9641532756489494
85901,04017,0.9641477547078706
61476,17131,0.9641434262948207
29471,45035,0.9641203703703703
60949,17019,0.9640718562874252
32578,12091,0.9640271745183205
58623,38011,0.964
17243,42061,0.964
45388,39037,0.964
47959,18181,0.9639934533551555
29153,45085,0.9639867841409692
59462,30045,0.963963963963964
19096,42091,0.9639112079531527
65065,29029,0.9638969117973784
56098,27043,0.963884430176565
56323,27121,0.963855421686747
12032,36035,0.963855421686747
38504,47049,0.963855421686747
38257,47131,0.9638047138047138
75024,48085,0.963796992481203
43323,39175,0.9637681159420289
54428,55067,0.9637610186092067
30521,13119,0.9637234770704997
46360,18091,0.9637200592962472
68840,31019,0.9636852723604573
46901,18067,0.9636691121556913
66097,20087,0.9636363636363636
08081,34007,0.9636329197840705
44824,39043,0.9636058230683091
10541,36079,0.9636057734880015
51006,19093,0.9636048526863085
93215,06029,0.9635782303468409
08302,34011,0.9635230352303523
83204,16005,0.9634988797610157
64479,29147,0.9634703196347032
05836,50005,0.9634551495016611
76561,48099,0.9634369287020109
37026,47015,0.9634328358208956
68142,31055,0.9634260706470772
26250,54001,0.9633620689655172
47165,18175,0.9633473889069089
62546,17021,0.9633375474083439
37101,47085,0.9632952691680261
49644,26085,0.9632107023411371
56662,27021,0.9631782945736435
51005,19035,0.9631650750341064
58330,38071,0.9631578947368421
47346,18177,0.9631474103585658
66720,20133,0.9631441617742987
52169,19065,0.9631336405529954
77420,48481,0.963130173062453
18255,42025,0.9631185807656396
64075,29095,0.9631101923994275
08087,34029,0.9630565419284348
62298,17133,0.9629970121811078
50057,19125,0.9629629629629629
58346,38005,0.9629629629629629
58484,38039,0.9629629629629629
52635,19101,0.9629629629629629
59461,30051,0.9629629629629629
44230,39169,0.9628844114528102
76626,48349,0.9628712871287128
30248,13151,0.9627900861218854
43031,39089,0.9627348807831991
72566,05065,0.9626556016597511
79553,48253,0.9626300851466414
72031,05141,0.9626185605356147
81638,08081,0.9626168224299065
75790,48467,0.9625993454885461
55962,27045,0.9625935162094763
58048,38017,0.9625850340136054
27278,37135,0.9625838333921638
27522,37077,0.9625788999098287
66781,20021,0.9625748502994012
65542,29215,0.9625612316305109
75651,48203,0.9625407166123778
62628,17137,0.9625292740046838
54856,55007,0.9624309392265193
35653,01059,0.9624097176625082
18333,42089,0.9624060150375939
13730,36017,0.962401055408971
68832,31079,0.9623971797884842
36256,01123,0.9623762376237623
93243,06029,0.9623655913978495
45144,39001,0.962359332557237
68360,31159,0.9623287671232876
44612,39157,0.9623059866962306
39638,28005,0.9622850804215197
63735,29207,0.9622641509433962
59443,30013,0.9622641509433962
53818,55043,0.9622534411806443
45744,39167,0.9621848739495799
68944,31035,0.9621749408983451
48861,26045,0.9621621621621622
69131,31033,0.9621212121212122
26575,54103,0.9621212121212122
57638,46105,0.9620886981402003
35555,01057,0.962071591774562
37187,47043,0.9620384815392615
23120,51041,0.962023653088042
45122,39025,0.9619840104421602
72013,05141,0.9619611158072696
40330,21167,0.9619525022598405
62901,17077,0.9619368526145015
30338,13089,0.96193595753092
61434,17073,0.9618514750762971
21719,24043,0.9618473895582329
79503,48253,0.9618320610687023
47840,18021,0.9618320610687023
48421,26087,0.9618270799347471
70706,22063,0.9618092390780211
36303,01069,0.9617352056168506
37032,47147,0.9617245930488342
50154,19169,0.9617021276595744
44662,39151,0.9616677874915938
52228,19113,0.9616306954436451
65011,29141,0.9615912208504801
78108,48187,0.9615649945796787
39074,28123,0.9615563298490127
62512,17107,0.9615384615384616
59041,30009,0.961499493414387
03280,33019,0.9614873837981408
28364,37155,0.9614863032275562
62992,17153,0.9614643545279383
32442,12063,0.9614522635589422
46076,18159,0.961439588688946
00953,72135,0.9614351851851852
45622,39163,0.9614035087719298
46932,18017,0.9613733905579399
57043,46125,0.9613259668508287
64636,29061,0.9613259668508287
56557,27087,0.9612817089452603
56461,27057,0.9612745098039216
66754,20011,0.9612676056338029
17053,42099,0.9612462006079028
66411,20117,0.961218836565097
73840,40045,0.961218836565097
36009,01041,0.9611829944547134
16743,42083,0.9611821790913101
68974,31129,0.9611650485436893
70403,22105,0.9611274156930063
72946,05033,0.9611084103062713
00976,72139,0.9611083621969322
28702,37075,0.9610778443113772
66412,20117,0.961038961038961
44064,39055,0.9610062893081761
63446,29103,0.9609929078014184
70722,22037,0.9609814963797265
63123,29189,0.9609795380504411
39772,28019,0.9609665427509294
98221,53057,0.9609589041095891
31816,13199,0.9609448818897638
49917,26061,0.9609375
43144,39073,0.9608938547486033
83276,16029,0.9608256107834878
56501,27005,0.9608097586296392
58317,38095,0.9607843137254902
76374,48503,0.9607568325157674
72072,05085,0.9606986899563319
79541,48441,0.9606837606837607
40472,21065,0.9606801275239107
56644,27029,0.9606481481481481
63956,29223,0.960644007155635
79079,48483,0.9606299212598425
62479,17079,0.9606299212598425
19310,42029,0.9606147934678194
48821,26045,0.960586319218241
59261,30071,0.9605734767025089
77085,48201,0.960546515198035
24087,51121,0.9605263157894737
75009,48085,0.9603679784416671
46773,18003,0.9603603603603603
17847,42097,0.9603558607772749
39160,28007,0.9603554340396445
46049,18159,0.9603174603174603
18964,42091,0.9603081342211777
51601,19145,0.9602991944764097
31806,13249,0.9602966841186736
27215,37001,0.9602858271392151
38801,28081,0.960279943520167
36079,01109,0.9602707474985286
50562,19147,0.9601449275362319
31566,13025,0.9601211509338717
22436,51057,0.9601139601139601
68752,31119,0.9600997506234414
49038,26021,0.9600943225104299
53811,55043,0.9600785340314136
28654,37193,0.9600732600732601
30810,13125,0.9600665557404326
31044,13289,0.9600656455142232
87062,35053,0.9600614439324117
54201,55061,0.9600523903077931
46787,18183,0.9600394671928959
47117,18061,0.9600371747211895
50219,19125,0.9600263852242744
65079,29029,0.9600112644325542
79243,48125,0.96
77994,48123,0.96
68442,31147,0.96
51431,19093,0.96
14475,36069,0.96
56572,27111,0.9599483204134367
58852,38105,0.9599141016463851
24380,51063,0.9599012954966071
58790,38049,0.9598445595854922
22032,51059,0.9598326359832636
58367,38079,0.9598278335724534
14024,36121,0.9598262757871878
72742,05087,0.9598214285714286
46979,18067,0.9598173515981735
23233,51087,0.9598035104534834
62466,17101,0.9597875569044007
45638,39087,0.9597696677301377
90265,06037,0.9597600599850038
49288,26059,0.9597523219814241
47108,18175,0.959726443768997
79545,48353,0.9597122302158273
35540,01133,0.9597044996642041
98251,53061,0.9596928982725528
68064,31055,0.9596687072380267
37853,47009,0.9596320899335717
77808,48041,0.9596124664409945
54968,55047,0.9596114519427403
22701,51047,0.9596023810899844
30733,13129,0.9595959595959596
69144,31101,0.9595959595959596
18460,42127,0.9595959595959596
74852,40125,0.9595426561125769
55065,27037,0.9595375722543352
66962,20201,0.9595375722543352
80234,08001,0.9595290654893304
29630,45077,0.9595015576323987
49315,26081,0.9594712261537244
71660,05025,0.9594356261022927
27807,37127,0.9594182500586441
68428,31109,0.9593837535014006
61053,17015,0.9593821510297483
49822,26003,0.959349593495935
68773,31003,0.959349593495935
18055,42095,0.9593098958333334
61360,17099,0.9593058049072412
68601,31141,0.9592863969417011
65284,29019,0.9592183517417162
38004,47167,0.9592043840064948
87577,35055,0.9591836734693877
59024,30111,0.9591836734693877
38618,28137,0.9591540200193736
75471,48223,0.9591346153846154
72949,05047,0.959122279242612
57248,46057,0.9590551181102362
46991,18053,0.9590163934426229
62539,17167,0.95900439238653
80734,08095,0.9589963280293757
23856,51025,0.958974358974359
72479,05111,0.958968347010551
37310,47011,0.9589539887454486
50271,19079,0.9589442815249267
25443,54037,0.9589212919410474
45433,39057,0.9588944011339475
29118,45075,0.9588637435172088
68020,31021,0.9588235294117647
44843,39139,0.9587542087542088
17011,42041,0.9587233809602015
29944,45049,0.9586653386454184
54562,55085,0.9586238958623896
57422,46037,0.9586206896551724
37148,47165,0.9586184943498329
98022,53033,0.9585946293616338
42129,21169,0.9585602652143026
65463,29105,0.9585406301824212
00924,72127,0.9585329810577224
70583,22055,0.9585302457466919
97527,41033,0.9585077249005323
22066,51059,0.9585008429516275
64076,29107,0.9584890812512296
73135,40109,0.958487835760152
22601,51840,0.958485683748664
63352,29007,0.9584775086505191
76577,48331,0.9584035975267003
26447,54041,0.9583931133428981
24258,51169,0.9583892617449664
95957,06101,0.9583333333333334
68859,31175,0.9583333333333334
79251,48087,0.9583333333333334
66838,20127,0.9583333333333334
67741,20181,0.9583333333333334
29817,45011,0.9583070120025269
72438,05093,0.958295557570263
55336,27085,0.9582938388625593
68824,31079,0.958273381294964
28679,37189,0.9581993569131833
83654,16003,0.9581993569131833
44443,39099,0.9581497797356828
50621,19075,0.9580152671755725
76308,48485,0.957964245450153
38761,28133,0.9579524680073126
75756,48213,0.9579459938025675
56240,27011,0.9578754578754579
60146,17037,0.9578651685393258
52161,19191,0.9578651685393258
40140,21027,0.9578313253012049
59635,30049,0.9578163771712159
66748,20001,0.9578146611341632
38317,47017,0.957811470006592
16037,42019,0.9577952755905512
33478,12099,0.9577828397873956
30204,13171,0.9577238150965477
61732,17113,0.9577060931899641
84315,49057,0.9576946658491723
41031,21097,0.9575852782764811
64861,29119,0.9575671852899575
65634,29085,0.9575342465753425
46725,18183,0.9574963843805239
68631,31141,0.9574468085106383
93603,06107,0.9574468085106383
66846,20127,0.9574204216618437
46158,18109,0.9573534023204766
61721,17179,0.9572953736654805
21215,24510,0.957277724665392
36502,01053,0.9572365295067946
29835,45065,0.9572111207645526
66866,20115,0.9571275455519829
23970,51117,0.9570702315948032
50563,19025,0.9570637119113573
61565,17123,0.9570637119113573
88114,35025,0.956989247311828
64726,29083,0.956989247311828
14805,36097,0.9568965517241379
30273,13063,0.9568799073239799
43406,39173,0.9568764568764568
64440,29021,0.9568733153638814
16641,42021,0.9568713450292398
62824,17025,0.9568500539374326
62957,17003,0.9568480300187617
48897,26015,0.9568452380952381
67137,20073,0.9568345323741008
72324,05037,0.9568345323741008
14058,36037,0.9567966280295047
66512,20087,0.9567791592658378
13459,36095,0.9567474048442907
40245,21111,0.9567463216111864
72331,05035,0.9567076429716729
44859,39005,0.9566929133858267
00617,72017,0.9566845374861714
56122,27101,0.9566787003610109
61910,17041,0.9566770879857079
01026,25015,0.956661316211878
42445,21033,0.9566391359593392
48191,26161,0.9566003616636528
76437,48133,0.9565894924309885
72823,05115,0.956581103222283
28215,37119,0.9565257324801764
58782,38075,0.9565217391304348
76940,48451,0.9565217391304348
22508,51137,0.9565043362241494
83347,16067,0.9564304461942257
61760,17203,0.9563780568407139
61440,17109,0.9563492063492064
00949,72137,0.9563391728372765
40372,21167,0.9563145353455124
78387,48409,0.9562996594778661
15840,42065,0.9562363238512035
54628,55023,0.9562243502051984
78739,48453,0.956182390798302
45688,39087,0.9561752988047809
77099,48201,0.9561685899658263
46761,18087,0.9561609236875338
35771,01071,0.9561551433389545
36804,01081,0.9561343903359758
31537,13049,0.9560621761658031
27540,37183,0.956041437477081
31707,13095,0.9560370741482966
64465,29049,0.9559804357492219
38841,28115,0.9559782608695652
72176,05085,0.9559617781470711
61465,17131,0.9559543230016313
17264,42061,0.9559505409582689
46978,18017,0.9559118236472945
73537,40065,0.9558823529411765
44275,39103,0.9558610709117221
28711,37021,0.9558396808124773
60420,17105,0.9557748538011696
99347,53023,0.9557522123893806
16224,42031,0.955719557195572
99033,53075,0.9556962025316456
29702,45021,0.9556754988550867
69357,31157,0.9556386958845537
27283,37081,0.955625
97231,41051,0.9556084026952041
76230,48337,0.9555996338114129
77365,48339,0.9555800293685757
39051,28079,0.9555779344298981
47003,18161,0.9555555555555556
62896,17055,0.9555555555555556
88116,35041,0.9555555555555556
43315,39117,0.9554958183990442
95963,06021,0.9554756637168141
13838,36025,0.9554730983302412
45044,39017,0.9554675716440423
52358,19031,0.9554537885095754
12967,36089,0.9554263565891473
21780,24021,0.9554140127388535
38059,47045,0.9553967471660917
62869,17193,0.9553508150248051
23093,51109,0.9553047404063205
80110,08005,0.9552753732279513
17211,42009,0.9552715654952076
57382,46073,0.9552599758162031
64487,29147,0.9552238805970149
37180,47003,0.9552238805970149
55616,27075,0.95522030651341
71023,22119,0.9552102376599635
55964,27157,0.9551917277035761
61334,17099,0.9551820728291317
58352,38019,0.9551569506726457
50532,19187,0.9551569506726457
45877,39137,0.9551569506726457
52325,19095,0.9551451187335093
51034,19133,0.9551451187335093
72036,05147,0.9551282051282052
27880,37195,0.9551122194513716
61281,17131,0.9551122194513716
55070,27003,0.9550561797752809
38572,47035,0.9550429563375309
37153,47149,0.9550173010380623
57243,46029,0.9550173010380623
47541,18037,0.955
46307,18089,0.9549557820006732
58620,38087,0.954954954954955
48451,26049,0.9549323985978968
63049,29099,0.9549266247379455
39346,28159,0.9548667754214247
67352,20049,0.9548387096774194
54977,55135,0.9548104956268222
42461,21225,0.9548022598870056
48462,26125,0.9547790339157246
65438,29203,0.9547770700636943
28642,37197,0.9547611515343246
65682,29057,0.9546961325966851
42441,21107,0.9546742209631728
68455,31025,0.9546666666666667
49660,26101,0.9546485260770975
75495,48181,0.9546451082488353
57451,46045,0.9545454545454546
57714,46007,0.9545454545454546
12763,36105,0.9545454545454546
15763,42063,0.9545454545454546
52069,19097,0.9545454545454546
67645,20137,0.9545454545454546
58778,38055,0.9545454545454546
97206,41051,0.9544496801133969
30513,13111,0.9544312280113922
68045,31021,0.9544186046511628
13037,36053,0.9544072948328267
77807,48041,0.9543863742417172
55044,27037,0.954378516796388
98930,53077,0.9543201133144475
13077,36023,0.9542577675489068
54165,55087,0.9542573711766327
31087,13141,0.9542361347397074
16655,42009,0.954177897574124
70346,22005,0.9541267501842299
76622,48217,0.9540229885057471
45727,39121,0.9539877300613497
54830,55013,0.9539827771797632
74333,40035,0.9539641943734015
76126,48439,0.9539521834593804
43932,39081,0.9539170506912442
14105,36063,0.9539149888143177
38370,47071,0.9538258575197889
52552,19051,0.953810623556582
37650,47171,0.9537860414982484
51338,19041,0.953757225433526
48134,26163,0.9537297677691766
52537,19051,0.9537275064267352
06330,09180,0.9536950420954162
96025,06093,0.9536928487690504
50235,19073,0.9536679536679536
14145,36121,0.953662182361734
89434,32031,0.953660797034291
62835,17193,0.9536
71762,05139,0.9535891089108911
65452,29169,0.9535736102626756
37737,47009,0.9535660091047041
55985,27039,0.9535423925667829
76247,48121,0.9534913272761929
62323,17149,0.9534883720930233
72568,05063,0.9534883720930233
76522,48099,0.9534721366678987
56319,27041,0.9534534534534534
39861,13099,0.9534482758620689
30173,13115,0.9534476723836192
61957,17173,0.9534412955465587
36474,01039,0.953401178361007
31790,13287,0.9533730158730159
65630,29043,0.9533527696793003
76570,48145,0.9532634971796938
15767,42065,0.9532616845788553
66039,20003,0.9532467532467532
74871,40123,0.9532110091743119
70744,22063,0.9531880548829701
68152,31055,0.9531835205992509
32091,12007,0.9531441291040623
67428,20113,0.9531013615733737
72930,05047,0.9530516431924883
29436,45015,0.9530416221985059
70606,22019,0.953030303030303
66547,20149,0.9530295913574448
37221,47037,0.9530246704967894
37764,47155,0.9530096536059057
50268,19107,0.9530075187969925
30707,13295,0.9530029296875
46278,18097,0.953001017293998
58763,38061,0.9529978909310033
28605,37189,0.952959321380374
57779,46081,0.9529411764705882
80266,08031,0.9529411764705882
39337,28101,0.9529298751200769
46539,18085,0.9528688524590164
66755,20001,0.9528455284552846
34990,12085,0.952831863644434
66095,20059,0.9528301886792453
15044,42003,0.9528227256382596
38464,47099,0.9528004583870505
46962,18169,0.9527820882287741
22968,51079,0.9527787248550972
78606,48031,0.9526899161935658
62972,17087,0.9526854219948849
84020,49035,0.9526283240568955
36052,01101,0.9525993883792049
77480,48039,0.9525762624967957
55940,27039,0.9525368248772504
65560,29065,0.9525090653877647
66617,20177,0.9524524524524525
31805,13053,0.9524465885596141
15143,42003,0.9524305555555556
61917,17045,0.9523809523809523
66041,20005,0.9523809523809523
68852,31163,0.9523809523809523
67853,20069,0.9523809523809523
50220,19049,0.9523706896551725
41004,21023,0.952317880794702
57751,46103,0.9523052464228935
71973,05113,0.9522998296422487
42459,21225,0.9522804054054054
17964,42107,0.9522388059701492
18202,42079,0.9522297039766231
31803,13197,0.9522251308900523
45042,39017,0.9522080185938407
49246,26075,0.9521817095038853
72948,05033,0.9521739130434783
72773,05087,0.9521739130434783
76871,48411,0.9521531100478469
24124,51071,0.9521452145214522
43910,39081,0.9521307647402218
45882,39107,0.9521276595744681
30236,13063,0.9521230875021489
52777,19045,0.952112676056338
48436,26049,0.9521035598705502
67487,20027,0.9520958083832335
56329,27009,0.9520697167755992
41159,21127,0.952054794520548
70555,22113,0.9520184135977338
61930,17041,0.952
68359,31151,0.9519704433497537
28078,37119,0.9519620358550258
30110,13143,0.95187949880032
28411,37129,0.9518573820189131
68729,31107,0.9518072289156626
63441,29163,0.9517937219730942
38930,28083,0.951783923198166
16063,42019,0.9517722254503196
31091,13093,0.9517716535433071
36305,01069,0.9516641933432266
49952,26061,0.9516129032258065
71432,22043,0.9516129032258065
88112,35009,0.9516129032258065
65039,29019,0.9516129032258065
30619,13221,0.9515923566878981
74881,40081,0.9515814135103475
52554,19179,0.9515706806282722
16914,42015,0.9515669515669516
35046,01021,0.9515580736543909
59722,30077,0.9515545914678236
62373,17067,0.9515151515151515
27320,37157,0.9514863367799113
44504,39099,0.9514824797843666
57363,46035,0.9514767932489452
10537,36079,0.9514472455648926
75451,48063,0.9513960703205792
37046,47187,0.9513871838939357
75125,48139,0.9513606170987786
47360,18065,0.9512635379061372
14532,36069,0.95125284738041
17073,42075,0.9512386944553677
46950,18017,0.9512195121951219
26321,54041,0.9512195121951219
25047,54005,0.9512195121951219
76578,48491,0.9511904761904761
25951,54089,0.9511458071014858
49305,26107,0.9511278195488722
55388,27019,0.9511002444987775
22560,51057,0.9510763209393346
50450,19189,0.9510613207547169
54130,55087,0.9510509440684004
95914,06007,0.951048951048951
27962,37187,0.9510457366122731
37330,47051,0.951006711409396
76667,48293,0.950981957528341
50168,19099,0.9509345794392523
52590,19185,0.9508670520231214
37018,47031,0.9508417508417508
46929,18015,0.9508386350491613
87035,35057,0.9508290451686678
72838,05149,0.9508196721311475
97070,41005,0.9507659857904085
77521,48201,0.9507431846963941
50672,19083,0.9507246376811594
35133,01009,0.9507139567019807
62236,17133,0.9506827522206018
67838,20093,0.9506493506493506
75160,48257,0.9505516416323275
51523,19133,0.9504950495049505
44683,39157,0.9504694835680751
55398,27141,0.950446898002103
76450,48503,0.9504458000938526
74079,40081,0.9504103967168263
43728,39115,0.950354609929078
64061,29101,0.9503239740820735
18017,42095,0.9503221783413012
39859,13253,0.9502923976608187
40019,21103,0.9502708025603152
38870,28095,0.9502518891687658
47957,18131,0.9502369668246445
85643,04003,0.9502039064176862
69343,31161,0.9502018842530283
53964,55077,0.9502018842530283
97456,41003,0.9501940491591203
80513,08069,0.9501805722752107
28448,37017,0.9501510574018127
38635,28093,0.9501444179329398
05778,50001,0.9501312335958005
00778,72063,0.9500609756097561
39038,28053,0.9500276090557703
31096,13167,0.9500147885241053
40445,21203,0.95
99160,53019,0.95
41129,21019,0.9499904196206169
58495,38051,0.9498777506112469
37306,47051,0.949814126394052
17921,42107,0.9497660674710663
56542,27119,0.9497098646034816
05363,50025,0.9497084548104956
52324,19113,0.9496996996996997
49251,26065,0.9496402877697842
56111,27063,0.9495798319327731
29374,45083,0.9495268138801262
35040,01117,0.9495066228109166
28090,37045,0.9494875549048316
67570,20155,0.9494799405646359
77320,48471,0.9494413407821229
68314,31159,0.949438202247191
27349,37001,0.9494364910143162
45679,39001,0.9493487698986975
63559,29001,0.9493333333333334
52316,19095,0.9493243243243243
66615,20177,0.9492971887550201
84532,49019,0.9492527325451706
56437,27153,0.949238578680203
62035,17119,0.9492259391577352
38472,47055,0.949163050216987
30538,13257,0.9491428571428572
63834,29133,0.9491406524026658
62021,17119,0.9491150442477876
50625,19023,0.9490909090909091
13156,36011,0.9490595611285266
93622,06019,0.9490532010820559
13409,36053,0.9489795918367347
45381,39135,0.9489513256826276
74366,40097,0.9489194499017681
50482,19033,0.9489194499017681
39162,28163,0.948905109489051
69165,31111,0.9488636363636364
16662,42013,0.9488517745302714
16403,42039,0.9488420324922227
38544,47141,0.9487978628673197
51240,19119,0.948780487804878
56735,27069,0.948780487804878
68031,31053,0.9487750556792873
28513,37147,0.9487678339818417
99159,53043,0.9487577639751553
37774,47105,0.9487482614742698
68303,31169,0.9487179487179487
97493,41039,0.9487179487179487
61063,17201,0.9487046632124352
68883,31079,0.948695652173913
06226,09180,0.9486879328845966
43469,39143,0.9486833220796759
35563,01093,0.9485785953177257
15131,42003,0.9485309886339267
68316,31185,0.9484536082474226
16311,42085,0.9484536082474226
19530,42011,0.9484502088371071
16947,42015,0.9484494563028595
62449,17033,0.9484412470023981
32058,12007,0.9484304932735426
23919,51117,0.9483375959079284
49878,26041,0.9483294483294483
59424,30027,0.9482758620689655
45682,39145,0.9482758620689655
44656,39157,0.948203842940685
61933,17045,0.9481946624803768
46702,18069,0.9481680071492404
21784,24013,0.9481413739308193
69167,31117,0.9481132075471698
40379,21209,0.9481005885500268
70546,22053,0.9480261621116561
18092,42077,0.9479724560061209
43942,39013,0.9479638009049773
57059,46009,0.9479606188466948
68376,31147,0.9479553903345725
95311,06043,0.9479495268138801
61084,17141,0.9479166666666666
67018,20077,0.9479166666666666
24053,51141,0.9478442280945758
72532,05135,0.9478079331941545
62558,17167,0.9477777777777778
49011,26025,0.9477006311992786
50586,19025,0.9476744186046512
75478,48223,0.9476744186046512
37663,47163,0.94765625
37879,47025,0.9476190476190476
08530,34019,0.9476092427362159
83669,16001,0.9475982532751092
57716,46102,0.9475982532751092
57053,46125,0.9475890985324947
49082,26023,0.9475514343668502
61111,17201,0.9475003686771862
70466,22105,0.9473880597014925
67556,20165,0.9473684210526315
58348,38005,0.9473684210526315
67659,20065,0.9473684210526315
58418,38103,0.9473684210526315
70068,22095,0.9473547380735734
30417,13109,0.9473507712944332
23123,51029,0.9473140495867769
97333,41003,0.9472031109781633
75975,48419,0.9471960704052395
44817,39173,0.9471698113207547
38501,47141,0.9471323416653887
32054,12125,0.947127698499817
23224,51760,0.9470681827001436
91766,06037,0.9470669308295289
63640,29187,0.9470554383272588
83547,16049,0.9470198675496688
46562,18085,0.9470198675496688
54981,55135,0.946984126984127
79031,48279,0.946969696969697
50233,19049,0.9468599033816425
26294,54083,0.946843853820598
17222,42055,0.9468421052631579
31764,13261,0.9468354430379747
16921,42117,0.9468085106382979
81154,08105,0.9468027941966685
64489,29075,0.9467989179440938
56601,27007,0.9467972338599768
56082,27103,0.9467632698062687
68333,31151,0.9467597208374875
12143,36001,0.9467366841710427
63384,29139,0.9467353951890034
75758,48213,0.9467304625199362
26180,54107,0.9467110741049126
42642,21207,0.9467011324470704
22311,51510,0.94668513069067
63072,29071,0.9466824644549763
80745,08075,0.9466666666666667
69138,31047,0.9466338259441708
19440,42091,0.9466226708074534
14141,36029,0.9466158245948523
48168,26163,0.9465220287372729
42206,21141,0.9465148378191857
08215,34001,0.9465131158029431
49078,26005,0.9464725643896976
52064,19097,0.9464668094218416
74352,40097,0.9464653397391901
56314,27097,0.9464285714285714
33960,12055,0.9464285714285714
73072,40027,0.9464064179968572
47981,18157,0.9463276836158192
52355,19107,0.9463087248322147
61560,17155,0.9462875197472354
37166,47041,0.9462454320405517
78253,48029,0.9462378241023952
79532,48335,0.946236559139785
52567,19101,0.9461077844311377
65548,29091,0.9460740072202166
11040,36059,0.9460655942137424
85602,04003,0.946043932608232
40012,21179,0.946031746031746
51453,19025,0.9460227272727273
56358,27065,0.946010797840432
58433,38045,0.9459962756052142
70339,22007,0.9459912780945992
75752,48213,0.9459567654123299
30650,13211,0.9459352801894239
78119,48255,0.9458912037037037
69022,31065,0.9458896982310093
66403,20117,0.9458762886597938
47950,18181,0.9458762886597938
76108,48439,0.9458700882117081
51559,19155,0.9458563535911603
56248,27051,0.945823927765237
40810,21095,0.9457700650759219
28438,37047,0.9457111834961998
47459,18055,0.9457083764219235
59845,30089,0.9456953642384106
50275,19039,0.9456869009584664
39073,28121,0.9456483746941629
76023,48497,0.9456200787401575
72461,05021,0.9455782312925171
72024,05085,0.9455782312925171
29059,45075,0.9455559199737619
65441,29055,0.945540427896638
62917,17165,0.9455252918287937
49229,26091,0.9454545454545454
63645,29123,0.9454014149492463
26254,54083,0.9453781512605042
75954,48419,0.945332211942809
68960,31061,0.9453125
16735,42083,0.94529262086514
28167,37161,0.9452485840151038
70592,22055,0.9452170248630426
14456,36069,0.9451986989110451
36786,01105,0.9451645064805583
52561,19123,0.9451219512195121
38913,28013,0.9451219512195121
61273,17073,0.9451137884872824
50020,19029,0.9450402144772118
29082,45029,0.9450261780104712
77523,48071,0.9449829709195704
77584,48039,0.9449829107789623
14485,36051,0.944977284199899
57533,46053,0.944954128440367
42404,21233,0.9449465899753492
24079,51063,0.9449275362318841
70748,22037,0.9448857994041708
39301,28075,0.9448823599665592
60021,17111,0.9448499594484996
13304,36065,0.9448275862068966
76066,48367,0.9448275862068966
50845,19159,0.9448275862068966
49713,26029,0.9448
35503,01127,0.9447688970465543
51555,19085,0.9447071662422699
76655,48309,0.9447041753990005
53177,55101,0.9446885500129233
35564,01093,0.9446517412935324
97102,41007,0.9446064139941691
71362,22009,0.9445564516129032
41064,21201,0.9445438282647585
78141,48123,0.9444444444444444
50515,19147,0.9444444444444444
80721,08095,0.9444444444444444
49451,26121,0.9443625644804716
78666,48209,0.9443198515196041
14487,36051,0.9442877291960508
28092,37109,0.9442256571822388
75571,48343,0.9441944194419442
80835,08039,0.9441860465116279
61344,17011,0.9441860465116279
01096,25015,0.9441391941391941
66852,20031,0.9441340782122905
51531,19165,0.9440860215053763
49625,26101,0.9440832249674902
35621,01103,0.9440753045404208
50153,19099,0.944
63560,29211,0.944
80815,08063,0.9439071566731141
73601,40039,0.9438651372957942
25266,54087,0.9438202247191011
35765,01071,0.9437784208350558
62427,17033,0.943728018757327
42452,21101,0.9437148217636022
75424,48085,0.9437131184748071
57376,46067,0.9436325678496869
05065,50027,0.943609022556391
60145,17037,0.943609022556391
53075,55117,0.9435718440954043
63471,29127,0.9435294117647058
26866,54071,0.9435146443514645
55736,27137,0.9434782608695652
05762,50021,0.9434782608695652
77363,48185,0.9434764130896728
20613,24033,0.9434609324311799
61818,17147,0.9434523809523809
64842,29145,0.9434389140271493
63547,29103,0.9433962264150944
67512,20159,0.9433962264150944
98601,53011,0.9433797909407665
56209,27067,0.9433384379785605
77612,48241,0.9432915057915058
67648,20167,0.9432432432432433
56448,27035,0.9432432432432433
72354,05111,0.9432314410480349
05060,50017,0.9431898376852506
73729,40093,0.9431818181818182
59444,30101,0.9431818181818182
32083,12125,0.9431216931216931
46259,18097,0.9431201709682723
74859,40107,0.9431093673369298
59215,30055,0.943089430894309
25124,54079,0.9430604982206405
15003,42007,0.9430453312669508
56087,27015,0.943030303030303
43347,39091,0.9430147058823529
13152,36067,0.9430069338745137
58642,38025,0.9430051813471503
72530,05023,0.9429000751314801
44878,39139,0.9428807947019867
22844,51171,0.9428699955015745
79097,48065,0.9428571428571428
29111,45027,0.9428571428571428
45154,39015,0.9428149398607301
26456,54017,0.9428129829984544
56118,27033,0.9427312775330396
46115,18139,0.9426406926406926
55756,27115,0.9426229508196722
67418,20105,0.9426229508196722
44632,39151,0.9426179293444966
37779,47173,0.9425861208187718
45118,39015,0.9425601750547046
77511,48039,0.9425583266291231
88136,35011,0.9425287356321839
70589,22097,0.9425124201561391
53555,55021,0.9424616050183864
50027,19123,0.9424083769633508
16412,42049,0.942380183091007
83670,16045,0.9423728813559322
78954,48149,0.9423459244532804
78016,48325,0.9423180592991913
66870,20073,0.9423076923076923
45249,39061,0.9422936449963477
51527,19165,0.9422382671480144
60911,17075,0.9422268907563025
58243,38099,0.9422222222222222
79739,48173,0.9421768707482994
72069,05095,0.9421487603305785
45766,39009,0.9421052631578948
28657,37011,0.9420498084291188
71328,22079,0.9419941192194601
74370,40115,0.9419809365934522
88339,35035,0.9419568822553898
67876,20057,0.9419568822553898
28139,37161,0.9419493549928333
46530,18141,0.9419393061681258
99361,53071,0.941908713692946
05676,50023,0.9418316831683168
68817,31163,0.9417989417989417
35760,01089,0.9417071478140181
30434,13163,0.9416081684747926
24319,51173,0.9414884516680924
42122,21227,0.94141689373297
53149,55133,0.941401552421559
51027,19167,0.9413735343383585
62666,17107,0.941358024691358
29666,45047,0.9413333333333334
36274,01111,0.9413276231263383
80510,08013,0.9413265306122449
30257,13171,0.9412275622466705
31210,13021,0.9411849850429412
62877,17189,0.9411764705882353
50603,19037,0.9411764705882353
63357,29219,0.9411187438665358
42127,21009,0.9410962639760022
30276,13077,0.9410751865314712
28466,37061,0.9410563919367185
31626,13275,0.9410112359550562
56097,27043,0.9409953822473063
16627,42033,0.9409090909090909
72579,05063,0.9408805031446541
16865,42027,0.9407894736842105
43126,39049,0.9407894736842105
44621,39157,0.9407695633376567
18073,42091,0.9407665505226481
14433,36117,0.9407616361071932
97140,41067,0.940755873340143
23924,51117,0.9407223600771988
43016,39049,0.9407010309278351
56750,27125,0.9406968124536694
25701,54011,0.9406913493595368
57270,46091,0.940677966101695
63941,29035,0.940677966101695
30577,13257,0.9406622311619991
48762,26001,0.9406528189910979
52755,19103,0.9405850091407678
68025,31053,0.9405670956373151
68863,31047,0.9405405405405406
18847,42115,0.9405071521456437
57051,46077,0.9404761904761905
39845,13253,0.9404718693284937
83629,16015,0.940379403794038
24486,51015,0.9403778040141676
56054,27103,0.9402985074626866
63965,29035,0.9402985074626866
67546,20113,0.9402489626556016
61754,17113,0.9402332361516035
60948,17075,0.9402298850574713
49945,26061,0.9402173913043478
12463,36039,0.9401913875598086
32754,12009,0.9400772393173041
66540,20085,0.9400749063670412
28754,37115,0.9400356224025331
52208,19011,0.9400230680507498
43749,39059,0.9399555226093402
13760,36007,0.9399081989303912
41101,21019,0.9398581808631707
12122,36095,0.9398007795582504
61842,17039,0.9397741530740276
55752,27001,0.9397590361445783
74883,40063,0.9397278029812054
71105,22017,0.9397231730912338
32466,12005,0.9397083567021873
93656,06019,0.9396593673965937
27889,37013,0.9396568220960643
61852,17019,0.9396551724137931
45844,39137,0.9396423248882265
93620,06047,0.9396373056994819
46036,18095,0.9396215513505706
67869,20119,0.9395973154362416
64499,29227,0.9395973154362416
23113,51041,0.9395687061183551
27537,37181,0.9395468011850429
50112,19157,0.9395458566794456
47229,18071,0.9395209580838323
74643,40053,0.9395161290322581
65761,29153,0.9394904458598726
39825,13087,0.9394644935972061
43046,39045,0.9394618834080718
66534,20131,0.9394418114797262
28766,37175,0.9394366197183098
58475,38043,0.9393939393939394
67764,20109,0.9393939393939394
64865,29145,0.9393835616438356
48626,26145,0.9393728222996516
78663,48031,0.9393414211438474
29032,45055,0.9393322475570033
21082,24005,0.9393203883495146
18211,42107,0.9393063583815029
54627,55121,0.9393063583815029
30519,13135,0.939228053472966
16153,42085,0.9392173189009159
53114,55127,0.9391947411668036
69347,31161,0.9391796322489392
52776,19139,0.9391233766233766
13502,36065,0.9390805829404201
12571,36027,0.9390488948425988
19977,10001,0.939042930572649
25523,54043,0.9390080428954424
70436,22105,0.9388888888888889
27244,37001,0.9388370624956162
74036,40131,0.9388361045130641
39401,28035,0.9388225133151
54767,55093,0.938817131203263
72044,05023,0.9388020833333334
24088,51067,0.9387755102040817
71019,22081,0.9387654320987654
43824,39031,0.9387637203928365
81132,08105,0.9387464387464387
23192,51085,0.9387417218543046
27284,37067,0.9387383494845997
03243,33013,0.9386617100371747
57323,46097,0.9386503067484663
54111,55115,0.9386401326699834
74764,40089,0.9385964912280702
22572,51159,0.9385294117647058
54737,55033,0.9385245901639344
34714,12069,0.9384706579727327
50064,19073,0.9384615384615385
84060,49043,0.9384489125974559
58341,38103,0.9383640552995391
38474,47119,0.9382769901853871
63437,29205,0.9382716049382716
42718,21217,0.9382597349083167
06280,09180,0.9382064807837227
19540,42011,0.9381945798401248
56336,27153,0.9381898454746137
52144,19191,0.9381761978361669
68371,31185,0.9381720430107527
24918,54063,0.9381598793363499
66938,20029,0.9381598793363499
55069,27025,0.9381482904341145
72076,05119,0.9381096694762762
71104,22017,0.9381004366812227
05253,50003,0.9380804953560371
52203,19095,0.9380530973451328
41701,21193,0.9380378657487092
14416,36037,0.9380234505862647
48169,26093,0.9380177370626644
62467,17049,0.9380165289256198
43107,39045,0.9380022962112514
95615,06067,0.937984496124031
55783,27115,0.9379474940334129
12094,36083,0.9379310344827586
92672,06059,0.9378938282261545
50234,19127,0.9378531073446328
35962,01049,0.9378330373001776
68029,31177,0.937799043062201
38748,28151,0.9377859103385179
52535,19177,0.9377593360995851
48650,26017,0.9377581933351694
39335,28075,0.9377215189873418
19938,10001,0.9376906318082788
66040,20107,0.93768056128766
56326,27041,0.9375684556407448
39111,28127,0.9375643224699829
74350,40097,0.9375
58653,38011,0.9375
76831,48299,0.9375
57272,46029,0.9375
68972,31061,0.9375
88118,35041,0.9375
69146,31101,0.9375
48442,26125,0.9374707916627723
60484,17197,0.9374476403239319
27229,37123,0.9374201787994891
38685,28093,0.9374167776298269
68786,31107,0.9373913043478261
62268,17189,0.9373368146214099
52659,19087,0.9373368146214099
37811,47073,0.937324226597027
37329,47107,0.9372854200045777
62810,17081,0.9372693726937269
38361,47071,0.9372599231754162
16159,42085,0.9372384937238494
29501,45041,0.937221269296741
82730,56045,0.93717277486911
68869,31019,0.937125748502994
36477,01061,0.937105112004595
52076,19043,0.9370212765957446
51544,19029,0.937007874015748
71860,05073,0.9369612068965517
83810,16055,0.9368932038834952
56473,27021,0.9368753287743293
52306,19031,0.9368421052631579
22827,51165,0.9368402218643764
24550,51031,0.9368334700574241
53120,55127,0.9367937176786056
56401,27035,0.936781922134495
49098,26021,0.936768149882904
27837,37147,0.9367045063639491
32081,12109,0.936700848208634
37322,47121,0.9366934077432857
27596,37069,0.9366879086319623
49456,26139,0.9366802744723356
62351,17001,0.9366515837104072
79528,48263,0.9366197183098591
46117,18059,0.9366197183098591
54452,55069,0.9366130558183539
40759,21235,0.9365695792880259
58562,38037,0.9365671641791045
60964,17091,0.936545240893067
36783,01091,0.9365384615384615
66951,20183,0.9364705882352942
43837,39157,0.9364548494983278
17078,42075,0.9364428945074106
28753,37115,0.9364021028336966
39846,13037,0.9363636363636364
62938,17151,0.9362623762376238
75657,48315,0.9362195593351372
31602,13185,0.9362037137582799
28560,37049,0.9361888111888111
27306,37123,0.9361815754339119
49760,26097,0.9361702127659575
73055,40137,0.9361576934392468
49030,26149,0.936084142394822
15946,42021,0.9360306178239475
36558,01129,0.9359925788497218
64020,29107,0.9359916054564533
30452,13031,0.9359756097560976
55771,27137,0.9359504132231405
14004,36029,0.9357489727306687
47170,18143,0.9357048431678885
13733,36017,0.9356745479833102
47834,18021,0.9356530509329299
69149,31033,0.9356435643564357
18655,42079,0.9356421356421356
51532,19137,0.9355828220858896
63361,29139,0.9355165428764348
74045,40117,0.9354838709677419
59058,30033,0.9354838709677419
52050,19055,0.9354838709677419
66544,20117,0.9354838709677419
56568,27119,0.9354838709677419
73463,40019,0.9354527938342967
43148,39045,0.9353813559322034
37184,47189,0.93536
06415,09180,0.935328940020105
47380,18135,0.9352997145575642
75656,48067,0.9352997145575642
56639,27061,0.9352941176470588
31079,13315,0.9352574102964119
50146,19049,0.9352226720647774
67850,20101,0.9351851851851852
47619,18173,0.9351285189718482
68662,31143,0.935126582278481
79086,48341,0.9351063829787234
75851,48225,0.9350436681222707
76071,48497,0.9350203061543267
08094,34015,0.9350097306155895
62343,17149,0.934984520123839
95589,06023,0.9349804941482445
36522,01097,0.9348939283101683
61021,17103,0.9348829928778274
54983,55135,0.9348739495798319
39744,28155,0.9348571428571428
42721,21085,0.9348392701998263
17527,42071,0.9348260695721712
28115,37097,0.9347942497013634
54517,55003,0.9347826086956522
47270,18079,0.9347826086956522
68655,31011,0.9347826086956522
46182,18145,0.9347568208778173
43430,39123,0.9347442680776014
67004,20191,0.9347319347319347
43511,39173,0.9346246973365617
54771,55019,0.9346173340091232
47032,18029,0.9346153846153846
28478,37141,0.9345831671320303
54838,55031,0.9345484672742337
08827,34019,0.9345040341718083
63117,29189,0.9344813668774384
38567,47159,0.9344608879492601
71276,22035,0.9344262295081968
55072,27115,0.9343720491029273
76265,48337,0.9343675417661098
52586,19123,0.9343629343629344
64644,29025,0.9343583678296866
52070,19097,0.934351145038168
40003,21211,0.9343065693430657
40387,21165,0.9342915811088296
36874,01081,0.9342825848849945
37367,47007,0.9342255590011425
51521,19155,0.9341692789968652
28097,37167,0.9341554211261052
30013,13247,0.9341294084976396
89445,32013,0.9341137470216513
37869,47067,0.9340590979782271
28573,37103,0.934056007226739
21102,24013,0.934020618556701
22438,51057,0.934010152284264
28741,37113,0.9340017958695002
54494,55141,0.9339250493096647
53012,55089,0.9338543652306519
39854,13239,0.9338503649635036
31750,13017,0.9337827853712597
68777,31015,0.9337748344370861
01367,25011,0.9337349397590361
45846,39107,0.9337316675719718
31072,13315,0.9336870026525199
39886,13243,0.9336870026525199
19505,42011,0.9336677814938684
46567,18085,0.9336548297530323
42749,21099,0.933588412134463
43532,39069,0.933585313174946
70542,22113,0.9335624284077892
55033,27037,0.9335198507860378
97907,41001,0.9334916864608076
12468,36039,0.9334170854271356
68952,31181,0.9333333333333333
69038,31063,0.9333333333333333
15742,42063,0.9333333333333333
68413,31025,0.9333333333333333
81228,08015,0.9333333333333333
21679,24041,0.9333333333333333
40311,21181,0.9333013435700576
56062,27165,0.9332949971247844
44216,39153,0.9332336821126059
51342,19147,0.9331352154531947
07821,34037,0.9331329827197595
00959,72021,0.9331188545017899
63137,29189,0.9331180331284509
42266,21047,0.9330985915492958
54412,55141,0.9330708661417323
24059,51161,0.9330708661417323
62082,17061,0.9330385344283006
68876,31019,0.9330143540669856
98616,53015,0.9329608938547486
42348,21091,0.9329608938547486
50591,19091,0.9329268292682927
22938,51125,0.9329113924050633
57706,46093,0.9329113924050633
60015,17097,0.9328697133125178
65652,29225,0.9328205128205128
25841,54055,0.932806324110672
52658,19111,0.9327868852459016
58467,38093,0.9327731092436975
72554,05049,0.9327286470143613
13456,36065,0.9327199539965497
12546,36027,0.9326988443235894
71465,22059,0.932674490426189
37771,47105,0.9326060830174725
54170,55087,0.9324631101021567
65559,29161,0.9324618736383442
47639,18051,0.9324452901998097
36350,01045,0.9324446045757521
74960,40001,0.9324427898828425
76261,48337,0.9324324324324325
57750,46071,0.9324324324324325
81642,08097,0.9324324324324325
19551,42011,0.9323503902862099
16057,42019,0.9323047858942065
18062,42077,0.9323008849557523
74966,40079,0.9323006310958118
52581,19007,0.9322916666666666
74030,40037,0.9322505800464037
83624,16073,0.9322493224932249
37327,47153,0.9322132773305332
53182,55101,0.9321886546402955
77905,48469,0.9321482223335003
87006,35053,0.9321266968325792
27519,37183,0.932111854747863
65612,29077,0.9320695102685624
72644,05009,0.9320448877805486
56229,27083,0.9320276497695853
68922,31065,0.931980906921241
32174,12127,0.9319788750685406
80016,08005,0.931978490118025
80222,08031,0.9319627709707823
60917,17091,0.9319148936170213
75691,48401,0.9318840579710145
68351,31059,0.9318681318681319
61038,17007,0.9318568994889267
58762,38009,0.9318181818181818
71675,05043,0.9318181818181818
56470,27057,0.931809666541776
49240,26075,0.9317261330761812
48624,26051,0.9317216595883698
17980,42107,0.9317155756207675
27830,37191,0.9317118802619271
54475,55141,0.9316596931659693
72853,05149,0.9316479400749064
69348,31013,0.9316353887399463
14822,36003,0.93158953722334
63873,29143,0.9315336463223787
38315,47109,0.9315315315315316
46175,18133,0.9315068493150684
37660,47163,0.9314995428223103
37885,47123,0.9314775160599572
80403,08059,0.9314548902736386
97383,41047,0.93142411844925
46077,18011,0.9314007393932281
48642,26111,0.9313878756296682
67151,20079,0.9313304721030042
50510,19021,0.9312714776632303
75098,48085,0.9312626295547878
06076,09110,0.93125
72088,05141,0.9312089023773394
55374,27053,0.9311793214862681
28037,37109,0.9311757010408964
47967,18107,0.9311740890688259
75093,48085,0.9311239304657556
43527,39069,0.9311023622047244
70343,22109,0.9310575635876841
63136,29189,0.9310358408822371
67761,20199,0.9310344827586207
65350,29159,0.9309045226130653
51545,19085,0.9308943089430894
43977,39013,0.9308797127468582
69128,31105,0.9308510638297872
54979,55039,0.9307479224376731
61726,17113,0.9307479224376731
50217,19073,0.9306930693069307
58748,38009,0.9306930693069307
87045,35031,0.9306846999154691
56073,27015,0.9306625577812019
50475,19069,0.930635838150289
68979,31035,0.9305283757338552
27855,37091,0.9305145853818421
56732,27069,0.9305084745762712
61482,17057,0.93048128342246
21208,24005,0.9304773041352185
57386,46005,0.9304347826086956
35033,01043,0.9304072756030052
98531,53041,0.9303926915734934
29018,45075,0.9303695768612747
37419,47065,0.9303563165201296
54538,55125,0.9302493675460788
38002,47157,0.930240883751854
28742,37089,0.9301941346551011
51346,19141,0.9301442672741078
74536,40127,0.9301242236024845
46570,18099,0.9300970873786408
63105,29189,0.9300809175897556
65622,29059,0.9300665260425117
46256,18097,0.9300216676029212
47175,18025,0.9300184162062615
50604,19023,0.93
77859,48395,0.9299883313885647
67952,20189,0.9299610894941635
32163,12119,0.929913834045729
40403,21151,0.9298970468707667
39667,28147,0.9298883732597517
31557,13229,0.9298642533936652
27928,37187,0.9298245614035088
72685,05101,0.9298245614035088
39332,28101,0.9297848244620611
46939,18049,0.9297205757832345
61749,17039,0.9297124600638977
50239,19127,0.9296875
67579,20159,0.9296416938110749
49267,26115,0.9295550847457628
32720,12127,0.9295371814872595
76036,48439,0.929514979313095
29063,45079,0.9295097407425768
32094,12121,0.9294631710362048
01082,25015,0.929429945054945
94514,06013,0.9294117647058824
30814,13073,0.9293585202676111
65351,29195,0.9293286219081273
47327,18177,0.9293239683933274
80828,08073,0.9292379471228616
68345,31133,0.9291338582677166
56385,27121,0.9290060851926978
71857,05099,0.9289822455613903
80818,08073,0.9289617486338798
27214,37081,0.9288965625490504
76258,48121,0.928894297635605
77378,48339,0.9288880846828915
30436,13279,0.9288833437305053
65616,29213,0.9288804759329368
68423,31159,0.9288702928870293
38967,28097,0.9288033974519111
15083,42129,0.9287257019438445
77535,48291,0.9287143205659917
31632,13185,0.9286883010635397
78610,48209,0.9286838733296724
28423,37047,0.928635953026197
74023,40119,0.9286162535299655
53066,55133,0.9285846609855503
69046,31065,0.9285714285714286
79094,48011,0.9285714285714286
44270,39169,0.928535732133933
66409,20177,0.9285198555956679
54213,55029,0.9284552845528455
74059,40119,0.9283958205285802
97101,41071,0.9283426741393115
56748,27125,0.9283276450511946
62044,17061,0.9282945736434108
73015,40015,0.9282700421940928
38387,47017,0.9282511210762332
54703,55035,0.9282473533859855
67523,20145,0.9282296650717703
53011,55117,0.9281961471103327
67557,20185,0.9281914893617021
50479,19033,0.9281767955801105
81130,08079,0.9280920421860019
38564,47087,0.9280575539568345
51028,19149,0.9280373831775701
74755,40089,0.928
36264,01029,0.927973491454482
17026,42075,0.9278815196394076
56265,27023,0.9278612227628517
79255,48045,0.9278350515463918
30815,13245,0.9278010227801022
71275,22061,0.9277777777777778
79040,48195,0.9277777777777778
42021,21039,0.9277251184834123
61851,17019,0.927710843373494
50320,19153,0.9277
67637,20051,0.9276538201487492
54829,55005,0.927639046538025
45656,39079,0.9275981832754475
28107,37025,0.9275580395528805
79005,48295,0.927536231884058
29056,45089,0.9275250578257518
79345,48445,0.9275
48889,26057,0.9274691358024691
67458,20027,0.9274193548387096
49403,26139,0.9273959341723137
45169,39027,0.9273885350318471
62668,17137,0.9273743016759777
79358,48219,0.9272517321016166
50206,19083,0.927170868347339
18462,42127,0.927170868347339
13811,36107,0.9271356783919598
61744,17113,0.927122464312547
78880,48137,0.9271137026239067
96137,06063,0.9270504731861199
40037,21155,0.9270216962524654
80742,08123,0.927007299270073
25083,54039,0.927007299270073
98331,53009,0.9269816477938305
52645,19087,0.9269349845201238
62836,17055,0.926829268292683
79059,48393,0.926829268292683
65354,29141,0.926829268292683
54443,55097,0.9267697314890154
40464,21021,0.9267399267399268
57031,46135,0.9267399267399268
69030,31057,0.9267241379310345
65774,29085,0.9267015706806283
50444,19195,0.9267015706806283
20117,51107,0.9266381766381766
63390,29219,0.9266142159522518
59347,30087,0.9265536723163842
57552,46055,0.9265175718849841
49688,26133,0.9264705882352942
30523,13137,0.9264298311917359
66010,20107,0.9264214046822743
62425,17159,0.9264214046822743
66868,20111,0.9263959390862944
29550,45031,0.9263453035695028
69339,31045,0.9263261296660118
46536,18141,0.9263157894736842
46540,18039,0.9262565495827674
58789,38049,0.9262295081967213
15732,42063,0.9262202043132803
72927,05083,0.9262197540658469
62312,17149,0.9261904761904762
22922,51125,0.9261744966442953
58634,38053,0.9261363636363636
27803,37127,0.9261019170899557
76008,48367,0.9260992275698158
55332,27129,0.9260918253079508
53944,55057,0.9260089686098655
39663,28077,0.9259421560035057
12160,36095,0.9259259259259259
76935,48451,0.9259259259259259
61876,17183,0.9259259259259259
79043,48069,0.9259259259259259
50651,19013,0.9258439402324294
24055,51089,0.9257547306081179
42518,21199,0.925615505500262
68930,31181,0.9256080114449213
78264,48029,0.9255972696245733
12458,36111,0.9255631733594515
22302,51510,0.9255526657997399
16351,42123,0.9255404323458767
22734,51061,0.9255162241887905
63363,29139,0.925498426023085
29040,45085,0.9254923820141211
23824,51135,0.9254486884491486
49901,26083,0.9254385964912281
50248,19169,0.9254332930270053
83803,16055,0.925414364640884
75956,48241,0.925346285303112
64070,29095,0.9253302699597932
57522,46065,0.9252873563218391
59326,30079,0.9252336448598131
76858,48307,0.9252336448598131
56284,27129,0.9252232142857143
68339,31109,0.9251101321585903
64747,29037,0.9251077586206896
59218,30085,0.9250764525993884
74839,40063,0.9250720461095101
50516,19187,0.9250720461095101
29485,45035,0.9250300006315922
78124,48187,0.9250099720781811
17724,42015,0.924930857368629
68927,31137,0.9248251748251748
23842,51149,0.9247441300421433
23603,51700,0.924720738222438
46148,18065,0.9247111442415207
65081,29135,0.9247091033538672
30014,13217,0.9246775425823558
83861,16009,0.9246467817896389
49303,26121,0.9246119733924612
47452,18117,0.9246031746031746
13146,36117,0.9245630174793008
31830,13199,0.9245446660884649
28453,37061,0.9245439469320066
59351,30075,0.9245283018867925
87936,35013,0.9244604316546763
49274,26059,0.9244570349386213
50321,19153,0.9244417862838915
35006,01073,0.9244108492663407
61243,17195,0.9243697478991597
30678,13133,0.9243306169965075
50645,19037,0.9243243243243243
69120,31041,0.9243156199677939
54728,55005,0.924308964091966
16025,42019,0.9242553191489362
50446,19195,0.924187725631769
27587,37183,0.9241869158878505
55973,27099,0.9241379310344827
78729,48491,0.9240405768760694
79782,48317,0.9238866396761134
54721,55091,0.923836389280677
08270,34009,0.9238160603980783
74630,40103,0.9238095238095239
26282,54083,0.9238095238095239
66859,20115,0.9238095238095239
75469,48119,0.9237668161434978
99103,53043,0.923728813559322
75089,48113,0.923728813559322
28133,37007,0.9237023139462164
42352,21149,0.9235976789168279
40914,21051,0.9235880398671097
38753,28133,0.9234875444839857
27053,37169,0.9234581497797357
68701,31119,0.9234367169664235
54449,55141,0.9234123572042746
40468,21021,0.9233870967741935
44618,39169,0.9233576642335767
66439,20013,0.9232895646164478
49330,26081,0.9232089232089232
43746,39119,0.9232
56514,27027,0.9231182795698925
68322,31169,0.9230769230769231
08360,34011,0.9230731102850062
56011,27139,0.9229750606930037
56431,27001,0.9229673928520575
14476,36073,0.9229166666666667
46229,18097,0.9228680065181967
19006,42091,0.9228338161706611
74856,40069,0.9228187919463087
26003,54069,0.9227761114696837
43340,39065,0.9227642276422764
13040,36023,0.9227436823104693
62413,17033,0.9227272727272727
05760,50001,0.9227202472952086
38259,47045,0.9226932668329177
79092,48359,0.9226713532513181
05464,50015,0.9225897255453905
26448,54033,0.9225473321858864
74855,40081,0.9224464060529635
43316,39175,0.9224358974358975
98077,53033,0.9223640856672158
27360,37057,0.9223561430793157
30105,13115,0.9223300970873787
67954,20129,0.9222972972972973
28020,37045,0.9222797927461139
32702,12069,0.922272047832586
04733,23003,0.9222222222222223
46056,18095,0.9221927497789567
52136,19089,0.9221919467151075
99032,53043,0.9221902017291066
77868,48185,0.9221232546942706
28611,37027,0.922077922077922
22657,51171,0.9220566562960537
66419,20085,0.9220183486238532
91307,06037,0.9220006265009919
50468,19067,0.9219858156028369
36089,01011,0.9219262295081967
62265,17027,0.9219056974459725
15533,42009,0.921875
48872,26155,0.9217877094972067
83524,16069,0.9217557251908397
27262,37081,0.9217253451350815
30185,13045,0.9217183770883055
39740,28087,0.9215882549215882
78962,48089,0.9215822345593337
07460,34037,0.9215686274509803
07062,34039,0.9215193847119761
54558,55125,0.9215189873417722
37048,47165,0.9215106732348112
29053,45063,0.9214462605250123
57045,46067,0.9214402618657938
13425,36065,0.921406411582213
38475,47071,0.9213973799126638
65614,29213,0.9213483146067416
66431,20197,0.921311475409836
56636,27061,0.9213021491782554
61475,17109,0.9212598425196851
90631,06059,0.9212055192447349
44023,39055,0.9211391018619934
35480,01125,0.9210779595765158
28525,37107,0.9210682492581602
23950,51117,0.9210672595886603
14738,36013,0.921042689837552
49017,26025,0.921040744421357
29332,45059,0.9209851205746536
50420,19069,0.9209302325581395
54734,55033,0.9209183673469388
19073,42045,0.9208073128789935
14591,36121,0.9208053691275168
73761,40053,0.9207920792079208
46147,18011,0.9207317073170732
74365,40097,0.9207192480588475
28634,37097,0.9207032651596699
39465,28035,0.9206460128891994
59086,30067,0.9206349206349206
61420,17109,0.9206106870229007
52651,19177,0.9205882352941176
51543,19009,0.9205776173285198
18833,42015,0.9205741626794258
22630,51187,0.9205733209148298
54530,55107,0.9205702647657841
36471,01099,0.9205020920502092
55946,27049,0.9205020920502092
64646,29211,0.9204545454545454
43060,39021,0.9204355108877722
18077,42017,0.9203791469194312
74347,40041,0.9203640500568828
61849,17019,0.9203444564047363
43332,39101,0.9202975557917109
63823,29133,0.9202551834130781
54124,55083,0.9202483285577842
13483,36065,0.9202453987730062
32462,12133,0.9201183431952663
44601,39151,0.9201117636996066
29742,45091,0.9200792602377807
50598,19109,0.92
62868,17159,0.9199604743083004
78648,48055,0.919953596287703
75643,48365,0.9199499687304565
67844,20119,0.919908466819222
70301,22057,0.9198829186702906
62690,17117,0.9198218262806236
39114,28127,0.9197946175637394
53522,55045,0.9197761194029851
21532,24001,0.9197663328564616
63771,29201,0.9197530864197531
56069,27079,0.919664268585132
13316,36065,0.9196591600730372
32425,12059,0.9196485419584872
13489,36049,0.9196428571428571
66864,20111,0.9196428571428571
53119,55133,0.9196284329563813
37726,47129,0.9196062346185397
41365,21237,0.9195804195804196
62086,17005,0.9195561719833565
50237,19153,0.9195230998509687
64089,29047,0.9194812212915429
54612,55121,0.9194434273160015
38224,47079,0.9194395796847635
98354,53053,0.9194127752615961
74824,40081,0.9193758127438232
41018,21117,0.9193430414256267
68665,31077,0.9193205944798302
50134,19169,0.9192546583850931
56652,27029,0.9192546583850931
36071,01041,0.9191176470588235
70377,22109,0.9190421892816419
40161,21163,0.918918918918919
91362,06111,0.9188991032654673
11004,36081,0.9188078108941419
60541,17093,0.9188034188034188
60439,17031,0.9187174348697394
47012,18047,0.9186654643823264
79256,48345,0.9186046511627907
77581,48039,0.9185934267984371
57747,46047,0.9184795601243126
52318,19011,0.9184549356223176
94515,06055,0.9184275184275185
76569,48027,0.9184247538677919
61862,17019,0.9183673469387755
59531,30051,0.9183673469387755
35146,01115,0.9183415097325526
31705,13095,0.918203020879609
56096,27079,0.9181818181818182
87046,35043,0.9181818181818182
30426,13033,0.9181818181818182
21074,24013,0.9181686620181555
14803,36003,0.9180834621329211
76078,48497,0.9180654811367791
88134,35011,0.9180327868852459
14009,36121,0.9180216802168022
54491,55067,0.9179936305732485
24102,51067,0.9179775280898876
21210,24510,0.9179722328365814
47356,18065,0.9178976296805221
15086,42003,0.9178743961352657
85658,04019,0.9178067078552515
77984,48285,0.9177787343951787
69156,31033,0.9177057356608479
64444,29165,0.9177018633540373
77434,48089,0.9176954732510288
67072,20015,0.9176470588235294
12729,36071,0.9175891758917589
44217,39169,0.9174603174603174
81058,08089,0.9174484052532833
29718,45025,0.9174406604747162
75847,48225,0.9174311926605505
84757,49053,0.9174041297935103
45148,39027,0.9173669467787114
25541,54011,0.9173587198703667
68834,31047,0.9173553719008265
63787,29017,0.917312661498708
78613,48491,0.9172049178283748
81423,08113,0.9171270718232044
44253,39103,0.9171159029649596
47320,18035,0.917102615694165
74727,40023,0.9169503063308373
39647,28037,0.9168937329700273
22812,51165,0.9168479574570945
56044,27143,0.9168278529980658
50123,19185,0.9168141592920354
50660,19023,0.9168026101141925
46542,18085,0.9167904903417533
89404,32013,0.9166666666666666
58069,38081,0.9166666666666666
67490,20053,0.9166666666666666
30471,13107,0.9166322740404458
46161,18145,0.9165942658557776
56183,27033,0.9165580182529335
58261,38099,0.9165085388994307
51109,19193,0.9165009940357853
97739,41017,0.9163887759251729
83332,16047,0.916289592760181
44231,39133,0.9162721156242213
14472,36055,0.9161259312665224
74560,40121,0.916083916083916
76470,48133,0.9160568230736117
57369,46023,0.9159584513692163
32696,12075,0.9158986175115207
49073,26015,0.9158643784010047
66738,20011,0.9158415841584159
66777,20207,0.9158031088082902
50244,19169,0.9157549234135668
25508,54045,0.9157485418016851
38220,47017,0.9157088122605364
44807,39147,0.915651358950328
49415,26121,0.915616759449165
08823,34035,0.9155595586579599
67107,20113,0.9154362416107382
52031,19097,0.9154155986818016
49459,26127,0.9153846153846154
31721,13095,0.9153590548273952
56362,27145,0.9153103448275862
50669,19075,0.9151857835218093
50047,19181,0.9151846785225718
50108,19053,0.9150943396226415
46764,18183,0.9150943396226415
41754,21193,0.915
47660,18051,0.9148857774502579
75684,48401,0.9148396030463882
56220,27173,0.9148302561048243
49638,26165,0.9147157190635451
49448,26139,0.9146401985111663
45246,39061,0.9146136865342164
74081,40117,0.9145597210113339
07735,34025,0.9145316055000494
81059,08071,0.9145299145299145
43102,39045,0.9144496609285342
68406,31059,0.9143835616438356
40489,21137,0.9143135345666992
65550,29161,0.9142857142857143
54486,55115,0.9142621599340478
53923,55021,0.9141949152542372
47001,18029,0.9141468682505399
55314,27129,0.9141323792486583
75773,48499,0.9139898811624897
73739,40003,0.9139784946236559
48894,26037,0.913946587537092
57022,46099,0.9138121546961326
49034,26077,0.9136960600375235
69122,31049,0.9135514018691588
61756,17115,0.9135424636572304
08501,34025,0.9134495641344956
58652,38089,0.9134438305709024
78164,48123,0.913422131147541
29627,45007,0.9133774061831615
49336,26107,0.9133299543841865
78073,48029,0.9132702072183341
68448,31131,0.91324200913242
81403,08085,0.9132086943304454
43115,39141,0.9132007233273056
33438,12099,0.9131944444444444
29127,45071,0.9131505499917911
79226,48129,0.9130801687763713
47968,18107,0.9130434782608695
26845,54031,0.9130434782608695
69220,31031,0.9130434782608695
56260,27023,0.9129353233830846
67146,20035,0.912906610703043
68942,31181,0.9128630705394191
20754,24009,0.9127734269511207
80128,08059,0.9127345600291492
56540,27119,0.9127134724857685
29611,45045,0.9126470270853566
44826,39077,0.912621359223301
54762,55005,0.9125925925925926
37748,47145,0.9125737555056926
63382,29007,0.9125420470927439
49026,26159,0.9125364431486881
54921,55097,0.9125364431486881
78652,48453,0.9125285684604197
44880,39005,0.9124893797790994
58656,38089,0.9123505976095617
21851,24047,0.912336919203479
75555,48067,0.9123351435221102
68452,31035,0.9122807017543859
67024,20019,0.9122401847575058
67017,20015,0.9122203098106713
72206,05119,0.9122008414373405
67427,20159,0.9121338912133892
22972,51137,0.9120879120879121
17022,42071,0.911982121368403
79766,48135,0.9118766272781894
59255,30085,0.9118457300275482
56101,27033,0.9118073687264288
49040,26149,0.9117959617428267
78620,48209,0.9117770326906958
63774,29201,0.9117647058823529
52221,19157,0.9117647058823529
42333,21183,0.9117147707979627
31097,13293,0.9116347569955817
28586,37049,0.9116323146173892
23964,51037,0.911620294599018
14814,36015,0.911578947368421
35576,01075,0.9115755627009646
71742,05039,0.9115746180963572
31220,13021,0.9115720524017468
28138,37159,0.9115619460311207
37328,47103,0.9115566037735849
63781,29017,0.9115442278860569
72210,05119,0.9114771519659937
26143,54105,0.9114770972722593
27705,37063,0.9114116139475281
18830,42115,0.9113924050632911
78121,48493,0.9113157894736842
75496,48231,0.9112448288830387
19512,42011,0.9112026976395654
95626,06067,0.9111831442463533
38332,47023,0.9111405835543767
43548,39069,0.9111111111111111
79347,48017,0.9110989910008181
02831,44007,0.9110169491525424
44688,39151,0.9109947643979057
47946,18131,0.9109677419354839
41055,21161,0.9109390125847048
58385,38069,0.9108910891089109
79121,48381,0.9108609674475205
68640,31125,0.9108433734939759
28698,37189,0.910801393728223
80741,08075,0.9107883817427386
14134,36029,0.9107142857142857
28315,37125,0.9106493506493506
58329,38079,0.9106239460370995
63627,29186,0.9105229993698802
55110,27123,0.9105038072389694
55056,27025,0.9104438298432767
23040,51049,0.9104183109707972
53040,55131,0.9104110263352203
58282,38067,0.9103840682788051
60946,17053,0.910377358490566
29137,45003,0.9103225806451613
66550,20131,0.9102990033222591
37369,47139,0.9102902374670184
55009,27049,0.9102834387444366
44454,39099,0.9102564102564102
47848,18153,0.9102132435465768
16636,42021,0.9101941747572816
70040,22075,0.9101899827288429
44720,39151,0.9101890272014753
47031,18137,0.9101769911504425
54747,55121,0.9101639344262296
49689,26101,0.9101471727343144
67119,20191,0.9101412066752247
66860,20073,0.9100671140939597
58736,38049,0.9100346020761245
71463,22003,0.9100177304964538
35549,01127,0.9100126742712294
15005,42007,0.9099578213827251
67353,20049,0.9098591549295775
48744,26157,0.9098579040852576
74435,40135,0.9097093382807668
59447,30045,0.9096774193548387
21521,24001,0.9096385542168675
28777,37121,0.9096119929453262
44444,39155,0.9095850697590143
52207,19097,0.9095477386934674
55723,27137,0.9095477386934674
93514,06027,0.9095138973919432
45690,39131,0.9094886860857607
17756,42081,0.9094885598923284
49249,26059,0.9094650205761317
97229,41067,0.9094544677473517
67748,20109,0.9093809827696235
50238,19117,0.9093799682034976
48097,26147,0.9093531108364236
65713,29225,0.9093525179856116
72416,05031,0.9093389933292905
31555,13305,0.9092558983666061
28521,37061,0.9091639871382636
29069,45031,0.9091608929946112
61414,17095,0.9090909090909091
84712,49017,0.9090909090909091
12465,36111,0.9090909090909091
52572,19007,0.9089673913043478
77426,48477,0.9089012517385258
14437,36051,0.9088775909268674
42274,21227,0.9088669950738916
54420,55019,0.9087719298245615
42567,21199,0.9087035909920876
48613,26017,0.9085923217550275
39090,28007,0.9085721868365181
58486,38103,0.9085365853658537
68366,31025,0.9083969465648855
67436,20143,0.9083969465648855
38736,28133,0.9083665338645418
59078,30107,0.908256880733945
65705,29109,0.9082308420056765
59201,30085,0.9081675835801947
56058,27079,0.9081472161056936
58497,38093,0.9081081081081082
52640,19115,0.9080622347949081
71322,22009,0.9079682446339312
30178,13015,0.907958852192745
76453,48363,0.9079445145018915
71964,05051,0.9079136690647482
31081,13269,0.9078947368421053
98047,53033,0.9078014184397163
12046,36001,0.9077380952380952
65069,29139,0.9077306733167082
62311,17067,0.9076620825147348
68342,31095,0.9075907590759076
49751,26137,0.9075829383886256
57534,46123,0.907563025210084
38017,47157,0.9075202885482416
71720,05103,0.9075187969924812
98284,53057,0.9075057995958992
55956,27157,0.9074889867841409
52210,19019,0.9074550128534704
36330,01031,0.907434434567246
39057,28101,0.9072727272727272
79064,48279,0.907258064516129
52649,19087,0.907258064516129
47866,18167,0.9072164948453608
67747,20109,0.9072164948453608
42154,21169,0.9069767441860465
51558,19133,0.9069767441860465
50104,19107,0.9069767441860465
57048,46087,0.906930693069307
13820,36077,0.9068806224167274
53042,55071,0.9068522483940042
74640,40047,0.906832298136646
60531,17099,0.9067622950819673
48746,26157,0.9067465485803595
75497,48499,0.9067177166724678
67738,20063,0.9066265060240963
49287,26091,0.9066265060240963
34134,12071,0.9065890447208256
59468,30099,0.9065420560747663
55339,27019,0.9065420560747663
27589,37185,0.9065200314218381
18615,42131,0.9064824654622742
46166,18109,0.9064516129032258
78956,48149,0.9064194008559201
50539,19109,0.9063545150501672
72016,05105,0.9063426200355661
85539,04007,0.9063348416289593
44904,39139,0.9062631949331457
29323,45083,0.9062567655336653
72764,05143,0.9062431544359255
93653,06039,0.906183368869936
76633,48309,0.9061810154525386
30215,13113,0.9061664037313945
49690,26055,0.9061504533202647
26330,54033,0.9061046511627907
37387,47061,0.9058663028649386
30113,13143,0.905849233656553
63435,29111,0.9057358826144953
49252,26059,0.9057142857142857
64761,29101,0.905683192261185
77632,48361,0.905595026642984
68928,31181,0.9055555555555556
80014,08005,0.9055455892676079
42782,21087,0.9055258467023173
73041,40075,0.9054726368159204
14871,36015,0.9053457577243746
29836,45005,0.9052924791086351
37888,47057,0.9052102950408035
47283,18031,0.9051987767584098
74080,40131,0.9050715214564369
13803,36023,0.904862579281184
98072,53033,0.9048537234042553
16347,42123,0.9048507462686567
35442,01107,0.9048231511254019
47930,18157,0.9047619047619048
05907,50009,0.9047619047619048
41097,21081,0.904711205749268
40071,21215,0.9046769990399122
50514,19063,0.9045893719806763
00729,72029,0.9045417115348071
75159,48113,0.90447932618683
55720,27017,0.904471994686739
87711,35019,0.9044117647058824
88124,35009,0.904397705544933
05839,50019,0.9043659043659044
75442,48085,0.9043502904917103
18470,42115,0.904178674351585
97375,41047,0.9041591320072333
47172,18019,0.9040384615384616
63468,29205,0.9040178571428571
30224,13255,0.9039724335218776
58332,38005,0.903954802259887
61533,17143,0.9039179104477612
50542,19197,0.9038461538461539
17985,42107,0.9038461538461539
50151,19117,0.9038031319910514
13338,36065,0.9037871033776868
56262,27023,0.9037656903765691
12914,36033,0.903755868544601
51577,19155,0.9037356321839081
26405,54001,0.9037267080745341
26431,54033,0.9036144578313253
16950,42117,0.9036027263875365
50665,19023,0.9035916824196597
64635,29117,0.9035714285714286
27812,37147,0.9035269709543569
62346,17001,0.9035087719298246
38849,28081,0.9034395708425371
37769,47001,0.9033662217063262
30606,13059,0.9033553091967147
65470,29105,0.9033232628398792
62692,17137,0.9032846715328468
54114,55075,0.9032618409294012
65230,29089,0.9032258064516129
44846,39043,0.9032051282051282
65640,29167,0.9031578947368422
80731,08095,0.9031505250875146
63957,29223,0.90310442144873
24219,51195,0.9030126336248785
47471,18055,0.9029374201787995
79001,48359,0.9027777777777778
54433,55119,0.9026737967914439
72523,05023,0.9026717557251909
59759,30043,0.9025510204081633
77435,48481,0.9024034959941734
42450,21233,0.9023799919322307
61349,17011,0.9023569023569024
75554,48387,0.9023494860499266
18041,42091,0.902339398440401
72680,05137,0.9022222222222223
77477,48157,0.9022007458374914
81151,08021,0.9021739130434783
63730,29207,0.9021621621621622
64430,29063,0.9021479713603818
43314,39101,0.9021364576154376
30565,13157,0.9021295876755777
73453,40085,0.9020979020979021
57435,46049,0.9020979020979021
42265,21141,0.9020833333333333
42339,21177,0.9020715630885122
75446,48147,0.9020678891923527
75931,48241,0.9020217729393468
15714,42021,0.9020066889632107
72067,05023,0.9020052970109724
47977,18073,0.9019762845849802
58649,38001,0.9019607843137255
43502,39051,0.9017928819909018
62557,17021,0.9017286289367749
53565,55049,0.9016874541452677
52323,19105,0.9016786570743405
31076,13269,0.9016666666666666
28602,37035,0.9016531241244046
74126,40143,0.9016520894071914
72959,05143,0.9016393442622951
56236,27155,0.9015544041450777
21640,24011,0.9015256588072122
12955,36019,0.9013605442176871
31624,13003,0.9013513513513514
76050,48251,0.9012738853503185
78058,48265,0.9012658227848102
16123,42007,0.9012464046021093
50558,19091,0.9011299435028248
27810,37013,0.9011194029850746
25699,54099,0.9010989010989011
10463,36005,0.9010256677253085
56039,27091,0.900952380952381
62420,17023,0.9008843036109064
05471,50011,0.9007633587786259
24459,51015,0.9007444168734491
38929,28043,0.9005917159763314
49045,26159,0.9005888465535158
50599,19197,0.9004524886877828
47633,18129,0.90042194092827
57625,46041,0.9003810560696788
26032,54009,0.9003690036900369
40988,21013,0.9003690036900369
52571,19007,0.9003623188405797
49805,26083,0.900355871886121
66757,20205,0.9003087781208646
29689,45007,0.9003086419753087
28538,37079,0.9002849002849003
57029,46067,0.9002695417789758
76648,48217,0.9002280501710376
50666,19017,0.9002169197396963
27828,37147,0.9000968054211036
74044,40037,0.9000966806316468
62926,17181,0.900093370681606
41301,21237,0.9000552181115405
70648,22003,0.9000364830353885
66502,20161,0.9000109397221311
48619,26135,0.9
80423,08037,0.9
55943,27055,0.9
50560,19109,0.9
56630,27007,0.9
73718,40093,0.9
62443,17049,0.8998609179415855
47427,18119,0.8998357963875205
50170,19099,0.8998060762766645
29426,45019,0.8996692392502756
57428,46045,0.8996282527881041
35975,01049,0.899513776337115
34431,12083,0.8994590561462413
70607,22019,0.8994275384151853
14892,36107,0.8993875765529309
64471,29081,0.8993055555555556
49780,26033,0.8992248062015504
56048,27161,0.8992172211350293
15666,42129,0.8991891299583608
76082,48367,0.8991105254488552
30168,13067,0.8990308115145378
38053,47157,0.8989891996676821
54552,55099,0.8989004276114845
51060,19133,0.898876404494382
56373,27097,0.8988439306358381
49047,26027,0.8988276670574443
30631,13265,0.8988235294117647
51238,19167,0.8988195615514334
35905,01055,0.8987964989059081
49224,26025,0.8987594151528577
82052,56001,0.8987341772151899
30127,13067,0.8986626036905366
46911,18103,0.8986175115207373
14011,36121,0.8984806629834254
56446,27153,0.898428053204353
22967,51125,0.8984018264840182
28124,37025,0.8983458646616541
45344,39023,0.8983382209188661
50540,19151,0.8983050847457628
45678,39087,0.8982808022922636
36345,01067,0.8982105060611891
83451,16043,0.8980392156862745
71441,22021,0.8980169971671388
75436,48387,0.897841726618705
56623,27077,0.8978240302743614
75007,48121,0.8978023347596693
47124,18043,0.8977327544621322
38868,28081,0.8977115117891817
62088,17117,0.8976705490848585
45850,39003,0.8976279650436954
48811,26117,0.8974881194840462
73098,40049,0.8974473802060009
80236,08031,0.8974429098865034
68644,31141,0.8974358974358975
23966,51147,0.8973143759873617
36759,01047,0.8972868217054264
48827,26045,0.8972760536658084
16362,42121,0.8972332015810277
93225,06029,0.8972174900624645
63549,29121,0.897172236503856
47393,18177,0.8971631205673759
24105,51063,0.8971631205673759
16222,42005,0.8971477960242005
76664,48309,0.8970666666666667
47637,18173,0.8970189701897019
22947,51003,0.8969864698646987
29001,45027,0.8969804618117229
50612,19171,0.896969696969697
30474,13279,0.8969631236442517
67475,20115,0.8969072164948454
43337,39101,0.8968609865470852
76372,48503,0.8968609865470852
56088,27091,0.8967867575462513
64457,29147,0.896774193548387
50658,19037,0.896774193548387
65449,29055,0.8967551622418879
50864,19137,0.8966756513926325
38864,28115,0.896588486140725
75844,48225,0.8965750337990086
21930,24015,0.896551724137931
54655,55023,0.896551724137931
13619,36045,0.8963683052090976
63087,29187,0.8963636363636364
27842,37131,0.8963093145869947
76890,48049,0.8962962962962963
55335,27143,0.8962962962962963
49055,26159,0.8962205700123915
74016,40131,0.896168470312957
31046,13207,0.8960893854748604
48837,26045,0.8960819411296739
55602,27137,0.8960573476702509
56522,27167,0.8960573476702509
68629,31037,0.8960205391527599
54548,55085,0.8960013164390325
40402,21109,0.8959842001316656
63636,29093,0.8959731543624161
72372,05123,0.895959595959596
44813,39139,0.8959537572254336
59866,30061,0.8959417273673257
62510,17021,0.8959227467811158
76432,48049,0.8959212376933896
37852,47151,0.8959131545338442
45106,39025,0.8959012176299092
67658,20167,0.8958333333333334
45135,39071,0.89581351094196
51467,19047,0.8957654723127035
14747,36013,0.8957169459962756
39443,28067,0.8956593695930188
32024,12023,0.8956423102372625
30234,13035,0.8956422018348624
57313,46043,0.8956356736242884
29112,45075,0.8955870764381403
13092,36011,0.8955823293172691
62330,17067,0.8955078125
64779,29013,0.895397489539749
76875,48399,0.8953488372093024
65254,29089,0.895067264573991
51020,19093,0.8950437317784257
68453,31151,0.8950276243093923
51455,19027,0.8949771689497716
64427,29003,0.894927536231884
76443,48059,0.894927536231884
29819,45047,0.8948571428571429
55767,27017,0.8948247078464107
40045,21223,0.8947916666666667
79106,48375,0.8947496650018273
23937,51037,0.8947368421052632
36562,01003,0.8947368421052632
71770,05027,0.8947368421052632
45458,39113,0.8946089262041538
76550,48281,0.8945653590512186
14841,36097,0.89453125
57476,46115,0.89453125
80643,08123,0.8944526264113893
00934,72021,0.8943820224719101
15068,42129,0.8943278581731888
72023,05085,0.8943224607560272
01011,25013,0.8943089430894309
95930,06007,0.8943089430894309
23833,51053,0.8941289701636189
51565,19165,0.8941176470588236
31552,13299,0.8940609951845907
73673,40055,0.8940092165898618
39652,28113,0.8939853649830448
54460,55019,0.8938500421229991
42236,21047,0.8937875751503006
76629,48395,0.8937823834196891
54835,55113,0.8937677053824362
14522,36117,0.8935776039522437
36091,01021,0.8935653581545933
08525,34021,0.8935652173913043
58631,38059,0.8935108153078203
32656,12019,0.8934813415210203
46506,18099,0.893299189073837
41360,21237,0.8932806324110671
41721,21193,0.8932038834951457
54642,55053,0.8931860036832413
55951,27099,0.8931383577052868
58053,38077,0.8930987821380244
67757,20179,0.8930817610062893
27910,37091,0.8930618401206637
16407,42049,0.8930174115957638
61364,17099,0.8929889298892989
54110,55015,0.892933618843683
52570,19177,0.8929292929292929
68769,31139,0.8928229665071771
41007,21037,0.8927599346761024
31712,13081,0.8927576601671309
32438,12005,0.8924963924963925
50225,19125,0.8924870466321243
62476,17047,0.892462311557789
63091,29073,0.8924455825864277
62814,17081,0.892422825070159
48840,26065,0.8923853923853924
31066,13079,0.8923611111111112
78659,48021,0.892252437147255
39466,28109,0.8921563177497359
37034,47117,0.8921475875118259
53578,55111,0.8921300516560317
48738,26001,0.8921244209133025
45620,39053,0.8921001926782274
72752,05087,0.8920308483290489
30669,13133,0.8920308483290489
52225,19171,0.892018779342723
73021,40149,0.892
20181,51153,0.8919711923179514
24314,51021,0.8919597989949749
73626,40149,0.8919540229885058
12024,36021,0.8918918918918919
27209,37123,0.8917933130699088
47432,18117,0.8917609046849758
36374,01045,0.8917112299465241
58445,38031,0.891566265060241
42088,21083,0.8914785142024764
56060,27165,0.8914728682170543
29712,45023,0.8914565826330533
84066,49013,0.8914405010438413
62910,17127,0.8914174252275683
72153,05141,0.891395592864638
60467,17031,0.89138739364473
72534,05063,0.8913043478260869
42349,21183,0.8913043478260869
81630,08077,0.8912213740458015
64725,29037,0.8911960132890365
71018,22119,0.8911798396334479
68654,31143,0.8909512761020881
44827,39033,0.890934065934066
36768,01131,0.8908839779005525
12155,36077,0.8908045977011494
89706,32510,0.890795631825273
12025,36035,0.8907534246575343
56137,27063,0.890728476821192
52140,19005,0.890728476821192
24551,51019,0.8907265636284848
98671,53011,0.8906829419035847
80031,08001,0.8906821605336777
80816,08119,0.8906805138015851
57657,46031,0.890625
40371,21011,0.8906144496961512
68956,31001,0.8905982905982905
61277,17195,0.8904677323860273
55947,27055,0.8904417269777889
49746,26119,0.8903092783505154
52305,19105,0.8902077151335311
50447,19081,0.8901273885350318
29934,45053,0.8900928792569659
39837,13201,0.8900563813429011
58770,38061,0.8900523560209425
69134,31135,0.89
61078,17015,0.8899721448467967
15905,42021,0.8899643868139896
12027,36091,0.8899563318777293
50837,19001,0.8899521531100478
43516,39069,0.8899082568807339
68628,31121,0.889795918367347
16686,42013,0.8897493663756688
63401,29127,0.8897311659893716
21155,24005,0.8895814781834372
60586,17197,0.8895783902171929
78833,48385,0.8895027624309392
31014,13023,0.8894940518847643
24370,51173,0.8894637817497648
50169,19153,0.8893905191873589
60521,17043,0.8893583009819593
23188,51095,0.88935258290097
44637,39075,0.8891645988420182
38583,47185,0.8891566265060241
64724,29185,0.8891437308868502
66033,20003,0.8891304347826087
52054,19097,0.8891304347826087
56271,27151,0.889060092449923
57785,46093,0.8889616770389781
61845,17019,0.8888888888888888
12857,36031,0.8888888888888888
13431,36043,0.888755980861244
07438,34027,0.8887473460721869
31503,13299,0.8886827458256029
64679,29079,0.8886509635974305
65566,29093,0.8886255924170616
75452,48147,0.8886112102820422
76527,48491,0.888507718696398
54909,55097,0.8884758364312267
04930,23019,0.8883737517831669
16434,42039,0.8883495145631068
53021,55089,0.8883471477328133
68833,31009,0.888268156424581
38954,28083,0.888235294117647
14806,36003,0.8879837067209776
56180,27127,0.8878923766816144
56377,27145,0.8878865979381443
97062,41067,0.8878085700978109
45827,39137,0.8876889848812095
63462,29173,0.8876404494382022
47564,18125,0.8876117496807152
61810,17183,0.8875739644970414
67159,20095,0.8875739644970414
57106,46099,0.8875195543515586
72347,05037,0.887434554973822
59711,30023,0.8874051593323217
74337,40097,0.8873949579831932
67336,20099,0.8873720136518771
57268,46039,0.8873239436619719
37353,47011,0.8872385571385268
38754,28053,0.8871989860583016
20110,51683,0.887189292543021
83660,16027,0.8871580547112462
37143,47021,0.8870967741935484
68948,31065,0.8870967741935484
58442,38047,0.8870431893687708
62461,17049,0.8870192307692307
10038,36061,0.8869674579468637
68335,31169,0.8869257950530035
52778,19139,0.8867376573088093
74003,40147,0.8866906474820144
51232,19143,0.8866498740554156
54769,55091,0.8865979381443299
81039,08089,0.8865979381443299
24484,51017,0.8865096359743041
78941,48149,0.886482939632546
67466,20029,0.8864628820960698
50257,19121,0.8863157894736842
32195,12083,0.8863088057901085
30624,13105,0.8862647607209447
60564,17197,0.8862449528936743
70453,22091,0.8862385321100917
67485,20123,0.8862275449101796
25245,54035,0.8861283643892339
75601,48183,0.8861102427842034
28761,37111,0.8860759493670886
65041,29073,0.8860314022739578
42754,21085,0.8858733472512178
79313,48219,0.8858625162127107
67449,20041,0.8858574610244989
63120,29510,0.8858464384828862
81137,08067,0.8858447488584474
47921,18007,0.8858195211786372
54726,55017,0.8857782754759238
85333,04027,0.8857142857142857
58323,38019,0.8857142857142857
58046,38091,0.8856088560885609
62234,17119,0.8855111409696562
65321,29195,0.8854625550660793
24597,51083,0.8853695324283559
52213,19113,0.8853695324283559
31738,13275,0.8853247794707297
56264,27083,0.8852772466539197
60518,17099,0.8852367688022285
13661,36045,0.8850710900473934
23148,51097,0.8850415512465374
67491,20113,0.885
21776,24013,0.884996191926885
43830,39119,0.8849734042553191
13679,36045,0.8849391955098223
52133,19191,0.8849206349206349
65462,29161,0.8848837209302326
61377,17123,0.8848484848484849
47532,18037,0.8848019401778496
56565,27167,0.8846153846153846
78008,48013,0.8846153846153846
78140,48177,0.8845116028062601
56152,27127,0.884472049689441
30143,13227,0.8844526858666049
56129,27105,0.8844221105527639
61336,17155,0.8843537414965986
49631,26133,0.8843480678343064
40076,21211,0.8842182890855457
83627,16039,0.884180790960452
37872,47129,0.8841698841698842
38659,28093,0.8841419261404779
76271,48181,0.8841059602649006
64082,29095,0.8840937114673243
44076,39007,0.884076990376203
64441,29227,0.8840579710144928
27826,37095,0.884020618556701
99006,53063,0.8839772595428704
97032,41047,0.8839652809502055
46795,18087,0.8839619925136769
54730,55033,0.883921568627451
64770,29083,0.8838896952104499
28458,37061,0.883861601742076
69169,31111,0.8837837837837837
43152,39073,0.8837719298245614
12304,36093,0.8836475151077839
51019,19193,0.8836104513064132
47712,18163,0.8835783350365537
05768,50003,0.8833333333333333
67456,20113,0.8833264377327266
28384,37155,0.8831963911712583
28125,37159,0.8830811554332875
50277,19077,0.8830645161290323
45657,39145,0.8830138797091871
37085,47149,0.8830004076640848
16120,42073,0.8829891838741396
45347,39135,0.8829887218045113
71454,22043,0.8829875518672199
78057,48163,0.88296488946684
61016,17201,0.8829365079365079
54749,55033,0.8829113924050633
27052,37169,0.8827934843662235
30518,13135,0.8827094090648308
75088,48113,0.8826262212201954
17758,42113,0.8825757575757576
15063,42125,0.8824385510996119
62262,17005,0.8824110671936759
37830,47001,0.8823677202150646
04497,23003,0.8823529411764706
50156,19015,0.8822553897180763
48453,26151,0.8821999256781865
65637,29153,0.8821603927986906
72762,05143,0.8821511751005716
67035,20095,0.8821218074656189
59259,30021,0.8818565400843882
40121,21093,0.8818470494839905
19460,42029,0.881807340665165
75838,48161,0.8817204301075269
67519,20047,0.8817204301075269
72624,05101,0.8817005545286506
47948,18111,0.8816738816738817
37381,47143,0.8816477098063327
67134,20151,0.881578947368421
54638,55081,0.8814504881450488
98241,53061,0.8814159292035398
31749,13019,0.8814123917388408
47868,18119,0.8814120242691671
70634,22011,0.8813571689164539
57221,46057,0.8812351543942993
66014,20107,0.881159420289855
75605,48183,0.8811437022430367
41039,21069,0.8811145510835914
47613,18173,0.8811023622047244
58456,38045,0.8810198300283286
67049,20077,0.8809523809523809
48763,26069,0.8809310653536258
37721,47093,0.8809099018733274
65669,29043,0.8808888888888889
76471,48133,0.8807142857142857
71841,05133,0.8806262230919765
51364,19059,0.8805555555555555
71068,22013,0.8805542283803154
95694,06113,0.8805523590333717
68637,31183,0.8805309734513275
25235,54013,0.8805031446540881
51061,19035,0.8804347826086957
54103,55041,0.8804347826086957
72101,05147,0.8803879310344828
54763,55033,0.8803571428571428
97867,41061,0.8803191489361702
22435,51133,0.8802992518703242
72686,05129,0.8802816901408451
61943,17029,0.8802395209580839
18444,42069,0.880146946272769
78368,48409,0.8800330033003301
76874,48435,0.88
18405,42127,0.8799705449189985
57744,46033,0.8799283154121864
74032,40119,0.8798727128082736
53805,55043,0.8798521256931608
17021,42067,0.8798449612403101
14464,36055,0.8798397863818425
62543,17107,0.8798076923076923
22960,51137,0.8797713132671935
26588,54049,0.8797405189620758
23890,51183,0.8797297297297297
71423,22043,0.8797079169869332
68936,31065,0.8796992481203008
50258,19083,0.8795454545454545
36775,01047,0.8795180722891566
32431,12063,0.879416531604538
48623,26145,0.8794066039240708
43065,39041,0.8793554973589596
64475,29147,0.8792650918635171
36010,01109,0.8791766907244052
22740,51157,0.8791348600508906
29483,45035,0.879102738395805
61484,17057,0.8790697674418605
54971,55039,0.8790264853256979
79248,48101,0.8789625360230547
38629,28139,0.8789101917255298
16822,42035,0.8787878787878788
15683,42129,0.8787878787878788
58274,38097,0.8787878787878788
50424,19189,0.8787878787878788
36784,01025,0.8786499810390596
46181,18081,0.8786170612551673
24565,51143,0.8785942492012779
37309,47107,0.8785425101214575
30411,13309,0.8784584980237155
01050,25015,0.8783679753656659
61006,17103,0.8783132530120482
54806,55003,0.8782920367773103
12087,36039,0.8782287822878229
54473,55097,0.8782148260211801
46763,18113,0.8782051282051282
68957,31129,0.8781512605042017
49331,26081,0.8781452192667146
62553,17173,0.8780487804878049
18636,42131,0.8780141843971632
65552,29215,0.878003696857671
51055,19193,0.877906976744186
21632,24011,0.8778671432826929
50256,19125,0.8778625954198473
50434,19195,0.8778280542986425
47373,18075,0.8778026905829597
50034,19079,0.8777292576419214
72841,05127,0.8776978417266187
44851,39077,0.8775589030513712
68379,31127,0.8775510204081632
55018,27049,0.8774193548387097
74331,40041,0.8773615635179153
51436,19027,0.8773388773388774
51201,19141,0.8773022049286641
30171,13015,0.8773006134969326
35188,01007,0.8773006134969326
27852,37065,0.8772602739726028
63626,29221,0.8771551724137931
74646,40071,0.8770491803278688
26443,54021,0.8770491803278688
63620,29093,0.8768115942028986
68047,31173,0.8767123287671232
50632,19171,0.8766233766233766
57454,46091,0.8766233766233766
40008,21179,0.8765074770863482
35581,01059,0.8764988009592326
25427,54003,0.8764175632451294
81064,08009,0.8764044943820225
73442,40137,0.8764044943820225
65436,29161,0.8762886597938144
78650,48021,0.8762886597938144
63937,29035,0.8762816131237184
62423,17023,0.8762376237623762
25241,54035,0.8760951188986232
25108,54005,0.8760330578512396
38451,47119,0.8760076775431862
63014,29071,0.8759842519685039
67572,20135,0.8759124087591241
54736,55091,0.8759057971014492
38392,47113,0.8758782201405152
67059,20097,0.8757894736842106
64463,29075,0.8756998880179171
39144,28021,0.8756906077348067
72542,05135,0.8755294884327143
71024,22119,0.8755186721991701
58571,38057,0.8754578754578755
13053,36109,0.875365141187926
38871,28115,0.8753224419604472
49220,26091,0.8753016894609815
24018,51161,0.8752845824606138
43017,39049,0.8752303474313452
38873,28141,0.8752282410225197
49718,26047,0.8752107925801011
39477,28067,0.875
43077,39159,0.875
52621,19183,0.875
62314,17149,0.875
24347,51155,0.875
05070,50017,0.875
17978,42043,0.875
52644,19087,0.875
57536,46065,0.875
67732,20193,0.875
60961,17091,0.8747474747474747
38610,28139,0.8747443762781186
50483,19109,0.8746736292428199
83832,16057,0.8746312684365781
46573,18039,0.8746041798606713
95076,06087,0.8745227976662104
64648,29061,0.8745173745173745
35466,01107,0.8744243168560024
76063,48439,0.8743554614522356
51454,19047,0.8743243243243243
76446,48143,0.8741372310190825
79225,48197,0.8741258741258742
64832,29097,0.87409200968523
62923,17087,0.8740740740740741
45871,39011,0.8735955056179775
68036,31023,0.8735632183908046
66015,20003,0.8735362997658079
29657,45077,0.8735280797101449
55731,27137,0.8735237277217093
37074,47169,0.8734444210082261
76429,48429,0.8734177215189873
69168,31135,0.8733333333333333
17229,42057,0.8732612055641422
65793,29091,0.8732540093119503
18054,42091,0.8731257208765859
43343,39091,0.8730703259005146
43155,39045,0.8729889923793396
36432,01035,0.8729559748427673
57026,46011,0.8729508196721312
58761,38075,0.8729508196721312
55057,27131,0.8728829160530192
41006,21191,0.8727865796831314
38940,28043,0.8726851851851852
05873,50005,0.8726790450928382
54180,55009,0.8726491133799033
49892,26043,0.8726376335250616
52040,19061,0.8726328649969456
71222,22111,0.8725247524752475
30816,13033,0.8724778046811945
30621,13219,0.8724591470705461
55089,27049,0.8724279835390947
49238,26091,0.8724279835390947
49795,26137,0.8723835246455098
39159,28125,0.8723522853957637
25141,54015,0.8723404255319149
61014,17015,0.8723404255319149
56744,27089,0.8722741433021807
27507,37077,0.8722513089005236
16314,42039,0.8722021660649819
46940,18169,0.872168284789644
69334,31123,0.872161480235492
52065,19061,0.8721461187214612
00913,72127,0.8721158566519391
12309,36093,0.8720229947987955
49965,26061,0.8719346049046321
37397,47115,0.8719211822660099
80138,08035,0.8718894627406265
57234,46057,0.8718354430379747
48618,26111,0.8716830243547801
56221,27149,0.8716814159292036
45613,39131,0.8716744913928013
75669,48365,0.8716356107660456
21087,24005,0.8716216216216216
50840,19173,0.8714859437751004
48838,26117,0.8714430426374435
56472,27035,0.871404399323181
54859,55129,0.8713605082053997
27888,37079,0.8713264495631453
26384,54021,0.8713235294117647
64744,29039,0.8713235294117647
38914,28013,0.8712871287128713
88250,35015,0.8712871287128713
56330,27095,0.871261378413524
53036,55055,0.871261378413524
53013,55117,0.8712074303405573
68746,31015,0.8711656441717791
79601,48441,0.8711394302848575
50458,19067,0.8710629921259843
17853,42109,0.8710359408033826
40374,21011,0.8709677419354839
27041,37171,0.8709603483841394
66724,20037,0.8708414872798435
48737,26001,0.8707865168539326
18036,42077,0.8707759245830312
76649,48035,0.870722433460076
77564,48291,0.870600414078675
27127,37067,0.8705314009661835
61474,17095,0.8705035971223022
51541,19129,0.8704663212435233
93242,06019,0.8704496788008566
76433,48143,0.8704487722269263
62513,17115,0.8703481392557023
64843,29119,0.8703296703296703
73074,40049,0.8702702702702703
70518,22055,0.8702526055467232
97877,41001,0.8700475435816165
49807,26041,0.8700402530189765
34759,12105,0.8699696104613684
26273,54083,0.869942196531792
58377,38071,0.8698224852071006
37047,47117,0.8698099929627023
74849,40133,0.8697758933979406
30324,13121,0.8697050248670897
38380,47039,0.869701726844584
24646,51027,0.8696969696969697
12911,36019,0.8695652173913043
45310,39107,0.8695652173913043
78360,48505,0.8695652173913043
60585,17197,0.8694982792972288
16639,42021,0.8694915254237288
54930,55137,0.8694444444444445
40516,21067,0.8694057226705796
50575,19025,0.8694029850746269
50457,19033,0.8693877551020408
56339,27051,0.8692699490662139
57626,46093,0.8692307692307693
95629,06005,0.8691796008869179
21224,24510,0.8689758079878087
65752,29057,0.8688524590163934
37014,47187,0.8688340807174888
52726,19163,0.8687977099236641
30281,13151,0.868765284649946
18641,42079,0.8687643898695319
24736,54055,0.8687258687258688
73757,40103,0.8686868686868687
56115,27083,0.8686868686868687
49099,26149,0.8686058174523571
35242,01117,0.8685896349523777
29178,45071,0.8685786322092657
46561,18141,0.8685265104808878
16673,42013,0.8684491978609625
52533,19101,0.8682170542635659
08528,34035,0.8681875792141952
21234,24005,0.8681796378462645
42716,21123,0.8681564245810056
63143,29189,0.8681181528220774
12185,36083,0.8680947012401353
76454,48133,0.8680800942285041
43787,39115,0.8678196417541693
66772,20001,0.867816091954023
51653,19071,0.8677918424753868
74359,40041,0.8677685950413223
80550,08123,0.8677209147885278
79343,48107,0.8676716917922948
27050,37067,0.8675153229608675
56349,27121,0.8675
27356,37123,0.8674780256930358
67631,20195,0.8674698795180723
56128,27117,0.8674698795180723
74878,40125,0.8674157303370786
30641,13297,0.8673932788374206
23894,51053,0.8672086720867209
79036,48233,0.8671532846715329
62905,17181,0.8671497584541062
24541,51590,0.8671442526864214
66021,20091,0.8670936749399519
65333,29159,0.8670360110803325
14864,36015,0.8668730650154799
65722,29105,0.8668146503884573
38080,47095,0.8667664670658682
41093,21069,0.8666232921275211
68660,31011,0.8665568369028006
35016,01095,0.8663891366835167
79227,48155,0.8662207357859532
56263,27127,0.8661971830985915
14037,36121,0.8661710037174721
64670,29061,0.8661417322834646
71419,22085,0.8661242603550295
66758,20207,0.8660714285714286
30319,13089,0.8659876493704387
25125,54015,0.8659217877094972
43917,39081,0.8657949070887818
24432,51015,0.8657407407407407
74301,40035,0.8657118547929665
14001,36029,0.8657056145675266
65256,29019,0.8656565656565657
51026,19193,0.8655660377358491
71046,22031,0.8654088050314466
01008,25013,0.8653846153846154
53554,55043,0.8653465346534653
57265,46051,0.8651685393258427
49236,26091,0.8651587646802957
32564,12091,0.865149833518313
04459,23019,0.8651399491094147
24101,51067,0.8651354534746761
65023,29051,0.8650371944739639
56158,27133,0.865
78664,48491,0.8649246016184806
66528,20139,0.8649237472766884
67484,20143,0.8648648648648649
31831,13145,0.8648504273504274
52215,19171,0.8647887323943662
42343,21183,0.8647388059701493
56266,27127,0.864516129032258
41164,21043,0.8644654088050314
58638,38059,0.864376130198915
30340,13089,0.8643737041102574
74462,40061,0.8643115214773184
59258,30091,0.8641975308641975
56072,27161,0.8641975308641975
68735,31089,0.8640275387263339
57437,46089,0.864010989010989
48911,26065,0.863965196988953
62257,17163,0.8639380530973452
49316,26081,0.8638685509960837
78662,48021,0.8638667632150615
79370,48125,0.8638163103721298
56552,27027,0.8636363636363636
17067,42075,0.8635400480293827
56585,27027,0.8635294117647059
29481,45029,0.8634361233480177
27980,37041,0.8634361233480177
83555,16061,0.8633879781420765
62831,17189,0.8633720930232558
50484,19081,0.8632478632478633
23225,51760,0.8631267109161136
18058,42089,0.8630484988452656
66080,20059,0.8629856850715747
74865,40123,0.8629690048939641
98813,53017,0.862796833773087
64641,29079,0.8627450980392157
30529,13157,0.8627313188100257
75051,48113,0.8627157652474108
37022,47165,0.8626817447495961
63440,29111,0.8626444159178434
54801,55129,0.8626441515650741
18661,42079,0.8625996152789228
64840,29145,0.8625850340136054
54966,55137,0.8625678119349005
79536,48441,0.8623576691225721
59421,30013,0.8622482131254061
72065,05125,0.8622448979591837
52654,19087,0.8621867881548975
72436,05055,0.8621262458471761
73002,40051,0.8620689655172413
99110,53065,0.8620689655172413
42746,21099,0.8620378719567178
47470,18093,0.861995753715499
52356,19183,0.8619909502262444
35578,01127,0.8619020501138952
03887,33017,0.8617886178861789
49111,26021,0.8617710583153347
58718,38101,0.8617424242424242
64755,29097,0.8616541353383459
65605,29109,0.8616334146691546
56762,27089,0.8614886731391586
70380,22101,0.8614775725593667
49285,26065,0.8614008941877794
77358,48471,0.8613904678618277
21783,24043,0.8613861386138614
45711,39009,0.8613678373382625
48456,26151,0.8612836438923396
50249,19079,0.861271676300578
21111,24005,0.8612422811478387
31549,13271,0.8611111111111112
45764,39009,0.8610259554465564
55781,27137,0.8610169491525423
58520,38059,0.8609271523178808
53929,55057,0.8609188168659534
38670,28119,0.8609022556390977
53015,55071,0.860738255033557
26184,54107,0.8607367475292004
48880,26057,0.8605905735377626
60527,17043,0.8605828050272495
41132,21043,0.8605769230769231
00650,72054,0.8605258575657322
47106,18019,0.8604749787955894
66856,20031,0.8604395604395605
67154,20015,0.8604294478527608
08620,34021,0.8604187437686939
27860,37013,0.8603960396039604
39482,28073,0.8603146596088811
63942,29181,0.860248447204969
75481,48223,0.860248447204969
56343,27041,0.860125260960334
75410,48499,0.8599739243807041
28382,37163,0.8599348534201955
50674,19017,0.8599114064230343
24202,51191,0.8598780314848957
54466,55141,0.859876965140123
95668,06101,0.8598130841121495
27897,37131,0.8596750369276218
95587,06023,0.8596491228070176
60466,17031,0.859537110933759
45789,39167,0.859504132231405
72079,05069,0.8594771241830066
63648,29221,0.859271523178808
62665,17137,0.8592592592592593
64784,29217,0.8592342342342343
58060,38081,0.8591549295774648
35464,01119,0.8590909090909091
68003,31155,0.8587833643699565
71268,22049,0.8587786259541985
39421,28065,0.8587608261159227
45723,39009,0.8587270973963356
49418,26081,0.8586396838701952
74831,40087,0.8585461689587426
36317,01067,0.8584905660377359
68935,31035,0.8584070796460177
69351,31161,0.8584070796460177
50577,19091,0.8584070796460177
65633,29209,0.8583899127061105
61742,17203,0.8583690987124464
71418,22021,0.8582496413199426
35984,01049,0.8582375478927203
75686,48063,0.8582249715944956
50026,19077,0.8581560283687943
51358,19147,0.8580814717477004
35010,01123,0.8580512684639332
54624,55123,0.8579881656804734
23059,51087,0.8578508910682273
36769,01131,0.8577302631578947
70444,22105,0.8575453976205385
37874,47123,0.8574500107503763
55910,27169,0.8573426573426574
49885,26103,0.8572778827977315
53588,55111,0.8572638712409996
44619,39099,0.8571428571428571
58423,38103,0.8571428571428571
69350,31075,0.8571428571428571
47359,18009,0.8570536828963795
68836,31019,0.8569844789356984
56175,27083,0.8568033273915627
73127,40109,0.8566719642121373
38927,28135,0.8566666666666667
62611,17017,0.8566243194192378
61830,17147,0.8565573770491803
72355,05107,0.856508875739645
45337,39109,0.8564102564102564
62293,17027,0.8563876651982378
83716,16001,0.8562166598276569
39464,28067,0.8560228082679971
50006,19083,0.8560090702947846
64668,29033,0.8559322033898306
39666,28113,0.8558819473176114
74880,40107,0.8558786346396966
56482,27159,0.8558718861209964
54155,55009,0.8558510638297873
23047,51085,0.8557964184731386
76310,48485,0.8557946394865987
52053,19061,0.8557692307692307
54770,55121,0.8557347670250897
34449,12075,0.8556149732620321
58386,38005,0.8555555555555555
70090,22093,0.8554878048780488
50636,19023,0.855475763016158
67346,20049,0.85546875
13438,36065,0.8554396423248882
46055,18059,0.8553910226746877
38833,28141,0.8552036199095022
98283,53057,0.8551236749116607
44842,39005,0.8551068883610451
40013,21179,0.8549323017408124
52327,19183,0.8548795944233206
30534,13085,0.8546176212673651
35173,01073,0.8546017014694509
54658,55123,0.8545597484276729
12010,36057,0.8545583122163946
40334,21011,0.8545454545454545
63740,29201,0.854538549183441
62851,17191,0.8544303797468354
13339,36057,0.8542949281735561
53139,55101,0.8542538354253836
65790,29091,0.8542435424354243
18419,42131,0.8542243767313019
48823,26065,0.8541694111447767
47590,18125,0.8541666666666666
28086,37045,0.85402707507179
48850,26117,0.8540145985401459
48438,26049,0.8537178596247395
27523,37183,0.8536886023136734
58563,38059,0.8532555879494655
38963,28135,0.853225806451613
68758,31119,0.8529886914378029
58773,38013,0.8529411764705882
46069,18057,0.8528221005001191
27871,37117,0.8528183716075156
28631,37009,0.8527918781725888
50430,19081,0.8526315789473684
56274,27051,0.8526315789473684
75082,48085,0.8526178861788618
58746,38101,0.852589641434263
30360,13089,0.8524785510009533
39643,28091,0.8523706896551724
29909,45013,0.8523657870791629
64756,29039,0.8523002421307506
52536,19179,0.8522954091816367
61611,17179,0.8522696011004126
47122,18043,0.8522330453960669
78006,48259,0.8522009132420091
29565,45033,0.8521980798383022
55030,27115,0.8521850899742931
20912,24031,0.8521215959468018
80221,08001,0.8518867456736252
59545,30051,0.8518518518518519
62841,17199,0.8518518518518519
58756,38101,0.8518518518518519
64688,29117,0.8517241379310345
78039,48325,0.8516746411483254
47118,18025,0.851569933396765
57385,46111,0.851520572450805
38034,47033,0.8514893617021276
79230,48087,0.8514851485148515
65040,29051,0.8513513513513513
30054,13217,0.8513408773833514
22580,51033,0.8512840168646991
27946,37073,0.8512110726643599
11001,36059,0.8512001627339301
45648,39145,0.8511994631773192
51535,19029,0.8511263467189031
58225,38067,0.851063829787234
29161,45041,0.851006711409396
23050,51115,0.8509933774834437
00969,72061,0.850788322043043
59242,30091,0.8507462686567164
75435,48277,0.8506998444790047
87746,35021,0.8506493506493507
75852,48313,0.8506429277942631
75124,48213,0.8506146445750935
23102,51075,0.8505509641873278
32358,12129,0.850502045370026
18240,42025,0.8504714863044455
78631,48171,0.8504301786896096
48622,26035,0.8504069604266068
15332,42125,0.8503462139825776
77831,48185,0.850164396430249
43061,39041,0.8501204819277108
04040,23005,0.8500996015936255
37849,47093,0.8500630517023959
80003,08059,0.8500543938111931
66716,20011,0.85
44666,39151,0.8498789346246973
44099,39007,0.8498759305210918
36066,01001,0.8498421636379149
32464,12059,0.8497288923315259
44460,39029,0.8496855771181283
52159,19043,0.8496530454895914
67106,20191,0.8495145631067961
52765,19163,0.8495145631067961
50650,19019,0.8494318181818182
63801,29201,0.8493795172507841
55787,27001,0.8492063492063492
67051,20191,0.8492063492063492
39079,28051,0.8491620111731844
99116,53047,0.8491321762349799
58338,38071,0.8490566037735849
58630,38089,0.8490566037735849
32162,12119,0.8490044697277529
80439,08059,0.8489748549323017
72469,05075,0.8489096573208723
68348,31097,0.8488372093023255
18618,42079,0.8487394957983193
56282,27067,0.8486932599724897
71852,05061,0.848630962631307
43044,39021,0.8485870940531421
75639,48365,0.8484585323491098
62550,17173,0.8484429065743945
58750,38009,0.8483754512635379
47923,18181,0.8483439860546194
74964,40001,0.8482758620689655
26710,54057,0.8481880509304603
65072,29141,0.8481262327416174
30296,13063,0.8481080666206156
52224,19171,0.848
16046,42019,0.847968814115716
75831,48289,0.8479391756702681
55971,27045,0.8476941747572816
15832,42023,0.8475177304964538
39452,28039,0.847315634218289
63631,29221,0.8473118279569892
47612,18129,0.8472622478386167
74540,40005,0.8472222222222222
22901,51003,0.8471760797342193
70030,22089,0.8471544715447155
41605,21071,0.8471337579617835
32757,12069,0.8471310607664619
49679,26133,0.8470588235294118
12567,36027,0.8470198675496688
93631,06019,0.8469362129583125
35957,01095,0.8469003310880238
16936,42117,0.8468550592525068
56516,27087,0.8467741935483871
16666,42033,0.8465982028241335
38964,28119,0.8465909090909091
54005,55095,0.8465473145780051
44086,39055,0.8464912280701754
48032,26147,0.8464730290456431
29470,45019,0.8464603125957708
19520,42029,0.8462892343795835
05846,50009,0.8462709284627092
70633,22019,0.8461731493099122
16260,42031,0.8461538461538461
39577,28131,0.845848494872643
29704,45091,0.8458173865500274
75449,48147,0.8457556935817805
50460,19131,0.8457142857142858
55073,27163,0.8456992777413
28601,37035,0.8456272012112833
37325,47139,0.8455882352941176
60172,17043,0.845575959933222
50585,19021,0.8455538221528861
46982,18085,0.845513963161022
58492,38003,0.8454258675078864
34243,12081,0.8454204809562207
48457,26049,0.8454001088731627
56481,27159,0.8453703703703703
51570,19165,0.8452380952380952
98674,53015,0.8451626992793186
35053,01043,0.8451612903225807
44202,39133,0.8450812660393499
65660,29229,0.8450704225352113
55053,27131,0.8450704225352113
49329,26117,0.8450193423597679
70437,22103,0.8449924509310518
43447,39173,0.8448956570783982
65711,29229,0.8448850675557116
58062,38003,0.8448275862068966
53556,55103,0.844742413549753
48809,26067,0.8446949364823761
43821,39119,0.8444647758462946
39175,28049,0.8444622151139545
24324,51155,0.8444444444444444
27311,37033,0.844364012409514
38006,47033,0.8442714126807565
23238,51087,0.844230638932177
56276,27011,0.8440860215053764
26611,54021,0.8439716312056738
52747,19031,0.8438628158844765
41723,21193,0.8438003220611916
28606,37193,0.8436454849498328
42035,21039,0.8435643564356435
26542,54077,0.8435517970401691
58490,38045,0.8435374149659864
53561,55111,0.8435277382645804
13421,36053,0.8434904996481352
58716,38055,0.8433734939759037
14040,36037,0.8433476394849786
74735,40023,0.8432835820895522
45378,39135,0.8432432432432433
56289,27067,0.8431372549019608
48726,26157,0.843094944512947
27591,37183,0.8430496136900582
97002,41047,0.8430051813471503
50141,19127,0.8430034129692833
62820,17193,0.8429752066115702
61453,17187,0.8429003021148036
23231,51087,0.8428255389206153
35098,01043,0.8427807486631016
45849,39125,0.8427672955974843
39665,28077,0.8427601809954751
51529,19085,0.8426745329400197
43731,39127,0.8425167535368577
74553,40121,0.842391304347826
39086,28021,0.8423114593535749
30582,13281,0.8422712933753943
67673,20167,0.8421052631578947
57370,46015,0.8421052631578947
98605,53039,0.8418772563176895
21239,24510,0.8418419052444895
27882,37127,0.8418391911410689
55389,27093,0.8417910447761194
78639,48299,0.8417615539182853
50857,19003,0.841726618705036
31779,13205,0.8416971785483524
37694,47019,0.8416912487708947
33597,12119,0.8416798107255521
31036,13235,0.841676985671325
37375,47051,0.8416619876473891
72453,05021,0.8415841584158416
68757,31051,0.8415841584158416
67649,20167,0.8413793103448276
42078,21139,0.8411978221415608
58231,38099,0.8411214953271028
72326,05123,0.8410290237467019
29560,45041,0.8409872298624754
37377,47065,0.8409329691111578
49706,26047,0.8408637873754152
83255,16023,0.8407766990291262
16341,42121,0.8407517309594461
27919,37143,0.8407079646017699
98832,53025,0.8407079646017699
58771,38061,0.8406374501992032
38506,47141,0.8406035343157401
52623,19057,0.8405951115834219
67651,20141,0.8405797101449275
73726,40003,0.8405797101449275
31323,13179,0.8404017857142857
71639,05041,0.8401814973531636
23181,51101,0.840174672489083
48892,26065,0.8400921658986175
49677,26133,0.8398406374501992
29849,45005,0.8397790055248618
38040,47097,0.839732300105671
50436,19189,0.8397297297297297
46511,18099,0.8396481732070366
43153,39097,0.8395348837209302
73045,40109,0.8394471933117216
64458,29081,0.8392857142857143
45896,39011,0.8392246294184721
39479,28031,0.8390551181102363
83801,16055,0.839047369798482
72046,05085,0.838957055214724
39422,28061,0.8388445458000761
67640,20167,0.8387096774193549
12480,36111,0.8385416666666666
57063,46009,0.838495575221239
64631,29115,0.838475499092559
97035,41005,0.8384342987226509
74063,40143,0.8384241582783756
55341,27171,0.8383527965580824
17821,42093,0.8382886860955745
70578,22001,0.8382799719560645
38611,28093,0.8382793620106331
70661,22019,0.8381452318460193
50046,19169,0.8380187416331994
17824,42097,0.8380077369439072
68017,31155,0.8380024360535931
26346,54085,0.8378378378378378
26238,54001,0.837772397094431
16157,42073,0.8377504848093084
71001,22013,0.8373101952277657
52347,19095,0.8372703412073491
68329,31097,0.8371428571428572
56244,27149,0.8371161548731643
21229,24510,0.8370289697233718
47850,18153,0.836996336996337
64625,29025,0.8369304556354916
37183,47003,0.8368999421631
78641,48491,0.8368489683209327
59825,30063,0.8367514356029533
27358,37081,0.8366878292584088
52218,19113,0.8365508365508365
25123,54053,0.8365168539325842
54559,55051,0.8363939899833055
57450,46107,0.8363095238095238
30427,13267,0.8362831858407079
24439,51163,0.8362480127186009
64492,29049,0.8360655737704918
57242,46057,0.8359788359788359
24139,51143,0.8358585858585859
35654,01059,0.83582399335824
66776,20133,0.8357963875205254
63036,29187,0.8357894736842105
27020,37197,0.8357314148681055
05468,50007,0.8355640535372849
74944,40061,0.8354755784061697
67632,20163,0.8354430379746836
76859,48327,0.8353808353808354
13736,36107,0.8352941176470589
72025,05105,0.8351648351648352
97378,41071,0.8351648351648352
23860,51670,0.8351618022493618
55331,27053,0.8350282485875706
36266,01027,0.8349213911386374
56361,27111,0.8348754448398576
83434,16051,0.8348623853211009
39176,28015,0.8347978910369068
66424,20013,0.8347826086956521
83253,16059,0.8347826086956521
62924,17077,0.8346915017462165
07830,34019,0.8346139773143066
42464,21107,0.834375
12062,36083,0.8342857142857143
65240,29019,0.8342351205115592
57330,46043,0.8340807174887892
59453,30107,0.8340807174887892
39769,28105,0.8340649692712906
45130,39015,0.8340374170187085
44062,39055,0.8339575530586767
46792,18069,0.8338709677419355
13437,36075,0.8338461538461538
14726,36009,0.8338235294117647
54837,55095,0.8338192419825073
53594,55055,0.8336527405136067
36375,01061,0.8336079077429983
54634,55123,0.8335773548072231
30560,13111,0.8333673677761895
63432,29199,0.8333333333333334
65635,29057,0.8333333333333334
69340,31161,0.8333333333333334
57644,46105,0.8333333333333334
23160,51075,0.8333333333333334
75453,48231,0.8333333333333334
35776,01071,0.8332523091881381
38925,28097,0.8330745341614907
49094,26023,0.8330341113105925
35019,01043,0.8329764453961456
26335,54007,0.8327272727272728
13309,36065,0.8327102803738318
62902,17077,0.8326923076923077
38846,28003,0.8326289095519864
49729,26009,0.8326180257510729
53190,55127,0.8324483109253191
44833,39033,0.8324336482231219
67584,20135,0.8324022346368715
57448,46045,0.8323353293413174
43110,39049,0.8322337417530632
46150,18139,0.8321428571428572
54422,55019,0.8321299638989169
13364,36053,0.8319327731092437
25164,54015,0.8318181818181818
61240,17161,0.8317399617590823
81253,08027,0.8317307692307693
57432,46013,0.8315789473684211
35063,01127,0.8315240990013026
35951,01095,0.8314472107575556
50648,19019,0.8314328210213188
49769,26047,0.8314285714285714
82329,56007,0.8312236286919831
51552,19029,0.8311688311688312
79039,48065,0.8311345646437994
42351,21091,0.8310779281381241
45382,39135,0.831041257367387
58064,38017,0.8308823529411765
76233,48181,0.83078545071165
30184,13015,0.8307413167444272
78617,48453,0.8307388564051941
23117,51109,0.8306496390893948
67347,20125,0.8306451612903226
30734,13129,0.8306188925081434
43716,39111,0.8305709023941068
48654,26129,0.8305555555555556
47960,18181,0.8304532438036931
41094,21015,0.8304085549766932
07931,34035,0.8303059273422562
50210,19181,0.8302540415704388
28318,37163,0.830229536595929
79560,48151,0.8301886792452831
48917,26045,0.8301534632932394
65567,29029,0.8299319727891157
44849,39175,0.8299180327868853
24244,51169,0.8298334540188269
66849,20127,0.8297101449275363
13841,36017,0.8296943231441049
41314,21189,0.8296803652968037
17017,42097,0.8296639629200464
32703,12095,0.8296489795918367
54217,55061,0.8294701986754967
31820,13215,0.8294117647058824
24981,54089,0.8293838862559242
66854,20111,0.8293135435992579
58266,38035,0.8292682926829268
22504,51057,0.8292682926829268
24316,51185,0.8292682926829268
35773,01089,0.829227395846769
61039,17177,0.8290155440414507
83344,16083,0.829004329004329
58016,38097,0.8289473684210527
93626,06019,0.8289205702647657
54521,55125,0.8288262777856434
75760,48347,0.8288027761711972
53517,55025,0.8287292817679558
61358,17099,0.8285714285714286
49883,26153,0.8285714285714286
72529,05135,0.8285240464344942
50058,19027,0.8285214348206474
84405,49057,0.8284698463808949
47932,18045,0.8284518828451883
73034,40109,0.8284239173937405
45660,39001,0.8284153005464481
38355,47053,0.8283992664396123
38486,47099,0.8281733746130031
25617,54045,0.828125
16229,42005,0.8280961182994455
51047,19041,0.828009828009828
57758,46093,0.8279569892473119
97014,41027,0.8278688524590164
64474,29063,0.8278145695364238
66516,20085,0.8277777777777777
75431,48223,0.8277467411545624
95837,06067,0.8276923076923077
24330,51077,0.8276161528441164
49071,26159,0.8276116648209672
13626,36049,0.8275488069414316
53520,55045,0.8274141473437041
39325,28075,0.8273752012882448
64783,29217,0.827354260089686
74864,40081,0.8272854152128402
39330,28023,0.8272189349112427
46742,18151,0.8271954674220963
38039,47069,0.8271844660194175
31030,13225,0.8271840542832909
97324,41003,0.8269794721407625
30739,13295,0.8269646719538573
59752,30031,0.8269368295589988
68947,31061,0.8269230769230769
64671,29025,0.8268608414239482
42204,21219,0.8266666666666667
21076,24003,0.8266206085550493
67521,20135,0.826530612244898
30075,13121,0.8264940787661801
48728,26001,0.8264058679706602
55025,27163,0.8263985205732779
74021,40143,0.8263036455929857
44675,39019,0.8261287223823247
73481,40019,0.825938566552901
50044,19125,0.8259023354564756
36742,01091,0.82583284628872
17331,42133,0.8257903435664803
64740,29083,0.8257080610021786
36722,01131,0.8256880733944955
51448,19047,0.8256880733944955
50570,19091,0.8256880733944955
38922,28161,0.825653798256538
30148,13227,0.8254545454545454
93451,06079,0.8254497001998667
49437,26121,0.8254172015404364
57722,46033,0.8253968253968254
62431,17173,0.8253676470588235
64862,29097,0.8253504672897196
53128,55127,0.8252968257814393
50128,19077,0.8252427184466019
75933,48351,0.8251851851851851
78940,48149,0.8251748251748252
30428,13309,0.8251318101933216
69358,31157,0.825091575091575
62875,17121,0.825
08853,34035,0.8249506903353058
48849,26067,0.8249110320284697
21206,24510,0.8246604054980048
50230,19083,0.8246205733558178
05081,50017,0.8246013667425968
68932,31061,0.8244897959183674
57263,46029,0.824468085106383
56338,27097,0.8243992606284658
50851,19173,0.8241379310344827
72645,05129,0.8240963855421687
52232,19157,0.8240740740740741
75936,48457,0.8240740740740741
67464,20113,0.8240469208211144
67028,20151,0.8238993710691824
55353,27145,0.8238519533927348
14418,36123,0.8238141335914811
20903,24031,0.8237431149654283
02532,25001,0.8236782527633506
67835,20069,0.8236173393124065
26062,54029,0.8235572374645223
51647,19145,0.8235294117647058
57649,46105,0.8235294117647058
95385,06099,0.8235294117647058
05669,50023,0.8235294117647058
29638,45001,0.8234536082474226
24065,51067,0.8234120385766545
71343,22025,0.8232959850606909
18465,42115,0.8232890704800817
54499,55115,0.8231070496083551
56367,27009,0.8230958230958231
33935,12051,0.8230028711366323
27526,37183,0.822992226107563
48662,26057,0.8229317851959361
31020,13289,0.8229082047116165
36860,01113,0.8227334235453315
49090,26159,0.8226963231956423
38456,47099,0.822452229299363
36035,01109,0.8223860589812333
88422,35059,0.8222222222222222
58035,38097,0.8222222222222222
72617,05005,0.8222222222222222
47920,18157,0.8221670802315963
47616,18129,0.8218390804597702
64011,29107,0.8218085106382979
38665,28137,0.8217291507268554
27265,37081,0.8217180502609275
37079,47161,0.8216899534264803
54653,55063,0.8216432865731463
54619,55081,0.8215102974828375
45644,39141,0.8214986269125147
99344,53001,0.8214592274678112
52222,19157,0.8214285714285714
99115,53025,0.8213367609254498
59833,30081,0.8213187564058764
39836,13243,0.8212765957446808
49774,26033,0.8212290502793296
79511,48227,0.8211382113821138
56252,27151,0.8211009174311926
73054,40109,0.8210116731517509
26717,54057,0.8210116731517509
43357,39091,0.8209706959706959
72392,05123,0.8208955223880597
75169,48467,0.8208657490524636
62278,17157,0.8208027133973996
78737,48209,0.8207946661861429
24528,51031,0.8205585264408793
75154,48139,0.8205160584248853
44491,39155,0.8205128205128205
47140,18025,0.8204633204633205
27025,37157,0.8204294079375407
32437,12133,0.8203883495145631
54746,55019,0.8202531645569621
05148,50025,0.8200514138817481
54871,55129,0.8200389105058365
50106,19127,0.82
78657,48299,0.819984243697479
42376,21059,0.8199316982303633
13608,36045,0.8198924731182796
35115,01117,0.81985559566787
21539,24001,0.8197596795727636
54479,55073,0.8197463768115942
29101,45025,0.8197064989517819
31033,13169,0.819672131147541
24378,51077,0.8196166854565953
70364,22109,0.8194931773879143
08037,34001,0.8194786896794646
72933,05047,0.8193832599118943
56309,27051,0.819364161849711
38459,47103,0.8192307692307692
76464,48417,0.8192090395480226
62958,17077,0.8189845474613686
50597,19147,0.8189655172413793
68347,31025,0.8188976377952756
71469,22069,0.8188319427890346
46799,18179,0.81875
58535,38059,0.8187311178247734
55785,27001,0.8187134502923976
98638,53049,0.8186813186813187
57631,46129,0.8186274509803921
48873,26067,0.8185430463576159
50607,19019,0.8185328185328186
16930,42117,0.8184615384615385
57332,46061,0.8184357541899442
16678,42009,0.8183544303797469
01039,25015,0.8183060109289617
43445,39123,0.8181818181818182
65037,29141,0.8180811808118081
46341,18127,0.8180500931484165
56477,27159,0.8179291174426685
62474,17023,0.817910447761194
64637,29025,0.8176943699731903
43832,39157,0.8176714669270198
80212,08031,0.817553447998714
67474,20141,0.8175182481751825
00715,72113,0.8173913043478261
46120,18133,0.8173719376391982
30753,13055,0.8172632794457275
28789,37099,0.8172331544424568
53937,55111,0.8170731707317073
27516,37135,0.8168177154582763
51108,19193,0.8167832167832167
67653,20039,0.8167539267015707
51048,19193,0.8167202572347267
71227,22061,0.8167161646160374
38341,47005,0.8166666666666667
31543,13025,0.8166042871725077
79527,48415,0.8165137614678899
77494,48157,0.8164963371619789
12721,36105,0.8164383561643835
35593,01059,0.8164335664335665
28518,37061,0.8161779995841131
47017,18137,0.8161290322580645
42733,21217,0.8159203980099502
13470,36035,0.8158567774936062
35978,01049,0.815796741231704
54745,55017,0.8157150932730356
63041,29071,0.8156862745098039
38924,28051,0.8156182212581344
76687,48293,0.8156089193825042
18603,42037,0.8155891704403122
44847,39077,0.8155397390272835
58454,38045,0.8155339805825242
74754,40089,0.8155339805825242
55748,27001,0.8153846153846154
65745,29009,0.8153745072273325
75668,48343,0.815251572327044
65757,29077,0.8152198170051328
45887,39003,0.8151614412728123
44440,39155,0.815045719035744
60081,17111,0.8150367220718979
52563,19107,0.815006468305304
58027,38073,0.8149425287356322
56312,27145,0.8149100257069408
37854,47145,0.8147307352755707
37181,47043,0.8146766169154229
55798,27017,0.8146341463414634
68977,31083,0.8146067415730337
75491,48181,0.8145539906103286
39633,28157,0.814540059347181
71234,22111,0.8144087705559906
79371,48279,0.8141732283464567
12023,36001,0.814133591481123
46035,18023,0.8140900195694716
50836,19173,0.813953488372093
68065,31155,0.8138639281129654
37178,47083,0.8138343296327925
48637,26145,0.8136835675015271
49613,26101,0.8135838150289018
39776,28017,0.8135775862068966
68307,31025,0.8132295719844358
66092,20059,0.8131991051454138
54929,55135,0.8131934637885818
24501,51680,0.8131264764093724
77372,48339,0.8130658184487399
52585,19107,0.812992125984252
81415,08029,0.8129770992366412
80112,08005,0.8127318174487986
55932,27157,0.8126951092611863
53017,55131,0.8126888217522659
56119,27105,0.8126315789473684
14807,36101,0.8125810635538262
65631,29043,0.8124557678697806
62612,17017,0.8121827411167513
56214,27127,0.8121546961325967
05143,50027,0.8121345029239766
53807,55043,0.8121104185218165
67751,20063,0.8120805369127517
30233,13035,0.8119797617104619
47368,18135,0.811973018549747
36922,01023,0.811816192560175
54208,55009,0.8117182356813694
47918,18045,0.8116788321167884
24368,51197,0.8116776315789473
59821,30047,0.8116634799235182
52141,19065,0.8116480793060719
42214,21169,0.8115942028985508
97016,41009,0.8115898058252428
65611,29209,0.8115642746515229
29418,45019,0.8114793758316197
76052,48439,0.8113863770132164
56378,27145,0.8113121135791161
22940,51003,0.8111510791366906
16625,42013,0.8111174134997164
13813,36007,0.8111111111111111
56443,27097,0.810970464135021
78384,48131,0.8109090909090909
57213,46039,0.8108108108108109
39117,28123,0.8107547169811321
50464,19033,0.8107344632768362
66432,20149,0.8106995884773662
29055,45023,0.8106391425168717
62083,17021,0.8106060606060606
31052,13021,0.8105263157894737
58363,38095,0.8103448275862069
68641,31037,0.8103161397670549
31825,13259,0.8102240896358543
68872,31093,0.810126582278481
17814,42037,0.8100820633059789
13159,36067,0.8099652375434531
44676,39169,0.8099331423113658
30823,13163,0.8096846846846847
36850,01123,0.8096017457719585
45120,39025,0.8095830740510268
41030,21081,0.8095396931287525
60051,17111,0.809378679781118
58052,38017,0.8092307692307692
37060,47149,0.8091803278688524
74851,40125,0.8090563647878404
13111,36011,0.8090322580645162
50002,19001,0.8088942307692307
28036,37119,0.8088498454530665
57775,46103,0.8088235294117647
68882,31077,0.8087248322147651
72132,05069,0.8086816720257235
77465,48321,0.8085761181780878
53534,55105,0.8085758039816233
62272,17157,0.8085106382978723
44625,39029,0.8084033613445378
13122,36053,0.8083941605839416
48632,26035,0.8083832335329342
94708,06001,0.8082932692307693
57374,46087,0.8081395348837209
46031,18057,0.8080631025416302
65279,29019,0.8080402010050252
62934,17059,0.8080168776371308
83545,16069,0.8078817733990148
57793,46081,0.8078817733990148
80020,08014,0.8078066332916145
65348,29053,0.8078034682080925
42160,21009,0.8077879038939519
30625,13211,0.8077403245942572
74015,40131,0.8075931232091691
68764,31003,0.8075313807531381
32234,12031,0.8074634067878398
37865,47155,0.8074375548639374
55421,27003,0.8074139341682925
69045,31029,0.8073701842546064
47523,18147,0.8072976054732041
68815,31175,0.8070739549839229
39189,28079,0.8070267435762979
57271,46025,0.8070175438596491
67025,20173,0.8069437138348238
75640,48459,0.806814900375397
96161,06057,0.8065977109982251
40075,21103,0.8063540090771558
64658,29115,0.8063112078346029
40051,21179,0.8063063063063063
76228,48077,0.80625
07840,34041,0.8061148857319332
54666,55081,0.806009144350098
50164,19077,0.8058823529411765
66746,20037,0.8058252427184466
14030,36029,0.8057901085645356
42408,21107,0.8057593045368107
36852,01081,0.8056192660550459
23173,51087,0.8055555555555556
64484,29021,0.8054226475279107
66012,20209,0.8054226475279107
22031,51059,0.8052824267782427
36867,01113,0.80520878174774
62801,17121,0.8051976573938506
42054,21035,0.8049242424242424
72821,05047,0.8048268625393494
49325,26015,0.8048220436280138
27560,37183,0.8047640899420133
30230,13285,0.8046902345117256
28433,37017,0.8045714285714286
65638,29067,0.8044554455445545
24503,51680,0.804418581714173
38860,28017,0.8043795620437956
65260,29175,0.8043478260869565
39755,28025,0.8042763157894737
57319,46087,0.8041237113402062
38368,47077,0.8040485829959514
20842,24031,0.8040468583599574
45767,39167,0.8037775445960126
22044,51059,0.8037200195790504
40011,21103,0.8036421219319082
27012,37067,0.8036295671047872
59416,30073,0.8035714285714286
65772,29009,0.8034508627156789
25962,54025,0.8033012379642366
17316,42001,0.8029749478079332
12156,36083,0.8028846153846154
75974,48419,0.8028846153846154
64642,29081,0.8028419182948491
66422,20149,0.8028169014084507
71427,22079,0.8028169014084507
67020,20079,0.8024691358024691
39092,28123,0.8022905364677516
26415,54085,0.8022269353128314
64062,29177,0.802158273381295
76487,48367,0.8021489440533531
76177,48439,0.8021347565043362
26224,54083,0.8020833333333334
58560,38015,0.8020833333333334
45616,39001,0.801994301994302
65047,29131,0.8019891500904159
98541,53027,0.8018887292137138
95369,06047,0.8018223234624146
79109,48381,0.8017524205809394
12036,36095,0.8016528925619835
46550,18039,0.8016053044843832
64454,29049,0.8014705882352942
39320,28075,0.8013500482160077
47994,18107,0.8012422360248447
30446,13251,0.801219512195122
57452,46129,0.8011363636363636
58051,38017,0.8011363636363636
32668,12075,0.800979262672811
64624,29025,0.8009153318077803
43517,39171,0.8008059873344847
65685,29059,0.8007736943907157
13787,36007,0.8005917159763314
61262,17073,0.8005540166204986
25434,54027,0.8005540166204986
62808,17189,0.8005427408412483
60960,17183,0.8003913894324853
44214,39169,0.8003875968992248
14572,36101,0.8002175489485134
70422,22105,0.8001366120218579
38948,28161,0.8001355013550135
75946,48347,0.8000791765637372
95728,06057,0.8
49817,26153,0.8
05733,50021,0.7999417588817705
18436,42127,0.7998686946055367
43019,39083,0.7997716894977169
67344,20125,0.7996108949416343
29661,45045,0.799565453557849
15823,42047,0.7994467496542186
20701,24027,0.7993562231759657
23850,51053,0.7993138936535163
27844,37083,0.7989590110605075
44608,39151,0.7988929889298892
40009,21155,0.7988826815642458
24504,51680,0.7988437592647495
25244,54035,0.7988165680473372
76084,48251,0.7988120813850625
43318,39091,0.798804780876494
26378,54041,0.7987512007684918
46776,18151,0.7986425339366516
77665,48071,0.7985359643539147
23024,51109,0.7984618418457898
67061,20007,0.7983193277310925
22437,51057,0.7983193277310925
33955,12015,0.7982743231181196
63943,29035,0.7982708933717579
35769,01071,0.798249390156407
72572,05075,0.7982456140350878
46310,18073,0.798230898276651
46910,18049,0.7980636237897649
56449,27035,0.7978971962616822
56340,27145,0.7978609625668449
74825,40123,0.797847809377402
43766,39127,0.7976470588235294
54425,55019,0.7975517890772128
81069,08101,0.7974683544303798
69028,31063,0.7974413646055437
54964,55139,0.7973231357552581
71831,05057,0.7972972972972973
71455,22079,0.7972972972972973
43762,39119,0.7970588235294118
76239,48337,0.796969696969697
16143,42073,0.7969208211143695
68730,31107,0.7969018932874354
38720,28027,0.7967741935483871
94707,06001,0.7967620699624168
82832,56033,0.7965616045845272
64486,29227,0.7963800904977375
56583,27155,0.7962962962962963
47336,18075,0.7961309523809523
74455,40101,0.7960251046025104
40913,21013,0.7960199004975125
74572,40029,0.7960088691796009
20714,24009,0.7959527824620574
63624,29187,0.7957957957957958
50861,19175,0.7956204379562044
16748,42105,0.7956204379562044
71638,05017,0.7956171735241503
30660,13317,0.7956104252400549
36203,01015,0.7955851919981605
65287,29053,0.7954545454545454
54435,55069,0.7954372623574144
47227,18079,0.7953890489913544
54923,55047,0.7953537486800423
72421,05031,0.7953216374269005
43356,39101,0.7952941176470588
38357,47109,0.79518779342723
23235,51041,0.7951469450889405
54487,55069,0.7951393656460249
31630,13065,0.7950819672131147
77493,48201,0.7948923204048959
51571,19129,0.7948717948717948
56433,27057,0.7946577629382304
45898,39161,0.7945823927765236
87535,35049,0.7945619335347432
55917,27147,0.7943813508667065
32440,12063,0.7943686006825939
17569,42071,0.7943234836702955
58455,38093,0.7942857142857143
43988,39067,0.7942546583850931
49776,26141,0.79421768707483
45623,39053,0.7940709370037057
45171,39015,0.7938769324037587
56725,27113,0.7936842105263158
17740,42081,0.793640897755611
45123,39071,0.7936117936117936
15329,42125,0.7935897435897435
24260,51167,0.7935819601040763
74108,40143,0.7935623645930052
35622,01103,0.7934154310128173
83302,16083,0.7933884297520661
49092,26025,0.7932816537467701
19543,42011,0.7932110807647288
58038,38017,0.7931034482758621
45830,39137,0.7929430011632416
58532,38015,0.7928994082840237
78655,48055,0.7928571428571428
71039,22119,0.7925860547219771
52156,19043,0.7925531914893617
17066,42061,0.792520325203252
61421,17175,0.7925133689839572
61449,17175,0.7924050632911392
66532,20013,0.7922848664688428
24256,51051,0.7922673656618611
35961,01049,0.7920110192837465
85120,04021,0.7919615188936682
68981,31061,0.7919463087248322
61733,17179,0.7918781725888325
42085,21083,0.7917485265225933
42715,21001,0.7915407854984894
52162,19005,0.791503633314701
34223,12115,0.791448275862069
78728,48453,0.7913619601225077
63080,29071,0.7913320736891828
58461,38003,0.7913043478260869
49639,26133,0.7911434236615995
23605,51700,0.7909395973154363
18445,42127,0.7908545727136432
37135,47187,0.7908163265306123
76872,48307,0.7906458797327395
65571,29215,0.7905759162303665
15717,42063,0.7905688873972143
62673,17129,0.7904191616766467
31065,13175,0.7902208201892744
68828,31041,0.7901234567901234
29128,45085,0.7900342335488779
05775,50021,0.7899686520376176
38343,47053,0.7898460655894445
13135,36075,0.7898126463700235
37722,47029,0.7898012927938712
59015,30111,0.7897196261682243
12154,36083,0.7896466721446179
65062,29073,0.7894736842105263
65609,29153,0.7894736842105263
46065,18023,0.7894736842105263
24416,51530,0.789453048421878
30620,13013,0.789435495573937
40347,21239,0.7891891891891892
30107,13057,0.7891472868217054
65076,29051,0.7890909090909091
21620,24029,0.7889928698752228
28650,37035,0.7889882219384136
45817,39003,0.7887469796341042
65049,29029,0.7887095136562088
79359,48165,0.7886792452830189
60504,17043,0.7886639243549335
30628,13195,0.7886227544910179
44408,39029,0.7883623468729851
15377,42125,0.788235294117647
43945,39029,0.7881152460984394
32102,12069,0.788109756097561
14065,36009,0.788056206088993
48841,26155,0.7880434782608695
46374,18149,0.7879924953095685
47436,18093,0.7879464285714286
68633,31053,0.787719298245614
37012,47041,0.7877138413685848
82423,56003,0.7876106194690266
57334,46035,0.7874015748031497
67447,20027,0.7873563218390804
65646,29057,0.7873338545738858
49665,26133,0.7872881355932203
17941,42107,0.7872860635696821
29592,45033,0.7871939736346516
29335,45083,0.7871070433744528
77423,48473,0.7870498296030211
05761,50021,0.7870216306156406
68823,31071,0.786929884275017
52247,19183,0.7868852459016393
62447,17035,0.7867958812840703
54414,55115,0.7867694283879255
64739,29037,0.7865748709122203
30629,13195,0.7862504938759384
65264,29007,0.7860824742268041
55924,27039,0.7860615883306321
31829,13215,0.7860199714693296
50055,19169,0.7858472998137802
30145,13015,0.7858017135862914
73063,40083,0.7857142857142857
50033,19121,0.7857142857142857
56327,27041,0.7855711422845691
18414,42069,0.7854785478547854
23963,51037,0.7854406130268199
97360,41043,0.7853492333901193
47244,18005,0.7853107344632768
48757,26157,0.7851622874806801
47264,18071,0.7850208044382802
42041,21075,0.7849694354548723
47352,18065,0.7849162011173184
62275,17005,0.7848314606741573
51018,19193,0.7847533632286996
65543,29105,0.7847533632286996
36475,01035,0.7845303867403315
58625,38025,0.7844827586206896
43780,39059,0.7843567251461988
61459,17057,0.7843137254901961
25143,54039,0.7841739130434783
73057,40049,0.7840785169029444
17062,42099,0.7839702760084926
76693,48161,0.7838862559241706
24445,51017,0.7837465564738292
93527,06029,0.783625730994152
99009,53063,0.7833505687693899
28441,37163,0.7833193629505448
48628,26111,0.783078307830783
68771,31027,0.7829181494661922
53925,55021,0.7828916782891678
56131,27101,0.7828438948995363
25202,54039,0.7828282828282829
68358,31109,0.7827763496143959
57014,46125,0.7827130852340937
49818,26041,0.7826771653543307
65459,29169,0.7825668191668673
44638,39075,0.7825552825552825
28366,37163,0.7824235385210995
57321,46097,0.7823834196891192
37715,47025,0.7821576763485477
37388,47031,0.7820948240728162
58647,38041,0.7820945945945946
69039,31063,0.782051282051282
32751,12095,0.7819855995569095
78953,48021,0.7818740399385561
54112,55075,0.7818471337579618
99170,53075,0.7816291161178509
16110,42039,0.7816091954022989
68381,31067,0.7815126050420168
80102,08001,0.7814597315436241
48653,26143,0.7814340145479737
15860,42065,0.7814136125654451
47357,18177,0.7814070351758794
28386,37155,0.7813953488372093
38201,47017,0.7813675213675214
55749,27017,0.7813504823151125
16319,42121,0.7811671087533156
30553,13119,0.7811211241790132
99141,53065,0.7810990338164251
26656,54067,0.7810650887573964
74760,40023,0.7810650887573964
76273,48181,0.7809385758289545
37641,47059,0.7806165540540541
36032,01085,0.7806020066889632
46050,18023,0.7804878048780488
72521,05135,0.7804506699147381
72073,05001,0.780439121756487
14883,36107,0.7803668815071889
57238,46039,0.7802690582959642
76653,48293,0.7802197802197802
29853,45011,0.7802000512952039
31012,13091,0.7801418439716312
31787,13177,0.7796610169491526
38581,47177,0.7796038769490097
30268,13121,0.7795315682281059
87015,35049,0.7795121951219512
48617,26035,0.7794732441471572
43146,39129,0.7794686613360846
62916,17077,0.7794486215538847
29130,45039,0.7793522267206477
73764,40073,0.7790697674418605
24014,51770,0.7790172131935763
47164,18061,0.7786472889882616
80733,08087,0.7785977859778598
38390,47017,0.7785977859778598
25045,54039,0.7785642062689585
54961,55135,0.778442280945758
49348,26005,0.7783670621074669
51433,19161,0.7783505154639175
30292,13231,0.7781954887218046
43135,39073,0.7781871775976419
48041,26147,0.778169014084507
98092,53033,0.7781008255023104
75603,48183,0.7780373831775701
32456,12045,0.7778579806911486
58310,38079,0.7777777777777778
23146,51085,0.7777777777777778
80827,08093,0.7775735294117647
80136,08001,0.7773155851358846
47438,18055,0.7772511848341233
97119,41067,0.7771826459560792
66060,20087,0.7771428571428571
29743,45091,0.7770780856423174
76933,48081,0.7769423558897243
73654,40043,0.7766497461928934
65257,29175,0.7764830508474576
64848,29109,0.7764350453172205
31308,13029,0.7764050387596899
69163,31113,0.7763975155279503
73666,40129,0.7762711864406779
39338,28061,0.7762478485370051
56026,27147,0.776239907727797
39824,13061,0.7761904761904762
29432,45075,0.7760217983651226
49247,26091,0.7759761747187294
76524,48309,0.775968992248062
87047,35001,0.7759562841530054
29847,45037,0.775774826059456
56211,27011,0.7757009345794392
18325,42089,0.7755937755937756
13361,36043,0.7755681818181818
83824,16009,0.7755102040816326
57651,46063,0.7755102040816326
67567,20009,0.7755102040816326
53569,55043,0.7754749568221071
73048,40015,0.7753267973856209
49120,26021,0.7752954026412472
47952,18045,0.7752948479205463
71232,22083,0.7751389590702374
31636,13185,0.7751135331516803
12913,36031,0.7751091703056768
38965,28161,0.7749503699693197
25559,54011,0.7747653806047967
18015,42095,0.7747363134103465
38376,47071,0.7746478873239436
13439,36077,0.7745524915336236
62054,17061,0.7745098039215687
58483,38093,0.774468085106383
67865,20025,0.7743271221532091
64024,29047,0.7742159472283301
27822,37195,0.7741273100616016
25430,54037,0.7739953928845662
56166,27127,0.7739130434782608
19950,10005,0.7738505747126436
72425,05055,0.7738095238095238
43788,39121,0.7737373737373737
37146,47021,0.7736434108527132
30103,13015,0.7736413694038784
48380,26125,0.7736085053158224
20137,51061,0.7734470158343484
58229,38099,0.7733333333333333
54768,55017,0.7732776617954071
49727,26029,0.7732358986069879
71971,05061,0.7732342007434945
22046,51610,0.7731531709241543
50147,19185,0.7730769230769231
68864,31121,0.7730496453900709
70657,22011,0.7729067930489731
25981,54025,0.7728395061728395
12531,36027,0.7727272727272727
63438,29111,0.7727272727272727
81021,08061,0.7727272727272727
68301,31067,0.7726692209450831
49663,26165,0.772651287194918
63558,29121,0.7726396917148363
62889,17081,0.7726269315673289
39841,13099,0.7725490196078432
37705,47001,0.7724274406332454
64748,29011,0.7724056603773585
38773,28011,0.7723880597014925
17002,42087,0.7723880597014925
24012,51770,0.7721580252888862
22713,51047,0.771900826446281
37025,47081,0.7718040621266428
74432,40091,0.7717748043423378
03602,33005,0.7716966379984362
43310,39091,0.7715442452284558
54739,55033,0.7715260017050298
80463,08037,0.7714285714285715
74116,40143,0.7713490099009901
37145,47159,0.7711598746081505
56068,27043,0.7711538461538462
44864,39005,0.7711154094132817
56382,27097,0.770893371757925
38352,47023,0.7708333333333334
56147,27133,0.7708333333333334
77663,48199,0.7708333333333334
38847,28057,0.7707100591715976
56144,27117,0.7705426356589147
82421,56003,0.7702127659574468
54952,55139,0.7701548318206086
14512,36069,0.77007700770077
24230,51195,0.7699026703269278
52078,19061,0.7698630136986301
55385,27085,0.7696160267111853
28083,37025,0.7695377693926421
58735,38101,0.76953125
40437,21137,0.7694444444444445
26374,54077,0.769433465085639
49230,26075,0.7693126520681265
47040,18115,0.7692307692307693
86320,04025,0.7692307692307693
27355,37151,0.7692307692307693
73432,40069,0.769100169779287
35175,01095,0.7690749493585415
14837,36123,0.7690597204574333
12137,36093,0.7690447400241838
38069,47075,0.7689992475545523
75846,48289,0.7689987937273823
81125,08109,0.768993839835729
65610,29043,0.7689732142857143
36879,01081,0.7686874632136551
54754,55053,0.7686440677966102
49425,26121,0.7685290763968073
29832,45037,0.7685185185185185
47640,18051,0.7684210526315789
66054,20087,0.7684049079754601
72947,05033,0.7682926829268293
35089,01037,0.7682157200229489
59911,30029,0.7681545636242505
88430,35037,0.7681159420289855
33523,12101,0.7680376951016
26585,54049,0.7677902621722846
47468,18105,0.76778413736713
54740,55093,0.7676669893514037
42082,21083,0.7673975214489991
81092,08099,0.7672209026128266
98330,53053,0.7671232876712328
14727,36003,0.7671191553544495
77447,48201,0.7670620260548318
23805,51730,0.7670389226473969
38366,47113,0.766743648960739
73052,40049,0.766601288876436
60102,17111,0.7665229422742776
78884,48019,0.7664670658682635
49326,26081,0.7664584334454589
68785,31051,0.7664233576642335
77990,48391,0.7664041994750657
39323,28101,0.7663551401869159
50609,19075,0.7663551401869159
80612,08123,0.7663043478260869
47231,18077,0.7662921348314606
79533,48253,0.7661691542288557
63015,29071,0.7660594439117929
55041,27157,0.7659081331647704
44412,39133,0.7658175842235004
12057,36115,0.7656441717791411
70777,22037,0.7656189367481567
57359,46111,0.7654320987654321
56019,27015,0.7653508771929824
56759,27135,0.7653061224489796
58049,38003,0.7651515151515151
36773,01047,0.7651006711409396
50161,19169,0.7650542941757157
23881,51181,0.7649687220732797
16354,42039,0.7648608595422361
76854,48267,0.7647058823529411
28902,37043,0.7646443514644351
42069,21083,0.7645985401459854
78336,48409,0.7642042042042042
42256,21141,0.7641570141570142
36765,01065,0.7638709677419355
28689,37097,0.7637947725072604
58845,38105,0.7637130801687764
64638,29117,0.7636363636363637
12093,36095,0.7634408602150538
15545,42009,0.7633824670287044
57072,46135,0.7632508833922261
50229,19181,0.7632058287795993
41180,21127,0.7631578947368421
69166,31171,0.7631578947368421
41640,21071,0.7631160572337043
15963,42111,0.7631133671742809
95469,06045,0.7630385487528345
23665,51650,0.7629972247918594
62440,17029,0.7629032258064516
14536,36121,0.7628571428571429
50072,19121,0.7628398791540786
35749,01089,0.7628030411705637
38633,28009,0.7627872498146775
62545,17167,0.762589928057554
38828,28145,0.7625429553264604
80227,08059,0.7625184973029739
46974,18169,0.7623497997329773
44628,39075,0.7623400365630713
45732,39009,0.7623335943617854
39044,28127,0.76232741617357
52033,19061,0.7622340425531915
30101,13067,0.762164098889287
57560,46095,0.7619047619047619
24609,51185,0.761863173216885
12740,36105,0.7615621788283659
53006,55027,0.7614571092831962
36785,01085,0.7612137203166227
42361,21183,0.7611940298507462
24487,51017,0.7610062893081762
62867,17059,0.7607361963190185
61544,17057,0.760705289672544
67008,20035,0.7605633802816901
23177,51097,0.7605263157894737
35610,01077,0.7602339181286549
39661,28037,0.7601123595505618
64742,29037,0.7600989282769992
50048,19077,0.7600806451612904
48464,26087,0.760038240917782
35469,01063,0.76
58240,38097,0.7599337748344371
78266,48091,0.7598273119745512
53583,55111,0.7598101265822785
24137,51067,0.7596611964002118
12589,36111,0.7595609065155807
30025,13297,0.7595114136964357
39402,28073,0.7593443933639816
38044,47069,0.7592592592592593
62355,17149,0.7592190889370932
23922,51135,0.7592093441150045
72738,05087,0.7591973244147158
46391,18091,0.7591027308192457
61283,17195,0.7590529247910863
56186,27117,0.7589743589743589
65648,29077,0.7588274483677548
59057,30111,0.7588075880758808
81623,08045,0.7585330073349633
05654,50023,0.758364312267658
55735,27115,0.7583612040133779
62627,17017,0.7583025830258303
25524,54043,0.7579505300353356
30175,13227,0.7579318448883666
63069,29071,0.7578411646348681
67480,20041,0.7576923076923077
30220,13077,0.7575641516660283
72121,05145,0.7575392038600723
75683,48459,0.7572746628814763
52646,19115,0.7571884984025559
13849,36077,0.75718708536046
66753,20037,0.7571669477234402
57761,46103,0.7570422535211268
60567,17043,0.7570295602018745
62074,17119,0.7569892473118279
67425,20169,0.7569832402234636
24064,51023,0.7569136223967224
26347,54091,0.75678391959799
78005,48163,0.7565922920892495
75859,48161,0.7563739376770539
62277,17157,0.7562408223201175
74872,40049,0.7558359621451104
70729,22121,0.7558139534883721
65014,29073,0.7555385790679908
45142,39071,0.7553411440385941
56218,27073,0.7552447552447552
29160,45063,0.7548179871520343
43080,39089,0.754805638615976
73461,40069,0.7546728971962616
54498,55019,0.7545893719806763
52569,19135,0.754325259515571
27562,37183,0.7543071161048689
08344,34015,0.7541980312680949
54950,55135,0.7541613316261203
40057,21103,0.754127358490566
71661,05003,0.7540983606557377
53968,55057,0.7540425531914894
16364,42121,0.753731343283582
67563,20047,0.7535545023696683
43901,39081,0.7534843205574913
70544,22045,0.7533166009322337
32622,12007,0.7532467532467533
15424,42111,0.7531760435571688
50276,19049,0.7530631479736098
40346,21165,0.7529976019184652
45686,39053,0.7528032619775739
37031,47165,0.7527238275698721
58622,38089,0.7526539278131635
97347,41053,0.7523900573613767
53504,55065,0.7522123893805309
24844,54047,0.7521367521367521
52309,19097,0.7521367521367521
59727,30093,0.7520661157024794
23222,51760,0.75206431986093
13332,36053,0.7520288548241659
75662,48183,0.7519921711170139
30634,13105,0.7518796992481203
88120,35009,0.7518248175182481
41003,21097,0.7518195050946143
49449,26127,0.751472320376914
72131,05023,0.7514180847514181
15829,42065,0.7512274959083469
30666,13013,0.7511898900377483
39657,28113,0.7509727626459144
30907,13073,0.7508325537885875
24562,51029,0.7508305647840532
54651,55123,0.7506702412868632
39631,28157,0.7504798464491362
38621,28107,0.7503586800573888
42528,21045,0.7503168567807351
32643,12001,0.7502882767456759
71439,22115,0.75
38869,28145,0.75
49733,26039,0.75
22908,51540,0.75
41033,21191,0.75
52253,19113,0.74984520123839
36047,01085,0.7496947496947497
35972,01055,0.7496339677891655
78015,48029,0.7495601173020527
62922,17199,0.7493202827623708
31812,13263,0.7492537313432835
56170,27117,0.7492063492063492
54758,55121,0.7491721854304636
45806,39003,0.749121833980403
76262,48121,0.749033125945855
54876,55113,0.7489413188142771
23901,51147,0.7487649238369699
04224,23017,0.7487179487179487
12053,36093,0.7483838886126305
26283,54083,0.7483660130718954
47874,18121,0.7483333333333333
27343,37145,0.7483050847457627
23962,51037,0.7482678983833718
79311,48189,0.7482441923284711
65061,29073,0.748062015503876
72060,05145,0.7479224376731302
41043,21023,0.7478902953586498
28526,37049,0.7475943745373798
95004,06053,0.7474949899799599
54405,55019,0.7474747474747475
40370,21209,0.7473333333333333
74857,40027,0.7471715539136458
42372,21149,0.7470270270270271
57466,46049,0.7469879518072289
72857,05149,0.7469478357380688
44634,39029,0.7468785471055619
73059,40051,0.7468553459119497
24019,51161,0.7468388485337638
70528,22113,0.7466996699669967
35565,01133,0.7461610051186598
72002,05125,0.7461488036709276
58071,38017,0.74609375
46543,18039,0.7460443037974683
65025,29135,0.7458823529411764
85390,04013,0.7457689477557027
15724,42063,0.7454545454545455
67657,20163,0.7454545454545455
52248,19107,0.7453917050691244
58725,38101,0.7450980392156863
65347,29195,0.745049504950495
50519,19091,0.744927536231884
23866,51175,0.744927536231884
65723,29109,0.7449197860962566
28356,37051,0.7448207826372903
66013,20091,0.7448015122873346
50601,19083,0.7447386286490156
71835,05099,0.7447073474470735
23942,51147,0.7446102819237148
49684,26055,0.7445874245288773
49659,26009,0.7445361826129189
29070,45063,0.7442434210526315
59336,30017,0.744
63557,29115,0.7439613526570048
36854,01017,0.7438710952945828
14815,36097,0.7438271604938271
58856,38105,0.743801652892562
67335,20125,0.7437530622243999
32693,12041,0.7437361612865634
75494,48499,0.743640474844545
24128,51071,0.7434077079107505
57719,46103,0.7433434445567914
34974,12093,0.74330180042722
56078,27013,0.7432432432432432
30084,13089,0.743165227348633
74941,40061,0.7430754536771729
70535,22097,0.7430254184748915
13329,36043,0.743
67108,20173,0.7427184466019418
28621,37171,0.7422011084718924
98068,53037,0.7421259842519685
56544,27005,0.7418346073662265
44822,39139,0.7418232428670842
66524,20139,0.7417491749174917
73007,40109,0.741321921065145
38328,47077,0.7413194444444444
60151,17089,0.7412551440329218
27281,37125,0.7412513255567338
57259,46051,0.7408759124087592
58740,38075,0.7403314917127072
35980,01095,0.7402912621359223
30134,13097,0.7402669891622866
27239,37057,0.740186552662262
36353,01067,0.7400950871632329
56052,27079,0.7399527186761229
65360,29083,0.73991195891416
29643,45073,0.7399084477736163
44837,39077,0.7398963730569948
26743,54057,0.7398692810457517
60919,17053,0.7398648648648649
30180,13045,0.7395577395577395
01434,25027,0.7395209580838323
15012,42129,0.7395129277974466
62943,17087,0.7394736842105263
56280,27173,0.7392996108949417
68643,31037,0.7392923649906891
18210,42025,0.7391857506361323
72675,05129,0.7391603578802478
67065,20007,0.7391304347826086
22645,51069,0.7389908256880734
47235,18071,0.7389428263214671
13746,36007,0.7388932190179267
37891,47063,0.7388503468780971
68663,31121,0.7388059701492538
68367,31185,0.7387755102040816
42729,21099,0.7387173396674585
31743,13261,0.7387096774193549
41046,21077,0.7386888273314867
23888,51183,0.7385365853658536
60502,17043,0.7383243134896773
69354,31045,0.7380952380952381
63025,29189,0.7380513709764821
74055,40143,0.738044908866111
27809,37127,0.7379949452401011
37601,47179,0.7379417285562719
60447,17063,0.737799043062201
23015,51085,0.7377272727272727
80103,08005,0.7376283846872083
43930,39081,0.7374429223744292
47230,18077,0.7373447946513849
73169,40109,0.7371705963938974
62883,17081,0.7371273712737128
12980,36033,0.7371048252911814
47553,18101,0.736953455571227
44841,39147,0.7368421052631579
48615,26057,0.736773350751143
26146,54095,0.7367724867724867
30104,13233,0.7366997294860235
23834,51570,0.7366368921026514
27525,37069,0.7364651358752896
48883,26073,0.7363034316676701
29114,45041,0.7362409138110073
16938,42117,0.7361702127659574
30506,13139,0.7361513475550874
76028,48251,0.7361066322691605
49340,26107,0.7360150848522942
49080,26005,0.7359697206995562
30179,13045,0.7358786098874205
52594,19007,0.7357723577235772
51533,19129,0.7355555555555555
61044,17177,0.7355371900826446
64494,29063,0.7354085603112841
42232,21047,0.7352941176470589
41659,21071,0.7352941176470589
26763,54027,0.7351598173515982
38075,47069,0.7350291467938527
45241,39061,0.734997872038587
52626,19177,0.7348148148148148
70359,22109,0.7345201238390093
28732,37089,0.7343186114452656
44022,39035,0.734141281799323
23920,51025,0.7341176470588235
20130,51043,0.7340425531914894
82224,56009,0.7333333333333333
64034,29095,0.7329620790241316
54618,55057,0.7328990228013029
71764,05103,0.7325256290773532
62899,17025,0.732470334412082
60968,17075,0.7324414715719063
72550,05063,0.7323651452282157
68341,31151,0.7322097378277154
33469,12099,0.7322033898305085
48845,26067,0.7320675105485233
49880,26041,0.7320359281437125
65735,29085,0.7319587628865979
23140,51127,0.7319201995012469
47325,18161,0.7317073170731707
35756,01083,0.7315541601255887
49076,26045,0.7314720812182741
14770,36009,0.7314017227877838
47578,18083,0.7313829787234043
24149,51121,0.7313348416289592
71256,22111,0.7311111111111112
40046,21215,0.7310195227765727
47060,18029,0.7310005467468562
37027,47187,0.7309738850381573
23882,51183,0.7308550185873606
16438,42049,0.7308242020009529
29030,45017,0.7308031774051191
65013,29125,0.730719794344473
55961,27045,0.7305389221556886
60431,17197,0.7305112795052696
65479,29215,0.7304075235109718
64667,29211,0.7303921568627451
50561,19161,0.7303370786516854
63655,29123,0.7302158273381295
65461,29161,0.73
39532,28047,0.7299239222316145
16156,42073,0.7299222797927462
46747,18151,0.7299177735610373
48739,26069,0.72973713033954
24571,51031,0.7296767874632712
25082,54079,0.7296099290780141
37095,47041,0.7293946024799417
75033,48121,0.7293940534437335
05649,50023,0.7293447293447294
04942,23025,0.72911051212938
58381,38005,0.7289719626168224
50261,19049,0.728952772073922
45671,39145,0.7286821705426356
08540,34021,0.7286001815383402
14846,36051,0.728494623655914
72134,05095,0.7283950617283951
68967,31065,0.7282442748091603
17765,42117,0.7281879194630873
35094,01073,0.7281844499586435
38865,28003,0.7281348788198103
64733,29101,0.7280130293159609
50252,19125,0.7276785714285714
29036,45063,0.727590297917216
77583,48039,0.7274594372561101
36276,01111,0.7273320287018917
46130,18145,0.7272727272727273
85611,04023,0.7272727272727273
29212,45063,0.7271162476178766
07063,34039,0.727033545275159
75078,48085,0.7269294493892806
67863,20203,0.7268292682926829
44260,39133,0.7268119614799797
38826,28081,0.726790450928382
49264,26065,0.7264957264957265
37681,47179,0.7264813254703735
56651,27087,0.726457399103139
30024,13135,0.726402697542955
80105,08005,0.7263626251390434
80216,08031,0.7263428373770816
23234,51041,0.7263225158610617
64649,29025,0.7262693156732892
49067,26027,0.7262405382674516
54151,55075,0.7261601223865375
28740,37199,0.7259764414135151
30153,13233,0.725938351855735
32618,12001,0.725918314924223
83536,16049,0.7258583690987125
38037,47097,0.7256944444444444
50647,19017,0.7255717255717256
41174,21089,0.7254901960784313
62833,17191,0.7253886010362695
37016,47015,0.7251908396946565
57047,46125,0.7251908396946565
05824,50009,0.724907063197026
12844,36115,0.7248322147651006
76682,48309,0.7247648902821316
27302,37001,0.7245002188822414
29210,45079,0.7242019929066036
27569,37101,0.7241071428571428
72001,05105,0.724
65692,29149,0.7239488117001828
22642,51187,0.7236842105263158
14878,36097,0.7236533957845434
71280,22073,0.7235131941709334
42411,21033,0.7233115468409586
33549,12057,0.7232955807239618
31773,13275,0.7232789855072463
28676,37171,0.7230196703880915
17028,42043,0.7230130486358244
24217,51051,0.7227722772277227
66834,20197,0.7225806451612903
95690,06067,0.7224770642201835
35571,01059,0.7224606580829757
43154,39045,0.7223459539717891
36029,01011,0.7223168654173765
30572,13291,0.7222222222222222
58212,38063,0.7222222222222222
41086,21077,0.7221711131554738
45746,39167,0.7220630372492837
56474,27021,0.7218670076726342
63439,29205,0.7217391304347827
47926,18181,0.7213114754098361
60410,17197,0.7212036389083275
58710,38049,0.7211895910780669
52720,19139,0.7209737827715356
56083,27127,0.7209302325581395
60503,17197,0.720763723150358
13864,36107,0.7206896551724138
14836,36051,0.7205882352941176
13141,36023,0.7205479452054795
44699,39067,0.7204861111111112
28377,37155,0.7204105280582686
24153,51775,0.7203331339437722
39439,28061,0.7202797202797203
61731,17113,0.7202072538860104
08804,34019,0.7201581027667984
27529,37183,0.7199910468759992
70525,22001,0.7199077410984576
58651,38011,0.7197802197802198
58380,38063,0.7196969696969697
76690,48035,0.7195121951219512
57473,46049,0.7195121951219512
74436,40101,0.7194277803414859
24120,51141,0.7192727272727273
42462,21225,0.719188767550702
68937,31073,0.7190929041697147
47989,18107,0.7188679245283018
51645,19071,0.71875
66780,20037,0.71875
71642,05003,0.7184986595174263
30005,13121,0.7184466019417476
83436,16043,0.7183908045977011
55088,27131,0.7182926829268292
38559,47185,0.7182320441988951
36866,01087,0.7181020733652312
30564,13139,0.7180690579953067
29105,45003,0.718
35594,01093,0.7178432221741013
30256,13231,0.7177482408131353
31008,13225,0.7175276201851299
58440,38047,0.717391304347826
53105,55101,0.7171496760995568
24054,51089,0.7171193164479707
45865,39011,0.7170263788968825
97321,41043,0.7170187085093542
57331,46067,0.7169811320754716
78130,48091,0.7169221687876526
60142,17111,0.716897577022838
77450,48201,0.7167664670658682
65767,29059,0.7166018158236057
48866,26037,0.7165876777251184
27013,37159,0.7165304839723444
17240,42041,0.7164723032069971
56063,27013,0.7163515016685206
30755,13313,0.7162930217871804
57481,46013,0.7162790697674418
27829,37147,0.7162162162162162
40059,21111,0.716034687978235
67841,20069,0.7159763313609467
78621,48021,0.7157301932676309
38625,28139,0.715670436187399
13080,36067,0.7156477846326417
30258,13231,0.7155756207674944
32784,12069,0.7155684066352154
78616,48055,0.7155504234026174
22980,51820,0.7154933755190824
58758,38083,0.7153284671532847
43464,39143,0.7152777777777778
27107,37067,0.7151414309484193
30543,13139,0.7151134717527764
67511,20009,0.7150837988826816
43732,39059,0.7149321266968326
60487,17031,0.7149048426606369
37870,47025,0.7148579752367079
56167,27105,0.7146739130434783
78052,48013,0.7145915090973957
72137,05145,0.7144818119423473
27501,37085,0.7143567168418063
80023,08014,0.7143428152688028
31045,13301,0.7142857142857143
50139,19181,0.7142857142857143
65001,29151,0.7142857142857143
29372,45083,0.7140625
31301,13179,0.7140381282495667
55373,27171,0.7136134453781513
65601,29167,0.7134831460674157
65662,29229,0.71334214002642
56318,27153,0.7132867132867133
28164,37071,0.7129740042928691
62374,17109,0.7128205128205128
80642,08123,0.7127777777777777
41045,21041,0.7126436781609196
40052,21179,0.7126099706744868
38569,47041,0.7125
27542,37101,0.7122361139577782
81045,08061,0.7121212121212122
17087,42075,0.7115384615384616
26152,54013,0.7115384615384616
44882,39175,0.7113564668769716
64657,29075,0.7112970711297071
12469,36001,0.7112299465240641
42166,21169,0.7111567419575633
71237,22123,0.7110481586402266
65755,29067,0.7106017191977078
62818,17047,0.7103825136612022
54820,55031,0.7103448275862069
12983,36033,0.7103167253195036
30575,13157,0.7102922490470139
58830,38105,0.7100591715976331
01343,25003,0.71
67565,20165,0.7099236641221374
74428,40091,0.7098121085594989
31833,13285,0.7097852028639619
58481,38003,0.7095238095238096
58795,38105,0.7094017094017094
56160,27165,0.7094017094017094
37118,47149,0.7091906721536351
52352,19113,0.7091319052987599
42223,47125,0.7091057797164667
65770,29077,0.7090322580645161
79566,48441,0.708994708994709
23954,51147,0.7089755213055303
71229,22067,0.7089084065244667
13485,36053,0.708904109589041
43011,39083,0.7088372093023256
29330,45083,0.7084846483988115
16041,42019,0.7083775185577943
28578,37191,0.7080209895052474
80470,08059,0.707876370887338
43003,39041,0.7078228086710651
62890,17055,0.7074607329842932
14138,36009,0.7072625698324022
57010,46027,0.7069486404833837
64505,29021,0.7069344670869374
12064,36077,0.7068965517241379
56316,27145,0.706766917293233
38371,47077,0.7064439140811456
24273,51720,0.70625375826819
62538,17135,0.7062146892655368
51022,19167,0.706199460916442
54755,55011,0.7060074428495481
56357,27009,0.7055335968379447
30554,13139,0.7054665409990575
51033,19021,0.7054545454545454
47537,18147,0.7053763440860215
32159,12069,0.7052692530399537
65725,29167,0.7052105638829408
58227,38099,0.7051282051282052
22974,51065,0.7050976655550262
43457,39173,0.7050691244239631
26426,54033,0.7050610820244329
74604,40071,0.705034924330617
67444,20159,0.7047872340425532
31302,13051,0.7046280991735537
12086,36057,0.7045454545454546
52171,19065,0.7040441176470589
43747,39111,0.7039007092198581
76673,48217,0.7037037037037037
76539,48281,0.7036955078557203
12167,36025,0.7034400948991696
48475,26063,0.7034277198211625
31554,13069,0.7032679738562092
36870,01081,0.703262558259969
24179,51161,0.7031345410136373
50149,19175,0.7030965391621129
60538,17093,0.7030924531325108
38487,47119,0.7028301886792453
24070,51161,0.7028231797919762
30738,13083,0.702411714039621
47010,18047,0.7022900763358778
24985,54063,0.7018867924528301
31631,13065,0.7016949152542373
66026,20121,0.7015384615384616
31077,13091,0.701534170153417
61725,17113,0.701530612244898
45107,39027,0.7012101210121012
78013,48259,0.7011134307585247
50433,19033,0.7007874015748031
17301,42001,0.7005988023952096
24283,51195,0.7005649717514124
40068,21103,0.7004830917874396
67448,20169,0.7004680187207488
45612,39141,0.700187617260788
63870,29143,0.7
71450,22069,0.7
31650,13003,0.6995336442371752
41141,21135,0.6994485294117647
27249,37081,0.6992836869847276
42764,21087,0.6991404011461319
17045,42099,0.6991385023194169
25902,54081,0.6990291262135923
44681,39157,0.6990199177995574
30205,13113,0.6989247311827957
64752,29013,0.6988235294117647
08802,34019,0.6987730061349693
16117,42073,0.6986467158103201
64439,29165,0.6986301369863014
28137,37167,0.6983914209115282
30349,13121,0.6983036590494883
75080,48113,0.6982577865883878
59069,30095,0.6980609418282548
49612,26009,0.6979695431472082
30731,13055,0.6977285963890507
11735,36059,0.6977172312223858
37362,47139,0.6976623376623377
54623,55123,0.6976264189886481
19504,42011,0.6976102941176471
40419,21137,0.6973490427098674
24237,51051,0.6973415132924335
43068,39049,0.697055093701564
71859,05057,0.696969696969697
36005,01109,0.696945967110415
35172,01009,0.6965002868617326
19319,42045,0.6964285714285714
22902,51540,0.6962665736217725
36006,01001,0.6961722488038278
71479,22059,0.6961538461538461
63351,29139,0.6960352422907489
07747,34025,0.695969590925546
57465,46115,0.6959459459459459
64632,29081,0.69593147751606
75602,48183,0.6957636862120811
73159,40109,0.6957500330994307
27263,37151,0.6957292744199793
62941,17153,0.6956521739130435
30622,13219,0.6956018518518519
75630,48315,0.6953095684803002
40229,21111,0.6952009043263796
46968,18149,0.6951219512195121
47006,18137,0.6949770242433846
16353,42053,0.6947643979057592
54137,55115,0.694672131147541
52739,19139,0.6946564885496184
18011,42077,0.6945812807881774
28454,37133,0.6944603083952028
29838,45065,0.6944444444444444
83869,16055,0.6940298507462687
72727,05143,0.6938297318406665
21212,24510,0.6938033694899608
79080,48065,0.6936619718309859
32331,12079,0.6936
34228,12115,0.693388038504024
70443,22105,0.693221659524737
66042,20059,0.6932084309133489
30011,13013,0.6931730023273855
31031,13319,0.6931438127090301
65769,29109,0.693062368605466
46705,18033,0.693012600229095
41630,21071,0.6929460580912863
67122,20073,0.6929133858267716
48807,26057,0.6928934010152284
73456,40067,0.6928675400291121
24502,51680,0.6927839195979899
36311,01045,0.6927272727272727
64643,29033,0.6925925925925925
42776,21093,0.6925698704839809
29067,45057,0.6923655509590071
86336,04025,0.6920795016315633
73056,40083,0.6918604651162791
38744,28151,0.6915887850467289
27544,37181,0.6914643696162882
24401,51790,0.6914476353635994
38543,47133,0.6914414414414415
60011,17097,0.6911942098914354
37138,47037,0.69117530038991
48178,26125,0.691044192412984
64147,29095,0.6909871244635193
26055,54051,0.6908517350157729
70647,22019,0.6908056872037914
37656,47179,0.6907766990291262
75784,48401,0.690677966101695
37020,47003,0.6905444126074498
80516,08123,0.6905171486936889
80235,08059,0.6905166553365057
41386,21189,0.6904761904761905
42544,21199,0.6904428904428904
68784,31051,0.6902417188898836
48834,26117,0.6901279707495429
48735,26157,0.6900212314225053
78959,48177,0.689935064935065
65708,29009,0.6898978746894838
39347,28061,0.689892051030422
28326,37085,0.689885836603639
38627,28145,0.6895640686922061
14824,36097,0.6895604395604396
22312,51059,0.6894112892361579
42027,21083,0.6892655367231638
38573,47133,0.6892539356605065
28021,37071,0.6892285298398836
76937,48451,0.6888888888888889
17257,42041,0.6888524590163935
37359,47103,0.6887417218543046
72386,05111,0.6887115165336374
31049,13167,0.6886792452830188
30805,13245,0.6886422976501305
21163,24027,0.6886326194398682
77444,48157,0.6885245901639344
95941,06007,0.6883720930232559
71943,05109,0.6883166794773251
58524,38029,0.6881720430107527
36272,01015,0.688034188034188
39573,28131,0.6879527258863897
47272,18031,0.6879505664263645
66093,20003,0.6878980891719745
57348,46005,0.6877192982456141
49643,26055,0.6876155268022182
37150,47111,0.6873676781933663
16866,42027,0.6871951219512196
40177,21093,0.6871609403254972
79057,48179,0.6869918699186992
66407,20149,0.6869918699186992
45715,39167,0.6869257950530036
56241,27173,0.6867417677642981
61279,17161,0.6864988558352403
37640,47091,0.6864487464297049
52351,19011,0.686411149825784
38483,47099,0.6860665137614679
26562,54103,0.6859504132231405
21013,24005,0.6857923497267759
72847,05115,0.685733070348455
57312,46073,0.6857142857142857
32567,12091,0.6855569948186528
24594,51143,0.6855277475516867
71356,22097,0.6853932584269663
56519,27107,0.6853146853146853
33896,12105,0.6851216723828188
35130,01127,0.6850165562913907
24441,51165,0.6848688224527151
97358,41043,0.6848528356066045
45003,39135,0.6844547563805105
39745,28019,0.6844181459566075
55038,27163,0.6843584656084656
30004,13121,0.6840924313462826
75034,48085,0.683775404753703
27326,37157,0.6836783822821377
49434,26005,0.6835443037974683
42712,21085,0.6834710743801653
29420,45035,0.683379063773177
49052,26077,0.6832971800433839
65674,29167,0.6831501831501832
48906,26065,0.6828819910909991
52588,19177,0.6826923076923077
57212,46077,0.682601880877743
28071,37159,0.6825688073394496
16134,42039,0.6824605153782212
22802,51660,0.6824403885781571
73716,40003,0.6822033898305084
18032,42077,0.682001271994912
91361,06111,0.6819320214669052
36738,01091,0.681917211328976
12303,36093,0.6818212662007193
35178,01117,0.6817134960847536
32359,12123,0.6816745655608215
64490,29063,0.6815476190476191
65604,29077,0.6814115308151093
59524,30071,0.6804511278195489
67110,20173,0.680313368713672
95602,06061,0.680268427318974
70656,22115,0.6802610114192496
72030,05029,0.68
07865,34041,0.68
95981,06063,0.68
26690,54019,0.6796536796536796
99133,53025,0.6792223572296476
71238,22073,0.6789354473386183
63030,29221,0.6788321167883211
78656,48209,0.6788008565310493
63770,29157,0.6785714285714286
14081,36029,0.6785542168674699
38582,47141,0.6782334384858044
59010,30103,0.6781609195402298
57353,46077,0.6781326781326781
74132,40143,0.6781300376141859
76445,48133,0.6780487804878049
30820,13125,0.678030303030303
60089,17097,0.677971841888819
58372,38019,0.6779661016949152
58570,38059,0.6778523489932886
29843,45009,0.677762982689747
72679,05115,0.6776859504132231
57735,46047,0.6776611694152923
18070,42091,0.6775
30306,13121,0.6774829217025748
63348,29183,0.6774550484094053
54943,55137,0.6773722627737226
52760,19139,0.6771929824561403
97731,41035,0.6771653543307087
17878,42037,0.6771356783919598
72125,05105,0.6770428015564203
53920,55077,0.6768802228412256
80534,08123,0.6765305218392841
37175,47083,0.6765039727582293
75048,48113,0.6764276381523326
38850,28017,0.6764132553606238
81621,08097,0.6763415892672858
30607,13059,0.6754541070567432
69029,31047,0.675392670157068
38425,47181,0.6753645433614736
21649,24011,0.6753585397653195
30470,13209,0.6753246753246753
62838,17051,0.675263774912075
79042,48437,0.6750998668442078
36318,01061,0.6750700280112045
22920,51125,0.6750561797752809
37051,47043,0.6749745676500508
39656,28065,0.674884437596302
12460,36039,0.6748466257668712
65074,29051,0.6746085772634445
71827,05073,0.674468085106383
37357,47177,0.6744538834951457
30139,13129,0.6743434343434344
64630,29115,0.6742857142857143
60565,17043,0.6742698371672267
35151,01121,0.6741979993101069
38463,47181,0.6736474694589878
74127,40143,0.6736466919135665
44234,39133,0.6732186732186732
99013,53065,0.672945205479452
62063,17117,0.6728971962616822
26267,54097,0.6728624535315985
36456,01013,0.6727561556791104
38356,47113,0.6724003127443315
57216,46051,0.6722797927461139
79376,48501,0.6721311475409836
20135,51043,0.6717770034843206
41232,21127,0.6717557251908397
47281,18071,0.6717171717171717
42378,21059,0.6716697936210131
28365,37191,0.6715524612190057
50240,19121,0.6715391229578676
29014,45023,0.6712463199214916
71404,22127,0.670995670995671
15957,42063,0.6709401709401709
98304,53053,0.6708661417322834
31711,13261,0.670774647887324
45159,39027,0.6707692307692308
58757,38053,0.6707317073170732
30511,13011,0.6707175925925926
38683,28139,0.6704268292682927
21657,24035,0.6704180064308681
43064,39159,0.6702850586885535
22801,51660,0.6702206487732587
50071,19197,0.6698564593301436
43029,39097,0.6697674418604651
97396,41071,0.6697187704381949
46121,18133,0.6695619335347432
54007,55109,0.6694630872483222
41731,21193,0.6693711967545639
44818,39147,0.6692456479690522
38453,47103,0.6690909090909091
55330,27141,0.6689934385034203
68980,31035,0.668918918918919
30510,13137,0.6686090701798835
75053,48113,0.6685656836461126
62887,17193,0.6683937823834197
37308,47065,0.6683473389355742
19317,42045,0.6683376455368694
39096,28063,0.6681175190424374
73040,40011,0.6680327868852459
35574,01075,0.6676737160120846
49947,26053,0.6673640167364017
49421,26127,0.6672973825291706
29593,45031,0.6672566371681415
16373,42121,0.6670822942643392
49056,26159,0.6670644391408115
60407,17063,0.6666666666666666
58643,38087,0.6666666666666666
79517,48415,0.6666666666666666
29214,45063,0.6666666666666666
64497,29063,0.6666666666666666
88318,35027,0.6666666666666666
25650,54045,0.6666666666666666
73047,40015,0.6664879356568365
28334,37085,0.6664741970407795
24472,51163,0.666407465007776
36352,01069,0.6662432518259765
43143,39097,0.6662025757048381
79765,48135,0.6661596958174905
65556,29169,0.6661552623504142
77339,48201,0.6658952439427572
15618,42129,0.6658374792703151
38626,28143,0.6657894736842105
54022,55093,0.6657653728739642
18635,42079,0.6657223796033994
23898,51093,0.6656656656656657
31217,13021,0.6655948553054662
44830,39147,0.6654518950437318
35979,01049,0.6652892561983471
39354,28069,0.6652097902097902
65617,29167,0.6652030735455543
97346,41047,0.6651480637813212
39813,13037,0.6650099403578529
69040,31087,0.6649874055415617
62434,17025,0.6648351648351648
35739,01083,0.6648190414085425
31795,13277,0.6647108130762783
26412,54041,0.6645962732919255
72111,05045,0.6645885286783042
13143,36117,0.6645525017618041
62956,17153,0.6645021645021645
57467,46059,0.6644736842105263
26159,54103,0.6639941690962099
12083,36039,0.6637577002053389
22654,51069,0.6636771300448431
46723,18183,0.6633879781420765
36078,01051,0.6633470974010202
58755,38105,0.6630434782608695
57434,46115,0.6628787878787878
28344,37163,0.6628259551243177
24141,51750,0.662346955000795
93252,06029,0.6621880998080614
76689,48035,0.6619929894842264
49318,26121,0.6619718309859155
87532,35039,0.6618873826903025
28371,37155,0.6618735462042715
74073,40143,0.661839863713799
54741,55035,0.6618141097424413
48727,26087,0.6617375231053605
30662,13119,0.660958904109589
49338,26107,0.6608187134502924
71325,22079,0.6607142857142857
61415,17057,0.6606765327695561
45843,39065,0.6605960264900662
52540,19183,0.6602564102564102
30288,13089,0.6602316602316602
68982,31099,0.6601307189542484
42603,21231,0.6600985221674877
56589,27087,0.6600361663652803
08340,34001,0.66
47018,18029,0.6599371915657245
53926,55047,0.6599063962558502
50605,19023,0.6597938144329897
24828,54047,0.6595744680851063
53956,55027,0.6592635885447107
65335,29015,0.6590909090909091
58345,38071,0.6590909090909091
16051,42019,0.6589919103920349
49534,26081,0.6589545844044559
29635,45045,0.6589068825910931
65649,29167,0.6588921282798834
73528,40031,0.6588541666666666
36051,01001,0.6588235294117647
27313,37081,0.6586370839936608
39668,28063,0.6585365853658537
53573,55043,0.6584928229665071
62860,17055,0.6581196581196581
62079,17117,0.6580645161290323
78154,48187,0.6580237601357722
38589,47049,0.6578947368421053
40808,21131,0.6578947368421053
29932,45049,0.6578947368421053
63833,29143,0.6575342465753424
24540,51590,0.6574401664932362
80137,08005,0.6573181419807187
15690,42129,0.6569414529077736
60548,17037,0.6565260058881256
70532,22053,0.6563088512241054
35966,01071,0.6561181434599156
24350,51197,0.6560773480662984
75487,48449,0.655933762649494
87522,35049,0.6558265582655827
39456,28041,0.6557823129251701
56479,27153,0.6557377049180327
57460,46013,0.6555555555555556
24569,51143,0.6554934823091247
71670,05041,0.6553191489361702
41537,21133,0.6552781427945685
29655,45007,0.6550360548964875
58275,38035,0.6549865229110512
12070,36057,0.6547619047619048
47513,18037,0.6545454545454545
36260,01015,0.654421187526698
41745,21193,0.6544117647058824
45697,39001,0.6540854417254252
43971,39081,0.6540084388185654
40119,21085,0.6539466806063774
49755,26047,0.653566229985444
30316,13089,0.6534456484930579
54427,55073,0.6534090909090909
28551,37107,0.6533915724563206
68844,31163,0.6532258064516129
74434,40101,0.6531939605110337
36728,01131,0.6529850746268657
68044,31053,0.6529411764705882
21207,24005,0.652918989832732
78669,48453,0.6526874729085392
12406,36025,0.6524590163934426
13072,36053,0.6522842639593909
28033,37109,0.652046783625731
29581,45051,0.6519216823785352
41722,21193,0.6518624641833811
79561,48441,0.6513513513513514
48137,26093,0.6513490725126475
12583,36027,0.6505681818181818
38619,28107,0.6500182282172804
27891,37127,0.6499787865931269
23089,51127,0.6499421072944809
55320,27171,0.6498165511618427
48460,26155,0.6498091603053435
32096,12047,0.649587750294464
21104,24027,0.649569449644328
04429,23019,0.6495629038388445
27341,37151,0.6495557749259625
96022,06103,0.649102884397002
23065,51075,0.649079754601227
29644,45045,0.6489866025420817
46532,18149,0.6487695749440716
19003,42091,0.6486644798500468
42040,21083,0.6486486486486487
16877,42061,0.6482758620689655
72167,05125,0.6481876332622601
33558,12057,0.6481049162318044
47433,18119,0.6480718831898166
95977,06057,0.6480099502487562
37174,47119,0.648004109186968
79022,48111,0.6479619813562421
28555,37133,0.647887323943662
48831,26037,0.6477201748906933
47147,18019,0.6476868327402135
14525,36037,0.6475548060708263
30102,13057,0.6475024903941938
48890,26045,0.6474576271186441
43739,39127,0.647450110864745
63629,29179,0.6470588235294118
04451,23019,0.6470588235294118
58466,38045,0.6468401486988847
37877,47063,0.6468224981738495
37848,47057,0.6467889908256881
38588,47087,0.6461864406779662
59456,30101,0.6461538461538462
46231,18097,0.6461280268520738
54514,55003,0.6460176991150443
31058,13197,0.6460017969451932
16860,42033,0.645933014354067
23851,51620,0.645904980257292
74650,40117,0.6458923512747875
15864,42065,0.6455834242093784
74729,40013,0.6453980801806889
29848,45047,0.6452762923351159
58233,38099,0.6451612903225806
79103,48375,0.6449511400651465
43772,39059,0.6446927374301676
22903,51540,0.6446451717433571
99029,53043,0.6446280991735537
38310,47109,0.64453125
36036,01101,0.6444759206798867
18969,42091,0.6444415277595485
16038,42019,0.6442738323736404
56270,27129,0.6441005802707931
28444,37163,0.6438661710037175
59223,30055,0.6438356164383562
37711,47073,0.6434134778191669
95645,06101,0.6433566433566433
12430,36025,0.643344709897611
50323,19049,0.6433164128595601
19362,42029,0.6429772918418839
44889,39077,0.6429725363489499
62436,17035,0.6428571428571429
48430,26049,0.6428571428571429
23069,51085,0.6427801724137931
38759,28011,0.6427221172022685
30285,13293,0.6424242424242425
80603,08123,0.6420973782771535
37731,47073,0.6418338108882522
59521,30041,0.6418242491657397
22663,51069,0.641755634638197
27291,37033,0.6415094339622641
71326,22029,0.6412078152753108
49284,26075,0.640973630831643
18428,42103,0.6409726324079543
27973,37053,0.6408629441624365
47576,18123,0.6408450704225352
63673,29186,0.6407239819004525
28684,37009,0.6405933917734322
63966,29223,0.6405919661733616
63344,29163,0.6405767250257467
29075,45071,0.6404358353510896
72944,05131,0.6403614457831325
43150,39045,0.6402877697841727
45176,39025,0.6401482127288579
62947,17069,0.6401273885350318
58031,38003,0.64
36046,01041,0.6399176954732511
85637,04023,0.6398104265402843
23084,51065,0.6397790055248619
27332,37105,0.6396912500753784
20794,24027,0.6396332863187588
77871,48289,0.6394849785407726
12725,36111,0.6392405063291139
27541,37145,0.6388349514563106
54465,55041,0.6382393397524071
61011,17007,0.6378012048192772
47943,18073,0.6376811594202898
36043,01101,0.6376306620209059
54889,55005,0.6376288659793814
56468,27035,0.6376146788990825
72531,05005,0.6374172185430463
49310,26073,0.6373134328358209
25880,54081,0.63693665300977
43558,39051,0.6367651538227231
36022,01051,0.636675235646958
48848,26155,0.6366732898098212
26570,54061,0.6366644606221046
48416,26151,0.6365619546247818
56678,27007,0.6365030674846626
31720,13275,0.6363636363636364
98812,53047,0.6363636363636364
49402,26105,0.6363636363636364
37186,47165,0.6359757098309535
26137,54013,0.6359550561797753
54813,55005,0.6359102244389028
30413,13163,0.6358635863586358
38334,47109,0.6357012750455373
45113,39027,0.6355455568053994
59440,30015,0.6355140186915887
42456,21233,0.6354679802955665
43145,39129,0.635306553911205
32792,12095,0.6345997594981962
67583,20155,0.6344725111441307
05842,50019,0.6344410876132931
30741,13295,0.6344122274668464
74452,40021,0.6343283582089553
76270,48337,0.6340605207600282
83641,16027,0.6339987900786449
50266,19049,0.633685533603048
63443,29205,0.6334405144694534
76305,48485,0.633356070941337
65626,29091,0.6330608537693007
21797,24027,0.6329344432882414
77485,48015,0.6328248290373487
19963,10005,0.6327904899333471
49423,26139,0.6325492430408595
74422,40101,0.632420091324201
63566,29211,0.6323529411764706
28168,37109,0.6323501060343165
73128,40109,0.6319913536881924
28773,37149,0.6319043693322342
32346,12129,0.6318711826762909
17772,42097,0.6318267419962336
52630,19087,0.6317991631799164
79538,48083,0.631578947368421
71438,22079,0.6315120711562897
45685,39053,0.631336405529954
52553,19179,0.631198347107438
43740,39089,0.6310679611650486
35755,01095,0.6310679611650486
31037,13271,0.6308880308880309
26617,54067,0.6307692307692307
26263,54093,0.6306620209059234
58734,38101,0.6304347826086957
27557,37127,0.6303703703703704
35062,01073,0.6300900128589798
72080,05029,0.6297968397291196
35474,01065,0.6294317629917435
26138,54105,0.6293103448275862
18216,42025,0.6292947558770343
76670,48139,0.6291390728476821
47462,18093,0.6291079812206573
59052,30097,0.6290322580645161
37010,47125,0.6290035587188612
28363,37165,0.6288343558282209
26852,54027,0.628428927680798
56669,27137,0.6284153005464481
45255,39061,0.6283424788781465
30557,13257,0.6282722513089005
24483,51163,0.6282608695652174
50325,19153,0.6282442043040547
64780,29013,0.6275510204081632
36042,01041,0.6274089935760171
63546,29001,0.6272935779816514
56453,27153,0.6272493573264781
13809,36017,0.6269230769230769
75050,48113,0.6269082672706682
30307,13089,0.6264769900497512
43822,39119,0.6263286999182338
32336,12065,0.6262626262626263
29576,45051,0.6261650908603232
25252,54035,0.6261180679785331
72122,05125,0.6260623229461756
42039,21083,0.6258134490238612
63454,29127,0.6257088846880907
44836,39147,0.6256544502617801
31733,13277,0.6255868544600939
71447,22079,0.6254589963280294
75855,48289,0.6251761390324095
78828,48385,0.625
17729,42035,0.625
41216,21071,0.624813153961136
08343,34015,0.6248037676609105
36026,01037,0.6247165532879818
72459,05075,0.6246122026887281
12760,36025,0.6245421245421245
61911,17041,0.6244560487380331
62253,17005,0.6244343891402715
80011,08005,0.6242026195598838
39476,28111,0.6240689013035382
56450,27035,0.6239151398264223
47917,18007,0.6238532110091743
49276,26091,0.6238317757009346
27043,37169,0.6238204539658251
26377,54103,0.6237623762376238
38541,47133,0.6237424547283702
57475,46107,0.6235294117647059
05069,50005,0.6231884057971014
30170,13045,0.6231796116504854
75189,48397,0.6229644462916084
58549,38029,0.6229508196721312
29146,45075,0.6229299363057325
75143,48213,0.6229066410009625
31321,13029,0.6227352425482174
36034,01109,0.6227045075125208
74083,40147,0.6224366706875754
16217,42053,0.6219512195121951
28081,37025,0.6216847156474937
43973,39067,0.621551724137931
58384,38009,0.6213592233009708
38574,47141,0.6212835387962291
57004,46127,0.621196222455404
70637,22003,0.621160409556314
44427,39029,0.6211096075778079
56464,27159,0.6210567823343849
39756,28025,0.6208285385500575
56633,27021,0.6208092485549133
31905,13053,0.6207194244604316
48160,26161,0.620547493403694
07060,34039,0.6203329307357034
05837,50009,0.6201550387596899
65326,29015,0.6200701139351447
76389,48009,0.62
76457,48193,0.6198782961460446
72611,05015,0.6195744680851064
54488,55019,0.619482496194825
46770,18179,0.6191839656406586
62462,17173,0.6190476190476191
31822,13145,0.6187002652519894
24622,51027,0.6186440677966102
52042,19043,0.6183783783783784
52035,19055,0.6183368869936035
83537,16057,0.6182108626198083
49765,26141,0.6179344033496161
37881,47057,0.6178428761651131
45710,39009,0.6177705977382876
24312,51035,0.6177703269069572
41168,21019,0.6175567833026396
39168,28129,0.6173832353850912
53508,55025,0.6173015307938768
39360,28023,0.6171284634760705
48760,26157,0.6170839469808542
49633,26079,0.6170298627925747
37337,47143,0.6170212765957447
13052,36053,0.6166347992351816
50654,19055,0.6163793103448276
15322,42059,0.6163175303197354
55963,27049,0.616140350877193
49620,26165,0.6159368269921034
60184,17043,0.6159274193548387
54026,55095,0.615535889872173
18430,42127,0.6153846153846154
40939,21013,0.6153846153846154
41052,21081,0.6153846153846154
14886,36109,0.615360792815113
71909,05051,0.6151288445552785
29642,45077,0.6150881057268722
29654,45007,0.6150322361723787
16142,42073,0.6146252285191957
28456,37047,0.6145526057030481
79847,48109,0.6145038167938931
79351,48305,0.6144578313253012
61007,17141,0.6139534883720931
46127,18139,0.6136363636363636
49967,26131,0.6136363636363636
44287,39169,0.6135324596159707
44609,39099,0.6132344552196235
30683,13059,0.6131437893264973
15944,42129,0.6131207847946045
78069,48013,0.6130997715156131
16694,42009,0.6129032258064516
39743,28087,0.6128385155466399
44490,39099,0.6128205128205129
50264,19053,0.6125461254612546
57767,46103,0.6125
50671,19019,0.6124031007751938
45308,39037,0.6123911930363544
25704,54099,0.6120182161501722
60530,17103,0.61198738170347
20184,51061,0.6119402985074627
68941,31035,0.6118980169971672
46290,18057,0.6114819759679573
27592,37183,0.611187686652883
50629,19019,0.611062335381914
29472,45035,0.610996434603115
77083,48201,0.6108965403895144
24910,54025,0.6105209914011128
37188,47147,0.6103
74070,40113,0.6100993377483444
12776,36105,0.6100244498777506
54564,55085,0.6098562628336756
62426,17049,0.6096718480138169
47011,18155,0.6094750320102432
30627,13221,0.6094100074682599
28672,37009,0.609375
73027,40083,0.6093189964157706
45162,39165,0.6090828138913624
25136,54019,0.6090828138913624
13754,36007,0.6090412319920516
73434,40049,0.6088560885608856
68934,31035,0.6086956521739131
15417,42051,0.6085304054054054
78950,48015,0.6083964211975224
57266,46109,0.6081081081081081
43983,39013,0.6080760095011877
92274,06065,0.6080439939616131
42170,21227,0.6080332409972299
45886,39161,0.6074766355140186
35546,01057,0.6074408901251739
74571,40079,0.6073113207547169
36792,01007,0.6068493150684932
14859,36107,0.6062992125984252
36053,01011,0.6060606060606061
43777,39119,0.6060197663971248
74570,40063,0.6059379217273954
72513,05135,0.6058091286307054
63650,29093,0.6057579318448884
59046,30037,0.6056701030927835
58723,38055,0.6054054054054054
66083,20091,0.6053363889343591
29510,45043,0.6052631578947368
45684,39145,0.6046304541406946
80540,08013,0.6044465030106531
27019,37169,0.6044273339749759
38548,47141,0.6042553191489362
23803,51730,0.6042004508958588
17086,42067,0.603950103950104
95526,06023,0.6039387308533917
30420,13267,0.6037209302325581
54922,55087,0.6036585365853658
76557,48309,0.6036585365853658
76486,48237,0.6036036036036037
55092,27025,0.6035831960461285
27505,37085,0.6035164835164836
27597,37183,0.6034626865671642
23934,51037,0.6031746031746031
95970,06021,0.6031746031746031
46732,18113,0.6031537450722734
21822,24045,0.6030085022890779
55006,27059,0.602980308674827
24165,51089,0.6029106029106029
37144,47103,0.6028331584470095
39191,28029,0.602827177382581
61925,17139,0.6027713625866051
20622,24017,0.6025961058412381
44089,39043,0.6024880164346039
42275,21031,0.6014492753623188
37050,47161,0.6013195098963242
58374,38027,0.6011560693641619
49730,26009,0.601078167115903
36749,01001,0.6010498687664042
71959,05109,0.6010498687664042
80106,08041,0.6005012531328321
56342,27095,0.6001776988005331
12912,36019,0.6
95960,06057,0.6
45316,39057,0.6
83235,16059,0.6
62077,17135,0.6
15613,42129,0.5998883928571429
37072,47037,0.5997785934859873
58579,38055,0.5997150997150997
54873,55031,0.5996738687321647
59820,30061,0.5995575221238938
82083,56001,0.5990783410138248
31744,13071,0.5987301587301588
21758,24021,0.5987071108901044
69366,31075,0.5984848484848485
24318,51021,0.598404255319149
17324,42041,0.5980911983032874
36319,01069,0.5978480161398789
58460,38051,0.5977653631284916
40771,21121,0.597752808988764
34957,12085,0.5976856395158652
41773,21193,0.5971563981042654
48765,26011,0.5968992248062015
39455,28073,0.5968903436988543
55007,27065,0.5968819599109132
24538,51031,0.5968239964711072
49676,26079,0.5965258586656139
61412,17187,0.596401028277635
04424,23029,0.5963488843813387
64429,29049,0.5963180869235148
80021,08059,0.5958930647036033
80231,08031,0.5957567308530104
70515,22039,0.5951704545454546
54004,55095,0.5951526032315978
60537,17099,0.5951417004048583
28127,37167,0.5950471698113208
38577,47137,0.5950196592398427
80833,08041,0.5949367088607594
35180,01073,0.5948186528497409
49683,26019,0.5946704067321178
79018,48341,0.5945945945945946
72466,05075,0.5943502824858757
28774,37099,0.5943396226415094
13665,36045,0.5943396226415094
45776,39105,0.5940803382663847
60475,17197,0.5938690022848438
37754,47001,0.5936018957345972
61570,17203,0.5935314685314685
52769,19139,0.5932835820895522
39752,28155,0.5930795847750865
19041,42091,0.5930555555555556
27233,37151,0.5929148539465506
49756,26119,0.592814371257485
54162,55009,0.5927289461573861
63563,29199,0.5925925925925926
39365,28099,0.5924982634869183
53518,55103,0.5922580645161291
65644,29059,0.5920398009950248
85739,04021,0.591473619307672
79506,48081,0.5913757700205339
47577,18147,0.5910828025477707
71031,22069,0.5908419497784343
47588,18123,0.5908096280087527
58759,38055,0.5906735751295337
32455,12131,0.5903696168192608
52754,19115,0.5902192242833052
69335,31161,0.5897435897435898
10505,36079,0.5897000565930957
15681,42063,0.5896843725943033
26440,54091,0.589540412044374
70512,22097,0.5892817922249066
48189,26161,0.5892496135093352
29031,45087,0.5889046941678521
64867,29119,0.5888456549935149
36453,01031,0.5887656033287101
38321,47017,0.5885643256681169
22030,51059,0.5884886877828054
28445,37133,0.5882851392860926
58464,38031,0.5882352941176471
72103,05125,0.5881828600534827
59762,30001,0.5878787878787879
61019,17177,0.587782340862423
49060,26015,0.5876923076923077
47384,18065,0.5873340143003064
55923,27045,0.5872947277441659
65650,29167,0.5872405841660261
71644,05079,0.5871886120996441
66937,20201,0.5871369294605809
99008,53043,0.5868852459016394
73179,40109,0.5868380910873828
48877,26057,0.5868113522537562
52079,19097,0.58679706601467
30087,13089,0.5867687133994318
28357,37155,0.5865184155663655
89444,32005,0.5865084322298564
08812,34023,0.5864972880388238
40023,21111,0.5864837738374038
13648,36049,0.5861788617886179
13082,36053,0.5861307420494699
37080,47037,0.5858189429618001
54960,55077,0.5856812933025404
54757,55017,0.5856327307326356
40175,21093,0.5854264782836212
12828,36115,0.5851456709068527
97350,41047,0.585
62280,17157,0.585
83548,16061,0.5846153846153846
46788,18003,0.5844444444444444
29922,45049,0.5843920145190563
28114,37161,0.584070796460177
16242,42031,0.5837858805275408
39751,28155,0.58377239199157
39662,28085,0.583078491335372
43773,39059,0.582687338501292
13452,36057,0.5825688073394495
79011,48211,0.5824175824175825
75052,48113,0.5824055617677086
37880,47121,0.5819438796258641
31775,13277,0.5815959741193386
56291,27083,0.5815899581589958
72084,05053,0.5813295615275813
29554,45089,0.5812352478363493
24639,51185,0.5810055865921788
43760,39127,0.5808748728382502
35952,01055,0.5807397383852052
56434,27153,0.5806451612903226
57381,46005,0.5801749271137027
54421,55019,0.5801486199575372
47232,18005,0.5800904977375566
64048,29047,0.5798226164079823
38374,47077,0.5796875
75011,48113,0.5796038151137197
47041,18137,0.5794289897510981
67047,20073,0.5793103448275863
38313,47113,0.5792978208232445
73016,40073,0.5792181069958847
80832,08041,0.5790816326530612
43345,39065,0.5790754257907542
75778,48213,0.5788189360663738
73006,40015,0.5782848151062155
80246,08031,0.5777986188080825
58321,38071,0.5777777777777777
67135,20079,0.5777488614183475
39862,13037,0.5777080062794349
12028,36083,0.5776173285198556
60129,17037,0.5772357723577236
41092,21015,0.5769944341372912
65728,29209,0.5769230769230769
44505,39099,0.5768719991827561
08012,34007,0.5766638374357183
63849,29069,0.5766423357664233
40328,21155,0.5766016713091922
48418,26155,0.5762892078681552
75054,48439,0.5762331838565022
62019,17135,0.5761316872427984
46951,18103,0.5759865659109992
46133,18041,0.5759036144578313
47456,18119,0.5758039816232772
67837,20069,0.5757575757575758
44627,39169,0.5756530310497782
49958,26061,0.5755208333333334
42215,21047,0.5754716981132075
78101,48029,0.575391032325339
17070,42041,0.5753293667658309
38961,28161,0.5751412429378531
31826,13145,0.5749318801089919
49701,26047,0.5748847926267281
95230,06077,0.5745341614906833
31060,13271,0.5743685687558466
87323,35006,0.5741758241758241
46234,18097,0.5739953776187281
43086,39041,0.5737840065952184
45833,39003,0.5736448598130841
24121,51019,0.5735610087074522
16845,42033,0.5733695652173914
59260,30105,0.5733333333333334
61913,17041,0.5731272294887039
46164,18013,0.5730296456977585
26680,54019,0.5729166666666666
25003,54043,0.5724876441515651
32640,12107,0.5724572457245725
40461,21079,0.5721574344023324
30668,13317,0.5718503937007874
70640,22053,0.5714285714285714
57529,46053,0.5714285714285714
56360,27041,0.571306209850107
31808,13145,0.5711812235475183
38449,47055,0.5710161662817552
23938,51025,0.5708154506437768
54542,55037,0.5704845814977973
72633,05009,0.5703781512605042
58472,38093,0.570281124497992
13411,36017,0.5694034258712345
39119,28031,0.5692948940604377
79519,48083,0.5692307692307692
71921,05019,0.5691753041910771
13042,36065,0.5688888888888889
31211,13021,0.568686327077748
49343,26081,0.5686619718309859
26141,54105,0.568561872909699
29651,45045,0.5685173353061842
49233,26059,0.5683679899180845
22942,51109,0.5679113664341403
23038,51075,0.5677896466721446
72039,05045,0.5675119945167924
28582,37031,0.5674499564838991
46552,18141,0.5672766415500539
62367,17067,0.5672676837725381
74840,40125,0.5672348484848485
23223,51760,0.5671357930772156
93426,06079,0.567043618739903
22733,51047,0.5669291338582677
98547,53027,0.5661881977671451
31637,13075,0.565880721220527
38028,47047,0.5658478839893459
39146,28051,0.5652879156528792
12944,36031,0.5650442477876106
77546,48167,0.5650279759108188
75789,48423,0.5647648419429453
17841,42087,0.5647536820721178
59213,30083,0.5647058823529412
17889,42119,0.5646004480955937
88344,35005,0.5645161290322581
47138,18143,0.5642978003384095
29916,45049,0.5639958376690947
49021,26045,0.5637817170663886
38359,47109,0.5637254901960784
72142,05119,0.5637065637065637
23947,51037,0.5634920634920635
95033,06087,0.5634620237194045
36483,01039,0.5634146341463414
44802,39147,0.5633484162895928
54738,55035,0.5632603406326034
39366,28061,0.5631313131313131
39664,28005,0.5630306988896147
14070,36009,0.5629282365668951
30548,13157,0.5628387747384344
73017,40051,0.5626072041166381
76861,48451,0.5624256837098692
68781,31119,0.5624178712220762
84036,49051,0.5623031151557578
62572,17135,0.5622895622895623
76882,48083,0.5622317596566524
43522,39173,0.5621336459554513
38049,47167,0.5620241827138379
45440,39113,0.5620235069885642
20106,51047,0.5619180633147114
37742,47105,0.5617908616988654
62682,17125,0.5617715617715617
15828,42065,0.5617021276595745
24599,51029,0.5616438356164384
62469,17035,0.5615763546798029
19529,42011,0.5615727002967359
28683,37171,0.5615671641791045
56676,27029,0.5614224137931034
65608,29213,0.5610846245530393
62908,17127,0.5610687022900763
76538,48099,0.5603448275862069
67120,20191,0.5603174603174603
49716,26031,0.5602941176470588
58768,38049,0.5602836879432624
66442,20161,0.5602436823104693
08514,34025,0.5601597603594608
70630,22019,0.5599369085173501
56071,27139,0.5598812849162011
62893,17121,0.5596868884540117
77053,48157,0.5596844706329596
49895,26003,0.5595913734392736
40176,21027,0.55895865237366
57788,46019,0.5587188612099644
67351,20099,0.5585106382978723
30750,13295,0.5584484590860787
59418,30045,0.5584415584415584
16028,42005,0.5583905789990187
73139,40109,0.558274187523347
75930,48403,0.5580221997981837
22482,51103,0.5579903794762159
48652,26051,0.5579617834394904
71861,05073,0.5578595317725753
76869,48319,0.5576923076923077
50109,19049,0.5574954846478025
80247,08005,0.5573000807754442
50541,19091,0.5572815533980583
72519,05065,0.5568015602145295
72577,05065,0.5567928730512249
29438,45019,0.5567596857220265
41332,21237,0.5567010309278351
82831,56033,0.5564516129032258
62844,17193,0.5563966691900075
30558,13157,0.5563475899524779
29669,45007,0.5563065781532891
78932,48149,0.5559440559440559
29860,45037,0.5559142024156601
54664,55103,0.5557809330628803
24450,51678,0.5557782231128925
18018,42077,0.5554417937954336
56727,27089,0.5553145336225597
14544,36123,0.5552325581395349
76544,48027,0.5552115583075335
77430,48039,0.5552016985138004
96056,06089,0.5550964187327824
37356,47061,0.5548817465130382
23226,51760,0.5548728613290481
31801,13197,0.5547945205479452
62414,17049,0.5545634920634921
27883,37195,0.5539906103286385
96134,06049,0.5539906103286385
40442,21137,0.5535714285714286
53963,55027,0.5534975723790685
61546,17125,0.553475935828877
55371,27095,0.5533357549340114
74748,40069,0.5532407407407407
38061,47069,0.5529411764705883
36258,01027,0.5529332434254889
30735,13129,0.5525456919060052
83443,16051,0.5525114155251142
64804,29097,0.5524415560971206
17810,42081,0.5519125683060109
13835,36107,0.5517241379310345
15026,42007,0.5516539440203563
80649,08087,0.5513513513513514
38568,47133,0.5512367491166078
27298,37151,0.5512186182884369
69147,31101,0.5509893455098934
72087,05125,0.5508021390374331
39326,28075,0.5507246376811594
49861,26013,0.5506912442396313
13030,36053,0.5506012024048096
63456,29137,0.5500710227272727
54408,55073,0.5499092558983666
16943,42117,0.549645390070922
55080,27059,0.5492689129052766
14466,36069,0.54875
21161,24025,0.5485989492119089
38545,47087,0.548472775564409
44685,39153,0.5482918599746942
35072,01037,0.5481727574750831
28719,37173,0.5481699621371476
48435,26157,0.5478260869565217
50250,19077,0.5476485148514851
78615,48491,0.5473204104903079
32561,12033,0.5473159207245045
65032,29051,0.5473053892215569
30473,13279,0.547087980173482
49255,26059,0.546875
78946,48287,0.5468564650059312
31038,13159,0.5467775467775468
83535,16057,0.5467479674796748
30441,13107,0.5467445742904842
41098,21041,0.5467032967032966
46919,18103,0.5466210436270317
19010,42045,0.5465713237990466
35619,01103,0.546395085677336
43137,39049,0.5460992907801419
21225,24510,0.5454545454545454
78019,48479,0.5454545454545454
35673,01079,0.5451457178616127
74576,40121,0.5450236966824644
66094,20043,0.5447154471544715
38461,47119,0.544392523364486
46783,18069,0.5443722943722944
53521,55025,0.5441176470588235
35244,01073,0.544018949861824
47224,18077,0.5439429928741093
60010,17097,0.5439247137360345
28390,37051,0.5438898450946644
76020,48439,0.5438473562227133
31641,13185,0.5437262357414449
28572,37061,0.5436946902654868
65632,29105,0.5429061784897025
31645,13019,0.5428764348413234
15954,42063,0.5427807486631016
26343,54097,0.5425867507886435
58779,38101,0.5422885572139303
49747,26001,0.5421602787456447
33559,12057,0.5421335519723057
50466,19089,0.5420944558521561
22735,51047,0.5420841683366734
30517,13157,0.541670875846045
47354,18135,0.5416666666666666
48449,26049,0.5415244596131968
25976,54019,0.5414593698175788
63967,29023,0.5409429280397022
46180,18063,0.5408970976253298
88253,35005,0.5408805031446541
74854,40125,0.5408284023668639
38476,47187,0.5408022130013831
77995,48285,0.5407558354946277
54457,55001,0.5406785243741765
13491,36043,0.5405862457722661
29821,45065,0.540506329113924
88081,35035,0.5405026151294808
20111,51153,0.5404971932638332
62237,17157,0.5400440852314474
39877,13273,0.54
31551,13229,0.5398886827458256
54568,55085,0.5396855465050199
43903,39081,0.5396308360477742
70757,22077,0.5392456676860347
32667,12001,0.5390846496557311
60133,17031,0.5388939532057125
27553,37185,0.5382215288611545
15057,42125,0.538083538083538
29047,45075,0.5375586854460094
60922,17091,0.53725782414307
08512,34023,0.5370257037943696
22935,51079,0.5369978858350951
71070,22013,0.5368932038834952
47125,18175,0.5365344467640919
21791,24013,0.536036036036036
26755,54027,0.5360230547550432
27816,37127,0.5359712230215827
42757,21099,0.5358554488989271
50243,19153,0.5357142857142857
45431,39057,0.5356138706654171
13843,36017,0.5353748680042238
24138,51121,0.5351724137931034
56579,27167,0.5351629502572899
30522,13123,0.5351473922902494
62012,17117,0.5351333767078725
45647,39141,0.5349219391947412
26376,54041,0.5348837209302325
76035,48221,0.5348232848232848
73010,40087,0.5345689908796705
63732,29157,0.5344418052256532
33556,12101,0.5340781462434238
30055,13159,0.5336538461538461
26276,54083,0.5335570469798657
79058,48375,0.5333333333333333
79259,48191,0.5333333333333333
43843,39031,0.5329949238578681
36028,01039,0.5329553508150248
49344,26005,0.5328571428571428
36793,01007,0.5324074074074074
56162,27165,0.5323741007194245
47833,18119,0.5323624595469255
35554,01057,0.5319148936170213
30228,13151,0.5319002509918225
35111,01125,0.53174696666274
60042,17097,0.5312922107158937
38856,28057,0.531062124248497
16141,42073,0.5310199789695058
03276,33001,0.5309847198641766
59721,30043,0.5309734513274337
46162,18081,0.5307692307692308
44449,39133,0.5307346326836582
72348,05035,0.5306585919757759
52032,19097,0.5305105853051059
69333,31075,0.5302013422818792
36316,01061,0.5300906842539159
37847,47013,0.5300127713920817
29129,45003,0.5299635226680562
41083,21041,0.5298196948682385
77484,48473,0.5294243298088219
46124,18081,0.5289256198347108
25510,54011,0.5286773312524385
55329,27093,0.5283185840707965
42053,21145,0.528126119670369
02467,25021,0.5281219164565288
48761,26069,0.5275510204081633
65345,29159,0.5272727272727272
74574,40077,0.5270935960591133
45432,39113,0.5270431893687708
42368,21091,0.5269461077844312
28584,37133,0.5267074142971033
55079,27025,0.5265531062124249
57076,46097,0.5263157894736842
36761,01047,0.5263157894736842
39362,28041,0.5260842237586424
74038,40117,0.5260170293282876
27208,37037,0.5258711721224921
67452,20123,0.5258620689655172
57791,46103,0.5257731958762887
73444,40019,0.5256410256410257
30520,13119,0.5255445544554456
30052,13135,0.52533251540585
44844,39175,0.5253164556962026
38642,28009,0.5251851851851852
18421,42115,0.5250771604938271
39425,28035,0.5249764373232799
15656,42129,0.5249441548771407
29355,45059,0.524896265560166
15610,42129,0.524822695035461
75763,48001,0.5246443089430894
65034,29141,0.5245901639344263
13322,36065,0.5245901639344263
60120,17089,0.5244166244764579
61928,17139,0.5242494226327945
23227,51087,0.5242178721390975
56466,27097,0.5242094861660079
77974,48123,0.5238095238095238
60103,17043,0.5236303517473349
71663,05003,0.5229007633587787
14060,36009,0.5225225225225225
53523,55025,0.5224447513812155
78632,48177,0.5223642172523961
72951,05083,0.5221843003412969
63544,29211,0.5219683655536028
44689,39075,0.5219512195121951
25520,54053,0.5216178521617852
27357,37081,0.5215646940822467
28006,37071,0.521551724137931
19085,42045,0.5215479331574319
30097,13135,0.5214943705220061
37149,47149,0.5211161387631976
73762,40017,0.5210688591983555
66840,20115,0.5207756232686981
94303,06085,0.5204489886641476
76955,48451,0.52
21757,24021,0.5196850393700787
43804,39075,0.5195783132530121
60552,17099,0.5194197473093122
45745,39167,0.519298245614035
41010,21081,0.5191011235955056
38233,47053,0.5189295039164491
80010,08001,0.5189054219323278
12134,36035,0.5181855333060891
56226,27151,0.5180722891566265
58057,38077,0.5180722891566265
97326,41041,0.5180467091295117
72434,05075,0.5180180180180181
28678,37003,0.5180144115292233
29673,45045,0.5175622109667474
29356,45083,0.517486241789455
18623,42131,0.5173176123802505
74549,40079,0.5172413793103449
78750,48453,0.5171998494542718
63026,29189,0.517161312112129
07435,34031,0.5170113408939293
71264,22067,0.5167224080267558
25811,54081,0.5161290322580645
22923,51079,0.5160213618157543
05444,50015,0.5157657657657657
99026,53065,0.5157349896480331
54120,55037,0.515625
31017,13289,0.5155520995334371
24221,51105,0.5154440154440154
64873,29109,0.5154440154440154
80504,08013,0.5153967033334448
18630,42131,0.5152671755725191
24426,51005,0.5152507907817442
45064,39135,0.515126050420168
62478,17023,0.5149700598802395
43412,39095,0.5148413510747185
18446,42131,0.514752040175769
56673,27135,0.5144927536231884
75647,48183,0.5143373493975903
21651,24029,0.5138312586445366
96059,06103,0.5137931034482759
47837,18121,0.5136986301369864
39152,28129,0.513595166163142
44695,39067,0.5133614627285513
74957,40089,0.5132192846034215
58056,38003,0.5123456790123457
29051,45027,0.5123042505592841
15774,42063,0.5121951219512195
53516,55065,0.5121512151215122
18424,42069,0.512134583563155
62912,17087,0.5121212121212121
14560,36051,0.5118110236220472
83541,16069,0.5117647058823529
65747,29009,0.5114826752618856
78933,48089,0.5114503816793893
46960,18131,0.5113438045375218
47177,18019,0.5112994350282486
44865,39077,0.5110970196575777
57256,46109,0.5108695652173914
46160,18013,0.5105919003115265
28604,37011,0.5105114210632706
17215,42061,0.5102040816326531
35552,01093,0.5100401606425703
74931,40021,0.5100316789862724
16871,42035,0.5098039215686274
76519,48331,0.5093833780160858
54161,55075,0.509196006305833
23128,51073,0.5089974293059126
25209,54005,0.5088235294117647
22969,51125,0.508724832214765
31071,13315,0.5087108013937283
23847,51595,0.5086903304773562
23230,51760,0.5082729698818147
29037,45071,0.5081351689612015
54766,55107,0.5080946450809465
34762,12069,0.507991246103853
45672,39079,0.5076452599388379
49836,26097,0.5075757575757576
28341,37163,0.5075403016120645
25674,54099,0.5075268817204301
15961,42021,0.5073891625615764
27805,37091,0.507147296457427
75568,48343,0.5067669172932331
76463,48363,0.5065359477124183
74457,40021,0.5057692307692307
57470,46059,0.5057471264367817
24112,51089,0.5056565870162825
74561,40121,0.5054545454545455
65058,29125,0.5054151624548736
30182,13143,0.505307855626327
77873,48185,0.5052754982415005
65243,29175,0.5052631578947369
45654,39163,0.5051724137931034
29125,45085,0.5051487414187643
54826,55095,0.5050847457627119
75757,48073,0.5049180327868853
73025,40083,0.5045415838773772
29080,45061,0.504302925989673
56304,27009,0.5040167271926929
62985,17087,0.5039525691699605
31783,13287,0.5039001560062403
39641,28077,0.5037174721189591
25063,54007,0.5037128712871287
43358,39091,0.5035317860746721
53952,55077,0.5034835113794706
28530,37147,0.5033866160931997
21209,24510,0.5033841482699728
29104,45085,0.5031367628607277
85192,04007,0.503030303030303
27850,37083,0.5030120481927711
46040,18057,0.5029246747045482
25264,54035,0.5024630541871922
43076,39127,0.5020669698222406
38824,28117,0.5018450184501845
40940,21013,0.5016949152542373
56132,27083,0.5015197568389058
12566,36111,0.5015131863380891
47136,18061,0.5013863216266173
29045,45079,0.5012577862961188
39478,28147,0.5007824726134585
45244,39061,0.5003869969040248
21226,24510,0.5001169590643275
45070,39135,0.5
23867,51081,0.5
83285,16019,0.5
51603,19071,0.5
58325,38071,0.5
96142,06061,0.5
27843,37083,0.49912739965095987
78383,48297,0.49897161661867545
44624,39075,0.4972292191435768
14812,36097,0.4965430546825896
23185,51095,0.4953489194637994
97760,41031,0.4953430906671735
30425,13107,0.4952638700947226
75287,48121,0.49455788714281235
76436,48093,0.4943820224719101
43006,39075,0.49295774647887325
48167,26163,0.49282719046568085
74047,40111,0.49263091878331766
28644,37009,0.49151172190784154
63359,29139,0.4910394265232975
31798,13155,0.49043715846994534
31016,13207,0.4900881057268722
38953,28135,0.4891304347826087
78113,48255,0.4883895131086142
36758,01047,0.4878587196467991
56661,27061,0.4867549668874172
42133,21171,0.4864864864864865
21771,24013,0.4861257728849344
55382,27145,0.48489140698772426
30056,13159,0.48484848484848486
44811,39143,0.48425505248315837
40055,21103,0.48417721518987344
44657,39151,0.48360178536774695
39094,28079,0.4834467120181406
35087,01043,0.4833462432223083
31778,13275,0.48295866569978246
38858,28081,0.4817594329789452
50061,19181,0.48125633232016213
74332,40035,0.48097165991902835
39192,28051,0.4803229061553986
61479,17123,0.48
41044,21023,0.4796084828711256
25059,54019,0.4782608695652174
46113,18097,0.4760747185261003
73073,40083,0.47527472527472525
39140,28077,0.4749063670411985
54940,55135,0.47311379741558984
23958,51147,0.47284929835265405
45140,39025,0.472128248500692
57322,46005,0.4715447154471545
24333,51640,0.4714868500998177
76525,48099,0.4713216957605985
72020,05145,0.4692144373673036
19087,42045,0.4688808581426031
45317,39109,0.4682713347921225
23149,51119,0.46744696415508413
31518,13001,0.4674329501915709
57037,46135,0.4669509594882729
39750,28105,0.4654983570646221
36751,01099,0.46494464944649444
32666,12107,0.46472593758195646
12066,36095,0.46450939457202506
37360,47031,0.46378269617706236
68733,31051,0.4637223974763407
29006,45063,0.4634760705289673
32008,12121,0.46155981126838747
77328,48339,0.45954392869545085
54915,55087,0.4572844400396432
40701,21235,0.45638143985757207
47858,18021,0.45609065155807366
39108,28007,0.4555956678700361
47970,18007,0.45539280958721706
76511,48491,0.4533333333333333
79098,48117,0.45108695652173914
62987,17165,0.45072463768115945
74364,40097,0.4481998530492285
50070,19049,0.44704433497536944
37057,47111,0.44642857142857145
71933,05051,0.44421487603305787
65742,29077,0.4439479060265577
29692,45047,0.43572163181350704
62445,17035,0.4346793349168646
31002,13107,0.4330708661417323
26636,54007,0.4307116104868914
75147,48213,0.4295695919508105
63381,29113,0.42905405405405406
20598,51059,0.4266666666666667
15622,42111,0.4248234106962664
31765,13275,0.424079754601227
16049,42031,0.421772754312909
39767,28155,0.413854351687389
39867,13061,0.41214057507987223
37871,47093,0.4100568062276457
37840,47145,0.40954692556634303
24590,51003,0.40913731495661054
28447,37163,0.40827586206896554
37846,47105,0.40778210116731517
76462,48221,0.40625
44643,39151,0.4043229497774952
42171,21227,0.39227378791807105
95329,06109,0.3914319248826291
30294,13089,0.39059644459212495
37336,47011,0.390480032271077
80123,08059,0.38999919736736494
23830,51053,0.38827433628318586
96076,06105,0.378698224852071
54817,55129,0.3711340206185567
27517,37135,0.3688248285481809
37338,47007,0.3675824175824176
42784,21093,0.366996699669967
53965,55111,0.3647821830641214
30530,13011,0.3628092123969292
29456,45019,0.3625531914893617
48610,26011,0.3564920273348519
16240,42031,0.35575679172056923
27572,37145,0.3548946000577534
46574,18141,0.3358053302433372
29945,45029,0.31304006284367636
24553,51011,0.25680933852140075
