zip	latitude	longitude
75604	32.533310990198025	-94.7984225939604
78152	29.43757712	-98.21922242
77459	29.52792856149384	-95.54175765474982
78727	30.42577461017964	-97.71288293243514
77494	29.746522248345787	-95.79832806115262
77007	29.77090714722689	-95.3999099279832
77005	29.71875239621212	-95.4233595239899
75077	33.07665582072072	-97.0570986827027
76226	33.14942272831106	-97.1670034402187
78258	29.646793318429488	-98.48270977676282
78738	30.321940662352944	-97.9719044561086
76148	32.867474143786986	-97.25084470591716
78248	29.58870444170854	-98.5229609964824
77018	29.825123353864736	-95.42424606835748
77008	29.797723664148148	-95.41877070548148
78726	30.43304366498054	-97.84052037782102
77429	29.97314087008821	-95.6457707573376
77379	30.03281275150877	-95.53101136638595
75070	33.177703339393936	-96.6824755186553
75050	32.768108516320474	-97.02697330059348
76137	32.86565694841998	-97.28961528827728
77024	29.77073586798457	-95.50696445351976
78573	26.258701407042253	-98.3119397746479
75078	33.24689986	-96.78353024
75013	33.11579614338395	-96.69214992104122
78557	26.103194596153845	-98.24951907596154
78228	29.459650123665483	-98.56912534448398
78660	30.44479768303049	-97.60969748093623
78401	27.79745670996979	-97.3980832957704
75071	33.222526333622554	-96.6607530088937
77396	29.9480329172466	-95.28416595930408
75501	33.42017770906516	-94.08479824893767
77084	29.838062993939392	-95.66410993203463
75052	32.64887206526611	-97.0375231694678
77539	29.4608633029248	-95.04982411253482
76244	32.92941968888889	-97.28580081777778
77406	29.6526361293578	-95.75519098532112
75002	33.09540200847458	-96.63193154612593
78752	30.32518874694989	-97.70228511394336
75024	33.082916856155144	-96.79689843575042
75033	33.16543147857143	-96.83678524642858
75035	33.14078690942983	-96.7782072754386
77006	29.745477944208496	-95.38863690752896
78155	29.56766204225061	-97.96641517019786
77075	29.628841383770883	-95.2838476360382
78542	26.344101092	-98.135623964
78703	30.289268647235023	-97.76536193013824
78628	30.675356199696665	-97.72174501233567
75039	32.88056058179013	-96.93913970648148
76180	32.85835793016711	-97.21715077977132
76179	32.86555381117788	-97.41511996947116
77094	29.77164773717105	-95.71059472828948
75287	32.9994725328084	-96.8474137343832
78737	30.21190486896552	-97.93006332099615
78759	30.39723450675676	-97.75590333607698
78739	30.174087786346863	-97.8812065708487
78736	30.24402532571677	-97.92544998557776
75025	33.08835012526636	-96.7452796764079
78750	30.429922154657977	-97.7997445818241
77447	30.082396497209302	-95.8043508283721
79119	35.133415910655735	-101.93666402172131
75034	33.13941946434245	-96.84132154060018
75150	32.80993558056984	-96.6266707008706
78701	30.27043351704015	-97.74294440887022
77583	29.46575692048611	-95.46458308680556
75206	32.83229719949238	-96.77204143350254
75248	32.96640074070796	-96.794767740177
77477	29.63694250514604	-95.5621475272601
78023	29.593800751867818	-98.70581788879308
75062	32.847468200928795	-96.96965863715172
75238	32.87548014236277	-96.75244777398568
75093	33.03849155019701	-96.80893476367218
78640	30.00380304027397	-97.85421979561644
75023	33.05855942959428	-96.74682302040571
76051	32.93014229932146	-97.0959688173876
76131	32.86455661064815	-97.33917383564814
78163	29.76925903099416	-98.42491645555556
77354	30.20199218123123	-95.63632568468468
75075	33.02416179593496	-96.74748827121952
77384	30.22339371398809	-95.49249374613096
78256	29.6122163125	-98.62041273958334
76008	32.70682185192308	-97.58342024615384
79401	33.58787277506631	-101.8533239209549
75074	33.02782051552878	-96.6794771360107
75234	32.91924654805014	-96.88003443259052
77479	29.574270832336182	-95.64231078547007
78413	27.684906012572533	-97.40089883384913
75006	32.965604672200776	-96.88966872480697
77407	29.66573047470588	-95.6969368964706
76567	30.65215201634981	-97.0111011041825
75205	32.83553479769094	-96.79025414404973
77450	29.757221799226	-95.73238536462848
78704	30.24434566930456	-97.7615941296677
77389	30.094646546572577	-95.49760705020162
76133	32.65213894894992	-97.37532696526657
78641	30.542704884012824	-97.898026458612
79938	31.801513651304347	-106.21931574608696
78681	30.51454581864261	-97.71313683393473
78203	29.4140099462963	-98.46503611296296
78732	30.37319989849677	-97.89827371288474
75067	33.02034987157001	-97.01125628048092
78215	29.443050477777778	-98.47865017901236
76542	31.06417037585551	-97.72018843802282
78757	30.35091397095565	-97.72671278732042
77098	29.73596745629921	-95.4136860047244
75019	32.967993809698555	-96.98682565465268
76262	32.98765806447454	-97.23715942392003
77498	29.65196333611111	-95.63323204444444
77025	29.690817975551468	-95.42766034779412
78255	29.67574951713944	-98.64996876320416
77077	29.75261610140237	-95.6112121579288
78613	30.50952619244089	-97.80442072287713
75219	32.80994687388235	-96.81319438823527
78260	29.687850249397588	-98.4676793506024
77062	29.574784049130432	-95.1318486804348
78572	26.217151714911243	-98.3262393218935
78130	29.6952244448062	-98.1150523705814
76063	32.584888228779604	-97.12521794881604
77845	30.574594828260867	-96.28997520842393
75007	33.00620756877193	-96.89766206959064
75028	33.0366490173191	-97.06061898576512
75204	32.80031553747178	-96.78998536636568
75032	32.87883679883946	-96.45549957601548
75081	32.9488957	-96.71277444874056
79424	33.515238070731705	-101.9279002740418
78731	30.347109392405063	-97.76595100423565
78645	30.449987694432032	-97.98677344610758
76108	32.76070530296297	-97.4852166737037
78748	30.16651391840461	-97.82809292657376
77584	29.55146087492292	-95.36046897286742
76248	32.922709011027024	-97.24021082875676
78758	30.38121841105288	-97.70710744092425
77009	29.793974273919524	-95.37020384560356
77096	29.678828293974632	-95.47274499841436
78252	29.33630138571429	-98.71388206071428
75104	32.60134551671045	-96.934426115134
79922	31.826593803846155	-106.56969758846154
78620	30.265240011225067	-98.06147583390312
75240	32.93406540939086	-96.79439716142132
77375	30.075821832800003	-95.5953241016
77581	29.558978040268457	-95.26293384
77044	29.87797238277778	-95.18815665
76034	32.88738543143939	-97.14157569709596
78245	29.41902326851212	-98.68772463858132
76087	32.70401800162003	-97.75573846568484
75252	32.996781480451126	-96.79415794862156
78045	27.60048904765625	-99.49101758671875
78705	30.29209155560946	-97.7390149515464
76040	32.82573008773842	-97.09969740899184
79935	31.784754828125	-106.368544471875
75063	32.9216165752	-96.96499905216
78717	30.49368739239544	-97.7734525156844
79928	31.7045574125	-106.230519525
75212	32.77885911010929	-96.87328828825136
77469	29.566209983908045	-95.7476716457307
77054	29.686878357391304	-95.3834042547826
75009	33.32196431891892	-96.76387224633206
77382	30.201351972360246	-95.53735069937888
78610	30.074959549319065	-97.76237311527238
75231	32.874637643286576	-96.76466586052103
77027	29.740910767264573	-95.44975717757848
77433	29.96020855533708	-95.72312751544943
78240	29.52334760497667	-98.59272306656298
78753	30.377586564946625	-97.6776098524911
78634	30.536828138122605	-97.54926693333334
78041	27.54903761707317	-99.49064893658536
77380	30.14323623660322	-95.46492929868228
77002	29.756880230144404	-95.36468892725632
78108	29.5832351925	-98.235209459
78414	27.670393526568265	-97.37122085571956
75010	33.028273183739834	-96.90014826382114
77573	29.497661565095846	-95.10827257396166
78665	30.55943125757576	-97.6699010982684
78723	30.30122606643248	-97.6915285519516
75165	32.40349222721479	-96.8387380928617
78209	29.48557210528512	-98.45845304228096
75115	32.61204819177102	-96.85648681618964
78412	27.70671343320684	-97.35281836451612
77074	29.68291520408805	-95.50341949606918
75044	32.958178480748664	-96.6610590303476
78702	30.26856706563449	-97.71723984493018
75068	33.17013233675497	-96.94971379668874
76643	31.45511066666667	-97.19497914320988
75218	32.84448958747967	-96.6969451811382
79936	31.753320850877195	-106.29778998947369
78247	29.583449943689324	-98.4083714076052
78578	26.08013658142857	-97.24184648928572
78735	30.263835414138818	-97.8668068528706
77095	29.89854510592417	-95.6512929542654
75110	32.09072308348457	-96.47452129564428
78754	30.36227078940796	-97.6315841550185
78664	30.49055744202593	-97.64917270914826
76054	32.85559299434629	-97.17737022826856
78061	28.896295045558738	-99.07204075415471
75225	32.864413575409834	-96.79473150546448
76009	32.424570298157896	-97.21514713026316
77014	29.97484284444444	-95.47719442991452
76084	32.44367317434555	-97.09278119005236
78596	26.15885871563126	-97.9883419004008
78520	25.93426785042857	-97.51301083542856
78230	29.54927052130326	-98.56860098362571
77388	30.05411760685579	-95.47217118995272
75230	32.89945710073395	-96.79496265467893
76011	32.7569527495984	-97.0902604504016
79932	31.85627904878049	-106.45885510487804
75038	32.87058848192771	-96.9786163346988
78259	29.632003479693484	-98.4411431229885
75407	33.15431104188312	-96.49300093928572
77480	29.04665954180328	-95.70351401393442
77381	30.177713973768736	-95.50416059400428
75022	33.023751911486485	-97.09775219391892
75228	32.81398619650078	-96.68534611586314
78541	26.317927726363635	-98.16129757636364
79835	31.92003933333333	-106.59257204
75233	32.70496231162791	-96.87440881279068
78733	30.330590983153844	-97.8667561893077
76092	32.9423594810582	-97.14871645301588
78217	29.5395456075188	-98.4232191050752
78746	30.298931836695058	-97.80701398824532
77449	29.819407273943053	-95.739631177912
79382	33.50226538672566	-102.00491307964602
78721	30.27253311118568	-97.68494119563758
77346	29.998358602796053	-95.17484650378287
77004	29.72578682295633	-95.3687247793953
78015	29.70776660352941	-98.63953314235296
75201	32.78575993546911	-96.79890557254004
76022	32.83449657722008	-97.14125745984556
77386	30.12771230231788	-95.41206706622518
75754	32.42263819310345	-95.66455304482758
77019	29.75384473951613	-95.40340065053763
77070	29.974772339460785	-95.57531450134805
75482	33.12891654761904	-95.60073814621848
79907	31.70718080238096	-106.32764538095238
79912	31.84453872285714	-106.55228944476193
75080	32.96447653250249	-96.74092492662014
78132	29.755676767908312	-98.16464234555872
76086	32.757362875301204	-97.78384424618474
77566	29.0402873230608	-95.44191815786164
79102	35.19520663488372	-101.84001452325582
77049	29.816358105995715	-95.18628298072804
78154	29.57394850086393	-98.2734374073434
78233	29.55446484272212	-98.37237930793953
78741	30.2310910982906	-97.7201861259829
77304	30.332278592100536	-95.50086559281868
76017	32.66208846720956	-97.16195021585231
76522	31.12469199886621	-97.90693157596372
76028	32.53566428361138	-97.30955145220804
76258	33.38613241497585	-96.95208235072464
77080	29.816691871900822	-95.52411299504132
78653	30.345207769139467	-97.52680167529
76126	32.647088229044115	-97.48384915392155
75452	33.38776860729167	-96.250061746875
79765	31.92461182058824	-102.33198800367649
76104	32.729904709205776	-97.32030240577618
78253	29.49091504498381	-98.7485448906149
77065	29.923745053880268	-95.60337271308204
78410	27.85065760848214	-97.60721257142858
78254	29.528780768189232	-98.69195348205548
78734	30.378790856995582	-97.94294170037637
76208	33.161061528266444	-97.05453153663537
76049	32.44155668554745	-97.72062863357664
75094	33.016026151851854	-96.6269849025641
77471	29.54020484080808	-95.81237566444445
79745	31.8688058	-102.98852853333334
78006	29.784098611125486	-98.69724463234152
75159	32.64064729141914	-96.55159881815182
78725	30.23822486462347	-97.60432434658496
78745	30.20817246706828	-97.79116481450244
75235	32.828868722202486	-96.84895223801064
78626	30.63815735387524	-97.66377570633271
75056	33.0833293113852	-96.8858662683112
75054	32.59790065757576	-97.04366743939394
78722	30.28670030862069	-97.7183353
77478	29.62687641097445	-95.62404678893094
76134	32.64930532558824	-97.33655067852942
75214	32.824926293668526	-96.7501401471136
78730	30.364487967181468	-97.83368492133204
78418	27.634334368581687	-97.27652639263914
77523	29.81833562453965	-94.8436350055994
78202	29.42757112929936	-98.46341950700636
76123	32.61935521216931	-97.397667494709
77030	29.705316533084577	-95.40499932139303
76039	32.85739981053764	-97.08253361849462
78612	30.13048617922077	-97.50345215064937
76544	31.13206169955357	-97.78992871116073
77066	29.958749518879056	-95.493238220059
77357	30.155993960221	-95.20429513867404
78728	30.45277935537037	-97.6803595487037
75601	32.508844807363424	-94.7331421804434
76016	32.68946452017995	-97.18244555874035
77586	29.57593921614256	-95.03201142851154
75229	32.89048163870967	-96.8632710664516
77034	29.629045334455448	-95.22132420970296
78521	25.94194909520225	-97.46594851881468
78264	29.177450776056336	-98.47097041267608
75082	32.98621385586481	-96.6737134693837
78373	27.821807932	-97.08371579733334
77057	29.747227983168315	-95.48627119579209
75043	32.85492394655036	-96.59839264179224
78751	30.309703715281497	-97.72394698882933
75496	33.37592687241379	-96.06935144655174
78666	29.86876644582262	-97.95319888181234
75189	32.9631334214674	-96.3233319616848
78633	30.72351370082781	-97.75191475910596
77840	30.62085923976377	-96.36118155656168
77355	30.15640464972777	-95.74221946715063
76001	32.63469707676471	-97.14129739676471
77056	29.74577682467044	-95.46714213917136
79911	31.8999893625	-106.537290475
75065	33.12936059571183	-97.03320854185247
77705	30.02688766258865	-94.16172966028368
75440	32.88562365925926	-95.74107546666666
76182	32.881265212121214	-97.21430584469698
78232	29.58871988166432	-98.47291482919604
76015	32.69591640117925	-97.13053574787736
75605	32.54923820412308	-94.75000865852309
75215	32.76111615794251	-96.77228449379729
78749	30.21399700488816	-97.85783489444904
78629	29.49868713215548	-97.45556913180212
78251	29.44812027086093	-98.67743892225164
76012	32.74558246875	-97.14195886590907
75087	32.92820697629032	-96.4583865567742
76117	32.80513159425087	-97.27553161393728
77627	29.972271114698167	-94.00004002152232
78729	30.455107338033176	-97.7702790315166
75220	32.86919074761062	-96.86714262088496
76036	32.57425615349544	-97.389843843769
76013	32.7213236127844	-97.14729798981584
76634	31.77915528965517	-97.58200176896553
77055	29.7958672944	-95.49440484448
79407	33.57034028658301	-101.94207748696913
76002	32.62927411716622	-97.09547386076294
76120	32.76361934777328	-97.18152194696356
78526	25.969798857974684	-97.4866338027848
77059	29.59893967786561	-95.11857977667984
76201	33.21626993148688	-97.14577714713312
78234	29.45077581052632	-98.44672600526316
75088	32.89654105645161	-96.55028137741937
76712	31.51196390401892	-97.2362763210402
76114	32.77518025397197	-97.3986575042056
78216	29.541636225	-98.49767410917086
77545	29.525219685454548	-95.4686689890909
75703	32.26798048350516	-95.3120272517182
76205	33.18971300216165	-97.11866142434212
78201	29.46533808780488	-98.52518571788616
77373	30.06383772943445	-95.39529377416451
76052	32.96086387979798	-97.38700604545456
78249	29.56857722407504	-98.61441590932778
78744	30.18646699530639	-97.7423380416558
79902	31.778720110975613	-106.50084789390245
76140	32.63224103788235	-97.27985833082352
77012	29.72815386700252	-95.29347303929472
75901	31.32452907778801	-94.70747939069123
76135	32.82819574568627	-97.44516542215686
77042	29.72674850480349	-95.56323490545851
78616	29.972468141860467	-97.57282423488373
76227	33.25792226793893	-96.95263264732824
76548	31.067712262372883	-97.65586066864408
78669	30.406484106981345	-98.06122224522328
78676	30.011231759568734	-98.11897034609164
77043	29.80413146501377	-95.5402637415978
75208	32.754912350625006	-96.8361109953125
77010	29.755268336065573	-95.36196536229508
79714	32.324161654963234	-102.53977553731616
75098	33.021048735781044	-96.56311175006677
78504	26.25877476826265	-98.22794036552668
78501	26.216207143900096	-98.23741582411142
77063	29.733957050967746	-95.51012797741936
77015	29.776328339807165	-95.18227180013774
78391	28.169339054545457	-97.75763874545456
75459	33.51279993893805	-96.61776727699116
79118	35.138160668093384	-101.8447456229572
78724	30.28715437735099	-97.62151061373068
77003	29.752014693676816	-95.35064307775176
75227	32.76114813988269	-96.68353682297166
77089	29.59227604907408	-95.22418034407409
75069	33.187154398480665	-96.62006274143648
78801	29.21630067492447	-99.78826026344412
76109	32.70217654006211	-97.38068911894408
75659	32.4986899	-94.11200793333332
75117	32.704227682608696	-95.87626364347828
76239	33.5119548	-97.4713228
77041	29.85057745484728	-95.58831417144754
76107	32.741429925069255	-97.3781642202216
76116	32.722082405439814	-97.44319414212964
77640	29.895606787341773	-93.97421420227847
75454	33.28457522413793	-96.5654921862069
78624	30.266494511149823	-98.8762445120209
75261	32.87247795625	-97.03785150625
78261	29.654823853333337	-98.37680174777778
79925	31.7808952992126	-106.37572841023622
76132	32.668853476244664	-97.4195400449502
77423	29.80397170744681	-95.95876338404256
78266	29.63351015411765	-98.31302044705882
77091	29.85769552915129	-95.44528300073802
77021	29.69863689018265	-95.36226882876711
75089	32.92880662895927	-96.5434856183258
75209	32.842380463235294	-96.83129900318627
78617	30.16081572538835	-97.60977725902912
78932	30.133183280645163	-96.69059373870968
76058	32.46747703973799	-97.40366516812227
76247	33.08960640583334	-97.31791883416668
77385	30.19062456433333	-95.431845451
77079	29.776415395051192	-95.5941971728669
78415	27.732352566502463	-97.41694807955666
77303	30.368852991842903	-95.39738789093656
75126	32.74653221600285	-96.44091303549077
78218	29.49587738178808	-98.4020030549669
76209	33.22816145065123	-97.11046089160637
77035	29.653684648205125	-95.47834259564102
76102	32.75476680742115	-97.32995871521337
76207	33.237091354589374	-97.1664979289855
77546	29.52533992970451	-95.19389627138412
78586	26.131760139102564	-97.62792305801284
77071	29.650823381460672	-95.52021759269662
75701	32.32387586854396	-95.2951871043956
77377	30.03171423018018	-95.65051801126124
76502	31.088208587946426	-97.39706111904762
77345	30.06022846659836	-95.17068007459017
75060	32.800857125	-96.96652779176355
76710	31.536273806986028	-97.18407856227545
76118	32.80368263657588	-97.2165362533074
78602	30.115901914739226	-97.30473265487528
77541	28.97490485241546	-95.34346969710144
75048	32.964360086105266	-96.58648909636842
78212	29.459581289972903	-98.49348316151762
76006	32.774566969	-97.079387497
77058	29.560654021130954	-95.10135229583334
77401	29.704863053277315	-95.4615531307563
78577	26.181457582087447	-98.1877340383639
75840	31.72601526028369	-96.15281495886524
77502	29.68044068860215	-95.202953912043
76210	33.148181675447496	-97.08718102126228
77504	29.64770035645161	-95.18498752204302
77562	29.817547147321427	-95.04762468214284
75135	33.04832498734015	-96.21875337800512
77047	29.620143002034883	-95.37496755668604
77083	29.691747885921323	-95.65206533229814
75766	31.961138734969325	-95.26521283588956
78109	29.50481469160584	-98.3170955109489
77807	30.66149752352941	-96.43584987058824
78257	29.639465034545456	-98.608564372987
76901	31.480024281038965	-100.4965523438961
79924	31.898395475	-106.4277694125
78417	27.728057553488373	-97.44912520930232
75226	32.78327102058824	-96.78078830849674
77082	29.72195510419255	-95.6325210916149
75042	32.91534067650274	-96.67698686448088
78652	30.132384407272728	-97.83749444678789
77092	29.82892496464497	-95.470648025
79110	35.14195261304348	-101.8817364057971
77515	29.17217940554529	-95.44895877615528
77356	30.39502000685155	-95.64269815269168
77445	30.09261970681818	-96.06166581022728
78747	30.14494587579336	-97.74864473719558
78222	29.38380963490566	-98.4024005235849
79109	35.17201075333334	-101.87088283425926
77038	29.91752494744186	-95.44125906
75182	32.79806669367946	-96.57542763239276
78148	29.54766428575949	-98.30059518797468
77339	30.04982048028748	-95.22531401735112
77073	30.00684323549618	-95.4031731874046
76310	33.85727302287671	-98.56936282054797
76060	32.64583922064516	-97.21284477806452
78211	29.355883851171875	-98.549975328125
76111	32.77847250997831	-97.30167360238612
78575	26.027286603921567	-97.5412161627451
76904	31.403993530956846	-100.48343534840524
75757	32.13603102330097	-95.38600687961164
77046	29.731311147058825	-95.4373082882353
75254	32.94624289120879	-96.80233287362636
78070	29.84559945744681	-98.4168155361702
78244	29.481597537820512	-98.34809926730767
78112	29.24737721084337	-98.36245919879518
76005	32.81004907195767	-97.0761402116402
78756	30.315232692426587	-97.74026123910356
77578	29.505629293037973	-95.37903919324894
79838	31.484131125	-106.1440024
77505	29.65009360023365	-95.15269311238318
75167	32.377655127027026	-96.9046963927928
77081	29.71009145697674	-95.48105708372094
77076	29.85448188165785	-95.37760003321576
78539	26.28495732476832	-98.17323389241784
76705	31.60847387931571	-97.104656955521
79758	32.026204137209305	-102.3457797255814
76574	30.57802438333333	-97.41361847198068
77020	29.774712249454545	-95.32012315454546
77036	29.703741074102563	-95.53333606358974
79602	32.39780337184116	-99.71086359097472
77090	30.01200387811705	-95.4454956366412
77873	30.55243352307692	-95.78921710769232
75001	32.94910312882562	-96.84216764590748
78238	29.48089903063063	-98.61522352372371
77802	30.65721033555556	-96.32845944495728
76155	32.82453451666667	-97.05247591944445
76240	33.62524967419929	-97.11585051761568
77534	29.2319402372093	-95.3442384976744
77521	29.776134270035463	-94.9844023218085
75244	32.92133003101852	-96.8373033574074
78056	29.53663791875	-98.93161855
77316	30.31933695168832	-95.62307198727272
77493	29.808175992	-95.81785632509091
77532	29.926424387045813	-95.0754355515008
77033	29.667442040883977	-95.3479896436464
75207	32.788616885285286	-96.81767717567568
79562	32.23907192285714	-99.87386570285716
76549	31.093215880174927	-97.77768597317784
77441	29.691526634500004	-95.88755743
76426	33.197691200877195	-97.80924489473684
76271	33.46466273114754	-96.90413023606558
77461	29.39855306855895	-95.8186019742358
78250	29.50610980767918	-98.66633600307168
78566	26.08030579142857	-97.47589813928572
76014	32.695176454851484	-97.08666312831684
78043	27.51777091980198	-99.4705227990099
77318	30.433769510231024	-95.5495681557756
75670	32.546591292194094	-94.37454925886075
77088	29.87849897173913	-95.45163226111111
75109	32.04258394285714	-96.39641060571428
79720	32.23905800845341	-101.46460807896254
76112	32.749746978153446	-97.22279570637193
78642	30.68863032962963	-97.9196514617284
78840	29.37908413834116	-100.89765793787168
77503	29.67795801163522	-95.16367570849056
76657	31.43468508537736	-97.39235309056605
76033	32.34273953614931	-97.40788653320236
78503	26.179741429752067	-98.2402439644628
75181	32.73483322640157	-96.56370624335072
76537	30.816974137234045	-97.60877411223404
77040	29.870290145308925	-95.52900636201372
75125	32.53011537445652	-96.65316390869565
77554	29.230857136134453	-94.92889444684874
75146	32.5893239920904	-96.77700948333332
77565	29.53984518032787	-95.03062433934426
75057	33.01624551043165	-96.98143557733812
76177	32.955589890425536	-97.31455562021276
75237	32.666735517261905	-96.87135263184524
75154	32.530638119047616	-96.82472786836736
75402	33.09888003591966	-96.09929338164903
75455	33.16081989686924	-94.973722239779
77051	29.676750927790977	-95.3661118199525
79906	31.853074725	-106.42322791666666
76513	31.05205567481371	-97.47415608837557
75051	32.725339660287084	-97.00874470334928
78229	29.50626249341317	-98.5683992
79706	31.960786633640552	-102.0452393610599
76048	32.43114717971175	-97.7887028644124
75707	32.30200569914163	-95.20983649313304
75236	32.695192234716984	-96.9165444928302
76571	30.94624197252748	-97.54278909670327
79124	35.20757674101124	-101.96879828202248
76088	32.82272695551331	-97.88533866387831
76453	32.57466218571429	-98.35202978571428
75758	32.24365685397728	-95.49851465170455
76645	32.00905343192983	-97.11283629052632
79903	31.78530474375	-106.44530894375
75116	32.65688669666666	-96.91391727688888
75243	32.908481136194034	-96.74945218423508
77657	30.2476756645614	-94.20202645438596
75503	33.46541958009631	-94.08563686163724
78028	30.038798877024185	-99.14851631745532
76103	32.74856157923875	-97.2656946197232
78619	30.108428363636364	-98.03131873818182
75216	32.70951908115764	-96.78929915480296
75686	32.99226138108108	-94.97022664594594
79904	31.842139938461536	-106.43929460769232
75040	32.92927271525705	-96.6264037982587
79007	35.6657085268421	-101.39611253263158
77536	29.686288043002545	-95.11924966768449
78239	29.514772187125747	-98.36074875688624
76656	31.17630035833333	-97.067619875
78611	30.758753654797232	-98.26332786824926
78133	29.88335543333333	-98.2378971085366
77378	30.441553948369563	-95.46873007608696
77803	30.678884189340103	-96.3772220712352
77338	30.00134683651452	-95.2953782461964
77340	30.70393732226488	-95.53737301305182
77706	30.09706216872247	-94.16166553986784
77086	29.92297853915344	-95.49912667936508
75789	32.171980473228345	-95.12184548897638
77904	28.859551378885136	-96.99432404763512
77587	29.66235875294118	-95.22994277
78114	29.16314094636364	-98.18606701909091
75137	32.63559065855856	-96.91307575202704
77069	29.98444811611842	-95.52642089506578
77067	29.957858119453924	-95.45496401911262
75241	32.66933310316742	-96.781620839819
78213	29.51479778605578	-98.51958260258964
78405	27.77011344953271	-97.43931487616824
75937	31.51648025	-94.39552235
77053	29.60509869484536	-95.46091174304124
77474	29.785441847859925	-96.15265409007782
76578	30.55790686226415	-97.26904676226415
78221	29.34406496121673	-98.5038656068441
79606	32.38415332702703	-99.7844411012474
77060	29.93860567641026	-95.39921604794873
78210	29.3988298135741	-98.47453339613948
77365	30.10378949708561	-95.25673020473587
76065	32.473711123005565	-96.98309441651206
76018	32.659482539405204	-97.09182915408924
78713	30.468305	-97.842742
77418	29.96118455547264	-96.29006841442786
78204	29.40360863392857	-98.504337484375
76110	32.70971492676991	-97.33769169646015
78654	30.550617825641023	-98.23298026552708
78040	27.51226154772728	-99.50206065984848
78411	27.72802931654136	-97.38511565313284
75965	31.647595697718632	-94.6393808946768
75771	32.5058466018648	-95.42467007365968
76050	32.273493154237286	-97.21137744745762
76266	33.35751914717608	-97.18190341760796
78231	29.57299902327044	-98.5400125327044
75134	32.61790965522388	-96.78263118059702
77064	29.911475558823533	-95.5532895882353
79707	32.021497434500006	-102.157369508
75092	33.64365509637024	-96.63748178856623
77550	29.30320032570621	-94.78876864435028
76354	34.084816778991595	-98.57151231512604
75143	32.39919384622356	-96.23449484169184
75061	32.82817564103535	-96.96347399583334
78552	26.20404568310185	-97.74675871898148
79821	31.933631981578944	-106.58601696842103
75142	32.58684247604167	-96.28566815166668
77489	29.59932982124031	-95.51472084666668
77598	29.546877014197527	-95.14115670123456
77029	29.76131779551451	-95.2670700656992
78592	26.072935	-97.846814
77061	29.660218031536388	-95.2843363471698
79934	31.93091504634146	-106.4116092292683
78223	29.36039853775744	-98.4449132501144
75232	32.66847660912548	-96.8432338608365
77302	30.236236243181818	-95.38341100126264
76053	32.81681033854341	-97.19200187417368
77530	29.789725112655603	-95.13925829751038
79915	31.759232925842696	-106.3695687494382
77023	29.72158067696969	-95.3226363240404
79072	34.1976603039604	-101.74255336171618
75495	33.42507514640884	-96.57288345856352
76031	32.3614981235732	-97.36602237791564
77037	29.88628909717647	-95.39644336282352
76106	32.79913655080292	-97.3513082541606
77301	30.3158148121673	-95.44939947794676
76708	31.59004666707021	-97.18606163486685
79764	31.87630066751152	-102.44422100092166
75103	32.55570512723404	-95.8650588519149
76078	33.05624466633663	-97.47190509504952
78402	27.824099974157303	-97.38803955730336
75409	33.35131557798165	-96.5434584266055
76579	31.20599974237288	-97.2949496762712
76044	32.45499024484848	-97.52934066060608
79416	33.59799064447209	-101.93580121276216
76020	32.90724640875	-97.54657903703124
75249	32.64429231682243	-96.9566620271028
78550	26.208930600816604	-97.69198160159918
75224	32.712117333953486	-96.83740545604653
75474	32.89641767943038	-96.0906655914557
77531	29.02938835635593	-95.40554416144067
77872	30.91334890892857	-96.10408810714286
76225	33.36595453829787	-97.69482807021276
76021	32.85188141111111	-97.13491997739018
77072	29.698895131092435	-95.56693538655462
75076	33.80633105055432	-96.70338621973391
77048	29.63303491111111	-95.34497512007168
76085	32.85362558156029	-97.69173361276596
78374	27.88533801889401	-97.32175477557604
75428	33.246041033333334	-95.9040869977528
78589	26.19644062428572	-98.15265033142856
77032	29.942578545430106	-95.35336243548387
78537	26.17217630358566	-98.0512974808765
76528	31.422463723188407	-97.74103617826088
76692	31.979217142990656	-97.35146006448598
76401	32.218121266843504	-98.21332224350132
75202	32.78112598325123	-96.80460585862068
78574	26.24420377327586	-98.32169432586208
77535	30.0306256719888	-94.88459631008404
79761	31.85457283284672	-102.3521288540146
75173	33.05549102434782	-96.41123515652174
75709	32.31298225539568	-95.39990469568346
77662	30.147374733138687	-94.01041382627736
79065	35.551505450337075	-100.96576529198502
75149	32.76705938616197	-96.61231485052816
76374	33.36428121285714	-98.77079970714286
75640	32.761257891111114	-94.76578177777778
75169	32.74088480654545	-96.01331607454546
76903	31.47019517114014	-100.43518712494064
77591	29.40096736516129	-95.01165603903226
78363	27.50542321074627	-97.86058970895525
76655	31.393547542176872	-97.18831880068026
76055	32.16405168630137	-97.1487551438356
77630	30.09126383640054	-93.781607761705
75418	33.59007086935933	-96.180619045961
76557	31.276504525	-97.39118118863637
79901	31.75813303333333	-106.4873119095238
76255	33.80717337027027	-97.6978436981982
78102	28.41966161644144	-97.7603015894144
78242	29.35899155	-98.61684585859376
77484	30.06633095874126	-95.91352857832167
78118	28.91660740327869	-97.8764121
77511	29.41417801930784	-95.24051146739528
78643	30.71324013019608	-98.628842247451
78225	29.387997841666667	-98.52288663333334
78220	29.41305195884615	-98.41579870461538
76539	31.06100706666667	-97.94580843571428
79762	31.890178035509138	-102.347776245953
75602	32.47309121149426	-94.72579439425289
77901	28.809022197818184	-96.98617711636363
78205	29.424851550609755	-98.4878012152439
75090	33.64539729703792	-96.59589745699051
78559	26.154851980147058	-97.82684505735294
77656	30.37412078938429	-94.1865502059448
79404	33.54795823213728	-101.83087207675509
77085	29.660022067671232	-95.50186032328769
76259	33.19208121492537	-97.29368386865671
77087	29.6880386065	-95.30149397
77518	29.507418704273505	-94.9881210068376
75211	32.739639	-96.882380374477
75603	32.41314349545454	-94.71804086666668
75217	32.720947211196915	-96.68621081486486
78009	29.35166418406593	-98.86846325494506
76446	32.08868473508772	-98.33849242192984
77399	30.6398242	-94.8716386
78638	29.65632868490566	-97.80309970943397
76487	32.986442545454544	-97.86519152045454
77868	30.39025459611112	-96.09066013555557
76249	33.26653916203704	-97.24596389722224
75752	32.21303352808989	-95.77139389438204
78852	28.710555835560857	-100.48584434272075
78371	27.468207	-98.973266
76520	30.8543578375	-96.97333694572367
75119	32.339441631458335	-96.63020584895834
78227	29.41255592152588	-98.63381435749318
78063	29.66414069395973	-98.92209064899328
78224	29.34364245950413	-98.53866991157024
75853	31.8572854	-95.74572636666666
78380	27.813146262450594	-97.69072423873516
78071	28.46201054178273	-98.18224376350976
75472	32.907270375	-95.9250047625
78584	26.43537032872629	-99.0054348810298
78046	27.436156598734176	-99.48229885822784
78404	27.767599221761657	-97.39948565595854
78207	29.42247655838641	-98.52521518450106
75931	31.07712969130435	-94.03383114782608
78156	29.5925203	-97.9739014
79360	32.71757437979094	-102.65607002334497
77642	29.922692835394454	-93.92887439765458
75951	30.92298467740741	-94.00120940296296
75569	33.443596785393254	-94.1262273258427
75442	33.16340099655172	-96.36185434068966
76501	31.092376080722893	-97.31226669975904
75422	33.13679559361702	-95.95155363829788
75491	33.49160788190476	-96.39680302476192
76667	31.68117824583333	-96.48080221319444
76309	33.89281930726644	-98.53496889411764
77568	29.367100195592283	-94.97708094710744
77520	29.749926589958733	-94.95374756891334
79226	34.93191419393939	-100.90449882424242
78052	29.22533473063063	-98.79286052342344
75251	32.919609713422815	-96.77132810738254
75693	32.533171118292685	-94.85997426219512
78949	29.813706809523808	-97.06490984761903
78124	29.55483638144329	-98.15300765773196
77204	29.721843152631585	-95.34435418157896
75460	33.663229663384186	-95.5472943558946
75223	32.78883664516129	-96.74949074281524
78064	28.968839966666668	-98.48165292236844
78408	27.795944172115387	-97.43226786923076
75559	33.50699094509804	-94.61628503529413
75860	31.62399961269841	-96.26692366825397
78538	26.29935875625	-97.960727546875
77362	30.150365319727893	-95.66983993809524
78013	29.98425713655914	-98.8861784032258
77833	30.18420789486166	-96.4011189475626
77045	29.64401911090909	-95.41404308659092
78263	29.37426467804877	-98.3279118585366
76711	31.519661493085103	-97.1474764537234
79064	34.182335	-102.134127
77093	29.861416296160268	-95.33889383839733
77551	29.271266973364483	-94.8391361806542
76115	32.68053417916667	-97.33091698842593
77713	30.11384282991072	-94.22118872410717
76457	31.99065781603053	-98.0278342145038
79121	35.179071503225806	-101.92835399032258
77028	29.82223724447116	-95.28854739519232
78957	30.00826369767442	-97.16444120813954
75163	32.19264460795454	-96.10634364090907
77964	29.43394230833333	-96.92826054444444
79930	31.94933507368421	-105.91426603157896
75494	32.95735503760684	-95.28984552905985
78237	29.42158983835617	-98.57248449223744
78570	26.15311247142857	-97.91801070184331
76010	32.72217346906212	-97.08690698867235
79536	32.47959459116466	-99.99834046385544
77306	30.27770947378641	-95.31979208980584
76543	31.10875157900677	-97.6955906925508
78003	29.725802369005013	-99.0627118432355
76534	31.05825443783784	-97.45846829189188
79423	33.496008320623915	-101.8729397654246
77099	29.68517020441176	-95.59029274737397
79045	34.8327448	-102.4076962
76306	33.94828110845283	-98.52340648135848
79545	32.44287279864865	-100.55661462702702
79415	33.62440292840532	-101.87949037292358
76504	31.098449588503254	-97.36711638590022
75941	31.19689342254902	-94.7717550504902
79503	32.888655664999995	-99.704176525
78599	26.189105666666663	-97.97940316666666
78235	29.346263221875	-98.443847778125
75790	32.52480245362319	-95.63687875072463
79403	33.60995653115942	-101.81077173341384
79705	32.03306054945652	-102.08916240018117
76119	32.69284155207824	-97.2624415898533
78343	27.58716482909092	-97.79406798545456
78861	29.35459287537994	-99.13231468541034
76164	32.78586952777778	-97.35044388333334
76273	33.67638353742331	-96.9106403018405
75457	33.167152708227846	-95.22546539683545
76706	31.516396683307807	-97.12224322955588
78659	30.17957221384616	-97.18538919230768
76559	31.07949930517241	-97.6002815
77414	28.96503438373333	-95.9445269208
77830	30.515724204	-95.992632176
75662	32.38815676565218	-94.86892674804348
75180	32.74018964900285	-96.62070861552706
75630	32.888983290909096	-94.55352416363635
77488	29.310833028478964	-96.08354499935275
75650	32.5231757960396	-94.57334204059408
78877	28.941546	-100.61413
78516	26.187332095402297	-98.11775635823756
76638	31.562058376666663	-97.41526764
76856	30.73931445875	-99.2176171975
75161	32.71941094731707	-96.2051098687805
76301	33.903557991104734	-98.48945461018651
78382	28.050431683512542	-97.05204559480286
75751	32.17995367942446	-95.862622516259
75203	32.74564865267327	-96.806944010099
75114	32.64006401472081	-96.43823345989848
79836	31.587902635714286	-106.23272305714283
77835	30.20068125849057	-96.60435769433964
78362	27.87096077114094	-97.20624828724831
77707	30.065404820202023	-94.1745596949495
77068	29.99923612694611	-95.4875809473054
78332	27.752832036679536	-98.07658226698842
79414	33.54859964793815	-101.9206993670103
78644	29.88847294892704	-97.67608023218884
79927	31.66215938125	-106.28246275625
75706	32.44177847213115	-95.33379481202186
76302	33.86300354976959	-98.4846111516129
77571	29.6597302160628	-95.06468710603863
76245	33.84496617123288	-96.82578270684932
76853	31.223294464705884	-98.39658481764708
77563	29.343633647343	-94.99985848454106
77808	30.749306042745097	-96.30400413176471
77619	29.94419098392857	-93.91577015803573
76308	33.866939697440586	-98.5326653404022
77861	30.65475838599034	-96.14070228599032
79311	33.82385865	-101.8435928975
75424	33.3064509	-96.3839137935484
76035	32.542131203125	-97.626769203125
76305	33.94987710078125	-98.5063489265625
75904	31.337742809413367	-94.75420331309684
77659	30.14552371058824	-94.38224719411764
76691	31.783052848951048	-97.09232677762238
75164	33.07781828235294	-96.31384191176473
76908	31.4315	-100.41295
78621	30.33450623868255	-97.41026400329362
77031	29.663131396460177	-95.5408148783186
76311	33.97235872272727	-98.51398684545455
76641	32.06912328181818	-96.79729182727272
75974	31.9198025625	-94.24749301875
76073	33.10168697674419	-97.7177791255814
78002	29.306934143243243	-98.72416866756755
78121	29.382951411486488	-98.11399334054056
75020	33.750377509778815	-96.57228622386496
75247	32.815740637610624	-96.86926064955752
75833	31.264279836046512	-95.94854389418605
76365	33.798510411009175	-98.21594551651376
79703	31.985696712560387	-102.128520894686
75041	32.882852471300446	-96.648547977429
77011	29.741358946183205	-95.31332452824428
75762	32.20200851937716	-95.41146251418684
77078	29.84857611690821	-95.2601939357488
75172	32.59560025555556	-96.68333763194444
77506	29.7037542925	-95.20319076583333
76230	33.55975802333334	-97.8433346811111
75156	32.29473577773109	-96.1154574130252
78076	26.86693468901099	-99.18006120989013
75708	32.398993646456695	-95.23238472755904
78560	26.2565444125	-98.41820365
78039	29.31495908965517	-98.81411873448276
78597	26.11113943670886	-97.16882645822784
77590	29.39587011343612	-94.92627189096916
77013	29.78755638298969	-95.23821681340206
79908	31.825005	-106.3849089
79413	33.53909936859155	-101.88666988211268
78648	29.666048784571423	-97.673727544
75756	32.3051547	-95.5870419236842
76433	32.32110236666667	-97.98407725833334
76633	31.664530148113208	-97.3098016509434
78219	29.439922839466668	-98.40384181786668
79241	34.12657683333333	-101.43596443333334
76630	31.339471346511623	-97.23782933255816
75644	32.7518107462963	-94.9763743116402
77017	29.69101275	-95.2588950681818
77327	30.33771843017241	-95.09441648304598
77360	30.81789154814815	-95.1087244
77372	30.230491453110044	-95.16364309952154
76707	31.552732538674032	-97.15621395193372
76082	32.96198489767442	-97.68567505943152
76636	32.1769742	-97.25645775
77514	29.7661221125	-94.67172739210524
77039	29.91019748240741	-95.3397674515432
77016	29.847264440279723	-95.31414524013988
75166	33.006134585714285	-96.45163539285714
76041	32.251765111764705	-96.86665848235292
79701	31.99534273919861	-102.08232017299652
76943	30.70972410655737	-101.20211275655738
78942	30.180427527878784	-96.92756534969698
76043	32.23223379652174	-97.7584730695652
75964	31.59749121145038	-94.68144142709924
77575	30.06450564425532	-94.77657054425532
76234	33.23205532746268	-97.58454648686568
79015	34.987232737214136	-101.89605007900208
78393	28.235294595	-97.321240045
79517	32.87383107857143	-101.15936680714286
77651	29.97611111735537	-93.96201682314047
76569	30.93514985510204	-97.2442974489796
75672	32.517675495114005	-94.32839840618892
78065	29.070974464615382	-98.61157302923075
78236	29.1912709125	-98.5896813
75681	31.93145743809524	-94.6947874
79735	30.88939327151336	-102.8855817445104
76448	32.39830313322982	-98.81234185124224
77426	30.13264553142857	-96.25188768
79106	35.195519018139535	-101.90561650093024
77801	30.6309291524024	-96.3546567581081
75453	32.96153864727273	-95.95270449636364
75462	33.669291553947374	-95.49440514473685
78336	27.91428295441696	-97.15703488939928
76067	32.80676094337486	-98.08813315300112
75755	32.69162420154639	-95.16267262835052
77865	31.28616727692308	-96.24017896923075
78639	30.66047019025271	-98.43973461696751
75925	31.66603992608696	-95.08135662608696
79605	32.43126723554758	-99.77034354793535
75058	33.45162225942029	-96.73811384782609
75657	32.76507999680851	-94.34782644680853
76435	32.26828626341463	-98.82697950487804
76379	33.65430454705882	-98.47378220588236
78016	29.15005510445205	-98.90494252671232
77371	30.488034475141244	-94.99017942146892
76071	33.00493935769231	-97.48868697307692
77597	29.84361822709497	-94.69379899162011
77857	30.786152	-96.727712
76527	30.825217774666665	-97.80017009333332
75105	32.243696475	-96.41801935
77351	30.71193317205882	-94.9698090985294
78945	29.917694108536583	-96.88925849207315
79410	33.57092771321942	-101.88186904721223
76470	32.46837492663317	-98.67694240150752
75961	31.60374833914894	-94.63325732510638
77611	30.031406050454542	-93.83591104954546
78636	30.274271626744188	-98.40277429689922
77435	29.52100315131579	-96.05722116184212
78389	28.232400041818185	-97.67446618
75773	32.663736121481485	-95.4933273782716
78933	29.84278542857143	-96.3283098
77026	29.795600019931268	-95.33237273591064
77358	30.54243464432989	-95.44428456907217
75966	30.845187178571425	-93.76144697857144
75956	30.65749203636364	-93.89646324155844
79029	35.86435868330684	-101.96458711399046
75763	32.07820418360656	-95.49325182622952
75668	32.942933062711866	-94.71022044237289
76462	32.54383716607143	-98.01121375535716
78606	30.089203768403912	-98.40217961205212
78208	29.43928032736842	-98.46114989684212
75158	32.47734896363636	-96.37280012727273
78582	26.3871329121118	-98.76851256242236
79083	35.8235953	-101.4421038
78073	29.24071943709677	-98.61688362096774
79329	33.673793515873015	-101.6907168436508
78832	29.30802922777778	-100.41882866111112
75449	33.42950734626866	-95.95112915671642
75426	33.61606565882353	-95.0570468582353
75152	32.43482733535353	-96.68244973737372
78588	26.718882	-98.445924
79363	33.67557920724637	-102.00204603043478
78605	30.74624027525773	-98.06122733814432
75551	33.1089749838488	-94.1690002168385
78468	29.67637426666667	-97.6550875
76367	33.95261254008439	-98.68470651223627
77510	29.37076985254902	-95.08259432823527
77336	30.053079742692308	-95.1095941823077
77436	29.378490666666668	-96.23440493333334
75253	32.68219697303371	-96.6068123005618
79336	33.5823541829203	-102.3623421731748
75935	31.79112280839695	-94.1778815519084
76577	30.608271265789472	-97.20642159736842
77632	30.17236457459954	-93.80916854736842
77022	29.829090310398232	-95.37790432323008
79607	32.41704448648649	-99.82427315405404
75490	33.43242786818182	-96.33891402727272
75801	31.750995261538463	-95.629316004142
75401	33.13585860615641	-96.1095186640599
75432	33.37107469878049	-95.6889613585366
75803	31.756259352564104	-95.66476338589744
79510	32.36907159217391	-99.52253638
75421	33.6556441	-95.6469179
75140	32.67671522333333	-95.70746778
75155	32.232548304761906	-96.49308210476192
75476	33.674786382608694	-96.21685047826088
77879	30.34252178023256	-96.5746294744186
79830	30.350638622868217	-103.66225388953488
78657	30.54838624175824	-98.3661377368132
78719	30.1467042865019	-97.67440620247147
77957	28.98149623815789	-96.65582668026316
79068	35.3309251377193	-101.38357531754386
79601	32.48381081125655	-99.7026019698953
77517	29.38627396969697	-95.12958954646464
77836	30.528468697938145	-96.69410861907215
77703	30.11163409235294	-94.11969629441175
75160	32.74214943042016	-96.30064408689076
79549	32.71558673333333	-100.9111912767584
75654	32.07799478488889	-94.889064544
78593	26.240935545	-97.830360165
75480	33.048742282278475	-95.16542817468354
76059	32.39610126326531	-97.3282641
76825	31.127850245945947	-99.33970871148648
79772	31.3067405140625	-103.6105989671875
77701	30.074383196255503	-94.10458659229074
78387	28.03241931904762	-97.53668300992064
79084	36.33178385	-102.0684772
79250	33.8708689	-101.6041558
76550	31.07085056472492	-98.18235452265372
76077	32.2735536	-97.70120434
76704	31.57244677072072	-97.1199645954955
79070	36.37839461036145	-100.80341037638554
76905	31.469716437155963	-100.3778252238532
77831	30.776402292105264	-95.92485894210526
75554	33.55133360714286	-94.77973052857142
77547	29.73905247142857	-95.24202923714286
78383	27.97951184285714	-97.8407902
77979	28.61872224385382	-96.62302800299004
75415	33.47864605	-95.7700619
79339	33.8484276	-102.3127831
75433	33.129167583999994	-95.839641908
75144	32.12641808409091	-96.22823130227272
77625	30.35713733254717	-94.33760913018868
79905	31.772941089285712	-106.43150473928571
78767	30.267026	-97.740762
76233	33.55396724310345	-96.8994281
79104	35.19408596	-101.8008712
78595	26.272748342857145	-98.5549266
78005	29.042145309090905	-98.84799183636363
78101	29.36992595	-98.24115585625
79734	30.60317839	-103.97557432666666
79108	35.28561665912409	-101.81925810510948
78368	28.07152989457143	-97.83205726571428
78024	30.05477646875	-99.353045415625
76821	31.74181909772728	-99.95618691875
79039	35.210494	-101.107615
79079	35.2243804	-100.2487174
77856	31.02695164	-96.48689947333334
75791	32.223332772432435	-95.2225844
76366	33.80079289756098	-98.69022109756098
75561	33.46728264605263	-94.27539438421051
76430	32.72194808271605	-99.2925317654321
79107	35.229990864122136	-101.81787815877864
76541	31.11569049287532	-97.72985944071246
78025	30.0898373619403	-99.255099680597
78934	29.702676226666664	-96.55061699333332
77702	30.086024950746268	-94.12568771044776
79087	36.311297	-102.989805
78390	27.97604879918033	-97.38686002418032
79036	35.61031695	-101.63773975
75246	32.79068400416667	-96.77561509375
75765	32.67547450721649	-95.19860606030927
78058	30.1911551625	-99.39679549583332
75770	32.14157274583333	-95.63518543333332
77650	29.43038336360544	-94.67797518741496
76626	32.096794714285714	-96.71894732857145
77880	30.292373505714284	-96.18801163428571
79556	32.47045192108586	-100.3982649830808
75570	33.460484138686134	-94.4185736518248
76272	33.47762398264463	-97.1109011966942
76640	31.68223410490196	-97.0893083990196
75667	31.99613118888889	-94.81435401666668
78214	29.36356144310345	-98.49243682025862
77486	29.149312274358977	-95.6396582697436
77328	30.35410772538071	-95.17962175228426
76801	31.7202486986	-98.996923571
77837	30.9789739	-96.67427635
76127	32.78107256521739	-97.42361559565218
75704	32.3788490328859	-95.39745578791944
78416	27.752565589204544	-97.4361101568182
78880	30.016990925	-100.209233425
78580	26.47996556470588	-97.7798682159664
79366	33.532612994354835	-101.68512784274192
78655	29.8408313027027	-97.8486119918919
76442	31.90510991049724	-98.59367727237569
76458	33.219431321276595	-98.17692504586287
75850	31.1627918	-95.92654866666666
79372	33.45909986692913	-102.4901936574803
75862	30.93073046343284	-95.33059081716418
75468	33.537537	-95.408314
75497	32.89558550769231	-95.56091403076924
78026	28.7390527702439	-98.54998898487806
76701	31.55228216842105	-97.13728589473683
75705	32.359709753125	-95.108703784375
75980	31.172589192156863	-94.39572268431372
79373	33.19643454883041	-101.8035148248538
79111	35.22154943333333	-101.70446738888889
78594	26.343629566666667	-97.79048256666668
79763	31.830631391825097	-102.42736650855514
75608	32.5717587	-94.787642525
75574	33.348779	-94.534409
75702	32.35984485448819	-95.3109504544882
76511	30.808862890909094	-97.43756613090908
76523	30.7753702	-97.2706184
78042	27.52619265	-99.46733275
75423	33.29205005	-96.21298420555556
75652	32.17215425625	-94.78105742604166
78147	29.06978405384616	-98.08034081153846
78377	28.30883310533333	-97.28013764133333
75446	33.59795410520833	-95.90179430104166
77708	30.1410545055794	-94.1609625553648
76651	32.187724056886225	-96.8926029239521
77417	29.495115912	-95.936617772
77984	29.43469333841464	-97.171956225
75835	31.317266819047617	-95.45663217724868
78631	30.28770958666667	-99.25797122
75684	32.2734258987013	-94.9434053064935
77871	31.07005130519481	-96.1834758909091
76524	31.29921165471698	-97.25600699056604
76472	32.619690685106384	-98.14608927659576
76384	34.16773735164557	-99.31623079873418
75792	32.46539837027027	-95.12356723648648
77660	30.648901	-94.169214
75656	32.99953767666666	-94.63261199666668
79852	29.54007912941176	-103.42699137058824
79411	33.56835353030303	-101.85741191878788
75124	32.29795866847826	-96.0047466923913
76519	31.00510036923077	-97.07112719230769
79120	35.18902	-101.817017
76450	33.09369917777778	-98.56996502063492
77496	29.626898	-95.760561
79525	32.62115852596153	-99.82927985384616
78583	26.25354537959184	-97.54606702244898
75567	33.33717280294118	-94.3161081235294
75943	31.61928845	-94.83675365
77612	30.44406588333333	-93.96579315
76023	33.05819144126984	-97.58739667619048
75147	32.357131015736044	-96.1055532497462
76834	31.83730706234568	-99.43158581975308
79347	34.2326239	-102.74173556666666
76951	31.83973015	-100.989499025
76371	33.457045325925925	-99.6406849925926
79345	33.339301492000004	-102.216146044
78872	28.9445479	-99.8449316
75949	31.26285263578947	-94.51610855421052
79855	31.041723472043014	-104.83772876774194
78956	29.68615092411348	-96.9264530468085
75568	33.199682475	-94.68306831666666
78055	29.819477441221373	-99.25165669160305
79331	32.73250174797048	-101.9563592409594
76437	32.36983182866667	-98.99175474933334
75938	30.91180492	-94.41047871333332
77465	28.722258446052628	-96.2855825223684
75802	31.859384	-95.608851
76070	32.2407255875	-97.65768335
78010	29.93045154576271	-98.92019875423728
78650	30.285829371428573	-97.23138042857144
75969	31.43476687236842	-94.85970896578948
76064	32.308137677272725	-97.01671817727272
78630	30.62656244	-98.05509908
75469	33.390137	-95.960746
76105	32.72378679088319	-97.2691678954416
77320	30.76982663824228	-95.53317395463183
75132	32.94140623333333	-96.38575188888888
78569	26.41005645882353	-97.79103233529412
75571	33.18166637777778	-94.74272907777778
75414	33.622614940625	-96.4208559796875
77456	28.96143993333333	-96.07014351111113
78008	28.74491441111111	-98.2498159777778
78543	26.29705656779661	-97.99343313898304
78226	29.39239165714286	-98.55387273877552
75479	33.60861623333333	-96.34327685333334
76635	31.75117585	-96.641210245
79364	33.45692030534591	-101.66307151666666
75555	33.0047865	-94.0745315
77422	29.025164692424244	-95.56758996666666
76653	31.297821525	-96.595233925
75638	33.03049490073529	-94.7266210485294
79013	36.047118	-102.000548
78359	27.920799059375	-97.291571771875
78607	30.83731806923077	-98.45161344615384
79603	32.46623133471698	-99.7704746191195
76380	33.59616504772728	-99.26768724829545
79088	34.52500302	-101.70521442
75846	31.346808344117647	-96.13439189705882
77864	30.94790063006536	-95.91164749150326
79255	34.36696453090379	-101.0599289553936
77364	30.75637887254902	-95.2006623137255
79370	33.47405837017544	-100.88226923859648
77437	29.19823566419753	-96.27727501697532
78372	27.957399291489363	-97.97921848085106
78549	26.443141	-98.01301
76623	32.21009535	-96.79092401
75683	32.81652633013699	-94.72808641917808
76531	31.70293961171875	-98.1188928859375
77555	29.3113283	-94.777612725
75633	32.15729992763636	-94.35585699527272
75645	32.66941840243902	-94.88400838829268
75783	32.79145640666667	-95.447129548
75473	33.77788977083333	-95.5363738875
76161	32.8269161	-97.3193564
76950	30.56512962758621	-100.64328270881228
79409	33.58389775	-101.88129503636364
77444	29.30121275	-95.80064396111112
78962	29.69675469767441	-96.77618213139536
75968	31.24875638235294	-93.97544191764706
79061	35.541113	-100.453066
76530	30.69681747536232	-97.47279653333334
76476	32.37147551153846	-97.90075684807692
78833	29.669403475	-100.0120724
75270	32.7810058	-96.8022785
77843	30.616934961904764	-96.3423457095238
77430	29.31582388888889	-95.64354340555556
75979	30.74837818975904	-94.41487503554217
75647	32.53124302193211	-94.94693416083553
79325	34.38292637619048	-103.01311043333334
75489	33.523497830434785	-96.4843028
76857	31.91148425	-99.00310985333331
77432	29.063477	-96.215947
79782	32.124690192500005	-101.7941366825
77983	28.42150193684211	-96.69194324473683
76556	30.692132	-96.857593
76639	31.897336105	-96.71675008
77485	29.63401650714286	-96.06216528035716
79057	35.233161315625	-100.600977215625
78384	27.75578807297297	-98.2691916418919
79916	31.87370188888889	-106.38646695555556
78159	29.259011393548388	-97.6258966516129
75972	31.530067015384613	-94.1155248653846
79544	33.312710814285715	-99.85630331428573
77655	29.728544909090907	-93.88885767272728
79381	33.3743196	-101.87806736
77363	30.282145287878787	-95.85194193636364
78540	26.30133155	-98.1769282
75148	32.18967955291006	-96.02201726137568
75021	33.73966355442478	-96.51467790840708
77962	29.028988982222224	-96.49561201777776
77905	28.770957603366337	-97.06633875524751
78119	28.806216469714283	-97.85993403314284
75750	32.25365598358209	-95.07258949402986
77507	29.62799673333333	-95.06056697777778
78615	30.45070523678161	-97.44676558218391
76424	32.7606796276699	-98.924458534466
75845	31.0578696	-95.13089397391305
77476	29.67833826060606	-95.99005085151516
76642	31.51837237311828	-96.52686223655914
77995	29.284571525974023	-97.14365083333334
76670	32.13195627	-96.958878025
75839	31.61636201578948	-95.59238853684212
75477	33.54705379655172	-95.72591173448276
76802	31.744890691780824	-98.93404658082191
75946	31.81602037631579	-94.52138181973685
75436	33.6599900875	-95.2618572625
77481	29.480591460000003	-95.60386946
75859	31.89856480357143	-96.21792829285717
79063	34.525085	-102.104991
79918	31.831033	-106.3932729
75046	33.817132	-96.71895
76877	31.19581385148148	-98.72467784333332
78940	29.924895955172413	-96.67184157011496
75852	31.006701188461538	-95.73702976153844
78123	29.60578131791045	-98.03755231343284
79101	35.20588158387096	-101.83739625806452
76823	31.71842498333333	-99.1348092547619
78873	29.742888586666663	-99.76019894
78117	28.94756949166667	-97.98714690833334
76671	32.01779663333333	-97.59398066666668
77331	30.62549751280488	-95.13387955426828
78947	30.415818930666667	-97.03781380266666
78019	28.624217615384616	-98.61092935384616
78069	29.20100884477612	-98.6649405925373
79604	32.198691175	-99.958936225
76264	33.74574963030303	-96.8460247121212
77251	29.823843	-94.942174
77859	30.876097239873417	-96.5901725113924
76665	31.92167772631579	-97.6621246973684
75926	31.2227923	-94.9685666
77842	30.619124	-96.361872
79027	34.542773366666665	-102.30272466666666
79756	31.579993963200003	-102.8981560388
76859	30.913737055072463	-99.78524390289854
75760	31.798061752	-94.85149085
76019	32.73436685	-97.1103671
79845	29.656966275	-104.32569265
79752	31.1296560244898	-102.21847604285716
77580	29.8377388	-94.6518743
75785	31.79999080224719	-95.14776396853932
79091	34.951314	-102.113832
79042	34.8444673	-101.7027686
78881	29.320547513636363	-99.46906753181818
79412	33.54402219274611	-101.8546409834197
76689	31.64124152272728	-97.4771900469697
79567	31.98763349326923	-99.95744575576924
79225	34.226040805000004	-99.41319889333332
79744	30.91471005	-101.90104142
78355	27.22763265566038	-98.14384903773583
76129	32.70953565	-97.35999415
76196	32.7573126	-97.33353165
79356	33.206461915238094	-101.38645451619048
79849	31.582331474626866	-106.26615615074628
78379	27.30232682	-97.7984706
77882	30.902437	-96.3953329
75435	33.52818011481481	-95.31706005185184
78341	27.593827	-98.413085
77875	30.6184959	-95.9490039
78656	29.8868366	-97.83630152121212
76388	33.32403611428571	-99.67345032857143
79379	33.6021329862069	-102.61507207068964
75450	33.409326	-95.511975
76431	33.30731176875	-97.8182774578125
76902	31.522867	-100.554935
78370	27.94200140810811	-97.58944226216217
79323	32.968107494827585	-102.83033688275862
76682	31.490040797333336	-96.934283532
76251	33.647969	-97.7237412
77482	29.027047453846155	-95.87957991153846
78050	29.08032426	-98.47835258
78059	29.18314920588235	-98.8488127
76844	31.45322386	-98.574165035
77475	29.5282454	-96.66148845
76093	32.22236343	-97.4008735475
78950	29.92976724	-96.4889285125
77387	30.3831845	-95.55690795
75975	31.900373777272726	-94.40453825
78330	27.7826659	-97.9162042
77613	30.0545246	-94.33686955925926
75954	31.94803007272728	-94.0379148909091
77834	30.223155	-96.301837
78160	29.236943929166667	-97.95593277916666
75558	33.232891	-94.861696
79766	31.75561926396396	-102.35053925315316
75562	32.4324967	-94.83361325
79022	36.05695017777778	-102.52241091111112
77664	30.59026678	-94.39790898
75141	32.64089032278481	-96.7081678892405
76486	33.009663665	-98.06116463
77954	29.089944174812032	-97.28664912819548
76664	31.54677699886364	-96.84719191477272
76627	32.0589065	-97.309294575
79092	35.24998428125	-102.42110429791666
79359	32.94269723166666	-102.56435357833332
78576	26.28191695	-98.440556275
76454	32.210469405714285	-98.67368656285714
79553	32.94168975416667	-99.79584992083332
75682	32.24129548888889	-94.94582142222222
78140	29.283884040259743	-97.76117276363637
78011	28.86106071875	-98.7068091625
78935	29.7173645	-96.48145148
77519	30.195083324	-94.624283916
75416	33.66118417307692	-95.38489784230768
77853	30.356297425	-96.82932040833332
79504	32.39234480181818	-99.40147074363637
77420	29.26516420425532	-95.93742303829788
76265	33.69747327142857	-97.51979085
78358	28.07802866333333	-97.04263199666669
79201	34.432756471428576	-100.2289405
79235	33.982006410964914	-101.33873611967418
79358	33.43554020638298	-102.1836601787234
79526	32.63310315555556	-100.7761929095238
76444	32.11964438938053	-98.571880670354
75420	33.12120376666667	-95.73495626666666
76475	32.62458743571429	-98.49230048809524
78662	29.955890946153843	-97.43851553076922
75932	31.149086	-93.61113035
76629	31.16526826296296	-96.67633753333334
75948	31.3639927775	-93.7273169575
79040	36.3914856	-100.8101039
76566	31.5051005	-97.98461683333332
78884	29.6395877	-99.52620829285716
77001	29.756601	-95.36271
75711	32.523082	-95.418133
75410	32.78498203513514	-95.63554914864864
79532	32.41231508833333	-100.71611439333331
77968	28.89052642647059	-96.83102104705884
77982	28.440939266666668	-96.42973835185184
78340	28.09795875	-97.20913043333334
78014	28.44511156268657	-99.20584763880598
75447	33.74698959512195	-96.12274534390244
75691	32.31656025	-94.52615578076924
76621	31.8864898	-97.07859764
76554	30.98575832955032	-97.35465256531047
77443	29.35625645	-96.195335975
76066	32.723442910204085	-98.00135764557822
79741	31.92659674	-102.55611353
79834	29.31389861666667	-103.22623325
76827	31.51078822857143	-99.11929032857142
76934	31.603007965384613	-100.65159971153844
76097	32.5638186	-97.3205678
78608	30.90844283333333	-97.91617640833334
76864	31.550975	-98.63125
76935	31.176638590909093	-100.49742345454546
78623	29.956832338297875	-98.22205247234042
79843	30.306438879746835	-104.03156707848102
75643	32.030858	-94.40156278
76861	31.584298248076923	-100.214256325
75651	32.67766214814815	-94.54770415185186
79252	34.299105952238804	-99.75679280298507
76061	32.508171	-97.1662375
79095	34.8485215	-100.21493176666668
78150	29.53246509230769	-98.28321985384616
76518	30.87456625714286	-97.12596735714286
78151	28.886093535714288	-97.7130489
76432	31.811477796	-98.80001612
79702	32.0650959	-101.938394
78941	29.71890617234042	-97.12454310354607
78054	29.3258828	-98.69146506666668
79086	36.01820085	-101.8220939
78953	29.875619607692308	-97.36382691538462
75639	32.29946005	-94.1439096681818
76624	31.657481628333336	-96.9715369
78879	29.847051	-99.766785
78661	29.73208088571429	-97.75552552857144
75210	32.77017278901961	-96.74756574039216
77665	29.830014333378283	-94.39032097451113
79371	34.021018	-102.575261
78671	30.22731611212121	-98.65466949090909
75439	33.5763570027027	-96.27185184864864
78044	27.600117	-99.2930839
79316	33.17699397793427	-102.28968082276997
78954	30.044476769047616	-96.70220244285714
78012	28.78875843333333	-98.49585123333334
78944	29.98650023	-96.47381482
79103	35.188264733333334	-101.80574648333334
76449	32.89821396864112	-98.4115327066202
77533	30.113304	-94.64436725238096
77434	29.581401073943663	-96.32964760633804
75929	31.29917078333333	-94.28542075
79521	33.14778794035088	-99.71939220350878
77402	29.7070187	-95.4741247
79014	36.31888952	-100.47780412
77963	28.694643881060607	-97.39387318560608
77334	30.757067	-95.37349495
76690	32.05870591428571	-97.74980378571428
78376	27.393033	-98.485185
75855	31.55327385	-95.86394690227272
78344	27.4249269	-98.8400363
75844	31.4903451	-95.48724588666668
77622	29.858864716000003	-94.297286076
78141	28.914744135483872	-97.62198457419356
76250	33.61825364	-97.202872348
75487	33.362959485000005	-95.10374651
77577	29.29690805	-95.26605327307692
75692	32.47334757847222	-94.07319392430556
75417	33.469043625	-95.214029775
79080	35.5732904375	-101.1732754
79081	36.19428695	-101.1956554
79056	36.23352865	-100.271762675
76599	31.4712708	-97.7407549
76673	31.75833847083333	-96.88505670833334
79097	35.4307093222798	-101.17190161865284
75661	32.67811638333333	-94.17246120666668
75851	31.05098606666667	-95.54517753333334
78963	29.9325352037037	-97.03768123333332
75847	31.36111203333333	-95.18127756666668
75102	32.0904607	-96.64994898888888
76357	34.06577004	-98.19413702
79529	33.388411895	-99.864769395
77975	29.5670198859375	-97.1039862140625
79508	32.28102889473684	-99.82414635789476
78027	29.9823697625	-98.52498112083332
78663	30.38577838552632	-98.22251161052633
75778	32.325146982539685	-95.7164930063492
78609	30.77031539305556	-98.45389762638888
79041	34.063380625	-101.8458046
78674	30.67522053333333	-97.58843216666666
75550	33.583453	-94.915636
78885	29.7561454	-99.5601793
78164	28.998278193283586	-97.51105757985074
78057	29.05312818	-99.01295582
75831	31.452338824786324	-96.0521397965812
78361	27.283493282758624	-98.68680496413792
78948	30.3015837	-96.96919766666666
76484	32.741234571111114	-98.29452124888888
78959	29.71240820377358	-97.29931131886792
77453	29.218099	-96.029947
78004	29.874787524390243	-98.56460450243902
78614	29.41890124	-97.59660039333332
77960	28.694742938461538	-97.23771244615384
77452	30.0481006	-96.3274332
78145	28.650199	-98.001047
78523	25.9016	-97.4975
78291	29.4239	-98.4935
78673	30.7364	-97.5801
77903	28.8051	-97.0033
75379	32.7835	-96.8001
77206	29.7632	-95.3633
78768	30.2667	-97.7428
75710	32.3511	-95.3009
78206	29.4245	-98.4942
78716	30.2669	-97.7428
76004	32.7356	-97.1075
77252	29.7632	-95.3633
78296	29.4239	-98.4935
78766	30.2667	-97.7428
75029	33.0463	-96.9939
78763	30.2667	-97.7428
78711	30.2669	-97.7428
77230	29.7632	-95.3633
78720	30.2669	-97.7428
78762	30.2667	-97.7428
75015	32.8139	-96.9488
76101	32.7254	-97.3208
78755	30.2667	-97.7428
78683	30.5102	-97.7067
76096	32.7359	-97.1076
75011	32.9538	-96.8902
75045	32.9127	-96.6389
77267	29.7632	-95.3633
78265	29.4239	-98.4935
79913	31.7589	-106.4866
76185	32.7254	-97.3208
77487	29.6197	-95.6344
77522	29.7355	-94.9773
75505	33.425	-94.0478
77270	29.7632	-95.3633
75106	32.5883	-96.9559
78466	27.8006	-97.3964
73301	30.2197	-97.74726
77253	29.7632	-95.3633
78278	29.4239	-98.4935
78403	27.8006	-97.3964
75016	32.8139	-96.9488
76503	31.0982	-97.3427
75123	32.5898	-96.8567
77052	29.7634	-95.3631
77277	29.7632	-95.3633
78667	29.8834	-97.9412
75250	32.7835	-96.8001
78627	30.6326	-97.6768
77265	29.7632	-95.3633
76547	31.1169	-97.7278
78295	29.4239	-98.4935
75085	32.9482	-96.7295
77383	30.0798	-95.4167
85141	32.64384474	-111.39689572
85204	33.40064039918206	-111.79271389736148
85532	33.4126369	-110.8357487
85038	33.920621	-112.149918
85732	32.087691	-111.306326
86304	34.596401	-112.491771
85080	33.916218	-112.126048
86340	34.887098	-111.888537
85635	31.54734904649123	-110.27350111915204
85137	33.09371285813953	-110.95011831162792
87310	35.786432	-108.634339
84338	41.917409	-111.948153
85302	33.57004147036199	-112.17347886493214
85602	31.96201487575757	-110.3154279090909
85397	34.491003	-109.971753
85347	32.758773	-113.94694
85366	32.968066	-114.462452
85283	33.37147461016819	-111.90787843451834
85311	33.764363	-111.991133
85035	33.46980468870968	-112.19275299301076
85357	33.829616	-113.535961
85637	31.668582	-110.644602
85228	33.0098936	-111.5242088
85203	33.43511453254374	-111.79722082500672
54351	45.7861446	-89.8130074
85209	33.37899697588652	-111.64130951182034
85235	32.9885931	-110.7809662
85206	33.39117095306122	-111.71291162721089
85201	33.431373279009904	-111.84592452950494
85041	33.375223710406765	-112.09841973095617
20774	38.88433464329233	-76.8002704351559
95340	37.31638469988458	-120.45520581413852
85039	33.346071	-112.17915
83553	46.376967	-115.937351
85231	32.73670829818182	-111.53899245090908
85393	33.6840337	-112.6099111
88012	32.37942852222434	-106.7547478908365
85121	33.15628222162162	-111.85135972162163
92131	32.91977728866722	-117.08287504803448
85369	33.6653203	-114.2225408
86236	34.7458659	-112.0275913
85226	33.31093249164619	-111.934160457371
85299	33.678261	-111.911571
83714	43.67836206347066	-116.27578840357884
95032	37.24284463753582	-121.94819228166187
92707	33.71551474357611	-117.8715756609002
92703	33.749393427003405	-117.90412342958226
94105	37.78855734101124	-122.39681788089888
60417	41.44140004747253	-87.60406739032967
6484	41.30601387411868	-73.13026128633753
6118	41.74682487361929	-72.6095080137931
6706	41.53349122811562	-73.02724251150805
6807	41.05182673402256	-73.59344913515038
6511	41.31920208258469	-72.92982222548582
6117	41.78989915230587	-72.74759499030351
6108	41.78115507368105	-72.61714725656772
6517	41.350394579991374	-72.91042730582147
6473	41.3815882985362	-72.85970880281499
6708	41.55210377580232	-73.06503332629651
6518	41.41187427418595	-72.91237538620395
6450	41.530799804322825	-72.78205950683561
6605	41.16568873490763	-73.21700330116765
6770	41.49208172816364	-73.04668422602019
6606	41.20890276875636	-73.20724330296628
6418	41.32362854488619	-73.07956993520486
6109	41.70096864762795	-72.67623738361371
6488	41.47488448209453	-73.21478050426003
6461	41.2319115285646	-73.07468241969093
6110	41.73402412727464	-72.73376288840092
6607	41.178107042125234	-73.16492243476281
6320	41.34598662679471	-72.10424326481423
6610	41.20155995084657	-73.16867286844126
6010	41.683118050929885	-72.93065636771591
6443	41.309411600723664	-72.61519406563923
6825	41.19175875220003	-73.23836115991891
6516	41.26821037139075	-72.96490147617057
6790	41.81508075529244	-73.11229952096896
6786	41.67588467233202	-73.00970153557313
6611	41.25605835680202	-73.21072862391372
6379	41.37247076330342	-71.84735438302206
6111	41.6863518546426	-72.7287017198195
6524	41.423449818165054	-73.0006570209313
6260	41.906512025	-71.89882592821577
6068	42.00911780863636	-73.4100999078409
6810	41.3891059477612	-73.4531199860541
6069	41.86783882554348	-73.45960966793479
6382	41.45513003687776	-72.1167652953461
6410	41.50602384725053	-72.90642233433756
6514	41.362020990532464	-72.93826559925292
6412	41.40565200759047	-72.46490142409532
6804	41.467803797803214	-73.39949162087872
6095	41.85829329284884	-72.66624164070736
6457	41.5523710984466	-72.6658546621528
6405	41.2771962783947	-72.80493647393158
6705	41.55125455193672	-72.99958306346609
6105	41.77028317798083	-72.70357082753145
6256	41.73574329687988	-72.16980635023401
6762	41.53346615427383	-73.11365336248109
6480	41.58797226301756	-72.61087096339398
6903	41.13505321197474	-73.5678003549418
6751	41.63971838821593	-73.20806063541804
6385	41.349168717217054	-72.14464790469829
6280	41.70072069361217	-72.15384070547529
6250	41.75736859865579	-72.20892253336534
6370	41.47227381945946	-72.16274433162162
6067	41.65967556825397	-72.6668325908046
6112	41.79033729341857	-72.6944990136859
6062	41.67235041707921	-72.8652712700495
6902	41.05443259636091	-73.53934271118484
6795	41.60534247540766	-73.122221586405
6053	41.68792511868557	-72.78950514477597
6416	41.61155396237276	-72.66731344290979
6468	41.33421501652746	-73.22444371908378
6384	41.58284235880829	-71.83231936917099
6331	41.662133084944536	-71.98737095372425
6359	41.467264057692304	-71.8644654948718
6460	41.21231718242667	-73.05282190663785
6042	41.79643542693913	-72.51972384598267
6478	41.42378980355642	-73.13373333027164
6512	41.27424759100224	-72.88992744985592
6082	41.98784608224956	-72.5644497928676
6905	41.08620182328687	-73.54439249939132
6615	41.17786882885918	-73.13520305033869
6850	41.12363945300926	-73.43895231058502
6424	41.57378366671185	-72.50672003108056
6614	41.21630403347018	-73.13608839907135
6330	41.622592279901966	-72.07734255588235
6357	41.324368339873416	-72.20671971202532
6333	41.36426404320987	-72.2280522617284
6355	41.3658376854656	-71.9852372794971
6470	41.39161924339623	-73.3031885735849
6084	41.87442068372382	-72.36956493794817
6351	41.594416593353984	-71.9675496796437
6374	41.69975263675545	-71.91617627452784
6066	41.84305290203105	-72.46606141097024
6423	41.47164056848301	-72.40540057842198
6417	41.37615777008547	-72.44908881538461
6498	41.28959945317484	-72.45651252847202
6451	41.535291697786185	-72.82129958555416
6093	42.00876240924631	-72.73338733177934
6704	41.57693639147377	-73.0314465784513
6018	42.02637767848485	-73.32438998151515
6604	41.18239014260983	-73.20331354096031
6114	41.73891563664164	-72.68018681307849
6415	41.55842552256768	-72.34270713870742
6238	41.78168470672514	-72.33671798976609
6401	41.34243673053809	-73.07248776853598
6612	41.25629439005128	-73.2860291883077
6801	41.3817194973422	-73.39957375509704
6074	41.83212456765771	-72.55703825948436
6851	41.13268095875785	-73.40360646583392
6001	41.79124803722168	-72.86681076475284
6812	41.47727134968418	-73.49426769483901
6098	41.95979610388457	-73.07959289922309
6235	41.78096110384616	-72.12780734822485
6106	41.748710254117874	-72.69627345171742
6088	41.91013946499261	-72.60050621159527
6002	41.83307071637684	-72.72720810293362
6716	41.59267799123288	-72.98101932712328
6096	41.926842358970696	-72.64518977564927
6824	41.16083758338692	-73.26367918212704
6479	41.57882655095986	-72.8996691925538
6013	41.75402500912698	-72.94457941031746
6513	41.311761626439306	-72.88696355588559
6477	41.2797797433467	-73.02755952624864
6776	41.579568694376846	-73.4136104765118
6413	41.289903467706864	-72.52561060525468
6107	41.75514824163066	-72.75386002139153
6016	41.906747381058494	-72.54387552
6277	41.98160079186992	-71.83537165934959
6482	41.39994448048781	-73.2634377097561
6026	41.93455355373291	-72.74325974500526
6515	41.32650633994002	-72.96934700384904
6791	41.76793620740741	-73.06952512751323
6264	41.69823814583333	-72.0826188125
6278	41.8874045958153	-72.17126372056276
6437	41.31416778286489	-72.69496528219922
6037	41.61910475488462	-72.7689915705541
6040	41.76824278797999	-72.52683728384262
6519	41.29560445750593	-72.9371887807523
6447	41.64012263095844	-72.45984856433418
6340	41.34576629803457	-72.04883262541121
6798	41.55716281587112	-73.2070673826074
6371	41.3278730704304	-72.30447605962543
6378	41.35911522050663	-71.92263552016486
6754	41.77327607174639	-73.36428890133482
6119	41.763432504814624	-72.7279347569516
6281	41.95549278711111	-71.98881028755555
6756	41.82023199009901	-73.24636394950495
6051	41.66645148245438	-72.77037010168128
6029	41.90665326360947	-72.45392796139053
6420	41.487831510840536	-72.25991730989787
6475	41.288524175725215	-72.38564513288841
6226	41.71378838192819	-72.21241594741123
6787	41.67402974154412	-73.08551727893382
6231	41.62896683226902	-72.3604885622962
6483	41.384845248234	-73.0845819134474
6778	41.70647909411765	-73.10472936176471
6710	41.56899850674373	-73.04533521791907
6753	41.832682	-73.33375900833333
6811	41.42542356401869	-73.47216093182911
6241	41.85223599768543	-71.88883454713309
6085	41.747137285491526	-72.88810507471186
6058	41.984194803135495	-73.1944662950728
6403	41.43829494491479	-73.05575821748214
6422	41.463189396875	-72.6870715796875
6254	41.59987070681818	-72.13736957954545
6880	41.14360014254583	-73.34919125091663
6752	41.52963549123174	-73.36261608663884
6897	41.194663576	-73.422622325
6255	41.98396318615384	-71.89483029230769
6019	41.83618876627907	-72.89438308372094
6469	41.5065542173494	-72.44209673124499
6854	41.094723442401765	-73.42996471206897
6057	41.850864756746624	-73.013633219003
6070	41.87535317663044	-72.81779737717392
6907	41.09629695433708	-73.52072842642697
6783	41.55138471522096	-73.29929228420622
6076	41.97502730075772	-72.31047598422732
6239	41.80063002575807	-71.88314002794262
6032	41.72679136881383	-72.83103090542026
6339	41.43679890567421	-72.028832842902
6078	41.99059565082836	-72.64030083472498
6035	41.96226234636463	-72.79904444585313
6052	41.65864796395392	-72.80127402883686
6234	41.788353059312975	-71.93467150473282
6120	41.7871499491018	-72.67431950386727
6712	41.502664840625	-72.97902177806712
6414	41.56028665	-72.5551232
6441	41.46582883769269	-72.57603511009448
6608	41.18947359877026	-73.18097662903857
6489	41.60465522643602	-72.87301731179844
6763	41.69134780957895	-73.20990323789474
6354	41.71652394581281	-71.87618199614121
6249	41.63066699494949	-72.2392998181818
6782	41.65957028918919	-73.0440831918919
6813	41.3797933	-73.471257
6365	41.49454725073892	-72.02959082807882
6419	41.36796400467197	-72.5726861913022
6831	41.05977252985301	-73.65932452645914
6906	41.07045802507614	-73.5234957332995
6242	41.88776993650794	-72.09443716190476
6853	41.06869285489914	-73.43944364682997
6335	41.42563604280303	-72.07926880113637
6071	41.99350264271187	-72.44212827118643
6471	41.32967548102017	-72.77725385721628
6840	41.15114007136327	-73.49452627763266
6757	41.72957975671642	-73.45717695083955
6263	41.84157724375	-71.9090602125
6279	41.86940377297297	-72.26434552756757
6073	41.66150995523156	-72.57818504159519
6375	41.40678708883764	-72.1175673347786
6896	41.29136878426966	-73.41202872921349
6525	41.35208884665992	-73.01208026452429
6232	41.732954535660845	-72.37581154738155
6759	41.76530109263566	-73.22380185852714
6796	41.8691965637594	-73.3366665249624
6332	41.7221915627907	-71.9056087116279
6268	41.80213106586484	-72.25426171380298
6877	41.29968463868549	-73.49954080572286
6830	41.03272329138319	-73.62966692172657
6820	41.07659420473488	-73.48521627156087
6043	41.76965853357065	-72.44037298953998
6777	41.70329821609195	-73.3441500637931
6033	41.70724389902656	-72.56823425080019
6248	41.68254660212982	-72.40023006059837
6779	41.59167966334437	-73.08664702569536
6060	42.00962465995672	-72.84149223398268
6237	41.70167530265487	-72.30024772654868
6259	41.86757853474577	-71.95149850564972
6883	41.21940277032499	-73.3693955836974
6409	41.348784678917376	-72.41836074729345
6258	41.8908744	-71.96038151428571
6247	41.78635076868885	-72.0552655998043
6063	41.92229486984128	-72.9661265936508
6870	41.03529846968017	-73.56754511078891
6023	41.61436280574713	-72.71883840643677
6426	41.35239497446068	-72.39820646826723
6377	41.70302718416912	-71.81812170983285
6353	41.47349997851501	-72.17500799755135
6456	41.54688688333333	-72.52929631666666
6890	41.14306612406948	-73.28826002295285
6878	41.03758109111023	-73.58149790806004
6092	41.86441106635514	-72.85833857383177
6758	41.675611071527776	-73.24116315069445
6750	41.71445660869565	-73.2501988826087
6784	41.5713911053648	-73.49117094479614
6024	42.01311531762115	-73.2736775030837
6901	41.05509727471591	-73.53884680255682
6794	41.6498716292683	-73.32982365243902
6793	41.62947294179104	-73.29125794626866
6438	41.46491341472275	-72.50478442265774
6785	41.69841870248307	-73.45221278374719
6031	41.954738256989245	-73.34101692387097
6455	41.51482564537037	-72.71508407222223
6360	41.53697149020712	-72.08330852340333
6039	41.955186275476834	-73.43960301180745
6442	41.34346446296296	-72.44439272690059
6090	41.948077578937	-72.85315310334646
6472	41.39410862357143	-72.78279371302521
75275	32.843445235714285	-96.78398108571427
76252	33.659869610169494	-97.37780671525424
76570	31.079023178571425	-96.97816185
78449	32.939659	-98.426742
76351	33.59394787058824	-98.63159912058823
75101	32.26651090625	-96.6957073625
76890	31.69990878888889	-98.80039395555556
79831	30.373717	-103.77225
75563	33.00771610555556	-94.36539647592592
76936	30.862997365454543	-100.60488325272728
76471	32.10356688181818	-98.97062820454543
77993	28.847487	-97.452617
79842	30.20669062	-103.24546454
76878	31.747476996153843	-99.32100842692309
76469	32.3726906	-99.22140625
78017	28.69489170808081	-99.22172883030302
79780	31.02303564	-103.64511624
79021	33.972785	-101.989284
79718	30.98539305	-103.73377885
78943	29.6996645	-96.589744075
76538	31.56450029285714	-97.89088515
76436	31.916214	-98.168205
77457	28.67766188333333	-95.96675094166666
79501	32.7240436047619	-99.87717005119048
76939	31.25838375	-100.59418075
76464	32.55850835	-99.1659263125
79743	31.2737168875	-102.6980870125
76849	30.488254437267084	-99.77522705548655
79563	32.4530989125	-99.8646982875
79832	30.362309	-103.645824
85040	33.39789945526316	-112.0399370694737
85119	33.38624675393378	-111.52107171897474
85323	33.42604956547231	-112.32136991734528
85143	33.14012434578754	-111.53562236855922
85213	33.44072408086721	-111.77337239199692
85120	33.424545869369894	-111.56264051645276
85043	33.443497116149565	-112.2018561779634
85021	33.56469248253607	-112.09481895362566
85048	33.29918935611111	-111.9987811538889
85132	33.085089296190475	-111.47716409333334
85042	33.3754436439413	-112.02955763027254
85297	33.27234761977258	-111.7125758243525
85296	33.33521120824053	-111.76134315634744
85045	33.300774071779145	-112.11663923312884
85282	33.39635540193133	-111.93056647560802
85234	33.36844691822299	-111.7313921885366
85212	33.319158381268885	-111.64922033343404
85037	33.50074913292868	-112.28150018588772
85208	33.4070864319149	-111.63977942411348
85202	33.370989709013095	-111.8769156922793
85033	33.493652033974364	-112.21592857820514
85295	33.302598810211265	-111.7375930725352
85215	33.46795242366071	-111.693466759375
85044	33.32861939897436	-111.98252767179488
85140	33.23895481560356	-111.57179674684498
85248	33.22782696331152	-111.87308845913437
85118	33.32761509565218	-111.36927279565218
85051	33.55924620155331	-112.13683380868568
85142	33.24702524732136	-111.61421095982416
85220	33.414059928571426	-111.5655390142857
85284	33.3405981566787	-111.94062612057762
85207	33.42607685148699	-111.64987722583642
85298	33.258079338314175	-111.72898291609194
85281	33.44382792610939	-111.92852831635706
85205	33.42896348383961	-111.72761570558932
85233	33.36075305908422	-111.81251010812754
85304	33.59813041777719	-112.16388008193312
85249	33.23102441843004	-111.81844679112628
85257	33.4683665912	-111.91734672180922
85225	33.329333636902284	-111.8425331898129
85303	33.53777125662188	-112.2193171537428
85019	33.51708577199922	-112.14332042484412
85251	33.492635527654166	-111.90984729177792
85262	33.80843832161961	-111.8649333141159
85305	33.52832347767442	-112.25535988899225
85392	33.48352973098291	-112.31412406324787
85224	33.34485741633466	-111.87712839136786
85013	33.4905599646281	-112.08327838132232
85286	33.276817364976594	-111.83262326638064
85017	33.52052099901091	-112.1257508404161
85031	33.491311187845305	-112.1630784922652
85210	33.375384391945474	-111.847782015316
85018	33.50038462452326	-111.98706921222092
85250	33.524022392123506	-111.89942490885318
85353	33.48339617044025	-112.26078770754717
85008	33.46517612241029	-111.99424646939742
85339	33.37239997990948	-112.18246766967656
85381	33.605047364961635	-112.22578678618927
85016	33.49293949602987	-112.03407983828616
85345	33.57148412372188	-112.24699887668712
85268	33.583603414222935	-111.73245809564524
85301	33.53304706214653	-112.17226813496144
85382	33.64816083505535	-112.2383296199262
85307	33.5148159125	-112.28512465876864
85009	33.469990289431365	-112.12552496346926
85244	33.3074933	-111.8728374
85242	33.12560129861111	-111.52799355694444
85263	33.727276315384614	-111.67753379230768
85015	33.501292434670624	-112.10223303204558
85243	33.165272	-111.562011
85240	33.25525075	-111.5914227
85219	33.38984065	-111.5404091
85306	33.62219434179936	-112.16952353324044
85259	33.586543544061165	-111.81929224003082
85004	33.46418038593974	-112.0699966362984
85253	33.556839729845656	-111.96141307445978
85264	33.582789325	-111.67999005
85020	33.57933010741072	-112.05620001464284
85218	33.377322	-111.450244
85255	33.66769004313297	-111.88491307597413
85236	33.30177075	-112.069430675
85269	33.336592	-111.7927285
85258	33.56545105107759	-111.88350395100576
95305	37.82430428378378	-120.25623526126128
85256	33.48952418589744	-111.87044391923077
85029	33.59773357613914	-112.12229955417332
85245	32.56771	-111.357857
85383	33.729233258921305	-112.23666830156036
85254	33.618286068212186	-111.95469208180806
85545	33.67148135	-111.1355415
85343	33.341674	-112.693177
85352	32.6934262	-113.95454055
85006	33.47129305210232	-112.05238022340488
85308	33.659908981015235	-112.18106037244596
85553	33.844223	-111.293049
85193	32.846345	-111.797771
85936	34.50535755	-109.38171375
85925	34.1095143625	-109.29438085
85034	33.48806012006079	-112.03738453981762
85280	33.401261	-111.931622
85135	33.005449	-110.787051
85232	32.98971274803922	-111.34815700784314
85123	32.75550146666667	-111.6703373
85007	33.46733970864608	-112.08997527277911
98012	47.84964079760303	-122.19924572653493
98382	48.057279131366464	-122.95925648602486
98110	47.63789275973451	-122.52475482345132
98631	46.35324342222222	-124.05339649444444
98144	47.58529008669961	-122.30221849560428
98201	47.98972066707317	-122.20215220426827
98282	48.20782126666667	-122.48134628333332
98168	47.4889591346775	-122.30554232203508
98108	47.54746930339388	-122.31060299871302
98528	47.42499936666667	-122.86810633333332
98105	47.664617191562776	-122.29917453097636
99208	47.74569739071976	-117.48875468545856
98040	47.57472584054054	-122.22846823513513
98199	47.64835414539923	-122.39779493701724
99205	47.69159846551724	-117.42907430804598
98225	48.74871285553097	-122.4807521294248
98122	47.61081804367617	-122.3036395011488
99016	47.66140019142857	-117.19610863428572
98271	48.118448159290566	-122.17061635560756
99201	47.66125370190476	-117.42897147142855
98203	47.94264290238095	-122.22604170952384
98290	47.92973146774194	-122.0423791483871
98133	47.71814195613708	-122.34488203158875
98119	47.63936222011485	-122.36678957163822
98115	47.68493695289615	-122.29912453756744
98273	48.42730779505922	-122.32911789939088
98022	47.21399603831453	-121.99497709732904
99301	46.248148491866026	-119.13035542392343
98118	47.541583397616925	-122.27608028008628
98226	48.79132006993671	-122.47197207784812
98102	47.633855025996986	-122.32208622541496
98028	47.755311721428576	-122.24532970834932
98125	47.716103798549184	-122.30213405875408
98532	46.65084829432624	-122.89383887659574
98391	47.145242030810806	-122.17936132486489
98146	47.50208861950432	-122.35766836639768
98404	47.05637685396826	-122.41053604603174
98579	46.81050390421246	-123.05690031813188
98026	47.81006361826394	-122.34235542373332
98585	46.54733541428571	-122.5320516142857
98422	47.27538695121951	-122.37214300243902
98346	47.80314406176471	-122.51245566661764
99362	46.06472389935911	-118.31767679007648
99320	46.276202508	-119.45253048
98409	47.21076234621849	-122.474986402521
98445	47.13004727446808	-122.40870895531914
99207	47.69260781395349	-117.39623358372091
98366	47.52428378809524	-122.6128238
98106	47.53575480303909	-122.35602200994084
98367	47.49328623157895	-122.63394153947368
99022	47.57416414705882	-117.67627918823528
98368	48.10005691879845	-122.80154800704132
98020	47.803116273760864	-122.36989297574348
99021	47.76398132580645	-117.37228156129032
98632	46.17435826153847	-122.943551093007
99004	47.50117693833333	-117.59525831055556
98351	47.1846795	-122.7690909
98407	47.27851579166667	-122.506123125
98166	47.45640104477671	-122.349803001178
98065	47.53065074818182	-121.85578092454546
98103	47.67368145749622	-122.34398167484034
98107	47.66925657393266	-122.37652864792037
98408	47.206362677777776	-122.44629900170942
98236	47.976352425	-122.38396656875
99350	46.21377455	-119.76076686428571
98223	48.1807460225	-122.1325197875
99338	46.19000284390244	-119.21623762926828
98177	47.71398432728804	-122.36669873747894
99003	47.919996	-117.321519
98112	47.6294120754722	-122.29853567507314
98930	46.2531971	-119.88818078333333
98312	47.55711981679749	-122.67096695729984
98117	47.6869150658106	-122.37836493471748
98116	47.5739275866764	-122.39420588708047
98682	45.666771672500346	-122.52393196549434
98335	47.31892935384616	-122.58335984423076
98362	48.10918993759398	-123.40275912406015
98270	48.05993909227162	-122.14621285477595
99203	47.62524864210526	-117.41176572631578
98607	45.59504622613272	-122.43244415731358
98926	46.99250533640553	-120.53366757004608
98239	48.11022187252748	-122.57789821648352
98506	47.06429675	-122.86365975
99217	47.70450575384616	-117.3669851871795
99109	48.28989176666667	-117.66448713333332
98338	47.002309318181815	-122.3534373
98292	48.23239271428572	-122.32529117589286
98569	47.00342072962963	-124.15993251851852
98027	47.473491332513326	-122.02269147847478
98221	48.49302658503447	-122.63073674794856
98660	45.63775078456987	-122.68142166558944
98612	46.191195974358976	-123.37345585897437
98155	47.74472194415584	-122.30394241428571
98258	48.00069808617022	-122.1027144
98248	48.840699646428575	-122.58637111428573
98661	45.65878652439902	-122.61744349151998
98252	48.080145825	-121.94684585
99328	46.31914744130435	-117.98114223804347
98953	46.397227575	-120.256885075
99354	46.30093411172414	-119.29119376413792
98377	46.47806481111111	-121.83931187222224
98629	45.87524405	-122.58644345
98208	47.88096612215569	-122.17977728862276
98188	47.44921273476346	-122.27671804314532
98503	47.03688654716981	-122.80610948396227
98502	47.11231023769471	-122.9322812475078
98642	45.75384963802506	-122.65717579941048
98052	47.68655994478955	-122.11462229317851
98418	47.26916074545454	-122.41457631818184
98577	46.6755564	-123.7132509
98272	47.8578554671875	-121.9821465046875
98275	47.90797148602151	-122.30279158387096
98564	46.5183578	-122.45952048695652
98855	48.70423425245902	-119.44067515245902
99163	46.74221457910448	-117.16853164149254
98405	47.24573049907407	-122.45882282685184
98136	47.53920511473633	-122.3887412728692
99224	47.618580747482014	-117.491573852518
98178	47.498638485870224	-122.24766066268042
98466	47.22690867105263	-122.53264406403508
99353	46.30880489803921	-119.35992654705882
98531	46.76985671067616	-122.98961623096083
99323	46.20561633636364	-118.97903094545455
98021	47.790341083327725	-122.21606065747726
98332	47.35665201769231	-122.58642037892308
98109	47.63312999317685	-122.3486690844838
98952	47.6972704	-122.1300499
98250	48.53300461388889	-123.02336798472224
98228	48.71401	-122.319865
98902	46.61858627551021	-120.56914056530611
98229	48.655067175	-122.38417637598684
98059	47.49009805882202	-122.1377657426526
98296	47.81966696229508	-122.09389103114756
98373	47.148948659740256	-122.30956063896105
98033	47.67784006419554	-122.19236623855784
98388	47.172806804	-122.590040644
98311	47.6257087745098	-122.634841972549
98403	47.26412948275863	-122.45492456206895
98664	45.63441379928058	-122.57724401880782
98662	45.67516081063191	-122.57650159229937
98374	47.09971514782609	-122.2664897857143
98328	46.87097485706806	-122.2884561157068
98640	46.472807573913045	-124.05368386086955
98006	47.56300306740741	-122.15731447037037
98387	47.06211537215909	-122.34223060795456
98029	47.5416587896	-122.0194419488
98075	47.58264910434782	-122.04059248695653
98356	46.57935052580645	-122.45474892903223
98261	48.48113100192308	-122.92480591923078
98126	47.545464584605625	-122.37513236985798
98665	45.68456240465207	-122.65680538590696
98030	47.36955161972558	-122.19077237868832
98942	46.65631144705882	-120.52926249117648
98424	47.24092531142857	-122.36174770857144
98501	47.019683216255146	-122.8841960419753
98053	47.68513193454546	-122.03559347121212
98626	46.15432644640523	-122.90500194771242
98584	47.13381441232877	-123.100950330137
98663	45.64855650024717	-122.66000095211864
98570	46.58363445	-122.6539219
99336	46.21019614054054	-119.17276103135136
99202	47.656816375	-117.39208102361113
98444	47.14558220555556	-122.43962644444444
98645	46.3071623	-122.768469
98932	46.3363594	-120.1936582
98333	47.25923445	-122.64383865
98611	46.27977722	-122.90709684
99037	47.65837738333333	-117.2045086719697
98922	47.19548988611111	-120.94445090555556
98685	45.71087356820848	-122.6838204232228
90804	33.78188388945869	-118.15598551054131
98056	47.50899528549626	-122.18371173442692
98007	47.61032678890785	-122.14658425972696
98541	47.011204821739135	-123.40214117391304
98604	45.78260387062159	-122.54508670743066
99148	48.09272865	-117.61384865
98284	48.52317277738599	-122.2167119705673
98101	47.610781227200974	-122.33618105834852
98686	45.709816887373975	-122.63320062558807
98446	47.1166089	-122.3621913
98683	45.61581061538462	-122.50103207692308
98908	46.602142288	-120.603816468
99337	46.180882097777776	-119.13539198444444
98597	46.84894952347418	-122.50152921502348
98329	47.09232944	-122.5083469
98671	45.58529393766915	-122.33976987224524
99216	47.66657701125	-117.21332374541666
98589	46.87085678181818	-122.83088185454544
99341	46.938561	-118.630844
98320	47.67152007702947	-122.92851704834636
98370	47.74944311162791	-122.63818570523254
98674	45.91107446888889	-122.74529797333334
98230	48.95886570864197	-122.7330748345679
98856	48.36533321	-120.11676228
98601	45.91293206896552	-122.44358516896553
99322	45.9792599	-120.23885
98274	48.39027092815826	-122.26817190478278
98034	47.71797855142981	-122.20028472504
98360	47.10641493214286	-122.21452656785716
99212	47.6740112125	-117.30269579107144
98625	46.01035227142857	-122.8499054
98087	47.85775453796296	-122.27304221388889
98043	47.79344673729904	-122.30568148553054
98055	47.44760652259682	-122.20036512124828
99223	47.614885168	-117.358273336
98406	47.25156009777778	-122.52962197555556
98363	48.11103645466667	-123.57658948933334
98499	47.161462785714285	-122.50638157922076
98901	46.62171542222222	-120.47821112777775
99361	46.223191125	-118.180267625
98516	47.133017675384615	-122.73560120923078
98277	48.29138847894737	-122.65711343859648
99025	47.7115843	-117.0538835
98520	46.97033205082568	-123.75985053467888
98072	47.74894776162247	-122.14097432386896
99019	47.67311807536232	-117.09347839275362
99326	46.6542912	-118.8597871
98232	48.55931956671208	-122.42835908528608
98606	45.73897431720117	-122.5044965457726
98672	45.73825668275863	-121.48528027586208
99206	47.661344888172046	-117.25942976989248
98365	47.90985150877724	-122.68598761098669
98580	46.97726564296296	-122.49202344444444
98837	47.13301165333333	-119.276444764
98684	45.635697854636064	-122.51187385865298
98092	47.29346958337399	-122.17050910085388
99117	47.773569	-118.476665
98591	46.4375778875	-122.839188825
99161	46.91027784	-117.07600854
99218	47.743269111764704	-117.40811304509803
99006	47.95351568333333	-117.46333503333332
98038	47.37758952124384	-122.0324403578048
98903	46.56519775714286	-120.53779319047618
98512	47.01123243960396	-122.92583096072607
98848	47.16673469534884	-119.8091251488372
98936	46.58059730217391	-120.41139734782608
98465	47.2475947	-122.531323425
98008	47.60542387857143	-122.1235570047619
98070	47.43279862876712	-122.45904115205478
98576	46.88831366515152	-122.6898962469697
99204	47.595682948275865	-117.47499420689654
98051	47.35110030054907	-121.92898278208646
98036	47.80542692112069	-122.2853349939655
98004	47.62570301102088	-122.20307285533644
98001	47.312777042907626	-122.2720324952745
98650	45.91734887142857	-121.51892337857144
98372	47.19997251369863	-122.2820555739726
98383	47.65670205344828	-122.69474261551724
99119	48.53797468571429	-117.34099584285714
99005	47.84639283333333	-117.38082081666668
99343	46.591441	-119.1451252
98321	47.164129778048775	-122.12247213658536
98050	47.52592706666667	-121.93686706666668
98011	47.757410086146166	-122.19824838769934
98947	46.70459305	-120.755394125
99360	46.037407	-118.662032
98673	45.6569495	-120.9698516
98244	48.862051125	-122.10365390625
98801	47.43391335708227	-120.34107414028836
99123	47.9323434	-119.0388855
98019	47.73736201428572	-121.97833052142856
98240	48.933809725	-122.60504809166667
98844	48.93391191052632	-119.43216037894736
98003	47.31510402038429	-122.31224411148592
98198	47.39266833393752	-122.31341154518326
98002	47.305255145417206	-122.21563052089552
98944	46.32121164	-120.004246495
98247	48.89781925416667	-122.32286920833332
98620	45.787302483333335	-120.80038126666668
99166	48.73006145888325	-118.67647649086294
98220	48.7157781	-122.2037452
98074	47.61522004	-122.03614347407408
98037	47.84096043423913	-122.2803889
99324	46.04083923618764	-118.37911194973938
99344	46.81281577631579	-119.04963863421052
98310	47.58918811355933	-122.62657339491524
98851	47.3881463	-119.4895832
98550	46.99058206875	-123.93121697291669
98670	45.8569516	-121.1198705
98058	47.446754491151246	-122.14578475436744
98233	48.48149006797018	-122.3384023023198
98390	47.26255676226415	-122.24427338113207
98327	47.10469898108108	-122.63609802972972
98371	47.19499928134058	-122.3123382057971
98014	47.65303571538461	-121.92874236538462
98023	47.30816537288543	-122.36152069602548
98498	47.17047466363636	-122.54672686818182
98443	47.1997993	-122.390411
98005	47.60878209533169	-122.1665878970516
98571	47.19516313636364	-124.1983333909091
98042	47.36402464422319	-122.11611974407288
98943	47.18427793333333	-120.95445173333331
98843	43.06415473333333	-119.38341316666668
98596	46.49898860967742	-122.9213511516129
98648	45.689051758333335	-121.89618435833331
98624	46.30676534166667	-124.04027587916669
98582	46.521904	-122.634274
98546	47.313702	-122.913131
99121	48.9964918	-118.5056679
98537	46.95457392307692	-123.77203177692309
99335	46.6423312	-118.5548624
99029	47.6676777375	-117.900369275
99031	47.4144765	-117.3666544
99347	46.4734375	-117.57699755
98524	47.38416723333333	-122.83353456666669
98376	47.80793303570646	-122.84463976500548
99027	47.70343035833333	-117.11720470833332
99111	46.9008503	-117.3674825
99185	47.8229633	-118.70081135
99348	46.33447	-118.386342
98635	45.734758408333335	-121.28137590833332
98264	48.8910658744	-122.43518139
99009	47.9643631	-117.2539682
98675	45.88865587	-122.46399711
99036	47.528722	-117.266022
99156	48.17751035333334	-117.04326344666669
98563	47.196430180625	-123.7330183325
98535	47.11698813333333	-124.17369873333332
99126	48.726522	-117.982805
98467	47.20240187935222	-122.53442076012146
99352	46.2590756285	-119.2849484195
98323	47.07871096027397	-122.05227138493152
98841	48.409577	-119.5243944857143
99026	47.7803791	-117.552905
98823	47.28235766818182	-119.5548642590909
98862	48.47730169495799	-120.17824188739496
98513	47.00618987317073	-122.77120694390244
98031	47.40528170645649	-122.19249587725533
98375	47.0988552425	-122.315981075
98940	47.253443	-121.051613
99181	48.1520719	-117.734579
99125	46.930919	-117.712237
98603	45.99079593333333	-122.36102376666668
98812	48.097278575	-119.77167451666668
98344	46.986535	-122.22873
98337	47.56823701666667	-122.63252363472223
98349	47.2266692	-122.8088907
99114	48.61189097241379	-117.86360153793105
98340	47.923991660000006	-122.58411946
98638	46.37415546190476	-123.80311562857143
98260	48.03806089253732	-122.4305581835821
99141	48.60648905	-118.05289525
98840	48.35876345	-119.5850892
98923	46.665447	-120.714286
99040	47.8866636	-117.9900604
99103	47.744494	-118.954551
98937	46.76972872077922	-120.94699152597404
99034	47.872247	-117.746826
99122	47.71280922	-118.18060135
98644	46.333112885714286	-124.05541337142856
98057	47.47920633456099	-122.21248913588686
98833	48.59035962	-120.40148112
98303	47.16112548571429	-122.69567004285716
98951	46.40386095263158	-120.37493405789472
99403	46.40882487826087	-117.08631914347824
98857	46.978848	-119.052758
98045	47.48531326554308	-121.7243108483146
99030	47.47534683	-117.12924076
98586	46.66260535	-123.81140125
98231	49.000872	-122.683424
98325	47.98571227431953	-122.77996102840238
98237	48.53553103745174	-121.77832089440156
98950	43.41779884444444	-90.46513566666668
98802	47.41669794782609	-120.27050162391303
98826	47.6146117901897	-120.65289760390245
98938	46.364404	-120.100641
98266	48.9245567375	-122.1228459375
98948	46.360661421428574	-120.29792799285714
98939	46.5099342	-120.459029
98821	47.54105859907407	-120.56077726944444
98245	48.678048315384615	-122.91326496153846
99169	47.12137065909091	-118.38903623181818
99023	47.557831	-117.192842
99171	47.084155	-117.584026
99008	47.44911005	-118.00320275
98262	48.846234566666666	-122.5841897
98557	47.05673313333333	-123.27116966666668
98204	47.895241724444446	-122.2529432711111
99131	48.284773	-118.126772
99012	47.44719015	-117.2030473
99170	47.230111	-117.3661391
98339	48.0324539410432	-122.7629789426238
98134	47.57883444878641	-122.3329698166869
98933	46.404459	-120.599182
99032	47.309209025	-117.951868425
99158	47.130184	-117.242403
98241	48.30981678888889	-121.54748177777776
98588	47.37250185	-123.05474925
98394	47.3260239	-122.776489
99159	47.3328055	-118.68750612
98359	47.434311475	-122.583757375
99349	46.72114009230769	-119.89503245384614
99033	47.228715	-117.07851
99118	48.89314971403509	-118.66127678421051
98279	48.59677845	-122.8152973875
99101	48.354379	-117.897303
99147	47.83357	-118.433686
98358	48.05007949369697	-122.69506331745455
98280	48.5983502	-122.9422573
98238	48.34050942	-122.34326896
98568	46.82003866428571	-123.1871701857143
98828	47.35880367910864	-120.21053721847724
98243	48.626380575	-123.00245135
98077	47.76164810555556	-122.07216068333332
99110	48.002849	-117.56419
98342	47.74771723333333	-122.52563003333331
98249	48.03907810363636	-122.50549208
98649	46.318216525	-122.597791775
98647	46.28205445	-123.4402903
99018	47.2794446	-117.1566112
98206	48.014471	-122.322007
98402	47.2517344736	-122.4427765248
98643	46.3280379	-123.6710194
98294	47.87065337	-121.80546575
98651	45.7415112	-121.5554268
98304	46.76355136666667	-121.94342508888889
98941	47.22285553333333	-120.9945725
98257	48.39612943288044	-122.4937714285326
99402	46.3403693	-117.0536624
98380	47.61935548333333	-122.84365800333332
98619	46.006742	-121.288726
98355	46.71568663333333	-122.1796174
98617	45.6190202	-121.15232375
99013	47.860205	-117.820223
43701	39.951366847972665	-82.00992812523918
45710	39.20658458908046	-82.20668857011495
44074	41.29332438598922	-82.2139167730562
45701	39.316255907906296	-82.10105352562226
45732	39.50812736988636	-82.07087639431819
45660	38.97557122134832	-83.39517728389514
45693	38.79697237757353	-83.54338531176471
44622	40.53548605602837	-81.48430028794327
44654	40.53765989533333	-81.864030201
44883	41.11511395232775	-83.17969299702048
45833	40.840454611374405	-84.32981644123223
44721	40.8784139515625	-81.33678139609376
45881	40.95250964	-83.78215758181818
44890	41.07238779466667	-82.71944872888889
43074	40.26404820707547	-82.85730721273585
43944	40.431933240909096	-80.77277850909091
43017	40.1044781331575	-83.12097181582516
43204	39.95743219305556	-83.08157330714285
43725	40.02534824736842	-81.58771173971292
43209	39.9563350872973	-82.9294639327027
44820	40.80679312636103	-82.96399673753582
43081	40.11119038691983	-82.91596219929676
43224	40.04343978807236	-82.97605436743152
45761	39.42798824313725	-82.09268665882352
43119	39.93991547078189	-83.17579466399177
43026	40.01994439703154	-83.15364546159554
43138	39.536386218227214	-82.41766056953809
43080	40.23830763384616	-82.43035605846154
43130	39.71891724846312	-82.60422888186476
45750	39.42331469291444	-81.45336093983958
45679	38.95930998608696	-83.56696778608695
43755	40.04335478	-81.44076357
43046	39.894114124137936	-82.53434022931035
45840	41.04633558377057	-83.64333835188972
45662	38.7610516689781	-82.94919729963505
43055	40.07113088157895	-82.41051544620743
43054	40.07754176651885	-82.81998180487804
43228	39.95372462288862	-83.12265889277846
45697	38.92835982827226	-83.67538919790576
43812	40.27035313904282	-81.86511151335013
43035	40.17599763707865	-82.99523221325842
44662	40.72010241018519	-81.53413126666666
43214	40.05147048135593	-83.0194845031477
43235	40.09928296809524	-83.04909511980952
43732	39.866566956565656	-81.6430825010101
43920	40.65723364002525	-80.58261064583334
45684	38.68503271568628	-83.23584581372549
44627	40.66699393493976	-81.82829526506025
45804	40.727248309392266	-84.08185300552486
44610	40.56059144444444	-81.79774791666667
43015	40.281654527086005	-83.07434377856227
43023	40.06535495075075	-82.52121338948949
43031	40.144323673869344	-82.68633706934673
45711	39.4120007122449	-81.93429754285715
43011	40.30903110877193	-82.6934932380117
43064	40.10539618006873	-83.25981595704468
43230	40.04880204605138	-82.89283718035205
43201	39.98585914395324	-83.00835988342189
43004	40.00318720945626	-82.81465582198582
45899	40.801452875	-84.778170225
43822	40.15963043192771	-82.15901376204819
45680	38.43210478643411	-82.55901500658915
44663	40.47408689355878	-81.4395940805153
43065	40.15754680806258	-83.08819855511432
43162	39.94110160647059	-83.2926667617647
45801	40.76234419416499	-84.08118652434608
43804	40.440653405405406	-81.72002455945946
43356	40.45475912857143	-83.03225283571427
45807	40.79012802275862	-84.15284601758621
43220	40.04933980628743	-83.06612922185629
43085	40.099448666	-83.01525609981819
44827	40.78890782040816	-82.74602583945578
43105	39.85429706023392	-82.61758064561404
45813	41.17765505476191	-84.74174669603175
43221	40.018027637325496	-83.06335581858927
45735	39.24280057012987	-81.93534095714286
44691	40.80702488196916	-81.94751321696323
44626	40.69299679759036	-81.36524415180722
44629	40.35948529545455	-81.43391371590909
43731	39.73459585988372	-82.07577906569767
43212	39.98522811287357	-83.03863304712644
45778	39.33853299761905	-81.8982022952381
43019	40.49451210504587	-82.57822037568808
44612	40.63986920729927	-81.44937266934306
44681	40.50530364352332	-81.6539519253886
43025	39.952785260130725	-82.48444781111111
45810	40.772112349726775	-83.81944825136611
43146	39.79667240466321	-83.14062018756476
45877	40.94794985	-83.95589962638888
43022	40.3671850090909	-82.37545702337663
43907	40.26414534293785	-81.01612043389831
45653	38.87561891477272	-82.8473072625
45891	40.87239492961538	-84.57776716615385
43240	40.14556737358491	-82.98093556509434
45875	41.0216066756487	-84.04972845169661
44907	40.73429511282799	-82.52404777492711
43016	40.10101546519174	-83.134173920059
43123	39.88210182647585	-83.08709597915922
43821	40.12531413892216	-82.01565314191616
45601	39.33231491498371	-82.9800903795874
43718	40.028366113934425	-81.02534642213115
43018	39.95586638	-82.6859922
45692	39.11762150854701	-82.54243449871795
45613	39.02008645625	-82.83560689625
43302	40.58197863880884	-83.11716621316042
43935	40.105081600826445	-80.7390185677686
43845	40.265391965873015	-81.73605989365079
43222	39.9602066628866	-83.03157819896907
44730	40.78229252850242	-81.28112523864735
43082	40.15517317111112	-82.91289987847222
44882	40.9412233090164	-83.14254063032787
45674	38.895499254545456	-82.35597502727272
45631	38.81996839449761	-82.230868934689
44657	40.74230613259494	-81.096909275
45622	39.35155308333333	-82.50023013333333
43229	40.07416759199918	-82.97077208603454
44606	40.74574475625	-81.8092566925
45780	39.37207077297297	-82.1321543554054
45817	40.88802712541254	-83.89796038283829
45614	38.9120555768116	-82.28393843623189
44904	40.68573478235295	-82.57470551458823
45694	38.73774634937239	-82.82275557071131
43713	39.98136484879228	-81.17174230869566
44683	40.37403715311204	-81.34289851078839
43202	40.017786816759774	-83.01127047430167
45786	39.516967	-81.648719
44854	40.94711280476191	-82.84335739841269
43213	39.967265368292686	-82.8677734309756
43950	40.0821005313783	-80.90926828357772
43205	39.95728005680934	-82.96729090233463
45640	39.02990317885986	-82.6288751712589
44667	40.83532356720648	-81.77322832267207
45764	39.44032320298507	-82.2257674641791
45628	39.38802002857143	-83.19536929897959
45830	40.89587849466667	-84.05946327644445
43001	40.08648910746269	-82.60465967164178
44611	40.61549228	-82.08471746444445
44903	40.76932680243655	-82.52964258538071
44677	40.861696325	-81.85907948333333
44615	40.55357457109827	-81.08721746387283
43832	40.27913097251909	-81.58865127671756
44813	40.62430975314685	-82.55690088601399
44070	41.407626294969575	-81.93455428640974
43076	39.91100529761904	-82.42361123571428
43332	40.58431021980198	-83.38275682376238
45851	41.02460112222222	-84.60900084444444
45784	39.37256708	-81.66781416
45654	39.3755877	-82.38700836222222
43050	40.38755001197302	-82.4800224148398
45805	40.73673448611111	-84.15125753888888
43733	39.9243043	-81.5466255
45648	38.894665099029126	-82.9933855407767
43947	39.96391614949495	-80.76312237070707
45030	39.25341055054348	-84.78099125951087
45716	39.45919807692308	-82.18240869230769
43512	41.28802410533563	-84.35934852977626
43056	40.01675993145401	-82.39239580237388
43945	40.6254388570248	-80.84687469338843
43028	40.415698993333336	-82.3193530225
44145	41.45071838682353	-81.92082227152942
44840	40.8044763265625	-82.1931645953125
43125	39.86533499693095	-82.90166259207162
44688	40.679509810714286	-81.26176361607142
43953	40.37103890311284	-80.7038823996109
45714	39.279933677016125	-81.59327387620968
45827	41.00136600350877	-84.31752554035087
45724	39.3918277	-81.7469736
44707	40.7832432971134	-81.36576262082474
43068	39.95284924139151	-82.8011912288915
43219	40.01812171205036	-82.92637931043166
43910	40.364618785714285	-80.79972400158731
45742	39.273130888888886	-81.70014555
45859	40.6929637625	-83.786026925
45776	39.1469197	-82.01228111818182
43215	39.97019849205298	-83.00356617678808
43351	40.825371635915495	-83.28988226443661
45133	39.16791786666667	-83.57119418004386
43767	39.99066978214286	-81.79487316785715
45766	39.32322676857143	-82.24107262285715
44706	40.76995483059867	-81.41116430931264
43988	40.401119174358975	-81.09734738717948
44676	40.6821604326087	-82.03257670434782
43764	39.717650483490566	-82.19651659669812
44818	41.01813019642857	-83.02981440714285
44805	40.86368893319673	-82.31528542295082
43110	39.85557694285714	-82.81523586600986
43760	39.87687854626866	-82.18570510895523
45390	40.19933845652174	-84.7783953173913
45769	39.078531158778624	-82.02357606755726
44641	40.84536606689039	-81.26417393512304
44887	40.89839882	-82.78954219428572
44807	41.05890454852941	-82.8712489014706
43746	39.9619722109375	-82.17360024375
43777	39.81678869612903	-82.07707152
44875	40.88241318669355	-82.67315578709677
43917	40.19690163962264	-80.79867176603774
45850	40.70610279369369	-83.92665972522522
43021	40.20382641790123	-82.90478483518518
43062	39.99611683984674	-82.6792225381226
44608	40.65244546022728	-81.58244912840908
45744	39.50702395	-81.4826925
43939	40.13743670714286	-80.76183284285715
43206	39.94246414216916	-82.99059774710643
45690	39.1273723847352	-83.01576809283489
43231	40.0780841174216	-82.94397366445993
43210	40.00069536193354	-83.01616123746223
43326	40.64574829445844	-83.60629523677582
43906	40.02156774166667	-80.7666347245614
45663	38.75346064601227	-83.0419914601227
45695	39.15495413	-82.356105985
45832	40.93263034701987	-84.73089041523178
43359	40.87032264347826	-83.45793378695653
45843	40.78909940729927	-83.52740186788321
44878	40.93447017058824	-82.52087032205883
43787	39.548282018627454	-81.80869971470588
43143	39.71906900406504	-83.27435437886179
44720	40.88855624967462	-81.42115720921909
44718	40.85535243421052	-81.44877525350877
45853	40.98411642727272	-84.19775065
44708	40.812064879052826	-81.42371637723133
44836	41.24306410980392	-83.05968537058823
44702	40.7990881483871	-81.3743895016129
44460	40.89682566608696	-80.87366419391304
45880	41.06981865073529	-84.72394446764706
44638	40.6397051097561	-82.13107063170732
44621	40.40461297075472	-81.29830290849057
44689	40.65434303333333	-81.6393584
43728	39.49295521754386	-81.8834427508772
45771	39.00132601538461	-81.90397258153847
43316	40.944917496732025	-83.37500680980392
43232	39.92350269568	-82.86872662176
45895	40.57392525284738	-84.18008014806378
43933	39.9367588375	-80.88243312374999
45696	38.60734744	-82.450452475
45638	38.54132740986461	-82.66518497485494
45658	38.75294790854701	-82.40353132649572
45685	38.903008596875	-82.434671675
45056	39.501773161904765	-84.74217845884354
45311	39.62293759583333	-84.66202331083333
45053	39.34461258170732	-84.78095666707317
45064	39.56329574545455	-84.62019443409092
45013	39.41005620073733	-84.60475539410137
45011	39.39300911587412	-84.50424438125874
44620	40.57170934047619	-81.20869816309524
44644	40.67943528978102	-81.18285627664234
44106	41.50377581075269	-81.61154247446237
43061	40.27504521855671	-83.18197250824743
43003	40.40353472075472	-82.96039373018868
43334	40.40103832513089	-82.80157350628272
43066	40.38832889615384	-83.17143163461539
43315	40.49292219163701	-82.86218988843416
45338	39.84706926261683	-84.53783457009345
45320	39.74197737091837	-84.65575796428573
45331	40.098532048679246	-84.62735106415094
45345	39.726280232692304	-84.39425173461538
43040	40.25608205752488	-83.37240736511194
45315	39.84252336183206	-84.31461890458016
45385	39.684607677560976	-83.93558564
45342	39.62513519320574	-84.24977379923445
43044	40.05419255784314	-83.53753219901961
45344	39.9392498568282	-84.0177419123348
45459	39.64629374558824	-84.16588023529411
45424	39.84560994820296	-84.12284820137421
45377	39.88638101209678	-84.20169088602151
45405	39.78133850438247	-84.20631373346613
43072	40.13053717563025	-83.96103600084034
45371	39.93701710371287	-84.17133899851486
45309	39.84226584250681	-84.41170318365123
45431	39.763625402312144	-84.08836941078998
45322	39.87436812103746	-84.30824408501441
45304	39.99257533561644	-84.53553326301369
45415	39.833137966101695	-84.25620481389831
45458	39.61028612975647	-84.1753964392694
45363	40.22854449649123	-84.3903052245614
43078	40.1045313177665	-83.75970136827412
45882	40.68255601097561	-84.62859399390244
45370	39.61164241551724	-84.03143831551725
45335	39.64385279217878	-83.74924462625698
43160	39.52877875683594	-83.44081870527344
45373	40.0379445393597	-84.21433530263654
45365	40.28609486135057	-84.16365519583334
45432	39.73905932688822	-84.0903718510574
45387	39.80152359485295	-83.89770345955883
45305	39.64237763762058	-84.08522800546623
45383	39.95813922063492	-84.33084022142857
45168	38.85951494	-83.76892104714285
45417	39.75305872281553	-84.24409176359224
45419	39.71558276678967	-84.16487513690036
45140	39.26361604593528	-84.2771375765325
45420	39.72035495081522	-84.13250223152174
45440	39.67557164516129	-84.10586789608296
45430	39.711671178888885	-84.08318663222222
45068	39.537322775510205	-84.07143214438776
45177	39.45205996476965	-83.83522945379404
45429	39.68496707378593	-84.15923403657087
45234	39.114759	-84.535897
45159	39.31878874285714	-83.69123842976191
45356	40.15858057740492	-84.24960304697987
45324	39.8088382117061	-84.01188927833125
45426	39.80843368414634	-84.29769618628049
45327	39.629647635531136	-84.36680415494506
45434	39.719308738596496	-84.03849766035088
45237	39.190315874237285	-84.45731372203389
45154	39.02880965280374	-83.92397942476634
45409	39.72726278849206	-84.18958864404762
45406	39.78248046864865	-84.23874473945945
45404	39.782466211232446	-84.17108720031202
45113	39.39567193149607	-83.98912521889764
45380	40.22458446082474	-84.50166176391753
45318	40.12594826296296	-84.35892764888888
45303	40.211531793478265	-84.63163536086957
45439	39.6947859994709	-84.21738704973545
45308	40.1321674516129	-84.45363908774193
43067	40.33828771142857	-83.46545628
43311	40.35801230821256	-83.75595159130435
45410	39.74962454091924	-84.16852345920843
45414	39.826329551361866	-84.19962609571985
45152	39.348704676855895	-84.14903536855896
45845	40.33409670886076	-84.3751488
45828	40.48041975353535	-84.64516253434343
43145	39.5560045882353	-83.25514922941177
43331	40.50126822121212	-83.8976617969697
45885	40.55122642774566	-84.39696335809249
43319	40.30391868064516	-83.58280496129032
43153	39.72572962790698	-83.58311930697674
43140	39.905244122772274	-83.43489186980197
45054	39.4389564075	-84.0823624825
45314	39.74562096101695	-83.7996008559322
45102	39.03555565702703	-84.22485523756757
45227	39.15508621237624	-84.39264792722773
45066	39.56094132166934	-84.22248036597111
45106	38.95373988820755	-84.08080085283018
45215	39.23172375684931	-84.45801974178082
45224	39.20318094275618	-84.53814521378092
45014	39.33007963576159	-84.54800504824976
45150	39.176256996378505	-84.24774673446262
45162	39.24405751333333	-84.15192667833333
45255	39.070129120823246	-84.33131033220339
45202	39.1078525383592	-84.51022905133037
45069	39.352608745837614	-84.41586634157245
45209	39.1516452876	-84.4310678316
45239	39.20542501577465	-84.57665381774649
45050	39.44073554019608	-84.36489080539216
45208	39.13530906575964	-84.43817417324263
45157	38.96398535067264	-84.25133130986548
45240	39.28598869222222	-84.52335213266667
45044	39.47118235904027	-84.38327208791773
45247	39.2100217443723	-84.6097995482684
45226	39.11910583953488	-84.42891290790698
45212	39.164462811165045	-84.4516890907767
45230	39.07974265572519	-84.38034829440204
45238	39.111295762479344	-84.60773968793389
45174	39.1559412115942	-84.33079138478261
45244	39.11089518300181	-84.32542695660035
45243	39.18570318645161	-84.35774188225807
45040	39.33802469559571	-84.31331022987013
45005	39.54134009209184	-84.30890049170918
45233	39.11917979850747	-84.66229376902986
45217	39.16448603814433	-84.4974792814433
45103	39.09393300781476	-84.18869409898697
45220	39.144431225	-84.52009079285715
45241	39.2770868301179	-84.40177101489819
45231	39.24545190670103	-84.54022304471648
45223	39.15972197302158	-84.54374232841727
45167	38.75260485079365	-83.81453413386244
45242	39.24153956032225	-84.37366640745216
45120	38.83132599633027	-84.07705562385321
45252	39.286500625757576	-84.5620715439394
45002	39.18046628386168	-84.73424052391931
45153	38.8720315025974	-84.20065834285715
45042	39.52921051400524	-84.38383600615182
45249	39.27764386994681	-84.32262218617021
45225	39.13961403565217	-84.54523071391304
45213	39.181485195258624	-84.42199325732759
45248	39.15868276231003	-84.64718778936171
45246	39.29794945553797	-84.46572507768987
45121	38.87615308087649	-83.89766891832669
45205	39.10974181515152	-84.57711342969696
45218	39.26779738170732	-84.52069719756098
45039	39.32430335905246	-84.24862043248731
45036	39.446168387596046	-84.20719357991219
45245	39.0796941020362	-84.27528668257918
45236	39.20587098151448	-84.39873609532295
45171	38.97855211031391	-83.79264886547085
45219	39.126237835766425	-84.51493973503649
45229	39.15004819790576	-84.48888868743455
45211	39.147154077475726	-84.58664975864077
45251	39.24519525294118	-84.5885930990712
45122	39.22360494696132	-84.13081783038675
45232	39.17257519147287	-84.512448
45067	39.48143818699187	-84.46700497520325
44122	41.46980287142857	-81.51355601887124
45204	39.10037145082873	-84.57141590552486
45118	39.182407889393936	-83.95502637954544
45203	39.10038302714286	-84.52673689142857
45176	39.06017053575419	-84.02851137206703
45130	38.91241627176471	-83.99143812588235
44851	41.09854107706422	-82.4099640201835
44842	40.631884643	-82.2253714965
44847	41.21666398761905	-82.69815029714285
44870	41.43613890250501	-82.71039544599198
44256	41.14327021608223	-81.84721644038694
44646	40.81057090924974	-81.49520988119218
44280	41.235994488	-81.906504982
44491	41.3730317469697	-81.01213202575758
44033	41.53195	-81.1159292
44666	40.82905026666667	-81.62243581555556
44028	41.32667072589928	-81.9071194291367
43342	40.46809143209877	-83.18304334938271
44212	41.24624746855124	-81.82227415954064
44202	41.3231157267423	-81.36225360729335
44080	41.364963284615385	-81.13049231538461
44233	41.24789919405941	-81.74149964752475
45502	39.92743954578313	-83.82993920512048
44241	41.24925979915967	-81.34475924831933
44240	41.1488485802068	-81.3529721100443
44515	41.09591339348958	-80.74956815703125
44216	40.940875298678414	-81.57082024669603
44436	41.05621666129032	-80.55089597096774
44255	41.28338403197279	-81.23014237346939
44217	40.97135571641791	-81.89839437761194
44067	41.317992675977656	-81.54460084469274
44286	41.24332347388536	-81.63625830828025
44270	40.97638982529412	-81.7773139417647
44824	41.38458052272728	-82.8042526060606
44618	40.78105971937984	-81.69432664186046
44125	41.41018164114832	-81.60984943947369
44505	41.12297006228324	-80.61933467586705
44313	41.123305345977016	-81.56686756743295
44266	41.15222573819742	-81.23953451702432
44301	41.0468856536508	-81.5222711231746
44647	40.79432599042056	-81.54821695420561
44320	41.077927608	-81.57283459835294
44423	40.76396731785714	-80.89961202261904
44130	41.37996598946516	-81.7882378841167
44035	41.37904730216638	-82.09824943856152
43338	40.54437605739781	-82.81102394099021
45504	39.94115338620689	-83.83882066259947
44039	41.38598641894231	-82.00139544884615
45323	39.8677999536	-83.9346673984
44224	41.17370447797716	-81.43852625106035
44401	41.03951170344828	-80.96209856551725
44428	41.44554486285715	-80.5869368842857
44857	41.232858310086456	-82.59861714899135
44511	41.069977349582174	-80.69472904512536
44333	41.143192937638375	-81.62096248892989
44839	41.391009158857145	-82.55958353171428
44601	40.91453617159221	-81.11855098442155
44408	40.90240570661157	-80.68438726157025
44133	41.33284249289216	-81.74384856397059
44514	41.016486335092345	-80.61503047704485
44609	40.899067340625	-80.99852141875
43440	41.52956610307693	-82.76149288092309
44278	41.09795736089552	-81.43020288656716
44846	41.301328856666665	-82.6015232
44001	41.39823375945274	-82.22308099452736
44102	41.473366542809366	-81.73460324615384
44614	40.88508117891157	-81.56509392006802
45368	39.847517953125	-83.65821584479167
44260	41.03775162054264	-81.36665809728682
43045	40.15936809166667	-83.44211569166666
44089	41.406245973061225	-82.36494367142858
44855	41.09975337647059	-82.60361725294118
44044	41.29217739378882	-82.05530271366459
44669	40.79132455555556	-81.15795895185185
44126	41.43986258333333	-81.85199718615384
44413	40.83811274023669	-80.54072902573965
45369	39.95258594285714	-83.61575678333334
44081	41.76750591481481	-81.15015670617284
44134	41.38671447861842	-81.70326090592106
44124	41.513419957166256	-81.47448652972973
44512	41.03168922040817	-80.66668640632653
44230	40.96490117792207	-81.68807295974025
44481	41.21957917142857	-80.86317149940477
44231	41.293191857360405	-81.07626245837564
44905	40.7728138407767	-82.47652621043689
44483	41.25458576734694	-80.81331330181405
43537	41.57796364435076	-83.6800440752108
44011	41.44743717673956	-82.01298994870776
44281	41.04208376308244	-81.73468068548387
44060	41.6856604494393	-81.33286506040956
44902	40.75996858589212	-82.51363151680498
44047	41.72538888066298	-80.75355802928178
44406	41.03246525014245	-80.75540411623932
44645	40.90610406808511	-81.72882892765958
45505	39.90977113397791	-83.78329608839779
44236	41.24352338729809	-81.42638584853157
44203	41.01880189348093	-81.61666683148832
44441	40.76679700634921	-80.57291898412699
44417	41.436195325	-80.6744273375
44307	41.07101121699605	-81.54240925573123
44120	41.47597320643275	-81.58245206335282
44325	41.07609260588235	-81.51337024117647
44119	41.58919614765343	-81.54797824765342
44131	41.38612532924901	-81.66380170869564
43344	40.42745929593496	-83.32588505772358
44287	40.94622090797873	-82.12542557021277
44305	41.07631590330969	-81.46901880945626
44429	41.10091869921875	-80.98359784765626
44443	40.9225608909091	-80.60077851363636
44442	40.9659838	-80.55584194318182
48111	42.21709234436401	-83.44861291985522
44866	40.900396268181815	-82.19707435909092
44321	41.106612603861	-81.64829327606178
44432	40.76187153636364	-80.76481782181818
44062	41.461063053174605	-81.05453711984127
44210	41.17596115	-81.6157571
44685	40.96476136612022	-81.43850724945355
44455	40.7731195462963	-80.60816637777778
44826	41.24645807619048	-82.48713716190477
44446	41.19196338340426	-80.75133272361701
44147	41.32321516367925	-81.68108458679245
44319	40.99236860180996	-81.53358538536953
44017	41.37623111333333	-81.85935037261905
44107	41.48150410695297	-81.80122152638037
44127	41.47072205263158	-81.6491217168421
44024	41.575705209577926	-81.22019377646104
44136	41.32522938221416	-81.80534433611615
44072	41.47699350896551	-81.33999900344827
44023	41.3992136334294	-81.33367960230547
44118	41.50363688786359	-81.55849539418256
44140	41.48531738275862	-81.93151790957855
44004	41.86911234320844	-80.78616491381733
44085	41.60909657346939	-80.85607795102041
44094	41.62666398981818	-81.40621553572727
44095	41.64902702929936	-81.44884355
44135	41.43419489228724	-81.8032012986702
44022	41.43893695251938	-81.40033787790698
44146	41.40339808850746	-81.5269403141791
44139	41.38833857672065	-81.44474062024291
44111	41.45955148737374	-81.78161791835018
44129	41.39697341921397	-81.7380953290393
44077	41.706583002979066	-81.24487762310788
44012	41.49886167405956	-81.98829970830721
44046	41.5230718037037	-81.07841332592592
44123	41.60354883495327	-81.52782343327102
44040	41.52370775311356	-81.45209754505495
44116	41.47047227366947	-81.85014939243698
44048	41.87089498681319	-80.67281213736264
44105	41.45259440771704	-81.6287291067524
44076	41.53291267790698	-80.85563845348837
44143	41.55259158380839	-81.47077283638163
44149	41.31921279677419	-81.85425039032258
44138	41.373747484507845	-81.93312209580598
44010	41.761696438461534	-80.86634992307692
44041	41.804513367078194	-80.947001186214
44121	41.52393382099447	-81.53072391491712
44113	41.48919404563843	-81.69930196257901
44065	41.46594806511628	-81.24024577093023
44234	41.32751993055556	-81.16373924861112
44026	41.52174836338963	-81.35345043262967
44064	41.6038292875	-81.062685975
44021	41.45625966625767	-81.17013131963189
44141	41.31428612874016	-81.62131153425196
43551	41.542379318915664	-83.60829821831325
43569	41.315543985000005	-83.8141868225
43607	41.65151695498489	-83.60578003534744
43619	41.6029508177305	-83.47504264964539
43515	41.57705980648148	-84.00854523888889
43567	41.56150791890909	-84.15253720836364
43612	41.70450413688524	-83.55500214877048
43528	41.62158697179488	-83.73046034230768
43412	41.63621299895833	-83.368859259375
43615	41.64923774069768	-83.67329669793281
43616	41.64411208309859	-83.47467962359156
43542	41.56374019807692	-83.76431910961539
43608	41.679050605050506	-83.53265312592592
43502	41.51964508417721	-84.30149397088607
43416	41.4785880025	-83.29181669875
43604	41.65427230930232	-83.53166100232558
43606	41.6696417864796	-83.60240015841836
43402	41.37541240517711	-83.64791564336966
43623	41.70360032351421	-83.64611230361757
43430	41.52208724793388	-83.36967144132231
43527	41.24745718072289	-84.14648329638554
43560	41.70648896560914	-83.71273094378172
43659	41.647034	-83.5352599
43522	41.41884724358974	-83.85068662051282
43609	41.63156243420195	-83.57321313778502
43410	41.305758239506176	-82.9732822271605
43566	41.50710403096775	-83.7414410232258
43465	41.57453793978495	-83.50485903548388
43605	41.642620673563215	-83.51266730091955
43620	41.66506371311476	-83.5523116590164
43545	41.385285021142856	-84.12729602342857
43553	41.531904825	-84.228667975
43614	41.60313243941068	-83.62707222744014
43447	41.56308759042553	-83.43245137659575
43532	41.44684361879699	-83.9902474556391
43811	40.18483994571428	-81.91282615142858
43840	40.40075025	-81.59627436470589
43844	40.33156172342857	-82.02910781771429
43824	40.35769506033058	-81.74828415619835
43802	40.09441785660377	-81.89581099245284
43780	39.93249831904762	-81.44780228666667
43778	40.005337153333336	-81.37825205833333
43837	40.30213555454546	-81.47492090113636
43749	40.16304431486486	-81.55625620608107
44624	40.60782264411765	-81.65136407156864
44214	40.95853575	-81.98289601470589
43324	40.45855801495328	-83.8376432682243
43357	40.25673847176471	-83.74992366941177
43360	40.32275500652174	-83.65161922173913
43345	40.50130424	-83.57660057555555
44090	41.22287711324503	-82.12500936423841
44275	41.09486995	-82.0993319859375
43340	40.53414464590164	-83.50480145245902
44853	41.04993611111111	-83.31054319444443
45879	41.11549732924528	-84.56407216603773
45849	41.00213333260869	-84.47427756521739
45887	40.70852905664336	-84.35893735314686
45433	39.7981756275	-84.0592909325
45644	39.444553774545454	-82.86797134545455
43164	39.59549285	-83.11468579558823
43783	39.80971986491228	-82.29755693070176
43150	39.772302952631584	-82.41466783421053
43113	39.582945138356166	-82.93794213424657
43716	39.86008760315789	-81.02166323052631
43103	39.716933666030535	-82.95460694961831
45123	39.33962557446808	-83.39432297234043
45612	39.20306880420168	-83.2700576
43112	39.7923388036036	-82.69425976756756
43358	40.40381060508475	-83.53382502542372
45844	40.90732839479167	-84.296942478125
43506	41.46458425030303	-84.54959864666667
44115	41.49742275552632	-81.67803537842106
44312	41.02684235176471	-81.43717425011765
44242	41.15203506666667	-81.3448415
45822	40.54026907201835	-84.56756348394495
45307	39.5862164	-83.712745125
44833	40.72642393507463	-82.7942844965174
45142	39.2227891	-83.80310499352518
44104	41.48499491126006	-81.62816465040214
44103	41.51462526612904	-81.64432555752688
43793	39.75255432814815	-81.09705142074074
43318	40.312247809160304	-83.90318166183206
45865	40.38301099259259	-84.36829198370371
45135	39.34644337333334	-83.54745617142858
43543	41.60659292	-84.63230247849057
43449	41.537461584115526	-83.13822811119134
43556	41.28710926896552	-84.57130470172413
44109	41.45039484521276	-81.70094367593084
43724	39.73888574161491	-81.51448175745342
44144	41.43061283849879	-81.74013739031477
43535	41.30985482702703	-84.04957977297298
45806	40.67778214501992	-84.1388694749004
44695	40.43892526190477	-81.18801459047619
43762	40.01093241373626	-81.73683043076923
43747	39.85124607916667	-81.12019881458333
43154	39.61542568780488	-82.83646708292683
44811	41.26687450994765	-82.83933867539268
44889	41.25464894444444	-82.38862621428572
45862	40.70343362857143	-84.62776640476191
44633	40.63298867454545	-81.92398269818182
44814	41.32387329473684	-82.48411068421052
44613	40.71400244285714	-81.59736034821428
44675	40.51557145765766	-81.24139101801802
44628	40.53327436470588	-82.14399316862745
45501	39.926892	-83.808137
43469	41.45440904942529	-83.36894595517242
44114	41.50627136467662	-81.68068529850747
44087	41.32334722722063	-81.44810261346704
45107	39.29257352169312	-83.97456668835979
44112	41.5324363011236	-81.58081508089889
44503	41.10036543770492	-80.6507326704918
43526	41.28366125888889	-84.75437284444445
43147	39.906884190993786	-82.76193141242236
44084	41.65962611438849	-80.86747169856116
44273	41.02924881313132	-81.88638876464647
45651	39.26204734087591	-82.49589145255474
32827	28.41346328867925	-81.29700685660377
34769	28.24996460297398	-81.2959694507435
34771	28.27272339269663	-81.21276270674157
32824	28.380054328125	-81.363297746875
32804	28.5716466195122	-81.38436181219512
34744	28.29989660738569	-81.3615229957796
32808	28.58301264929577	-81.44092018873239
34772	28.20608291371951	-81.28124014390245
32805	28.53407666428572	-81.40266741428572
32801	28.54345825	-81.37858246470589
32839	28.491410793582887	-81.4086576513369
32832	28.388798728571427	-81.22718945357143
32807	28.54566748923077	-81.30529742
32833	28.5046757	-81.08713768333334
32814	28.5697313	-81.3167813
34773	28.11693446875	-81.004616471875
32812	28.49003936142857	-81.32187751857143
32811	28.50423289289773	-81.45204578494318
32822	28.4915520597561	-81.29291410060975
32803	28.559728614772727	-81.36249238295456
32806	28.514806185185183	-81.36798297777779
32828	28.54842421758241	-81.18220084780219
32809	28.45631397867647	-81.39444508308823
32818	28.563636714666664	-81.48181196266667
32835	28.515447175510204	-81.48018501836735
32789	28.5989135595974	-81.34949962938185
32819	28.470661265936737	-81.46008751192214
32831	28.46352	-81.1529879
11566	40.668501282148085	-73.5545819008244
11970	40.93957669621212	-72.57565877121212
11791	40.81507168294582	-73.50209060067333
11714	40.74035705825784	-73.4859472408827
11706	40.729020835811085	-73.25322841154387
11780	40.88096815715419	-73.15892279941814
11787	40.85193324597988	-73.20501220284426
11702	40.69110800797931	-73.326018159351
11722	40.785570147492784	-73.19841030390249
11968	40.90570624072375	-72.40913088465001
11040	40.74432224181231	-73.68186198059962
11735	40.725389848260754	-73.44333680158591
11725	40.84245625662536	-73.2809904135081
10314	40.60401557929245	-74.14714795858904
12589	41.615562811328935	-74.1336851693442
13440	43.222746634016936	-75.45128398198428
12302	42.85829613309976	-73.9542797737847
11212	40.66201889178438	-73.91475620060535
11710	40.67665105622893	-73.53395468379459
11777	40.94480132257389	-73.06075604100535
11937	40.996401881164495	-72.18569168342206
11731	40.86676609342912	-73.31993102287912
11206	40.70162908844389	-73.9430842904199
10606	41.02525121226128	-73.77678762322049
10464	40.84861336930398	-73.78764585621654
11704	40.71572506854186	-73.35681882404421
11435	40.69963525607064	-73.80842830310522
12866	43.07657208261145	-73.76831172032709
11758	40.68221613412874	-73.46036386409665
12603	41.6790788666491	-73.88282669661046
11975	40.95271262981982	-72.25081431972973
11729	40.75995238664584	-73.32677277837759
10305	40.59845528648722	-74.07601181857893
11753	40.78790340355507	-73.53865708708834
11792	40.95275025311023	-72.83401598186803
11433	40.69724380647863	-73.78689525641252
11946	40.87396787789572	-72.51986107594774
11786	40.94659559276267	-72.89378654625276
11953	40.884560668307856	-72.95019388663349
12921	44.88123942791411	-73.42273200981596
11779	40.819781847172536	-73.11710042398872
10466	40.8912007228151	-73.84740178824707
14609	43.17350946046248	-77.56235469916977
11561	40.58728316729203	-73.66187735730075
10472	40.82977788041447	-73.86877074989842
11757	40.68845715600588	-73.37370636055378
11803	40.77937185986009	-73.47777667875675
11010	40.70139884762955	-73.67509628205318
11427	40.72820985382576	-73.74867130471591
11518	40.64048902276381	-73.6671021619134
10470	40.89829168745159	-73.8618994982959
11229	40.60024945401625	-73.94432894919518
11417	40.67751103847049	-73.84426102335827
11558	40.60454656243421	-73.65440453924343
11355	40.75044234347826	-73.81995387630958
11763	40.82381060483761	-72.98415373148347
11413	40.673149693198205	-73.7496433314656
11572	40.635475867919496	-73.6383077602993
11754	40.88412225538157	-73.24511391325632
11375	40.7194079209978	-73.84787232994607
11429	40.70902469782999	-73.73952118722467
11726	40.67784494284776	-73.39551796209558
11236	40.640018231755	-73.9030058898445
11756	40.72574408617457	-73.51676568882021
11385	40.70391289715214	-73.89245809705658
11434	40.67732370792453	-73.77948858640612
10701	40.94342112658974	-73.88595979424746
11239	40.64948911020408	-73.88274277959184
11554	40.714578437362384	-73.55733155056564
12210	42.65644841290244	-73.76028029515855
11569	40.59031762329227	-73.58093520806271
11590	40.753880140494125	-73.57536902741464
11801	40.76224903918576	-73.52296955162046
11755	40.85477646243991	-73.11679686702725
11373	40.73976097590573	-73.87854196733107
11901	40.93482057975032	-72.65318034472811
11414	40.6583814412315	-73.84230623026025
11746	40.82221811662311	-73.37687710946943
10309	40.53466302106278	-74.2128740956191
12834	43.09762555539311	-73.50371667212475
11003	40.6996541954757	-73.70486991756655
11510	40.65418936738247	-73.60955282763344
11418	40.69778704751007	-73.83462892850604
11717	40.78283047827915	-73.24298375727803
11428	40.72130114343545	-73.74251731218818
10567	41.29658710583345	-73.88640867059321
11783	40.6786453777877	-73.49093242427915
13656	44.191062036656895	-75.95785180366569
12019	42.92551123650279	-73.84968491042937
11420	40.675375944992	-73.81506584104534
11762	40.6836247146728	-73.44745584029273
11743	40.868145837241	-73.41198578852985
11419	40.68820764725905	-73.82342422616011
10469	40.86979114113464	-73.84825250886955
11796	40.733551538386855	-73.0995715579537
11742	40.81147225023474	-73.04078407947077
12054	42.61588915984797	-73.83709659837758
11793	40.685261119868514	-73.50996869869364
12077	42.596649654878405	-73.79710524210373
10312	40.546483692307696	-74.17852373597253
10956	41.14901790513994	-73.99433128040839
11798	40.75265786469655	-73.36453121418087
11235	40.58621143162194	-73.95168093758355
11782	40.73833627082598	-73.08142157461788
11210	40.62741967504205	-73.94567488569176
11693	40.59892852828611	-73.81796552833255
11004	40.74515038949115	-73.71230434958518
12205	42.71415818163557	-73.81907940319834
10562	41.170731009700816	-73.85261821101541
13850	42.07348112917188	-76.02178651477348
14513	43.05152875132942	-77.09517311110152
11203	40.64903905028533	-73.93401802364569
11412	40.697875473897135	-73.75810960645578
11204	40.61878857263478	-73.98592123296154
10304	40.60975353278048	-74.0881588672829
11570	40.66403346358206	-73.6383489322472
11553	40.702854016977554	-73.59224793215303
10708	40.938367053598526	-73.8325780957761
10514	41.17100427040817	-73.77193711523145
11563	40.657371073217824	-73.67376872507604
12173	42.36822020106952	-73.7554246802139
12306	42.78824260865196	-73.98387703074704
11752	40.75479365094455	-73.18112558308958
11767	40.84426218883487	-73.14403260862096
12015	42.29055572559738	-73.81311119492635
12521	42.166384662944985	-73.6358238184466
10603	41.04974591049766	-73.77443819692847
10543	40.95271695937277	-73.73405409057378
10803	40.90396772186454	-73.80719688591296
10705	40.91773005291723	-73.89259068989146
10502	41.012902512103175	-73.84094254459325
11764	40.94297772359728	-72.98820080013574
13624	44.23257744391344	-76.0878629088368
10473	40.817795612459314	-73.8568855517179
11560	40.88063490490385	-73.5918976214423
11234	40.61892269583512	-73.92369644650218
11369	40.76251225615261	-73.87285192351783
11715	40.75058686884058	-73.0347468738613
10550	40.90759755325642	-73.83626813688667
11423	40.714802230430365	-73.7676592558963
14886	42.521161600231125	-76.66944630749872
10306	40.56900834296189	-74.11676550352057
10605	41.01151048096548	-73.75185184333944
10467	40.874478656454144	-73.86798325365939
12137	42.85912860109091	-74.12034970787879
11209	40.62591786436136	-74.02919980003178
11218	40.64364932221027	-73.97728746679215
11378	40.72402998254906	-73.9001352193781
11766	40.92941575877354	-73.0103473746583
10310	40.6319158839022	-74.11649790611209
10704	40.91777276330999	-73.86103026504138
13901	42.14848073632292	-75.88515414976006
11730	40.73104389950146	-73.18366281807228
11724	40.86626077535512	-73.45060449041193
10703	40.95572807187043	-73.88139310090112
12208	42.65623513692288	-73.79919614401811
10302	40.63088787220987	-74.13726177087594
10804	40.9488353236911	-73.78626170680627
11747	40.78916667135916	-73.40590462377018
10573	41.01299691491603	-73.67383806106186
12110	42.74730331039019	-73.76451778387182
11784	40.871540733529486	-73.04406824508577
11215	40.66731101748032	-73.9838899305315
11778	40.95526939722781	-72.93337922350938
11950	40.80446391931818	-72.84738869670454
11776	40.91164695042992	-73.0492509990702
12550	41.52254658449237	-74.03982443373965
10940	41.447217074247845	-74.43073943150134
12037	42.3502948741211	-73.58361171123047
11001	40.72419997355172	-73.70629931444432
12180	42.728884327536605	-73.66244575170306
12148	42.84412663875598	-73.85084858046977
11436	40.67661814640933	-73.79622605074057
11580	40.674486570412256	-73.70488737374879
10552	40.92354244049227	-73.82846366682641
11223	40.5990121883584	-73.97317011968653
11377	40.74480845846719	-73.90437352600524
10530	41.02140841396954	-73.80600809388386
10465	40.82649363103345	-73.81850657150538
11358	40.76086223850544	-73.79594085852446
12222	42.60245166666667	-73.81460856666666
11374	40.724971667889136	-73.86189724680851
11713	40.776863383700025	-72.94549153082563
11701	40.68514048828781	-73.41406384160909
12839	43.31326085901847	-73.57607056997465
11942	40.84826787506269	-72.57810044260239
11366	40.72796740592592	-73.79320834314815
11727	40.88462194673045	-73.00687549910981
11220	40.64112542188859	-74.01308906522054
11967	40.79204261921728	-72.87185864151114
11964	41.06735111063063	-72.33470799486487
11205	40.69307990269716	-73.96443626124304
11102	40.77103389700432	-73.92466976195183
10460	40.84008791235657	-73.87864932944983
10463	40.88099069767225	-73.90565087656735
10520	41.213132551510725	-73.88580381069687
11426	40.73402209717525	-73.721425484055
11020	40.77408974761904	-73.7197430046503
11550	40.70440844264336	-73.61896620003496
10801	40.91656663541119	-73.7864927131556
10462	40.84285887782251	-73.8579594125526
11716	40.77009846834852	-73.10950670920204
11951	40.76704636616052	-72.84427572595806
10977	41.11845182326346	-74.04631396971733
11575	40.68002979348927	-73.58634637489752
11552	40.69450160336829	-73.65361270726711
11411	40.694635879370566	-73.73667170773149
11933	40.9418190240966	-72.75048178498149
11705	40.74693656591434	-73.05277910741216
12123	42.5228920049728	-73.61046889335664
11432	40.71495218967563	-73.79367514191594
10532	41.10340948728484	-73.79610634208774
12018	42.62952286562653	-73.54986364875671
11576	40.7916204036553	-73.65199501356061
12203	42.67789470539624	-73.8297262525607
11422	40.66353674062884	-73.7354292122488
11772	40.76889402764115	-73.00170127312421
12804	43.33200478168769	-73.67669773229044
11208	40.6763472551975	-73.87457042029096
11768	40.90581234980549	-73.33001871072733
10710	40.96751125285771	-73.84397303874817
10570	41.13503290637205	-73.78222039766186
10456	40.82972781454545	-73.90856788735537
10591	41.07729015989907	-73.85659686398654
11233	40.678975601841984	-73.9202949846825
11367	40.728797421556536	-73.82106360317181
11596	40.75923826029992	-73.6447415451197
14625	43.14517363370396	-77.50480318181029
12196	42.63883440100143	-73.61122569041488
11354	40.768746646318206	-73.82292145082182
10537	41.337996480892336	-73.88378863511154
11703	40.73425019875021	-73.32375018931845
11365	40.7387411060686	-73.79327346131926
10928	41.35600197432582	-73.97579802072404
11769	40.73909177543656	-73.1279874067986
11557	40.63998564008886	-73.69503362457279
11581	40.65249144272777	-73.71172388638858
11963	40.993685854382775	-72.31574581348548
11221	40.69090326812468	-73.92834576014545
11771	40.86765143644111	-73.52803292591479
10553	40.90840452863479	-73.82123282069985
10308	40.55196958912503	-74.15070555793578
12463	42.17876951805556	-74.0129429824495
12165	42.31868949652778	-73.51082398472222
14072	43.0180517917451	-78.95511469567539
12304	42.7794018077104	-73.90371391919554
12865	43.202205062447696	-73.34573550632845
11542	40.865532143112524	-73.62763657818601
11357	40.78510776877164	-73.81047529983161
11207	40.67235587055379	-73.89482876644561
14226	42.967256779548734	-78.7986255404869
12197	42.60718981103779	-74.72879882639472
11050	40.83526106485214	-73.69547609918223
10301	40.62951891612864	-74.09384322178697
11226	40.645979393627066	-73.95502170322581
11360	40.779889469107744	-73.78226518526935
12548	41.66290360757341	-74.10370886553324
10541	41.372602049385705	-73.74989526616315
11720	40.869971049328974	-73.08257451579432
10303	40.63027109830015	-74.15876671440829
10524	41.359752755659976	-73.9187240943614
11788	40.82063541315673	-73.2021410362914
11362	40.76012706661621	-73.73343327394595
11501	40.74733420291948	-73.64054716630301
11237	40.70131537869023	-73.9182558089397
11741	40.794968971350784	-73.070357860107
10566	41.29057306959331	-73.91488554310673
12160	42.75838114792531	-74.35609521286308
11940	40.80905984425515	-72.75656069623614
14225	42.92879578795351	-78.75982337588685
14150	42.99999668589155	-78.86284749347236
10461	40.84583456850501	-73.84105381536007
12010	42.95047537275593	-74.18137542291748
11751	40.73608648220077	-73.2142379946139
10538	40.935651846931286	-73.75707209601329
13206	43.06821737390396	-76.10919239084029
10990	41.26457147157324	-74.36268911543098
11368	40.748097734354594	-73.86062931784824
12303	42.76588240921199	-73.93623276964911
12740	41.85941326420807	-74.51694238315217
12185	42.88822669383887	-73.5364871800948
13669	44.67916150483871	-75.48959971696378
11416	40.68447539392949	-73.85038338104133
11795	40.71073699459024	-73.29868359689226
12983	44.32966500798852	-74.15162129588614
12533	41.57701163305629	-73.79287318826029
13077	42.67773597012256	-76.19483338575688
11507	40.77067458535922	-73.65065761786407
11976	40.92427497583213	-72.34673008107092
10509	41.41348922424969	-73.59634957315987
12534	42.24329261671687	-73.76171291837349
11231	40.68024578984503	-74.0002583532908
10471	40.902435382077314	-73.90299229238579
11225	40.66250541742266	-73.95295504556874
11949	40.847405560439945	-72.79363695303772
11961	40.91167785741701	-72.88949739832728
14850	42.447502747917966	-76.49232648335736
11749	40.80608017176387	-73.17151017887625
10950	41.32662176728937	-74.18862705184578
12571	42.00281798005442	-73.84337918206363
11598	40.633349422191145	-73.71397208160839
12414	42.22646759566575	-73.89934366591176
14572	42.56000680595846	-77.58342493152877
11214	40.6020569241092	-73.99662478157087
13088	43.10833424083084	-76.18653809809503
11379	40.71899822636049	-73.87953030429098
14086	42.90072685450316	-78.65665880495747
10549	41.20425722165988	-73.72782615913998
14620	43.13237715628212	-77.60216372914057
11565	40.674889496245534	-73.67245672508939
12118	42.91299005073858	-73.72595905989924
10918	41.35193337227984	-74.26892233100132
12401	41.93461732561949	-74.01254288016588
12546	41.957283756627184	-73.5238293676255
11213	40.67086289131067	-73.93753510239956
10522	41.01239104459645	-73.86457217657319
12144	42.63840459906162	-73.71972844353039
10607	41.0401279792421	-73.80964447183159
12524	41.53873331562216	-73.89430111855889
11361	40.76334367481108	-73.77426743066052
10919	41.52075237792208	-74.38461350216451
10528	40.97283502039905	-73.71794413029667
11230	40.62152859788593	-73.96561929118366
10707	40.95900483997887	-73.82282430066925
14224	42.835418261098766	-78.75201323905554
11370	40.7623929787252	-73.89055286150274
11421	40.69104517000152	-73.85778538248053
11738	40.83800997253391	-73.03841002349691
13104	42.991443325	-75.96960104047066
11694	40.577417787670576	-73.84674077328226
12566	41.61834284466429	-74.3302862011366
11790	40.902579606286	-73.1253015797018
10475	40.87754139061154	-73.82730516063738
11520	40.651903097725096	-73.5858840635669
13903	42.07631951628099	-75.90049868649794
10548	41.24945645941818	-73.94161820174546
14586	43.042328918835096	-77.68902390453859
11096	40.61719662985972	-73.74788149551102
12553	41.466333748267225	-74.05965177616454
11238	40.68103635286222	-73.96358859188709
14075	42.7353639961884	-78.84019488268525
12444	42.261207035270544	-74.29195610861723
12027	42.91551810760234	-73.90344408426901
12498	42.03630150851327	-74.11239399885872
14610	43.14498657244898	-77.55018704144219
11709	40.907406302253705	-73.55905341564714
14094	43.15656038374704	-78.69081518327386
11356	40.78597991350431	-73.84477060815468
11980	40.83966990479488	-72.91943716313266
13642	44.3249396968177	-75.45961082815596
13760	42.11565581467685	-76.05461549796637
10459	40.82602329531784	-73.89410776049213
12143	42.47521374958205	-73.8271446291245
13339	42.938701007466136	-74.64350247809713
12583	42.059942223168655	-73.88514531345827
12561	41.74424209748744	-74.08818501065048
11559	40.6143416699005	-73.73048315364842
12440	41.81337302515667	-74.14065889668755
12771	41.37774770575493	-74.6629013819431
12786	41.65940137152588	-74.83610015449592
11732	40.84832875709915	-73.5350175876989
13032	43.09485881281843	-75.763536509411
11930	40.98219211759554	-72.11476186548566
12033	42.54261304285336	-73.704323810952
11691	40.60156746619322	-73.7577459773931
10453	40.85229676562852	-73.91203457410882
14589	43.24091048193943	-77.18148086971381
14214	42.942618855834624	-78.83616323301821
11721	40.89200125139202	-73.37481270899171
10523	41.0557063176649	-73.81627098445792
11232	40.65413793943452	-74.00220848744048
11971	41.0596374905713	-72.42436067496517
11568	40.78370092468254	-73.60324626642857
10954	41.102405373715015	-74.01535135123976
11948	40.96801849946483	-72.55767879074924
12451	42.28763148555417	-73.94197517633873
11224	40.58013194979496	-73.99865634856474
10594	41.11913820005672	-73.77391859188882
11954	41.0452531622553	-71.94516658201468
11934	40.80131722969507	-72.79677740943289
12065	42.850647660105885	-73.77922279635027
14108	43.272396459575305	-78.71124063967756
11719	40.78094604044716	-72.91883933705962
11789	40.95704609756782	-72.97216818493919
11216	40.6805419519134	-73.94938672922702
11101	40.74843072030457	-73.9388072655705
11228	40.61822827471396	-74.0112381990389
10604	41.04651733658688	-73.74883432869133
14454	42.79749040571203	-77.78120659097131
11733	40.93101658643203	-73.09978047427711
14223	42.97289346706337	-78.84549829493439
10454	40.80772814983818	-73.91822438922793
10595	41.08510189622642	-73.77860163945111
12590	41.58858937706265	-73.89534886301267
12564	41.57235447660708	-73.59816487660709
11935	41.01464245011001	-72.47826341578657
13148	42.9034896254379	-76.78990045049761
13807	42.608223495	-74.97199217397436
10901	41.1210435476987	-74.12112440270035
12157	42.66406866957425	-74.3050647135514
13601	43.97633386427094	-75.90992488261331
13452	43.0190294807521	-74.64623900188025
12542	41.60943766675054	-73.98820579863407
10927	41.19632290432208	-73.96836367066312
11577	40.785031587669465	-73.64081145937163
11104	40.74400743507042	-73.92120523131454
10583	40.98759171831879	-73.79737354927276
10510	41.14641922495803	-73.83430802831562
11021	40.78677830502197	-73.72719588694288
10920	41.15121999659718	-73.94019057093807
12204	42.684869642331634	-73.73418848670062
13501	43.08564578668609	-75.23291165901303
10941	41.48100495345776	-74.36142694807532
11364	40.74691018866064	-73.75953276967954
12525	41.67838284087719	-74.17160818116959
12413	42.30774752842044	-74.01795220910158
12078	43.0662470072994	-74.34101026232355
12572	41.92825430916581	-73.8849502107312
10805	40.899080303866434	-73.78125170956064
10577	41.03721702020873	-73.719018777704
12484	41.86315182490865	-74.1687563546285
10598	41.29746258818604	-73.7889935738297
11105	40.77570269374386	-73.90945870383229
12125	42.4717003872172	-73.40981233642535
12801	43.31145086075838	-73.64779397801713
11797	40.81398700533533	-73.47431979636002
10993	41.20916270886352	-73.98221603741165
12491	41.988794300396826	-74.11545641388888
14127	42.76375545535221	-78.75026069833557
12061	42.59623802337175	-73.68400913489681
14218	42.8195900726022	-78.8194693904219
11516	40.625466069374006	-73.72739842424723
12182	42.78405230376554	-73.66135914692718
12188	42.81134545761157	-73.70034240866109
14802	42.25369953322034	-77.79017158491526
13650	43.82609528518309	-76.2179399349859
12547	41.65327354463697	-73.97551183308582
10512	41.44186776247764	-73.68089435826037
12120	42.454376037560976	-74.13769597560976
10546	41.19708871323155	-73.79686474656489
10930	41.35658763311484	-74.120274635227
10540	41.33808955555556	-73.72549175925926
11509	40.58867914090226	-73.7269070362406
11804	40.76661238980645	-73.4557775556129
14522	43.05954015449346	-77.2274250800926
11740	40.86267803567268	-73.36234032277392
14085	42.71960439886666	-78.93139644693333
14424	42.86409929583596	-77.29114551639023
12477	42.075464377415166	-73.98269658505988
11363	40.77274475990252	-73.74468718741693
10965	41.06165408600522	-74.01560800912098
10709	40.9550521539525	-73.81151765973058
13066	43.02763316355	-76.01380348651666
10452	40.83776820897879	-73.92232603137643
13214	43.04089587170719	-76.0759800500935
12563	41.48847127428652	-73.58018402342469
12570	41.61526016906335	-73.6834612730276
12022	42.68481858942918	-73.36579706997885
11944	41.1045600020721	-72.36747887601476
12528	41.717471810923534	-73.99208985878847
12729	41.46828741812039	-74.5965082740172
11415	40.70676258590522	-73.83121248523695
13159	42.809088883084186	-76.1344046525177
12062	42.5259688006	-73.5005560839
13502	43.11199580771139	-75.22271471681779
14031	42.98216343663944	-78.61944076690783
10511	41.25754730976116	-73.94374277725856
12020	43.00706533543274	-73.84369967650386
12543	41.49144876507937	-74.21441829375
14217	42.96901751021044	-78.87330402941765
12308	42.8186812916292	-73.91967725902376
12518	41.4315839487454	-74.04122406828371
10923	41.20421235219399	-73.9998481699384
10963	41.468248569197584	-74.53245407886108
14561	42.825392139452845	-77.12342004226062
10307	40.50797849680387	-74.24248894607747
11718	40.72032260799348	-73.26493824526916
13035	42.93828299629253	-75.84267330431692
12066	42.774183923046095	-74.290387500501
12503	42.04195749009346	-73.58709419906542
12211	42.70559785498418	-73.76876375132515
11952	40.9958106524354	-72.53893549384863
12453	42.09660775	-73.9322715
14004	42.893797413819215	-78.51896329271179
12725	41.932104774641154	-74.54653320861244
12468	42.29779900152905	-74.40008843963302
14710	42.10276478569189	-79.39581677832223
12853	43.695739609939615	-73.96662250013934
12496	42.31831718864218	-74.25670215102477
14882	42.559922610218045	-76.54083991752886
12209	42.64170849705533	-73.78585424559488
12309	42.79612149881685	-73.87675466454553
11960	40.80828085369127	-72.7046081067114
12170	42.96511534586221	-73.66331502955565
11978	40.81158792032352	-72.64880668255911
12568	41.62167664285714	-74.06485837142857
13417	43.10105441620253	-75.29323608362868
12407	42.30393802058824	-74.34037200294118
14120	43.05449812023337	-78.85972714857995
11222	40.727137072643536	-73.94883115072153
11217	40.6822663823754	-73.97909455276776
11549	40.71758705555556	-73.60264576666667
14219	42.78943659868477	-78.82013242121342
12404	41.820010006060606	-74.2364188163734
12032	43.16272083776945	-74.50308224048734
12582	41.546790206850055	-73.72966790598706
12601	41.70209257736312	-73.9188483780773
14220	42.84408979766634	-78.81825681552155
12816	43.04670689606967	-73.38366534175972
12831	43.17610996736103	-73.7072745685813
12158	42.55227185297935	-73.81716702560472
11965	41.07435729041223	-72.34879632732746
14215	42.93372642621409	-78.81088580944045
12047	42.77672524157281	-73.7138410234835
13036	43.298572743601895	-76.15949754494886
10579	41.37808404661867	-73.8423118544356
14772	42.16922105	-78.95403039316514
12029	42.40347065439229	-73.4269649276775
12586	41.56143919350599	-74.17524237918438
10994	41.09744221206896	-73.97353460404183
14304	43.09111011340939	-78.96104685645638
13320	42.778580247079525	-74.7426495085855
14551	43.22617494959416	-77.04713204500811
11545	40.83066535743937	-73.6084781873498
12828	43.262501165568736	-73.60725392692139
13073	42.58535704265893	-76.38299868493063
12943	44.1858047697026	-73.78930969795539
11959	40.82445340147472	-72.60409029536517
12134	43.24658514423077	-74.17298839690505
12472	41.845722045303866	-74.07635543342542
14525	42.87925490620094	-78.01527415816327
13078	42.98783902589946	-76.08108286227205
14616	43.23197013816642	-77.65425455808243
14221	42.980981581568926	-78.73004143527096
12549	41.52935081530447	-74.24413339351702
13084	42.89828226043711	-76.11031004085638
14843	42.32758772186519	-77.65676186444082
10580	40.97295029723883	-73.69092330613789
11372	40.75138479467249	-73.88318066835517
12083	42.423044108728654	-74.0340849016129
14174	43.244906217164434	-79.02236914524546
14145	42.72128823354531	-78.43492472225755
10962	41.0452697869281	-73.96138666093513
14621	43.1844007128557	-77.60272029832369
10983	41.026619840968976	-73.94905332715682
11219	40.63265405593452	-73.99660840544652
12187	42.62786806361556	-74.4714671402746
13682	43.84797468568182	-75.90977071818182
13456	43.005998986539645	-75.25600105605409
12412	42.00629562024096	-74.26768063012048
13210	43.03518790362058	-76.1257065233478
12089	42.8626314	-73.3328427
12508	41.50650121423142	-73.96312072073479
13317	42.87939686844015	-74.5810039120919
12409	42.04612341206435	-74.17292857895443
10504	41.13694144511598	-73.70122009153872
12189	42.73405642734534	-73.71595883042596
12780	41.43199355088076	-74.72130201415989
12540	41.659426361648016	-73.74383034869447
10706	40.99027662515888	-73.87396268093458
12871	43.09272979856223	-73.60078331383242
11023	40.79925380966306	-73.73282251246027
13617	44.58860434177412	-75.15063128305827
11201	40.69261725658849	-73.99174580334756
12928	43.95586496603325	-73.46101653942992
12449	41.991582281265664	-73.99595749304511
12009	42.70320446146436	-74.01424905609689
13215	42.99917447347889	-76.21205073430728
13329	43.10508873818272	-74.76670620645481
14216	42.94998779376035	-78.85942996652234
13439	42.84329684980223	-74.99660646752967
13090	43.152218495603385	-76.22430522197473
10516	41.44468045238885	-73.92987475205706
14227	42.87794275593646	-78.741567964656
12084	42.69910177440544	-73.89887479807474
12168	42.55794028699552	-73.37785340878924
14569	42.73952197039738	-78.14812069613562
11977	40.81962826695933	-72.67409927555452
12023	42.60711596885376	-74.14847293960474
11514	40.75037926687864	-73.61203061033386
10960	41.09074209666901	-73.92478597412342
11579	40.8461006432915	-73.64358159314672
10590	41.25254774552557	-73.53897709428267
14892	42.01919685619532	-76.53366615173582
14472	42.96513948220998	-77.57934628852418
11530	40.725905435352445	-73.64644962913803
14482	42.97710627161005	-77.98029391467462
11103	40.76255581870995	-73.91370399534836
12053	42.75493641474871	-74.18067845519023
10925	41.21177844800591	-74.30110884320533
11958	41.0403750689405	-72.45993758229318
11739	40.72412692397408	-73.15874461511879
14619	43.13631149653846	-77.64796736982372
12721	41.56572830717405	-74.42747703103555
13424	43.15381004253112	-75.3452793912863
14428	43.09334330412855	-77.84087196407052
12545	41.7806065768511	-73.68394203677786
12085	42.70184651666667	-73.9661146
13082	43.09858019659923	-75.95374251381834
12466	41.90684702365592	-73.98013158637994
13108	42.981850123358186	-76.33198056787361
13905	42.11975819357798	-75.93223243426876
13326	42.71023486696993	-74.92165518284054
12835	43.28904559794344	-73.99703699955931
13838	42.30560777296369	-75.39167360127577
11931	40.934749400625	-72.61320340875
12094	42.89080827559378	-73.49385606814086
12186	42.642845587576495	-73.94508950853732
12060	42.40970056166008	-73.49782565326088
12523	42.082969160038985	-73.77444462134503
14103	43.22016511117032	-78.3864275623787
14054	42.9148867147541	-78.13255356852459
12760	41.88973976421725	-75.10191420239616
12193	42.51622601871083	-74.04205540322292
12843	43.58817916653696	-73.99610321536966
14414	42.901836843976646	-77.72351023988936
12076	42.41051597001224	-74.38469250440637
14485	42.89755890554963	-77.60891152620064
12588	41.631196908	-74.369675692
14871	42.04378149569313	-76.88314993212202
12455	42.16841157360976	-74.65132464839024
12419	41.857249172804536	-74.10433573314448
12577	41.43840608925121	-74.11990484371981
13428	42.92005296427547	-74.56907298952655
10588	41.33031079227528	-73.83154542176966
14530	42.72143867702523	-78.0077521002324
12075	42.301172433432654	-73.64642811269368
14489	43.07507123861827	-76.99321752543776
10458	40.86141057479989	-73.88878982448247
13475	42.8744932875	-74.8469759625
12461	41.90368332116142	-74.250712191437
12190	43.43403691047121	-74.30099532722514
10533	41.0389532319201	-73.86045873334693
12051	42.35218980237332	-73.81803653797306
12541	42.1402843	-73.765817
12448	42.07374835034013	-74.18940238843537
10921	41.32988479728261	-74.36019257420949
10980	41.22974249670827	-73.99939664928559
11697	40.55973442936396	-73.91490805897527
12206	42.66889166696042	-73.77561026297155
11106	40.76122747962764	-73.92958867220723
11211	40.72543263354315	-73.9464238109246
12446	41.80286129800598	-74.30795221977401
13654	44.59028020157546	-75.43801100199005
10913	41.06405952392947	-73.9607531170277
13676	44.6611967659076	-74.95668429890236
12074	43.04540065076433	-74.05001997713376
13037	43.059999179210784	-75.87581651210299
11024	40.81302695867738	-73.74053481234928
12116	42.52993139490292	-74.93618469894821
13815	42.538512071292494	-75.52317966878664
14082	42.65525213557692	-78.38491610528845
12487	41.86401228811659	-73.99401358671524
13607	44.32458822344262	-75.9286706193989
13672	44.55366543073852	-74.76573941516966
12405	42.32269139498747	-74.08745958997494
14520	43.2261229	-77.3059818
11932	40.94000235365284	-72.30342502407949
12823	43.176563392405065	-73.40541373670885
12431	42.3593723395031	-74.02389628322982
12117	43.14083854520159	-74.2362510330494
12067	42.56410378529033	-73.91635451741935
14092	43.17376569960548	-79.02406368334718
14032	43.02565520522121	-78.64183752811212
12025	43.0798053357695	-74.15632973819395
10989	41.118166724666665	-73.9406551492
12575	41.47252171087613	-74.14936752286002
12442	42.22421374285714	-74.23995274757144
11692	40.59384270397287	-73.79672443003876
13753	42.29608693724299	-74.91894007303739
12737	41.48620131917526	-74.80601810268041
14062	42.45955766498216	-79.16465771093937
12569	41.74026732645017	-73.81164947260784
13101	42.5988526276923	-76.07728429048076
13323	43.060995718377086	-75.37501182957257
12746	41.43109485777778	-74.64293898859259
10507	41.23447743362069	-73.69298816178161
13413	43.06643868381959	-75.29052879479914
12086	42.99378304946728	-74.11408849178082
12526	42.12427845049234	-73.86387446586434
12850	43.0968593661775	-73.9688147487072
14787	42.32299441415157	-79.57739169761905
14727	42.20595530055363	-78.28484975107267
10457	40.84796040933034	-73.89775618470159
13126	43.44631064637226	-76.48913294181719
10547	41.31577845894569	-73.8510708063099
12090	42.8930444627558	-73.35500656122102
14706	42.1027423662037	-78.50795068311966
12754	41.79764385625947	-74.73863719136102
12423	42.38144042200886	-74.11081543574595
12063	42.56261946931217	-73.63452397724868
12758	41.89138368	-74.81379546207951
12516	42.112893237937385	-73.56174935202579
12443	41.92654892266168	-74.06709827140565
14051	43.029090237027646	-78.70538304989738
10917	41.32596447106677	-74.12380988242518
13074	43.31208189928572	-76.55308992683673
11972	40.8216676731783	-72.70087945612403
12095	43.01466208854659	-74.38100320808921
13782	42.16966584140845	-74.98927884140845
12585	41.72524084382567	-73.71512250968523
13057	43.07300859529264	-76.05521749010698
13053	42.48806299034111	-76.28990572075404
12527	41.52011497738096	-73.93577898809524
13679	44.32313090433276	-75.79716838538417
14817	42.3749733447178	-76.35973128248915
13668	44.74758863111765	-74.9936595155294
12953	44.83362031122106	-74.28490609699594
13849	42.339603543420566	-75.31674395595282
13224	43.04182994226913	-76.10397439762532
14052	42.770019539143256	-78.60602907546348
12578	41.805804687628864	-73.79483625754452
10026	40.80303840810992	-73.95278800341823
10518	41.26979065973535	-73.61080145538752
12198	42.68244655971703	-73.63974320955687
13757	42.412576044546846	-74.89537300768049
14564	42.99358036076146	-77.41516226495726
12486	41.830795428052326	-74.07109953662791
12043	42.693103773815785	-74.50047343611843
11941	40.8268588203789	-72.7218961391705
10019	40.7636015786336	-73.98605800435162
13308	43.23792357834336	-75.68832849541879
13114	43.46815923270911	-76.24471748205369
12567	41.98108486835985	-73.65291206762546
14760	42.08091815135377	-78.42685478979693
13431	43.213390851417	-75.07033358562754
12883	43.8436798119491	-73.4445597938237
10455	40.81546018386143	-73.90883523105197
14519	43.23257277954456	-77.3161477212014
14728	42.24996134204981	-79.44268330411877
12768	41.86856181273291	-74.72654825362319
14883	42.23999595740845	-76.48891338394367
10536	41.26834396908723	-73.69306266522032
12154	42.91552635661094	-73.60209698389058
14709	42.330338306969374	-78.00312148922914
11770	40.64709847671777	-73.15182466859738
10992	41.42744179779515	-74.16144516184761
13029	43.223744765894345	-76.13212898560396
14534	43.07062362155556	-77.51913680534028
14048	42.48004958896208	-79.33066793171551
11809	43.261637	-73.442211
10970	41.18899869747843	-74.04052073857554
13027	43.16139481679812	-76.32029122929406
10974	41.15799709262698	-74.19455722162752
14206	42.88104683501687	-78.81211362569954
10914	41.40786738	-74.1961728
14068	43.02382180704777	-78.75482072897417
14065	42.489267204653935	-78.34466420011933
12485	42.19956306076045	-74.1342416419772
14618	43.11565895698632	-77.56233317475183
14043	42.90253310949517	-78.70226272587261
13648	44.16016076179827	-75.29860295125513
13652	44.44422290115607	-75.21100814393064
14024	42.59865393056	-78.26308044136
12147	42.51344203444227	-74.15722926379647
12885	43.51562998000731	-73.79692573618422
12481	41.97922726253264	-74.21437837180157
12422	42.39416993966245	-74.19357616666666
12785	41.50504745714286	-74.55987786883117
10474	40.81401260451022	-73.88730014897816
12452	42.242966	-74.366248
12538	41.78708643794707	-73.90753178048998
12833	43.12806225357724	-73.86018667528455
14141	42.51836436582999	-78.6852157728581
11962	40.934952805	-72.2767110814
12513	42.21715695640327	-73.71312083705722
13039	43.17451353982036	-76.08788529540485
12439	42.2933618422	-74.2089803438
14580	43.214987856700745	-77.461291626906
12202	42.64114953108936	-73.76250195162791
13438	43.35125949891775	-75.16233467658009
13061	42.86312864453394	-75.74497219735328
10024	40.78629426387579	-73.97560769772012
13495	43.11134783437807	-75.27613157933399
10926	41.30849051127451	-74.15090611264705
12592	41.789050846984125	-73.55333203904762
10035	40.79527858355641	-73.94097728044933
12159	42.64957883570546	-73.86831176960712
14305	43.11412685968132	-79.03723534093406
12427	42.172027669033234	-74.11893112885197
12724	41.8472579	-74.944776
14057	42.6522490315832	-78.87491092256327
13619	43.98264643406023	-75.6234771184216
10969	41.29157308410689	-74.47966252672292
10958	41.385598527329975	-74.428580154534
14469	42.88279255861561	-77.45412037282769
14541	42.757619168569306	-76.84589262957746
12832	43.39204552303966	-73.30192099757797
13820	42.46105337103506	-75.05561607618948
10601	41.0339111360596	-73.76488176592714
14228	43.02756161595244	-78.79794925740522
14818	42.440839669096434	-76.84011161025057
11548	40.81280347292308	-73.62514257138461
14719	42.336163740482576	-78.86667938300269
12149	42.6269077226349	-74.56233092403644
12884	43.08591808333333	-73.59235065
12719	41.48965969548387	-74.91464939419356
12942	44.25352931651007	-73.78568132040269
12040	42.627266	-73.36164383333333
13112	43.09837996831875	-76.41710761632653
13421	43.08443104892361	-75.64948133623264
14712	42.16175777562389	-79.37173388279858
11957	41.14737106294682	-72.28003576233652
12766	41.81794972469438	-74.97710123031784
10036	40.75948728617984	-73.98928053862403
13316	43.35854603619286	-75.75635175510331
12064	42.61170971589595	-74.66311759942197
12827	43.41403498516908	-73.51985302014492
14611	43.14692231098695	-77.64093570750593
10988	41.30062324857143	-74.56034037571429
10968	41.04000909349593	-73.917555710813
14067	43.21119056989981	-78.57296095469034
14607	43.150197674108405	-77.58789268268008
12458	41.77568712514001	-74.39477853727442
12420	41.66838380769231	-74.38105471538462
10451	40.82047529308611	-73.91997935424261
13068	42.50493450571113	-76.36082033997789
12594	41.65293879338892	-73.55769157421084
14617	43.22054827132923	-77.5992571590978
10468	40.86538632931035	-73.90034122717786
12997	44.38506692246866	-73.8128468702025
12822	43.24587613445378	-73.84694690341931
14435	42.72865756706717	-77.68776572785363
12701	41.65289687612948	-74.69995423024794
12514	41.867945792834696	-73.76068666077938
12809	43.23717116679862	-73.46004790984662
12122	42.556242520535385	-74.31761974261093
14546	43.030135316621575	-77.76072257808272
12764	41.59835281525954	-75.01009702976862
12580	41.84979772714509	-73.89035654940197
13695	44.13643258888889	-74.91850214444445
12726	41.69815884198218	-74.98316593697105
13142	43.57022719898614	-76.14885195681771
13492	43.11635445107724	-75.31354767829268
14502	43.09947848111218	-77.33818341903164
10924	41.38982359668134	-74.33411899082289
13350	43.03235061925943	-74.98648005545269
13118	42.74359019861025	-76.40606085849289
14733	42.12848294084867	-79.19072837372188
12789	41.70511182743313	-74.57271362783153
12803	43.2876845458206	-73.63779673167686
12092	42.70157864340176	-74.3727010228739
10916	41.44173245812641	-74.24746655806997
14213	42.91634313789663	-78.8903612886518
13302	43.49835802747164	-75.96603639878445
14612	43.25770669723329	-77.66107715878971
12008	42.85545604057971	-73.90097030434782
14210	42.86332420470664	-78.82443094574468
11947	40.94947806796116	-72.57913153495146
14069	42.603701787564766	-78.64189395466322
12059	42.614267003900416	-74.05879879087136
12192	42.40214991806131	-73.8200740792875
12972	44.57305444673504	-73.52487163381197
10526	41.29704733271605	-73.6595933478395
13092	42.64746457231343	-76.42666163492538
12457	42.03941442549372	-74.25920058797126
14718	42.34200255008681	-79.30219939696181
14420	43.21400704104925	-77.9361432798287
12790	41.58887426091044	-74.5128900820386
13476	43.083457996948894	-75.52029026361556
11955	40.80640099642857	-72.82165843534986
14201	42.89739647768938	-78.88363225582843
12581	41.89420079600276	-73.69377567594762
12428	41.72381198197183	-74.42682404596671
12424	42.2379971913522	-74.1789028427673
13332	42.75312190809993	-75.55613805026495
13409	42.981348988021296	-75.59163167728482
12307	42.80462891513419	-73.93597725296965
12520	41.44186611853234	-74.01618361660448
10984	41.20532658569768	-74.01739723267443
10964	41.01165606760564	-73.92067995258216
13131	43.41699173875354	-76.1108261376204
12490	42.1247755	-73.92304
14836	42.53061541826568	-77.92695048690037
22310	38.7829937294964	-77.12517280647482
12106	42.38888670591819	-73.70562215526544
13021	42.92719979615455	-76.56221596440454
12072	42.907596025371966	-74.37276410344558
10027	40.8104274037685	-73.95046831026245
12781	41.61835715526316	-74.45992404210526
14512	42.64224870435959	-77.38375804750451
14559	43.18901055516916	-77.80281640791341
14063	42.434410779052754	-79.33303937928379
13732	42.05616843656804	-76.14924362050296
12989	44.49709603883041	-74.07798016385965
12845	43.41796226286083	-73.69525502154244
13140	43.05210781122449	-76.64943038027211
12778	41.66328885283019	-74.8249035100629
12763	41.6866414859137	-74.53075264505077
12068	42.955623196354495	-74.36823081753614
13212	43.12917045565792	-76.13828609300889
13045	42.59370469585229	-76.18971973098742
14842	42.59509091127451	-76.93959826601308
12515	41.68136295712121	-74.0615064289394
13040	42.54660408319382	-75.9304957067611
14840	42.44912974154589	-77.17384941062802
12184	42.427781800542334	-73.66579794347695
12812	43.85512843529411	-74.42081428823529
14059	42.83450416082731	-78.63964115669076
13080	43.082306156907215	-76.4754172058763
12912	44.45289919115226	-73.70590293600823
14211	42.908112793441454	-78.8232188806962
12138	42.74702738763316	-73.37834037577582
14737	42.336276480766095	-78.4342181002445
13407	42.99289024678899	-74.98139490993884
14058	43.08967061324245	-78.16857009376827
12494	41.96046895378641	-74.28200967631068
12932	44.21123984980732	-73.59366987967245
13690	44.161564435310346	-75.03174077310345
13365	43.05359170138211	-74.85389539126015
12531	41.53169360545455	-73.67101367892256
12456	42.0796770161157	-74.29861482107438
12495	42.07579254055944	-74.23447702902098
10517	41.29727514634146	-73.86446088536586
12441	42.214771	-74.457178
11030	40.79510870417591	-73.68814144537387
12732	41.52994632686763	-74.8919742378768
12140	42.69008418366013	-73.57265136941177
13827	42.114204422158686	-76.25645984789135
13659	43.75302095136268	-75.89402529496856
13205	43.01085553799852	-76.14465396607582
14526	43.14198834093598	-77.45803537111769
14005	42.91684105691275	-78.25217125530202
12305	42.81603610111189	-73.94179757268937
12838	43.34847262862903	-73.40115416693548
14622	43.21316323048561	-77.55513567684352
13031	43.0414740205712	-76.2860562173979
14568	43.13880509592777	-77.28906280791395
14470	43.21795005362125	-78.03927024061159
12473	42.26602929150579	-74.03477278610039
10976	41.03043523629489	-73.92777574536862
12887	43.55005121800142	-73.38077929138909
14001	43.01785445616603	-78.51360733729697
12121	42.84336573364596	-73.60859719249707
14467	43.0476758006135	-77.61424313310525
13156	43.33146359546425	-76.68155783121665
14204	42.88593038104561	-78.8602449239673
14170	42.70646380822596	-78.67535992170467
10952	41.11609233005437	-74.07640617068711
14445	43.11317896284673	-77.48863801403118
14026	42.94059055325077	-78.686384698452
12201	42.6477343	-73.7510076
14701	42.09416644303467	-79.24430605392511
14830	42.13761889171821	-77.04562295667762
14098	43.34063937267081	-78.40411808038303
10985	41.575573279646015	-74.35270301238938
13403	43.16193629084363	-75.26513698883744
14416	43.08117055934066	-77.96889693015873
10032	40.83732159340166	-73.9410019359385
10596	41.25277455985401	-73.95906280656934
12156	42.480772164625854	-73.74216602471655
14845	42.17693391133161	-76.8354020518886
14543	43.0004120622057	-77.66073332304833
12993	44.19160351768116	-73.4569629023913
12861	43.74585483975155	-73.42940915543478
13904	42.11854734713149	-75.85694135860552
12502	42.0742516492629	-73.6492631615479
12058	42.34619432192649	-73.92268425259823
12901	44.698129944537925	-73.46723083181938
14623	43.08591945548213	-77.62974658319133
14608	43.15287780890559	-77.62372971066378
13069	43.32371768789198	-76.40128851847739
12775	41.61483299817456	-74.58297508870507
14606	43.16875990611439	-77.68500590179549
12950	44.29876550470852	-73.55830309461884
12858	43.88966313778626	-73.67210065496184
12846	43.323827188108574	-73.822664467514
13480	42.92331312934089	-75.3765652265769
11939	41.12724315449141	-72.34246494372523
10998	41.33049875613739	-74.54318121627252
12069	42.94179172564103	-74.2826545948718
12052	42.75603951522957	-73.4813704350504
14744	42.42401453567363	-78.19292187020874
13625	44.53719646468907	-74.9322331547534
14456	42.86067150023792	-76.99027721013562
13034	42.91088175774647	-76.70982583918807
13348	42.68761530748299	-75.05272352845805
14786	42.144289	-78.262323
12529	42.19477133979188	-73.5412166259663
14891	42.3771199119697	-76.90716491878788
14481	42.77549629698925	-77.89966420397849
12175	42.56343014616695	-74.57529610800681
13646	44.45697949906472	-75.67916153277217
14411	43.24490950283922	-78.20110491728293
14033	42.65958851271186	-78.68940993802966
14006	42.63599349620058	-79.05378744293154
12164	43.49331166657458	-74.37048277513811
13167	43.30723693929068	-76.06260657830319
12817	43.647817831624266	-73.82650264661449
13135	43.23961093417813	-76.31474119659667
13065	42.815348	-76.812758
13211	43.09899969250426	-76.13888298385008
14136	42.53775035863582	-79.16456865883525
12194	42.52613059912664	-74.4480828537118
14222	42.916097335529855	-78.87715888353954
11249	40.71270928670187	-73.96217417695631
10931	41.12432414159544	-74.16896813760684
12842	43.748920646911685	-74.28092035747831
12851	43.807713756626505	-74.0031406660241
13141	42.75738702780749	-76.17816828983958
12433	42.00508174716981	-74.14894604339622
14615	43.20422349595706	-77.65138870843992
14301	43.09564390823935	-79.04134611918859
12492	42.21320348948598	-74.35787814719626
13825	42.42727915058703	-75.18668608882082
13152	42.914586122773095	-76.40113486488377
13862	42.328713682859394	-75.94809097796208
13685	43.94292666157151	-76.10954969766728
13309	43.48190139362319	-75.33481999552335
12056	42.765630280785125	-74.09281024452478
14462	42.68085016132076	-77.75852321415094
10030	40.81807625099931	-73.94310520627154
14450	43.08929317423705	-77.43436444461625
13420	43.72021658252661	-74.94579506440095
12863	43.05860674985251	-73.92316323274336
12124	42.444324316666666	-73.79232703333334
14011	42.8471006125963	-78.2893999114792
12944	44.49345142379197	-73.47659632113022
10031	40.82530715340387	-73.94835992332106
14874	42.53316828559322	-77.15940426313558
13408	42.91607862039758	-75.65925797372515
12130	42.44422409756691	-73.6569309944039
12779	41.7072658549469	-74.62943271967579
13346	42.82635948813839	-75.54308464534596
14560	42.67635098625377	-77.581162730287
12432	42.04467966	-73.95001972
12976	44.4765312	-74.1600522
14591	42.83092290774032	-78.08648941997502
12017	42.31520782032786	-73.45797621409835
13340	43.04543916675198	-75.10550957384183
13153	42.991944874285714	-76.45436408380952
12436	42.19294425	-74.08823675
14870	42.16122349065975	-77.11930279279096
12429	41.81923090887574	-73.96243319881657
12815	43.693554690139685	-73.72120525768283
14476	43.33329743368321	-78.0362702020038
10311	40.603673	-74.176995
14487	42.81031329970404	-77.66817174258468
10973	41.38641149650053	-74.47321892152704
13843	42.52371962692308	-75.37821786873977
13076	43.35202385906887	-76.14685805800194
14837	42.50289058401952	-77.01158525364441
10560	41.33568496922821	-73.60855396261276
13416	43.18471744172249	-74.98429267416267
13661	43.70682109793638	-76.11429773155632
14624	43.12624745174918	-77.73330673200643
12565	42.25053184659498	-73.64758483369175
14505	43.15514926352668	-77.18283878459397
12936	44.28810747236842	-73.38160437894736
12776	41.93614497883178	-74.9408695011215
13450	42.69943213609022	-74.81689387368422
10576	41.20528155867228	-73.56956943529687
13738	42.567818	-76.124311
12482	42.26901972059553	-73.95828107047147
14861	42.0748297226179	-76.69654356207892
12522	41.73151018747803	-73.58582476911248
13203	43.06131749319714	-76.13540501019408
12870	43.83405049293747	-73.7682163688709
11956	40.99363492813299	-72.47593325370843
12046	42.48037561401099	-73.90993930412087
14735	42.4549179686964	-78.09641224408233
12741	41.83167627411348	-75.07615128581561
12852	43.94823888663912	-74.15859284256199
13304	43.24791103213367	-75.17653865899743
12787	41.79918967048193	-74.82962146987953
10986	41.26433440343643	-73.986723469874
14533	42.843614131752574	-77.88465786907216
13790	42.128016421073376	-75.96819335566245
14755	42.24577798825048	-78.8067645065849
12962	44.69401713988142	-73.57627288774704
14903	42.12965613448427	-76.84243335102265
13618	44.1231917301595	-76.30226377462542
13209	43.07819489344862	-76.23917316466579
12435	41.73650002861842	-74.52666812434211
12919	44.972559692719486	-73.4391224359743
13637	44.06601276672325	-75.83924739465195
13146	43.09039392151899	-76.75987650867992
13459	42.7792010477533	-74.59835153955947
14012	43.34151791647255	-78.52938561755408
14824	42.27277024153005	-76.71537187349728
14867	42.35846274232173	-76.59255497426203
10589	41.33273748766688	-73.69289823273998
12469	42.44203694394737	-74.22914093921052
12788	41.78983993855586	-74.5977592030654
14741	42.21801824641813	-78.61181323099416
14111	42.58742415250716	-78.92065120816619
14468	43.291854036536336	-77.78830397349239
14806	42.157495602197805	-77.7896676354788
13033	43.18087536234757	-76.55986623323172
14510	42.71375518184438	-77.87609043861671
14613	43.18245477452309	-77.63843908352226
12042	42.38407329563107	-73.88872695825243
14042	42.47802968445441	-78.48049449681116
14101	42.405707605663565	-78.51232699847844
13743	42.21660820785024	-76.33782495646136
12859	43.16590977698412	-73.8839242930335
14722	42.209191063261294	-79.46647713447936
14860	42.59870720179487	-76.84263008807693
14889	42.21303757520661	-76.57459722420307
14769	42.38026770544355	-79.47332691512098
10014	40.73401806753927	-74.00488674732985
12028	42.94537874731369	-73.44086744800693
12087	42.42862526907563	-73.88289316000001
12856	43.73803094050633	-74.06540945822785
12483	41.66231585	-74.424992925
13478	43.1436627870944	-75.57737077271386
12155	42.57489896358253	-74.82731598164322
13026	42.739031272000005	-76.67492993287806
12150	42.8755249593596	-74.04628184753695
13784	42.42467493333333	-76.23463966666667
12007	42.48149811111111	-73.92830138666666
14081	42.56795048140857	-79.09351793350831
12965	44.70241923916914	-74.68433456735906
15043	40.55411464533333	-80.48604301466666
12480	42.1255573595082	-74.38564895868852
12886	43.63645781176471	-73.9323170245098
10506	41.18952121893241	-73.63607189335637
13647	44.61067484285714	-74.96971
10933	41.36484431176471	-74.51207764607844
13160	42.83153323320463	-76.67575311814672
12814	43.56993890232318	-73.65497783784203
10527	41.31171931085044	-73.75672781143695
12418	42.36636403110647	-74.14304368580376
12743	41.52900339628483	-74.84846486037152
13622	44.07463565440747	-76.13603350245184
12071	42.54307463787879	-74.40871153484849
14516	43.19835490122649	-76.91592507473426
13864	42.29786238969805	-76.39838869822381
14605	43.16867103026562	-77.59982589277965
14781	42.15903740568592	-79.60159751326715
12811	43.593527	-74.042895
12471	41.83707642380952	-74.04147423809523
13041	43.17522313830107	-76.17524036737456
14131	43.23323635246837	-78.89634055434517
13839	42.255067393989634	-75.25532634227979
13360	43.74759022691934	-74.7847396004859
13132	43.256464401485154	-76.2354055121562
14813	42.23504423308424	-78.00982642425271
10987	41.194805786358174	-74.21091009837741
14750	42.09617470674894	-79.3242573998843
13636	43.73627228116883	-76.13129395974026
12836	43.750928330269055	-73.5087106705157
12454	42.28649943932584	-74.16849489063671
13208	43.07385155582685	-76.1476506752418
12045	42.47367303869863	-73.79467365547946
13832	42.64280818371336	-75.6466806
14464	43.31562823692347	-77.93107871038391
14507	42.70216495557656	-77.28086397334593
13634	44.005882030161786	-76.0812965838598
14738	42.04881935364641	-79.1208042517127
14717	42.372198966757246	-78.19141789474638
14805	42.35739673954802	-76.73410060225989
14514	43.1119009184643	-77.80057102064535
14080	42.646992951872924	-78.53654750165956
13354	43.25200786365607	-75.26264927232658
13748	42.04764833143108	-75.81129658028973
14471	42.76330715243844	-77.50658113495896
13110	42.8876038994	-76.28567032453333
14532	42.959851863738415	-77.04683992318203
14025	42.63257232489762	-78.73517307248157
12847	43.92262392284456	-74.50467111730649
14841	42.51606941089918	-76.86796783269754
12941	44.39169730079287	-73.72633827819624
13630	44.50048500625	-75.3022222648611
14743	42.19221958107256	-78.40041316866456
10922	41.33417616606684	-73.9881863021851
12082	42.7670724	-73.43362798
14782	42.26254706487424	-79.26556467389419
12981	44.644907837192285	-73.79069831922821
13042	43.24010044276528	-75.84674302913183
13204	43.0460510392933	-76.17570447683104
13697	44.76141219504644	-74.80581949899381
13120	42.959690769059954	-76.15952425329387
14209	42.91323421747076	-78.86540414163011
14125	43.07254946183965	-78.27289771833436
14506	42.99826861609589	-77.50375477636986
14877	42.07349479139194	-77.67686966501832
14102	42.83695816340956	-78.55580875883575
12926	44.94029540142857	-74.32567759980952
10981	41.320895	-74.278834
12913	44.41189968974359	-74.05847354524887
13606	43.86593198734083	-76.00829270194757
14626	43.21488457456629	-77.70584829976696
14739	42.195707099614886	-78.14577153859649
14527	42.65484528045226	-77.05635856633972
13660	44.76736850705645	-75.15116592086693
13477	43.03691403625219	-75.51026847530648
13425	42.953508120305166	-75.47808307335681
14423	42.95740261339535	-77.84783165730232
13145	43.653344765351896	-76.13403058058778
13490	43.10814447965517	-75.42072831310345
12501	41.85490896745607	-73.55507753346065
12937	44.97406117770859	-74.48566337920299
14815	42.38603044082569	-77.08791764954128
14208	42.914604795594805	-78.85122422049372
12057	42.96386547719298	-73.34766357368422
13324	43.30439996953185	-74.98344927375288
14425	42.97721749549165	-77.34942433231636
12430	42.18440121188748	-74.52236631696914
14905	42.08603174857685	-76.83836109841081
12824	43.51783184987932	-73.68893124119067
12167	42.416746736608864	-74.59396771451509
13363	43.30960346552735	-75.50378743964843
12093	42.49388251978852	-74.62855454871601
11547	40.82795334534314	-73.64288050196079
13166	43.04920240927797	-76.54562448422384
12136	42.43299860016234	-73.55759791542208
14167	42.744033258	-78.31380408785714
12470	42.282541836	-74.02060430872727
14740	42.20961627198444	-79.20525282594033
13054	43.153811622432855	-75.66490637187994
12935	44.83510105510563	-73.7954866137324
14020	42.99910820459255	-78.1882783339002
13780	42.42025714509202	-75.4832397654908
14838	42.182521910888255	-76.67437435510983
14418	42.59739534207879	-77.19789486336965
13472	43.69927717901235	-74.99473519506174
13044	43.27162033128448	-76.00223156611504
13165	42.907854742638975	-76.87692484982692
13357	43.00404223536886	-75.05046119506149
14036	42.97762836734188	-78.38818114237289
13731	42.151944808366224	-74.78476900378847
12783	41.74053190190421	-74.82206052186959
10001	40.74839534412651	-73.99404516485944
12980	44.65185614685768	-74.55418369195934
14731	42.279027629738685	-78.66963952175193
13730	42.23318614044944	-75.53394817426967
12153	42.64122524185606	-73.48148516761364
14878	42.44881752091743	-76.9356302293578
12770	41.44359567263682	-74.84656550845772
12723	41.7711689880315	-75.0248097003937
13608	44.2310775448718	-75.6133012583916
14548	42.96561706843359	-77.23011469749851
14847	42.61388762156398	-76.72455771658767
13806	42.36940130833333	-74.96444717083334
14810	42.34561063156038	-77.32564335596783
14590	43.24999450897902	-76.8345520248951
14517	42.58580390296457	-77.91216324562545
14427	42.64167776551725	-78.04978690758621
13812	42.02963993777777	-76.35495145169082
14545	42.66453668730159	-77.71383071904762
13030	43.16214426604033	-75.95998071058662
14803	42.25486609054983	-77.78097130257731
13833	42.19161069227329	-75.79031899491663
12914	44.93536343716981	-74.59374734867924
14091	42.54230570586145	-78.90630420497335
14212	42.8944405583208	-78.82437681003611
12460	42.41444838371041	-74.15895738190045
12747	41.76647624594395	-74.66005413421829
12819	43.62709136139089	-73.4891790059952
14801	42.09744954744257	-77.26986349231241
13052	42.747925861791046	-75.88234995574626
13493	43.41850730316957	-75.9043933181458
14715	42.074457404670326	-78.15789150967034
12848	43.103701	-73.522288
13635	44.31395598616714	-75.24765895778098
12166	42.84145012865413	-74.45612985094067
13056	42.673363	-76.072759
13865	42.0699453724525	-75.66022460729707
12958	44.95985616402878	-73.57799620143885
12987	44.336762905	-73.7739578109091
12777	41.56502896727829	-74.72978548685015
13621	44.84374383816425	-75.06644628864734
12918	44.6947478123696	-73.67354972734724
13083	43.64255362564594	-76.02103799224881
13158	42.711732367017085	-75.9863760586071
14008	43.31552573664596	-78.63209042919254
14172	43.29999229506391	-78.83053101917145
12966	44.819990456816655	-74.41773774378778
12161	42.5342575	-73.8498915
13788	42.36213938764881	-74.66630301607142
13219	43.041071920572655	-76.22454337909807
13801	42.50512414286988	-75.78019786229946
12212	42.674055	-74.067213
12969	44.711763283179295	-74.15282093770794
13811	42.227442000236856	-76.16445794827096
13746	42.25903141121496	-75.82987653779205
13147	42.7744474056239	-76.5652013367311
13658	44.74101441351778	-75.29120901304347
14812	42.27737814751269	-76.97520152715737
14040	42.89004589072052	-78.37753479901747
14013	43.07228765284653	-78.39788355767327
13081	42.66207066464924	-76.63291532778543
14105	43.211992746150045	-78.48650428741362
10932	41.48190146	-74.4653609
13367	43.79946682160814	-75.46089124248908
13605	43.81488439420233	-76.05550873307392
14466	42.780231972900765	-77.58040649440204
12406	42.13120900389049	-74.57276557247839
12507	42.000114653	-73.92342832899999
12417	41.90717180833333	-73.9911727
13207	43.01925226416258	-76.16480463191523
14863	42.45258161111111	-76.71337902222223
12939	44.424453	-74.168517
14171	42.42014087232227	-78.63512577450237
12960	44.03989223505536	-73.50530315332102
13331	43.80889599576588	-74.8554528014944
14478	42.57953546190476	-77.12304651729323
12748	41.78022321095786	-74.92492490505747
14437	42.5684480085008	-77.71011558597267
10501	41.294169004356846	-73.76131661493775
12169	42.571234338951314	-73.43219969363297
14009	42.55823811930177	-78.40923490232744
14132	43.14270458405496	-78.8731404753955
12151	42.93222846746988	-73.7936526454389
13201	43.01225328	-76.70015374
13122	42.84083967027491	-75.86301222371134
12416	42.10184442235294	-74.29453299254901
12504	42.02184873364929	-73.9079168393365
14207	42.94924046809419	-78.89728916282832
12810	43.48499543045823	-73.87593557735849
14881	42.3969010760274	-76.35462155479452
13103	43.32291854117647	-76.11315046470588
13856	42.18157299735269	-75.14220986578422
13638	44.01941941809524	-75.75980871333333
13694	44.85731665632054	-75.1895166694131
13116	43.076166783589386	-76.00908229434359
13143	43.24240664277419	-76.71545633335484
13328	42.9883104920502	-75.42562125523013
14555	43.266177286534216	-76.9867158111847
12722	41.587265	-74.385009
12974	44.04802168588888	-73.46553702844444
12041	42.57084869015544	-73.96296059844559
12878	43.42999520753138	-73.96510874246862
12996	44.38152904675028	-73.39622412844926
12970	44.44837524050633	-74.2229354329114
14716	42.38746235121693	-79.43906448391535
13680	44.58822572401316	-75.33199268651316
13063	42.85611475895439	-75.98524046740823
14030	42.55736731403941	-78.49729525086208
13138	42.89963152272728	-76.01430042727273
12234	42.6539308	-73.7573634
14753	42.02851688716577	-78.6286747684492
13315	42.73527630154016	-75.1523539959296
10979	41.18280284285714	-74.31732327142858
12752	41.6826300807947	-74.99283367384106
13797	42.33785609194139	-76.02893100124543
14138	42.373221332879815	-79.05213001632653
12957	44.84151184709596	-74.56336068459595
12474	42.28807546937014	-74.57229353442622
14822	42.440392204052095	-77.82646250188134
14809	42.41752902356322	-77.4357495390166
14539	42.83437350357143	-77.8802124
14865	42.34736453835126	-76.84329740523297
12176	42.39185254751773	-73.9652899787234
14901	42.094842490143904	-76.80136845817269
14166	42.45106567368421	-79.41710296710525
13343	43.740517154962966	-75.34949714637038
14879	42.3074920976033	-77.19996299752066
13164	43.09056452640351	-76.29829950780702
12459	42.1039852	-74.656421475
14767	42.054940658205126	-79.50283129294873
13157	43.20080537878789	-75.72666495959595
14711	42.32565699706171	-78.1277244369246
14853	42.44814815335277	-76.47580797521866
12070	42.97111311034946	-74.25143848212366
14756	42.196810660273975	-79.42356078356164
14775	42.25202834137438	-79.7065657968504
14846	42.53870896093024	-77.99255894534883
13664	44.58664733333333	-75.64914778055555
13844	42.60420191567796	-75.6449665447034
13808	42.5339623440678	-75.25141475461393
12945	44.361760845730025	-74.24435756694214
10011	40.74085489441692	-73.99943298031053
14143	42.97578162356021	-78.07362920139616
14747	42.14843864971842	-79.1000979614642
14432	42.96539284073629	-77.1448486117647
14477	43.3448367567788	-78.14248974026503
12475	41.51539022244898	-74.13149824081633
14894	42.01422963481262	-76.75840200601577
14139	42.71458189840637	-78.54697153555777
12035	42.72693468063492	-74.35689982444445
14859	42.11597675619694	-76.54509077911715
13810	42.60298483744966	-75.1031076
13486	43.32951133032787	-75.35873697349727
10505	41.34159643258064	-73.7467982083871
13071	42.66892634766537	-76.54263904922179
12929	44.72097199621621	-73.71632627027027
13740	42.27323008735409	-74.75933646264592
14169	42.76774035	-78.52894226111111
11765	40.87859443993399	-73.55658557854785
14055	42.55245549305331	-78.61756647673667
13437	43.5652567166309	-75.81151674270387
12736	41.846754442666665	-75.024737464
14521	42.6763920246848	-76.80916541479762
12434	42.35983571468254	-74.48871209722222
13687	44.50277250365854	-74.8625384156504
14066	42.61805339149233	-78.16904086025104
12920	44.88899117299757	-74.06057561723301
13353	43.379878	-74.724498
14872	42.22391450676471	-76.8492141385294
10578	41.325044381266494	-73.66878212189974
12055	42.49867312	-73.99451084
13338	43.48425527134109	-75.13664849724434
12410	42.08234629457944	-74.45140862803738
12759	41.77857172142857	-74.65337499695123
12411	41.87808517209302	-74.04132292325582
14784	42.31911398430034	-79.3718466771331
13787	42.18886738075893	-75.65974628325893
12857	43.79436049555556	-73.91988504730159
14831	42.143665	-77.056441
13778	42.33483178117921	-75.76684329590273
13612	44.00449455455349	-75.7791504657825
11969	40.882916	-72.429898
14898	42.06182609458563	-77.43022652696132
13736	42.3098268073251	-76.19256285481481
13060	43.02645319375897	-76.43139297209468
12917	44.91762934217208	-74.17391952708039
13803	42.45311674795043	-76.05088669842706
10029	40.79199691680898	-73.94451200346067
12132	42.47176829354839	-73.63003148709677
13842	42.36584737676349	-74.72582987385891
12992	44.80620034802395	-73.51628756918163
12837	43.499904574438204	-73.26390147219101
14047	42.69555652367113	-78.98508419904398
14895	42.103996761526	-77.94312896894007
11005	40.752816183544304	-73.71393131898735
13303	43.34974866272879	-75.45828831048253
14475	42.93446457323943	-77.49859834014084
12177	42.9535240902439	-74.28554359512195
13754	42.06622158676815	-75.43936526654957
13733	42.303837062602206	-75.4785223628155
12195	42.4933486	-73.45461246666666
10519	41.34826542	-73.66149693714286
13454	43.15850457462686	-74.7578601916418
13693	44.02625984553719	-76.25160563206612
14550	42.67361174057804	-78.08494360138728
14880	42.163938545666426	-78.00063666190823
13691	44.22013300187714	-75.79481020324232
14588	42.68050396	-76.8667331
13062	42.48260796666667	-76.38836866666666
14804	42.31321727755376	-77.79497713575269
14757	42.23312289708242	-79.48612827815464
13775	42.33735320925738	-75.1560679360122
13739	42.36493323057852	-74.79317056727272
13337	42.73097707533461	-74.98280031892925
10597	41.2954924625	-73.59630166630436
14034	42.49839106925881	-78.89087881190765
12517	42.12629637508772	-73.51967715017544
13830	42.44125345322119	-75.61174810687187
13802	42.23669257409091	-76.04950773227273
13620	43.88964905427303	-75.4535573981132
12036	42.5381833046875	-74.68048389427084
14814	42.1430443283	-76.94773019670001
12986	44.22691888761932	-74.46297648040427
12791	41.804566604891306	-74.88564378369566
13684	44.394713319330855	-75.11346743048327
12465	42.14470639800399	-74.4816829502994
12131	42.45802611692307	-74.46703469538461
14113	42.67874165791045	-78.34045900149253
13756	42.006575076496674	-75.11611617028825
12873	43.11321597948304	-73.32227228626817
13411	42.63026544044307	-75.31472330401854
14869	42.34878357025411	-76.77903956038864
13322	42.96842563233083	-75.21646444526316
12985	44.60065411666667	-73.65004716566666
12821	43.45637627883212	-73.39561588029197
13123	43.22697325	-75.767475575
14571	43.349219357158006	-78.24732640487804
14770	42.039155948669794	-78.31756738787168
12421	42.24702650837439	-74.54410019310345
14821	42.232824941051454	-77.20926020520135
13433	43.58479827361752	-75.32147903640553
14422	43.07448557412399	-78.0642170592992
13115	43.31169285	-76.462060825
14904	42.07288315568026	-76.80387092721038
13752	42.18884557818741	-74.9138744562212
14544	42.76303267384488	-77.25242546064356
13469	43.22086416029851	-75.29706359970149
14858	42.03076705637664	-77.13298404839094
13795	42.06328160691057	-75.78957312378049
14070	42.45888819427124	-78.93671658063133
12734	41.74982920252583	-74.75505094477612
10982	41.10628765	-74.09937045
12720	41.6770649	-74.88641959724137
13809	42.40274365355691	-75.39236759573171
13319	43.0254238038961	-75.26749186839827
13418	42.846143789719626	-75.38724845327103
13426	43.57506	-75.99615
13835	42.38338733897686	-76.16554628124238
12955	44.78236313725	-73.9749654365
12910	44.8734911102981	-73.65519542728094
12964	44.14061011339286	-73.62887103303572
14028	43.3207699901524	-78.72045931711605
13846	42.35143227202381	-75.04957069404762
13667	44.82538019965278	-74.96303656452547
10002	40.71714318931883	-73.98926273226735
12174	42.35727211111111	-73.73173987777778
14536	42.54666421777108	-78.07260256746989
13468	42.841341622613065	-74.86169438743718
10016	40.74546759822357	-73.97968442946274
12952	44.72246502971176	-73.9284979503326
13796	42.54330896688654	-75.12768612968337
12762	41.6644912667048	-74.80307394210526
12489	41.75638201818182	-74.35402978181818
10915	41.5498226	-74.36862615
14060	42.4281026	-78.30480655798611
12765	41.84638866090909	-74.61287899068182
13783	41.9703750419601	-75.27716514348592
13318	42.91857257774436	-75.25046980842104
12107	42.687502	-74.133976
13626	43.86582140389198	-75.72065711731533
12860	43.72461385981735	-73.80231534589042
13614	44.54579787769784	-75.68546418992806
13334	42.84197243751306	-75.64967912957158
14825	42.03949643918919	-76.61938811972973
12438	42.20322831666667	-74.63388100555555
14129	42.478920364532016	-79.00221579802955
13401	43.269043	-75.681834
13861	42.4882211491018	-75.12905225808383
12115	42.46548349017857	-73.58972689375
13471	43.32406326258158	-75.60350842683104
13364	42.80887455725807	-75.25675738709677
13616	44.02901499243986	-75.84704157869415
13072	42.757900399238096	-75.75680100133333
12874	43.68899085447942	-73.50463651307507
12916	44.83600583633664	-74.51307418960396
13406	43.13909829683099	-74.95155577147887
13641	44.274762470198674	-76.01037251059603
14433	43.08377448078021	-76.87751262935299
13483	43.39753949683544	-75.81663249873418
13488	42.67861018267717	-74.7675662543307
13111	43.26627343435294	-76.6187124982353
14134	42.53633481780822	-78.5091490979452
10009	40.72586480871795	-73.98079280820512
10013	40.71916541226272	-74.00256934252089
12464	42.0752568015528	-74.32796905652174
13327	43.91904072643202	-75.32669130296756
13163	43.0793381	-75.70759953333334
13301	43.39341331969697	-75.20880149318181
14754	42.01987820297952	-78.21063398137802
14726	42.25005853574468	-79.03159466099291
13155	42.65401601818182	-75.77863919173554
14884	42.47253792331002	-77.88783737972028
13087	42.70993445	-76.15565355
12183	42.74229954289406	-73.69309562273902
10003	40.73153038439811	-73.9886210317754
12750	41.73629308167939	-74.9546094427481
12742	41.71589754470588	-74.72455487058824
13470	43.1783771372549	-74.6575457413273
14723	42.3012356096022	-79.12631862331962
13124	42.63746457	-75.81601397714286
13734	42.06306922191651	-76.4015777540797
10542	41.372555	-73.761417
12450	42.17529958446745	-74.22646120369824
10039	40.82413122050148	-73.93941753141593
13615	44.00400356982759	-75.98432056724138
14777	42.38845902737819	-78.22699536032482
13436	43.81576954285714	-74.63822241142857
14873	42.52234513387242	-77.28819376630729
13665	44.06022091672535	-75.4765558496479
10023	40.776934788825066	-73.98108905697127
13028	43.28245415077605	-75.93032043824833
12172	42.28459415	-73.740882
14126	43.33715699176471	-78.71900543694117
10975	41.24481397837838	-74.15933366351352
14893	42.46653366129032	-77.1093145483871
14041	42.409278821875	-78.974735421875
13696	44.717269695238095	-74.90028950476191
13750	42.47439183223443	-74.82975864981685
13640	44.319366202256695	-75.98104335366715
12574	41.91814665789474	-73.9506295368421
13491	42.867374393190346	-75.18041193131367
14486	42.89534431860466	-77.9204713620155
14203	42.88583916663202	-78.87014861975052
13603	44.03610357074176	-75.81414854313186
13355	42.81833000625	-75.43981641634616
13162	43.18966529648438	-75.728790103125
13313	42.87711348656716	-75.25385042313432
14037	42.816186717153286	-78.46268404616788
12808	43.74926872344262	-73.76601344672132
14823	42.25863095503643	-77.58670306660952
14826	42.49221788463768	-77.50181982594202
13633	44.49877514853801	-75.47963688538012
13813	42.17091173244275	-75.55018068575063
12031	42.76351265473684	-74.44209835894738
12544	42.254174	-73.667383
13144	43.56803269260416	-75.97844372833333
14807	42.41532208234597	-77.6935254099526
14029	42.4514095	-78.28626995
13310	42.88602068789809	-75.5651737267516
14130	42.55143356	-78.14749909
13361	42.89969030382776	-74.87789575956938
12911	44.521684783333335	-73.46411739333332
11371	40.77399455	-73.8800003
10040	40.85167869132553	-73.93327360487329
12530	42.201634	-73.687692
13489	43.461710931907895	-75.51980122894737
13064	43.31901112	-76.70581092
13325	43.5656646518797	-75.48050981152882
13755	42.06096021804408	-75.01182784214876
13744	42.23610186489361	-75.9116053781155
13673	44.15940089141304	-75.71501191282609
14724	42.05494705167008	-79.68239306523517
11439	40.78020848888889	-73.79387168333334
13119	42.974912	-76.441631
13460	42.68450286227824	-75.47331460746966
10010	40.73983503064516	-73.98506376241936
14585	42.90565032816901	-77.55314085563381
13020	42.81863293650793	-76.07267776984126
12749	41.68754513033033	-74.83840729009009
10025	40.79768795833935	-73.96763417902527
10128	40.78174294208651	-73.95114845440204
13841	42.40732078831522	-75.8338759111413
12733	41.73372810280899	-74.61465565945693
12849	43.44025981649485	-73.29552900927834
12977	44.29759536851852	-74.0917338
12844	43.49242753217158	-73.6294285455764
10018	40.75409443852527	-73.99037626205468
14480	42.834232424545455	-77.70414744136363
14453	43.01392445	-77.4700031
12979	44.98765267376775	-73.36852455112782
10033	40.84933693989862	-73.93523305177408
12479	41.4460849	-74.612774
14820	42.18712763241379	-77.36545014390805
13402	42.89805428121607	-75.52181691400652
13611	43.7813227	-76.11998072380953
14748	42.14396131102941	-78.65805989485294
10953	41.42544276666667	-74.17424388888888
13632	44.13833533157894	-76.06651362807017
12493	41.80320672631579	-73.96266437368422
10021	40.77016551009995	-73.95972057001578
10028	40.776556174265885	-73.95372739599573
13202	43.04296005250501	-76.14987731563126
12738	41.65656614821429	-74.58582532738096
14511	42.99383153892944	-77.86252420389295
13464	42.67877544923258	-75.6047698837072
14864	42.259119474412856	-76.84001654758961
13786	42.44211348538813	-74.6997136502283
14736	42.117161605898126	-79.73525596756032
13473	43.64300309141324	-75.42540567227192
12108	43.45903071390461	-74.39363261713824
10521	41.2334275	-73.9226383
14010	42.772988	-78.860167
14851	42.4399571	-76.50848615
14112	42.69822538	-78.9660956
11359	40.79318805	-73.77606986666666
12604	41.6863845810219	-73.8929158
14732	42.2105442	-79.10650858
12207	42.65218411312715	-73.75197354975944
10034	40.86559596483209	-73.92178057098882
14729	42.3993355469163	-78.7372483345815
97058	45.638609136363634	-121.2412920030303
97820	44.3925911	-118.9490551
97530	42.31142124285714	-122.96198379047618
97503	42.475068004166666	-122.82616110277776
97845	44.41712917894737	-118.96117511578947
97376	44.4892931	-124.0749058
97202	45.48339752809835	-122.6393178399801
97734	44.55192996	-121.26057768
97493	43.8837884	-124.11513
97540	42.24485771308412	-122.78719858130842
97520	42.19795697307692	-122.69863977905985
97825	44.471282	-119.539204
97639	42.45393	-121.471999
97444	42.42835005714286	-124.41237454285717
97041	45.49071976666667	-121.60757226666668
97737	43.508149	-121.648489
97754	44.308367935196685	-120.83462043022772
97352	44.71825635	-123.01019605
97415	42.06090364792176	-124.29396341295843
97023	45.2919980909416	-122.33297653257848
97223	45.44031556452605	-122.78426678841888
97502	42.38850789285714	-122.89909943865548
97538	42.272891	-123.58225
97708	43.907887	-121.438692
97701	44.07532270510753	-121.27135427674732
97759	44.29309194693878	-121.51479952857144
97524	42.47633701735206	-122.805145002006
97544	42.230535	-123.280847
97830	44.99871175	-120.21458721666669
97541	42.686512	-122.767024
97865	44.41736843333333	-119.1047552
97859	45.516203	-118.450231
97442	42.737288328571424	-123.42643668
97850	45.32943877922078	-118.08447880389608
97864	44.826493	-119.422447
97814	44.77646164980696	-117.8306868888031
97760	44.364693838461534	-121.15741793076924
97914	44.032051375	-116.97238485833331
97201	45.5085052893776	-122.692743946722
97638	43.12785335	-121.04841935
97537	42.43248214	-123.16663578
97601	42.22891105	-121.782892625
97119	45.44850894362934	-123.13628293564994
97497	42.6617937	-123.38506615714286
97124	45.53594641130998	-122.95350435276964
97523	42.13471957368421	-123.64223093684213
97429	42.953058	-123.090117
97064	45.85028165789473	-123.2041915131579
97526	42.45609818888889	-123.32881739222222
97709	43.9806549	-121.8060098
97527	42.420224342105264	-123.35914821578947
97621	42.467632	-121.26002
97451	43.8368792	-123.2398231
97401	44.05282392014926	-123.0862357766169
97426	43.91957160875	-123.01870940125
97739	43.63876964210527	-121.46370165263156
97338	44.92296061111111	-123.31571875
97040	45.678677183333335	-121.39184521666668
97045	45.33606676081457	-122.57474356612876
97436	43.9663804	-124.1049429
97624	42.61098534	-121.8884798
97707	43.88769967892004	-121.4382466386293
97437	44.093021675	-123.36749535
97623	42.278321	-121.412197
97641	43.2381981	-120.6805423
97487	44.0525675925	-123.3525916375
97735	43.35650596666667	-121.1392638
97640	42.994009	-120.760964
97603	42.2044273	-121.73974316666668
97827	45.56496036666667	-117.9216657
97828	45.45182578301887	-117.283950945283
97501	42.32014444528302	-122.8887122143868
97423	43.15687586049383	-124.17222849629628
97411	43.05915135172413	-124.41816804482758
97301	44.93969693589743	-123.0117660994872
97484	42.926454	-122.905663
97534	42.05975716666667	-123.73264783333332
97215	45.51454262089084	-122.60135404755331
97870	44.776632	-117.183342
97214	45.514205879886966	-122.63853945096407
97439	43.98681887321429	-124.1098521875
97221	45.49233058879895	-122.72715480899146
97304	44.95200932213115	-123.06474549508198
97751	44.152797	-119.827273
97103	46.16336214427084	-123.80937864873512
97113	45.51075610711184	-123.04870262407708
97627	42.123298	-121.94452
97848	44.5529761	-119.646125
97123	45.49961789392213	-122.94445075245088
97478	44.05007820045872	-122.95808131605504
97148	45.3401175	-123.1909686125
97402	44.06204156636905	-123.14697653809525
97424	43.79415494829787	-123.05600814776597
97868	45.4757509	-118.8337952
97330	44.588735705602005	-123.28449147867892
97404	44.09020031197411	-123.14002693074434
97370	44.54567572105263	-123.37498323684213
97846	45.34553072	-117.22750396444444
97458	43.0358229	-124.049973
97391	44.62660377142857	-123.93593651428571
97880	45.138992	-118.919279
97750	44.56805253333333	-120.15758286666669
97470	43.22064586388889	-123.33939086944444
97441	43.7305038046729	-124.11031877196262
97060	45.5266500487103	-122.39121512130198
97432	43.105333	-123.428865
97131	45.719295	-123.8871416625
97702	44.04272808288288	-121.3190029885886
97220	45.54208528706141	-122.55912386013158
97741	44.61619973448276	-121.12692469655173
97761	44.763480828571424	-121.26060477142856
97403	44.04209126575343	-123.0647277041096
97756	44.28969849431468	-121.22363730423092
97448	44.208513151851854	-123.23213505555556
97405	44.01860871038063	-123.09183610311418
97013	45.26414192010378	-122.68500411991964
97361	44.7997501	-123.22111585
97869	44.459452	-118.703496
97343	44.615218	-123.748875
97342	44.732418	-122.146211
97107	44.575494945454544	-121.87289811818182
97836	45.3569377	-119.551891
97463	43.7530911	-122.47369163846156
97720	43.44893732	-119.47209536
97333	44.539977262820514	-123.27455161538462
97326	44.619956	-123.576448
97455	43.98006635	-122.9497719
97128	45.20691366203704	-123.19566428425924
97374	44.70604490714286	-122.84970800714284
97355	44.53099743582089	-122.89710149104478
97738	43.556753125	-119.0826288875
97390	44.4061339	-123.8946568
97431	43.89775335	-122.824902225
97031	45.69132243246376	-121.52352971333336
97476	44.0893587	-123.0445213
97824	45.303068	-117.803049
97456	44.314836533333335	-123.30865485
97867	44.99696775	-118.07812745
97467	43.68259848461538	-124.15075911153846
97449	43.579146	-124.163076
97116	45.52929318300257	-123.11766845032572
97471	43.22462498695652	-123.37763436956524
97758	43.563286	-119.559414
97408	44.13581891885715	-123.06489358685717
97753	44.21736833333333	-121.03768833333332
97321	44.60230375247093	-123.1240340824128
97876	45.507927	-118.022686
97416	43.043821	-123.675524
97877	44.7449546	-118.2019518
97149	45.1040679	-123.9779294
97459	43.45248846919432	-124.22982906161135
97324	44.362017	-123.620606
97412	44.1710476	-123.5797682
97630	42.19699787142857	-120.34736193571428
97054	45.95222775	-122.99325235
97147	45.6879859	-123.88326105
97112	45.2055771	-123.8892133
97056	45.72510432083333	-122.88733733020833
97053	45.81888546	-122.85038828
97018	45.8923192	-122.81168335
97063	45.2494609	-121.2887375
97454	44.208342	-122.825985
97420	43.36164961972534	-124.21948736933
97141	45.44604601904762	-123.8976954857143
97138	45.950958981318685	-123.84947644615386
97434	43.7047859	-122.8489482
97856	44.749615	-119.118209
97730	44.452675	-121.651685
97438	43.955743	-122.790549
97029	45.320512	-120.772898
97062	45.37097414425984	-122.76667796724772
97303	44.99953334117647	-123.0146396470588
97492	43.7611975	-122.5247424875
97833	44.916812	-117.963982
97801	45.66661984320987	-118.77798017037036
97475	44.0779737	-123.0437921
97414	43.0144724	-124.1350077
97051	45.86018726380368	-122.82671013435584
97357	44.7759853	-123.8347102
97479	43.388184566666666	-123.32375358888888
97752	44.128125	-120.308889
97386	44.3995630375	-122.7088244125
97212	45.5444686518771	-122.64328253442302
97477	44.0593741267356	-123.0064452115214
97486	43.36135565	-123.5800197
97348	44.381775	-123.116309
97327	44.3863872	-122.9858653
97736	43.382259366666666	-120.3805447
97462	43.45723907222222	-123.32672518333332
97365	44.63928997191012	-124.05481461910112
97862	45.95119054	-118.41310794
97810	45.747335	-118.539493
97446	44.26256644	-123.16285656
97489	44.1380494	-122.6060189
97885	45.59816055	-117.6300339
97838	45.848537489473685	-119.28954338947368
97014	45.6148170734375	-122.0128523109375
97016	46.11935584166667	-123.25318754166668
97637	42.416801	-119.897041
97461	44.0958789	-123.465231
97417	42.9321677	-123.28262358
97380	44.7222646	-123.9130005
97839	45.451555	-119.686859
97826	45.68593965	-119.37773455
97266	45.4843864613339	-122.560065714141
97525	42.4609682125	-123.065532775
97209	45.52790189374301	-122.68500316731844
97132	45.32767791551155	-122.94534871452146
97218	45.55969566174732	-122.60209933286622
97230	45.53609770977761	-122.50382217679255
97111	45.298508043478265	-123.17942583043478
97306	44.875502762857145	-123.03314296857144
97068	45.36532949052064	-122.6473031070732
97005	45.49209282847384	-122.80555953831396
97225	45.50098097028417	-122.77132458838884
97447	43.29669052857143	-122.60971861428573
97302	44.90370812345679	-123.03352547901234
97371	44.9314808	-123.2296643
97015	45.41875526536852	-122.53032639026388
97217	45.57237239057587	-122.68594021776316
97703	44.08634148093588	-121.31954462357018
97140	45.35463447884358	-122.85125698518917
97006	45.528243604418655	-122.85628518235734
97317	44.9141720862069	-122.9535356827586
97026	45.10580007058824	-122.895527
97071	45.15019649285714	-122.84878807857145
97206	45.48333507663311	-122.59920024876354
97224	45.40748347217569	-122.79412703252372
97213	45.53773835773578	-122.5999662273985
97080	45.48243260114021	-122.41921632836149
97496	43.12265849411765	-123.41693255294118
97419	44.18982935	-123.36850565
97222	45.44330484929969	-122.6150608610706
97236	45.4893347227531	-122.5126185298272
97089	45.42184104644412	-122.4543952551766
97229	45.548840555917714	-122.82147500703084
97086	45.44292641619805	-122.53544568205378
97008	45.46076452792129	-122.80747061492032
97383	44.8006248575	-122.786941785
97457	43.005706790909095	-123.29972931818182
97322	44.62870934683544	-123.0762242392405
97027	45.38833242277438	-122.59220827509968
97050	45.690792	-120.739127
97130	45.71950685384616	-123.9360017
97233	45.51184631651434	-122.50236559049252
97211	45.56559629811967	-122.64595363519972
97007	45.45896885736549	-122.8489744711022
97231	45.624547606512216	-122.83202711803382
97203	45.58921843087777	-122.73705060757418
97020	45.2226598	-122.8456232
97002	45.27653304545454	-122.76608545374332
97267	45.407991319368485	-122.61357737685422
97394	44.419878356666665	-124.06715332
97841	45.463404	-117.959188
97216	45.51407590784067	-122.55975261230608
97146	46.14895907555556	-123.91336503555556
97038	45.14968148714165	-122.58046656791736
97498	44.29681667142857	-124.10470652142855
97210	45.53326979213974	-122.70862416253898
97504	42.33598781509434	-122.83205460314464
97019	45.516693074549096	-122.27069996182364
97037	45.174478675	-121.0824043
97035	45.414019125460975	-122.72563104664056
97030	45.50755225752634	-122.43127374701454
97369	44.750378	-124.060377
97114	45.24273252857143	-123.07395887857145
97048	46.09228679615384	-122.99440482307692
97133	45.606130748782775	-122.996104532397
97453	44.031436	-123.873671
97883	45.20832233333333	-117.86648894444444
97368	44.97291613333333	-123.9953006
97488	44.115941225	-122.419323225
97341	44.84367159005525	-124.04857298618784
97003	45.50529622081712	-122.87694224578934
97017	45.1647746	-122.43836243333332
97108	45.2770643	-123.76651785
92618	33.678814928479	-117.7440965949406
97882	45.913815	-119.330445
97384	44.790679	-122.619109
97367	44.91969439292818	-124.02522150883978
97101	45.114246	-123.187854
97377	44.4592575	-123.10911
97918	43.980713625	-117.235279175
97042	45.22653024444444	-122.57979426795866
97305	45.00511250697674	-122.97337381860466
97351	44.8504481	-123.1947492
97901	43.70423525	-117.0848605
97389	44.56869266875	-123.11223608125
97219	45.45801845751039	-122.70920203650635
97021	45.45159355	-121.130288375
97239	45.487381618582994	-122.69099507196356
97410	42.796498	-123.221972
97392	44.8413069	-122.96092366
97913	43.8813145	-116.9941681
97232	45.529118527752736	-122.63681764967804
97834	44.88059266666667	-117.11355876666669
97055	45.394862602054175	-122.25534965313771
97543	42.368801	-123.525238
97125	45.65573986666667	-123.21336376666667
97366	44.593539175	-124.056249325
97070	45.30662905779232	-122.7721264005233
97034	45.40970304977515	-122.68534477873804
97711	44.745783	-120.769905
97381	45.00125279583333	-122.7798955625
97857	45.471034	-117.428219
97875	45.79236	-119.20612
97360	44.75187835714286	-122.48413995714286
97024	45.54150752389007	-122.44188159635306
97127	45.24382676666667	-123.11340963333332
60618	41.944687700795455	-87.70029147022727
62234	38.68022384620391	-89.98757918329719
60133	41.9845807934334	-88.14251803677298
62233	37.921397129615386	-89.81911854307693
62052	39.10482475526315	-90.32030981052633
62684	39.89725910191693	-89.59421772907348
60030	42.34477899148936	-88.0326900125
60540	41.76696927619604	-88.16195085087516
60637	41.78690242773613	-87.59713344797602
60608	41.85115032597955	-87.666411468569
60201	42.05649340092473	-87.70037921097742
60651	41.90013352664093	-87.73756272625482
61611	40.683801925203255	-89.5464782406504
60462	41.62350392560819	-87.83407319884763
60169	42.04794216707317	-88.10813221829268
60525	41.79924234993582	-87.8750376944801
60015	42.16648755268292	-87.8602727729756
60026	42.08556499156442	-87.82930938726994
60302	41.89852094397836	-87.77702402787551
62218	38.53488621230769	-89.44930459692307
62040	38.72416176246499	-90.11050104789916
62002	38.90886609137563	-90.15980528602994
62226	38.53885159054878	-90.0007947352134
62025	38.8074729012806	-89.95243157548022
61025	42.48412982905028	-90.60310255921787
61053	42.100886431	-89.98888493999999
61036	42.40645525304183	-90.38611180570342
62293	38.61543673480663	-89.66847453977901
62661	39.66875119555556	-89.84688206222222
62230	38.62675979111111	-89.52883303407408
62243	38.42324870697674	-89.90464164790697
62221	38.52404755728022	-89.93676761002747
62269	38.58937989046424	-89.91512053801758
62258	38.488507905436016	-89.79569718686297
60630	41.96599497035011	-87.76317687330415
62563	39.737051559375	-89.5239000225
60047	42.2201295233241	-88.06144775457064
60543	41.69400076564006	-88.31942402951259
60056	42.06520481026786	-87.93539257243303
60465	41.706052585	-87.82916556205882
61524	40.491598325	-90.032473975
60005	42.06153029537224	-87.98130429818914
60545	41.66653306641252	-88.52686852307384
60035	42.17870840632023	-87.80536878174158
60010	42.16572108139224	-88.14851905870147
60541	41.53255502318138	-88.54889891115423
60134	41.88333056294498	-88.32479863883495
62379	40.3353130958042	-91.41465924685316
60034	42.46720655090909	-88.42840797272727
60178	41.98916795824411	-88.69197090107066
61822	40.10908061366559	-88.28753479115755
61821	40.11100574038156	-88.27502937742447
61874	40.05772201127348	-88.24807270313153
61802	40.11336792258568	-88.18372314532711
62629	39.678955772584274	-89.70132245595505
61801	40.10846133617834	-88.21267957592356
61884	40.08940843333333	-88.49473930289855
61853	40.19892644467213	-88.40082583688525
61820	40.10909867733333	-88.2405913875238
61841	40.0447576884058	-87.82145202463768
61864	39.993364854347824	-88.15716463043479
62677	39.85579499027778	-89.86610976527778
62901	37.72037504815642	-89.21508635955307
62034	38.7594074900369	-89.96454190848708
61761	40.5118830238835	-88.98488067436892
62899	38.67876172753624	-88.64538214637682
62236	38.44065614659949	-90.20298381813602
62001	38.88258173218391	-89.74368547011494
61526	40.9128157051282	-89.61279621794873
62249	38.75173789486608	-89.66896118839286
61534	40.43004057916667	-89.65991950694445
62274	38.087622067261904	-89.38774330535715
62062	38.72897460169492	-89.96248145254238
62244	38.19475549	-90.199226446
62295	38.294440403225806	-90.30486967956988
62232	38.63637100829493	-90.01206547695853
62254	38.61012032087912	-89.82336460824176
62033	39.12254400616438	-89.82977169452055
62010	38.90814317751323	-90.04904004669312
62693	39.95094135616439	-89.5412208219178
60304	41.87292866167147	-87.78682391700288
61109	42.21517214807229	-89.04450737349399
61951	39.59387574183673	-88.59898839897959
60647	41.91929043107395	-87.69913637174295
62948	37.80113049217081	-89.02911077188612
62242	38.08935749878049	-89.93284543536585
62241	38.011132133870966	-89.90086364193547
62240	38.53284889450549	-90.21124725384615
62935	37.83949938807947	-88.61650405695364
62903	37.67510510126582	-89.25171748101265
61548	40.795757827428574	-89.42803249685714
62095	38.86514223110236	-90.08489361929134
62711	39.775263347249336	-89.72961103948536
62966	37.77224653522728	-89.33730504188311
61704	40.47082971291314	-88.96798966648731
60921	40.73129598873239	-88.30473699577465
62216	38.61347163030303	-89.60397734545455
62217	38.17773743709677	-89.84587680483871
62223	38.55085661288566	-90.0458036306715
61530	40.7136172456044	-89.27818270329671
60901	41.11628275765766	-87.87354181216216
62420	39.29367064795322	-88.00294893157894
61944	39.59284536873509	-87.69041513508353
61880	39.973163006382975	-88.25277396595745
62450	38.726446056015774	-88.08096996469429
62468	39.27487069361703	-88.27320087765958
61953	39.79063987351779	-88.28513044387351
62294	38.72271071098901	-89.88549414532967
62560	39.30555497741936	-89.58836363870968
61265	41.487768637368056	-90.49828301583392
60188	41.91749465461538	-88.13600632250001
60187	41.860869635813366	-88.1130648334174
60124	42.01264123611111	-87.94681801666667
60444	41.23818293255814	-88.4083389267442
60449	41.43277955229358	-87.77121743180427
62819	37.98107828846154	-89.01638635769231
62265	38.52153784655172	-89.68691768017241
62920	37.54446595217392	-89.24492239565218
60467	41.59864838639282	-87.82325481129654
60515	41.80921335733333	-88.016243889
60631	41.99772450950541	-87.81495904605873
62208	38.5957683586912	-90.00890354212679
62298	38.3295568302872	-90.14716096788511
61741	40.752591377142856	-88.40350855428572
62918	37.76588415910364	-89.08810103669468
62286	38.12067994423077	-89.70731351346154
61571	40.70198955804196	-89.43979290932401
62801	38.52411707800963	-89.12305674462279
62271	38.43638870917431	-89.53263569082569
60914	41.167128243367344	-87.87753202959183
62401	39.11819134468803	-88.5640027762226
60940	41.23909204545454	-87.6585827
60431	41.5470257597133	-88.27676257231833
61354	41.3310741867647	-89.1282462257353
61071	41.76100406335404	-89.67179571925466
61364	41.12481498165548	-88.84134371051455
60614	41.92220184601227	-87.65104918503067
61540	41.02820823333333	-89.37996095104167
62954	37.76125088630137	-88.25644528767123
61882	40.1296846	-88.75074900909091
62908	37.31138291538461	-88.86964838717948
61075	42.46853712638889	-90.25427160555556
62373	40.2542428	-91.362415672
60443	41.50910076701299	-87.73363752025973
62907	37.87268923884892	-89.4988764352518
62246	38.8950866180851	-89.41460980921985
60607	41.87737588980447	-87.65242968156424
61705	40.449226683050846	-89.04318311440677
60440	41.705580889493206	-88.07370845772559
60527	41.7500199509058	-87.9323961509058
60120	42.03695888825467	-88.26454760757409
60136	42.08377965914591	-88.36566822327401
60126	41.89373349506953	-87.9456192762326
60435	41.540482885	-88.131032985
60517	41.75059981761745	-88.0515165704698
60062	42.12642578790732	-87.84284784250544
61764	40.877286472773534	-88.63188970356234
62568	39.550534012852665	-89.29877558432602
61081	41.797560871810695	-89.6922375462963
61243	41.61929983181818	-89.68835119090909
60150	41.92213432739727	-88.84644748630137
60089	42.167507356524425	-87.97068051546073
61061	42.01397331403509	-89.33369961622807
60137	41.8638060700831	-88.05869573988919
60084	42.27756549288113	-88.13317087092008
60014	42.22921087031093	-88.32710892838514
60189	41.84383989015748	-88.11135224015749
60625	41.96220376255034	-87.69946437355705
60101	41.93241363894879	-88.00661543463612
60532	41.73531905111111	-88.03896069111111
60491	41.61250742197393	-87.94334003761638
60060	42.26607625817805	-88.0304741521049
62365	39.78952191304348	-91.1683284652174
62360	39.8179076203125	-91.257974984375
60202	42.03053880796539	-87.68850043089452
62830	38.43869306986301	-88.95538915342466
62864	38.32547753126294	-88.91059410020705
60565	41.72145018850446	-88.1438146499442
60165	41.90285075769231	-87.88387093076923
60185	41.89729874794776	-88.20628787630598
60478	41.55819378315019	-87.72003523846155
60586	41.55759504779699	-88.26410349325154
60018	42.008213546860986	-87.88778736233185
60002	42.46641411571219	-88.10861168076357
60087	42.40387099357798	-87.85679397270643
61046	42.12503955870445	-89.84328641619433
60076	42.03981885213483	-87.73509260434457
60077	42.031972376582274	-87.7551626221519
61107	42.28093605274056	-89.01771871717418
60142	42.1689583778098	-88.42348856109511
60173	42.04717111713147	-88.04776288565736
60402	41.85292490364964	-87.78886695733982
60067	42.10594133051181	-88.05939294635826
61041	42.26189992238806	-90.28835048059702
60642	41.90236811567944	-87.65716962682927
60538	41.716231948469385	-88.35411328365028
60626	42.0123018938255	-87.66805212308725
61933	39.54918295769231	-87.92667128076923
60445	41.6378810009836	-87.73486316655737
62263	38.34188863778802	-89.38638120506913
62626	39.27596145792349	-89.87899890382513
62613	39.967425086206894	-89.70418529310345
62712	39.7476757314265	-89.59380902288197
62075	39.29946224351145	-89.28835163282443
62056	39.18094235746753	-89.65172219675325
62881	38.6237008081761	-88.94834117389938
62831	38.22941202258065	-89.21727476451613
62051	39.20388000545454	-89.40644996909091
62094	39.24790398243243	-89.34605702837838
62275	38.80554527053572	-89.55038823928572
62649	39.35535041111111	-90.05035611111111
62032	39.12029385740741	-89.29009198518519
62674	39.43960122244898	-90.02000635510204
62667	39.48590004444444	-89.98810007222222
62231	38.63057461022099	-89.33502201464088
62069	39.07819456969697	-89.73614245050506
62049	39.15131680871212	-89.48811846818181
62278	38.204331269105694	-89.99246869308942
62615	39.5853164633987	-89.75496854509804
62849	38.59018679508197	-88.76415699672131
62017	39.07822807536232	-89.38027156086956
60404	41.53079599130435	-88.20400990869565
61774	40.4296140882353	-89.17692194117647
61732	40.53757328947368	-89.19766236315789
61723	40.26575435801105	-89.26962483425415
61759	40.429272435	-89.32369332333333
62704	39.775077475543966	-89.69179519043219
61520	40.55596436574074	-90.02969589189814
61251	41.72699029411765	-90.0602131
60518	41.58454983296703	-88.91934962142858
60473	41.597964840070304	-87.60008009683655
60130	41.87366006478874	-87.81195936478873
60004	42.11049384757104	-87.97785623263061
60068	42.016099562476896	-87.83363720702403
60148	41.863658065842834	-88.0114364904943
60653	41.81841774507576	-87.60967300984849
62611	39.8820062265625	-90.388456096875
61310	41.71128495277778	-89.34162491777778
60033	42.408184200835656	-88.5926491610028
60634	41.94454627077626	-87.80585515913242
60504	41.74832984276808	-88.24435723678305
61725	40.58079730408163	-89.11201985510203
61462	40.91793688427673	-90.63986322924528
61401	40.94917733325416	-90.36990971674584
60157	41.971821405	-88.0578007475
60156	42.18481318583691	-88.35055517532189
60123	42.04202139304912	-88.32785831899908
61104	42.25578699809524	-89.07925048571428
61423	40.89310730722892	-90.51022737831326
60936	40.46303894146342	-88.37630906829268
61771	40.74214361538461	-89.13558881538461
60612	41.879570904866185	-87.68539324476886
61851	39.954790691666666	-88.44003945833333
60968	40.67156313793104	-88.1057742724138
61872	39.95229911489361	-88.33616212765958
61817	40.06680008765432	-87.70982446790123
61846	39.97422735436242	-87.6309178214765
61833	40.09836624166667	-87.64573480416666
60074	42.13157163522976	-88.02284203873084
61525	40.831241485467984	-89.6461749091133
62912	37.46706097241379	-89.00774055689655
60516	41.763299346804125	-88.01539359319588
61477	40.48677443620689	-90.30570318448277
60098	42.32144897977369	-88.43593430014144
62452	38.58847080526316	-88.03787479210526
62419	38.63737242162162	-88.00886274864864
60510	41.84549853202081	-88.31926091998265
60646	41.99615074033359	-87.7624713307809
60487	41.536232453805496	-87.81220077737844
62467	39.13063715425532	-88.46953202127659
60115	41.9318080818561	-88.754084737122
62681	40.120823003333335	-90.56417598666668
61318	41.69399702222222	-89.07992096944444
60070	42.1020627593156	-87.92816306311788
61378	41.723375468	-89.149123872
61006	41.85646938235294	-89.21118597058823
61103	42.29988747816092	-89.08078744396552
60093	42.10505524404592	-87.7589982553802
60450	41.37100239880383	-88.42434889162679
60613	41.95269795993976	-87.66073715753012
60622	41.901026393448944	-87.67412213015415
60091	42.07534826655666	-87.72354230011001
60564	41.69478268885428	-88.20060899355363
60531	41.59547444215686	-88.77725484117647
61353	41.685434882	-88.988197542
61010	42.12768943301435	-89.26460639808612
60506	41.76716102527472	-88.35481748942307
62863	38.40794697322176	-87.80710358242678
62443	38.9442282328125	-88.6124949921875
60110	42.1227493935567	-88.28062435309278
62811	38.383752475	-87.910277475
60523	41.83894804632035	-87.95467960714285
60645	42.00007768700265	-87.69649174907163
60555	41.81975255578948	-88.18712243394737
60041	42.37695845684932	-88.14795629965754
60609	41.81350153204519	-87.6458446942925
61065	42.36202144379562	-88.8484507218978
62703	39.76855067439108	-89.6321063956977
62701	39.79959110338164	-89.64923625748791
62555	39.46861807837838	-89.21096987297298
60714	42.02720403216784	-87.81000242577423
60025	42.07343623048689	-87.8215794211236
60008	42.07360876352459	-88.03469878907103
60007	42.00678681778976	-88.0081438777628
60657	41.93909909337979	-87.65601858414634
60053	42.04123946166667	-87.79218494566668
60558	41.80373658308458	-87.9008765920398
60559	41.79809136003717	-87.9753938133829
60016	42.040464377836415	-87.91059505994723
60022	42.1338661814346	-87.76220921434599
60521	41.796868823357016	-87.93497244049733
62305	39.93158596533666	-91.35710830049877
60640	41.97263740348837	-87.6643491888372
60546	41.83872938470319	-87.81695776347031
60585	41.65910189	-88.2201226125
62220	38.50373693531915	-89.98132260638297
60051	42.34163247028113	-88.23901692040161
60102	42.16203924948298	-88.31728277578816
50525	42.727600933333335	-93.73343395166668
62565	39.41490296767677	-88.80263267171716
62479	39.01326198	-88.30960309
62424	39.02427019622642	-88.40366542830188
60927	40.93670015844155	-87.93304836363636
62827	38.1656248826087	-88.05056779710145
61568	40.51185866739131	-89.49217982554347
62447	39.32668345826087	-88.42503308956522
60442	41.41891434974094	-87.9770826015544
60433	41.49341780769231	-88.04310648461538
60641	41.94579609087591	-87.74220016423358
60656	41.971452582839454	-87.83367075196816
60513	41.82077584186047	-87.84543834534884
60639	41.9193137179884	-87.75451978259188
60563	41.78982981720677	-88.16815726776599
61738	40.73705284482759	-89.01380407068966
62476	38.5204833893617	-88.00566204893616
60624	41.878690154623655	-87.7187514883871
61910	39.67560658045977	-88.30692384597701
62445	39.18230898275862	-88.33103100344827
61728	40.56970801860465	-88.62043557906976
60619	41.73644114392231	-87.60041144442356
60153	41.8797716028133	-87.84014876879796
62019	39.0185709060606	-89.44872023939394
60615	41.801315619532325	-87.59519310990372
62277	38.09754588625	-90.1013700775
60175	41.94617182063228	-88.3866187091514
60964	41.05930206097561	-87.70289587463415
60448	41.534378763186815	-87.88486748791209
60048	42.28990867405141	-87.95058046119951
62550	39.61826209555556	-89.03313484777777
62869	37.96770417929293	-88.29732208030302
62844	38.25511311652174	-88.00060490695651
60629	41.78322917257525	-87.70927512597548
60660	41.991317592424245	-87.66627074810606
60305	41.89897273160402	-87.8169441293277
61367	41.63860580769231	-89.23905882564102
60451	41.50745159098498	-87.94827340467445
61876	39.91226712777778	-87.82191844074075
60617	41.722714363823854	-87.56425080423634
60203	42.04724752978724	-87.71519603191489
60616	41.84655477559653	-87.62903826193059
60046	42.41987886362661	-88.06045118036481
61021	41.84315253755869	-89.48145053317684
62812	37.99860154454756	-88.91641835846868
60453	41.71438975671463	-87.75132678741006
60655	41.69532933375796	-87.69843873105096
60652	41.76075662011549	-87.716316386333
60638	41.7868182663592	-87.77039437368421
60958	41.0678965	-87.5820651
62548	39.99319418902439	-89.29782506646342
62951	37.81836523309352	-88.93037884892085
62547	39.759454384523806	-89.23715754285715
60503	41.7161304394177	-88.26590841982083
61554	40.563539925058826	-89.62586401682353
62938	37.39410446363636	-88.52769923636363
62448	38.97707424117647	-88.17639335813149
61957	39.44000747142857	-88.59486826857142
60143	41.972289869329074	-88.0196490824281
60045	42.238455817966575	-87.86050178105849
62702	39.81917980414113	-89.6459579273149
60643	41.71003721142061	-87.66613878628134
62022	38.99453447826087	-90.32343094347826
62469	39.35487430869565	-88.32224717391304
60083	42.43289353146853	-87.93099471538461
60502	41.791068783370285	-88.25844402971175
60544	41.64916487063492	-88.20649850793652
60447	41.48249562797271	-88.2963221834308
60050	42.339991322471576	-88.28506218371227
61752	40.343913975969	-88.75869362403101
61842	40.24160109186047	-88.64421755813954
60423	41.51458502134647	-87.83947855632184
60422	41.53936959390863	-87.68279971269035
60606	41.882818216	-87.6363895595
62260	38.46663552904564	-90.0948079493776
62675	40.00789106442308	-89.85007200096155
62558	39.597519488	-89.5661581344
62886	38.36019636	-88.53482382
61550	40.61424215848142	-89.46224818982229
61362	41.330022595	-89.20905549874999
62642	40.08405922777778	-89.73489765
61938	39.47108749505704	-88.37177655703422
60707	41.92210625014793	-87.8026555718935
62995	37.42190311517242	-88.8857957662069
62872	38.27259882307692	-88.80059327692307
62906	37.46210977373272	-89.21577195898618
62546	39.431618495	-89.44966671
60526	41.83049684174757	-87.87003577864077
62650	39.722538902828624	-90.23816189351082
61844	40.13297968933333	-87.86877020266667
60172	41.98040790648148	-88.08502237611111
62943	37.35463082894737	-88.75494341842105
62237	38.18720036050421	-89.60111994705882
62832	38.00142071230159	-89.23862882857142
62967	37.550415615384615	-88.79246190769231
60112	41.92438723442623	-88.69041560491803
60152	42.24260472553192	-88.60282219326241
61111	42.32260492789598	-89.02653195449172
62087	38.82802453414634	-90.05933074146341
62086	38.994920066666666	-89.5800393462963
62538	39.35387896666667	-89.53330262222222
60421	41.39014501652174	-88.10527555217391
61729	40.6200818	-89.20600269230769
62902	37.68607395793104	-89.16309278482758
60554	41.78687068322581	-88.44408790774195
61031	41.83966719589041	-89.32012616986302
61849	40.01950456052632	-87.97285151491228
60560	41.649078074038776	-88.44647355895498
60401	41.353809106875005	-87.616881893125
61701	40.479642176892106	-88.98934426521738
61084	42.11360165063291	-89.19091553544304
62015	39.21735793888889	-89.54874839166666
61049	42.05686236333333	-89.02627414666667
60490	41.68818033548387	-88.13166779596774
61731	40.603525215	-88.48558205
62006	39.0488209	-90.656989
61866	40.30971369077381	-88.15141305089286
61863	39.90917693235294	-88.30317736764707
60174	41.92229340123967	-88.30535462355371
61920	39.48777577682927	-88.18525700772358
60403	41.57021304285714	-88.12518455714286
61603	40.7104356	-89.58054306005667
62533	39.44075119215686	-89.6424857254902
60919	40.96775058	-88.20585364333333
62297	38.04090861578948	-89.81118403157895
62088	39.00795010617284	-89.78635110452674
62089	39.13339468684211	-89.49236941842105
62215	38.52386406470588	-89.61507622156863
60411	41.512218929132565	-87.61230291702127
62451	38.98786945728156	-87.60935007961164
62367	40.316597817391305	-90.90091984782607
62545	39.78316379230769	-89.39468881868132
61501	40.23237053846154	-90.3241471048077
62572	39.35993555428572	-89.68028550285715
61350	41.3548124846485	-88.84192496872309
62035	38.95563169949664	-90.20914109832216
61930	39.67886764655172	-88.11670211551724
61032	42.3014072608642	-89.63520021395063
61349	41.54136706438356	-89.44557137123287
62466	38.78587228888889	-87.88219735555556
60146	42.10200293932584	-88.86931812022472
62374	40.408596509090906	-90.8817699469697
62958	37.63048956785714	-89.20681264464285
62631	39.82706394117647	-90.36025322941175
61455	40.45665544805195	-90.67827886437848
60477	41.57796598559322	-87.80255630317797
62670	39.73947035472973	-89.86010422567568
60119	41.88504312683983	-88.45837392121213
61873	40.1301670768546	-88.04168090534124
60069	42.1938533973422	-87.91824836843854
61616	40.745767663779525	-89.57367923858268
61235	41.40320827608696	-90.02752165543478
61727	40.149184783720926	-88.96077199720929
61330	41.53713467391304	-89.28139249710145
62219	38.60590052727272	-89.43459265
62994	37.90477173898305	-89.34722146101696
62837	38.38055745208333	-88.36506270625
62707	39.815366824875625	-89.62433808990761
62091	39.06172487878788	-89.60991786060606
60632	41.81131680997375	-87.698312046063
60192	42.09539774186047	-88.125885274031
62959	37.7220714537968	-88.92529234513368
62427	38.88553687113402	-87.66967587422681
62460	38.5910585	-87.66241454166666
61485	40.997421394642856	-90.11946498035717
61011	42.35339822142857	-88.94464679591837
62952	37.43112289006211	-89.31151754596273
62561	39.85470440998308	-89.5389665930626
61734	40.37996854695652	-89.52840301043479
62285	38.4012775	-89.99522829888889
61068	41.9229042630137	-89.07473070821918
61745	40.33131913676471	-88.96785698235294
62414	39.18094735	-88.7724205
60118	42.09748944449649	-88.29807609836065
61517	40.81545432890625	-89.83687888515625
61438	40.562336044262295	-90.65732888360655
62933	37.77413363809524	-89.02633557857143
61733	40.6205054	-89.33145055625
61615	40.773686186317136	-89.63474902621483
62471	38.97051768241206	-89.10890864522614
61088	42.26771238854962	-89.22893152633588
62313	40.31983136	-91.20526044285717
61839	40.12159328048781	-88.6380629390244
61606	40.69565433484848	-89.6086255098485
60139	41.92116619219858	-88.07945404775413
61739	40.7418373121547	-88.5294050723757
61748	40.62177467592593	-88.96672371481482
60031	42.36425157190427	-87.97330371560874
60659	41.98831933083701	-87.7067011715859
60111	42.009513825	-88.8001354
62526	39.87666570818084	-88.95350142357373
61840	40.295371165384616	-88.31893805576922
61114	42.305982586570245	-89.00241612479338
61736	40.40421441851852	-88.86269422839506
61832	40.13552552413793	-87.62831188323425
62417	38.710384736734696	-87.75890418163264
62884	38.07955145384616	-89.05009986752137
61753	40.62743305106383	-88.78396017127659
61604	40.70851001244509	-89.63751747862372
60106	41.95164193882353	-87.94791944529412
60446	41.644200053424655	-88.0911315
62513	39.72536601060606	-89.12438932424243
60621	41.77812961325967	-87.63754135662984
62691	39.9518993136	-90.2179297072
60712	42.00552476293532	-87.73067043606966
61064	41.982519357246375	-89.57694116884058
60464	41.66272602133758	-87.84944639713376
60463	41.667846807048456	-87.7882857951542
60071	42.46894657391304	-88.3035357945652
60013	42.21726365486112	-88.23948831388888
60103	41.97681934034583	-88.18779013040346
61614	40.75508903383839	-89.60508516628788
60439	41.68092929825073	-87.96477777317784
62358	40.57598443584906	-91.2553533037736
60085	42.35800571256544	-87.86190293900523
62946	37.72861108265306	-88.5337006432653
60193	42.01453216044944	-88.09277082011236
60099	42.448208398547216	-87.85025475641646
60424	41.17459865847458	-88.30808931779661
61240	41.43546246666667	-90.45510477351598
62354	40.535489271641794	-91.36695854477612
61244	41.50833103706624	-90.4314202763407
61072	42.44795831195876	-89.08424085443299
61102	42.2527477609009	-89.12443453729729
62621	39.73396363103448	-90.5347302137931
61273	41.35132772773109	-90.3900529697479
61230	41.768535551666666	-90.206903655
61008	42.26316719335379	-88.85750510224949
60073	42.36783582908588	-88.09384065083103
62353	39.97387436811594	-90.7616438942029
61443	41.24196993853211	-89.93084177229358
60140	42.093442927956985	-88.4896364953405
61274	41.37128319523809	-90.24292549523808
61264	41.425474275355455	-90.57646582890996
62807	38.74096422222222	-88.93011486984126
62510	39.511118784848485	-89.06938937424242
60181	41.87623373040541	-87.9759376518018
61434	41.16396340067114	-90.04037018120805
60505	41.76057718828125	-88.29929935722656
62810	38.21228232916667	-88.74855655
60803	41.67510692814685	-87.72660487552447
60479	41.23037828636364	-88.52158597272728
62868	38.69823396492537	-88.23608475
62024	38.88073288426966	-90.0875756011236
62080	39.1567883	-89.11779813846154
62694	39.62902078592592	-90.4572471051852
62521	39.82709870341328	-88.92810266162363
61028	42.30043142	-90.18535867333334
60441	41.60773941672728	-88.01275984545455
62011	39.111096	-89.211635
62239	38.520261041752576	-90.20271910927836
62458	39.02517012686568	-88.85172719701492
62074	38.971211068421056	-89.68221799736843
60190	41.87505980194175	-88.15121032718446
62014	39.04242053076923	-89.95758203296703
60706	41.963174524748496	-87.81480084144869
61252	41.85518238148149	-90.14519118333334
61085	42.3483989568421	-90.02581843368421
60804	41.84624092211055	-87.75835033592965
61483	41.08841077142857	-89.84589800408163
62330	40.58672527657658	-91.13491508108108
61238	41.28440840705883	-90.17255218
61074	42.09615679493243	-90.13274131925677
61270	41.82342625752427	-89.96232867135923
62446	38.505988	-88.227823
61449	41.09051052777778	-90.00450607222223
62284	38.890312734210525	-89.33561002105263
61559	40.90882242944785	-89.77296711104295
61283	41.58032126753247	-89.75321525064935
61421	41.179003678947375	-89.60496925789474
62340	39.71396594583333	-90.72743325833332
60107	42.02107566586151	-88.17561215233493
62058	38.94952391176471	-89.7864023117647
60097	42.3844753982906	-88.35690065769231
62046	38.88907581764706	-89.84476430588236
61531	40.689380701834864	-90.00416456880734
60177	41.99156285196079	-88.3093433382353
60090	42.137365860305344	-87.93262655979645
60520	41.76965529325843	-88.65311711460674
61070	42.428828163157895	-89.49262770701755
61410	40.80108878841463	-90.40112012378049
61281	41.29966195185185	-90.50346141481482
62556	39.4673877972973	-89.3848208081081
61537	41.11245422477876	-89.38725320442478
60184	41.94590237555556	-88.23590920444444
60160	41.9003569395664	-87.8605218498645
61523	40.898724353968255	-89.51386224920635
60145	42.09758163625	-88.7678735925
60194	42.0380875676259	-88.11449804618705
62439	38.72576643402062	-87.68551244432989
62896	37.89364590597015	-88.92517733955223
62341	40.41403829784173	-91.32635507553957
62349	40.16384211176471	-91.22345178039215
61024	42.42677820561056	-89.31492227359736
60550	41.76493339677419	-88.86803881612903
62214	38.376921368333335	-89.59582727166666
61345	41.290850838805966	-89.78794526865671
62463	39.26813568780488	-88.62802344634147
62656	40.1439733381733	-89.36893631358313
62257	38.255180366216216	-89.73493096756756
61108	42.255722924223605	-89.01087450724637
61845	40.3661787	-88.40013404901961
62535	39.92761611111112	-88.96447870277778
60966	40.76365223472222	-87.57670397916667
61376	41.52821767777778	-89.61684054962963
61019	42.44909274597701	-89.40415146206897
60408	41.26604957538461	-88.22014178076923
61856	40.0349248590604	-88.56800561308725
60135	42.10145039679145	-88.69796514545455
61428	40.94926773333333	-90.1272329
60459	41.75259124384616	-87.76322211102564
61044	42.31700551052632	-89.8888236631579
61536	40.68549535116279	-89.77139159069768
61488	41.02498095166666	-90.29550531
61101	42.29565224667932	-89.11287824724857
60633	41.65594881564941	-87.5466420264391
61436	40.84786123863636	-90.23208211022728
61237	41.337368	-90.856144
60108	41.944883609143965	-88.09290696614786
61414	41.097880696078434	-90.1827232254902
62012	39.02483127122642	-90.15257701367923
62515	39.85101310384616	-89.38943642307693
62326	40.41859757318436	-90.79908317039106
60620	41.76393032452253	-87.65487067288007
62846	38.15085140967742	-88.88997348064515
62301	39.928775862457336	-91.3753387721843
61047	42.14043525227272	-89.42158450681819
61431	40.59715197333333	-90.26588674666668
62685	39.13779260116279	-89.99357822674419
61048	42.37785332568094	-89.82808237276265
61361	41.40553391578948	-89.74078464586466
61529	40.78486112820513	-89.95749822564102
61413	41.19373587368421	-90.37666816491227
60042	42.27799754583625	-88.21376364989504
62839	38.665775705	-88.49169708277778
62664	40.20838178518519	-89.71014931481481
61458	40.785684479746834	-90.18963146962024
60061	42.247020584024895	-87.96290598547718
61459	40.49897332121212	-90.4232103
62985	37.45086179166667	-88.74318486666667
61087	42.48852527033898	-89.98875426271186
61338	41.46583791333333	-89.60349045333334
61018	42.39690243780488	-89.53434664512196
61834	40.15385915422885	-87.62402897313433
62930	37.82001303848797	-88.44428117594502
62522	39.83785653658292	-88.97701783758794
61561	40.798534118333336	-89.20343392666666
61234	41.40488919583333	-89.92299380972221
62092	39.43848876769231	-90.40259632
60455	41.74098222738096	-87.8033203015873
62512	40.1394520974359	-89.20700078717948
61250	41.653360775	-90.087443694
62465	39.35119581666667	-88.62055168333333
61441	40.33605014657535	-90.29492339589042
61742	40.630882575	-89.27508979166666
61490	41.1847229609375	-90.2663270296875
60420	41.09474224590164	-88.4466074819672
60176	41.95405103442623	-87.86642999311476
61015	41.97892465652174	-89.21525195
61314	41.3182992440678	-89.67588604576272
60191	41.969291776844784	-87.97734361246819
60164	41.91334778957872	-87.88954324168515
60530	41.79193341052632	-88.95403599210526
62898	38.33698598888889	-89.04458359444445
60020	42.40561283827161	-88.17938608518519
61016	42.22188532397661	-88.9677052760234
62473	39.0261606875	-88.56766717250001
62627	40.05362153488372	-90.12082820232558
61491	41.06392777954546	-89.77376320227272
61607	40.64510307091988	-89.6736694504451
61482	40.37361273333333	-90.433239
61001	42.44715977244445	-90.13928086177778
61374	41.5470854625	-89.349988625
60955	40.70629736090909	-87.98582957272727
60534	41.82657624421769	-87.82087577687075
62518	40.05086913333333	-89.19798445
61830	40.02304936086957	-88.71272643043478
62363	39.60638729191919	-90.8083868030303
60154	41.85700483003195	-87.87058648817892
60131	41.929388326329786	-87.8769609718085
62618	39.9981454518797	-90.41773098270676
60064	42.32551196473684	-87.85751763736842
62554	39.93235732	-88.8580411775
60452	41.60836691524064	-87.75448806871657
62376	40.10530887076924	-91.37613794307693
62638	39.61761702597402	-90.07830012727273
62914	37.007565871428575	-89.17750600062112
61427	40.502072776978416	-90.18792641582732
60805	41.72035078033241	-87.69724610193906
62021	38.949360686486486	-89.98292844054053
60104	41.880744433829	-87.86253169107806
62858	38.80161081572327	-88.4960716264151
60096	42.47733227980769	-87.82792609326923
61063	42.27985044007782	-89.35403709533074
61039	42.202460614705885	-89.48301420882352
61254	41.46594214685315	-90.16605985687646
62979	37.79657534482759	-88.2601658275862
62454	39.000595111009176	-87.75348258226299
61275	41.59245340983607	-90.31734974918032
60959	40.76803977755102	-88.19511818979592
61914	39.64655797142857	-88.73959280238095
61466	41.10032061176471	-90.48427588823527
61877	40.00711704666666	-88.07533355444444
61334	41.20957529166667	-89.07767669583333
61489	40.93140297205882	-90.02466802794117
61007	42.19445801153847	-89.57008452692307
60628	41.69459486184408	-87.62390624887556
62255	38.30265890377358	-89.78548578679246
62688	39.94427901666667	-89.93668006111112
61418	40.85310017142857	-90.86390352857144
60553	41.84170288343558	-89.03032264110429
61067	42.299455721951226	-89.47851722439025
61231	41.2042365282392	-90.73356967375416
60021	42.19433164958678	-88.21418054214875
61062	42.27340881881188	-89.84501711485149
60163	41.88672623387097	-87.91095522903225
60561	41.74846909979466	-87.98060245544147
60012	42.2679982751938	-88.31030856860465
61744	40.73311636071429	-88.89032239642857
60037	42.21447276428572	-87.80931511428572
61749	40.09212901052632	-89.11498143157894
60162	41.87164184219653	-87.89769875433527
60970	40.782538199545456	-87.73926186818181
61546	40.438636439375	-89.782212638125
61241	41.4830348430303	-90.33176097575758
61257	41.56943370619469	-90.29813540265486
62097	38.92818278165138	-89.85869546513761
60195	42.069851569117645	-88.1037011907353
62932	37.9059585028169	-89.22970957042253
61115	42.359975586631016	-89.04825439438503
60151	41.922390703658536	-88.55359219756097
62281	38.71593322093023	-89.79226912906977
62442	39.32313581675978	-87.86052648491619
61737	40.4441996875	-88.714925
61412	41.07533944603174	-90.59016696984126
61078	42.15272723924051	-89.73227550379747
60514	41.79104341390728	-87.95582846953643
62434	38.86791940625	-88.315940925
61282	41.50062552566845	-90.41431584545457
61201	41.48642624945652	-90.56993469489132
62893	38.471440421875	-89.032619678125
62612	39.87570088571429	-90.05144539404762
61544	40.69657004375	-90.2480041671875
62922	37.61480788424242	-88.84849909151515
60556	41.76674845227272	-88.76964374090909
60623	41.85138423325243	-87.71624727803399
61060	42.47952293851852	-89.62871644740741
61430	40.94336121923077	-90.31204325384616
60471	41.482119280136985	-87.72314413835616
62411	39.05196679767442	-88.73467644186046
60081	42.44076746072607	-88.21725787359736
62924	37.81744788767124	-89.21210977671234
60410	41.47145045238096	-88.23347848571429
61073	42.41778249902642	-89.00016453741307
62348	40.07914753333333	-91.3460057
60644	41.879536097933226	-87.75479572845786
61533	40.58364304	-89.8234758675
60501	41.7833176054878	-87.8067385457317
60436	41.50305287826087	-88.10963545652174
60950	41.24792754469026	-87.84690453097345
60957	40.4487517064	-88.0991463736
61013	42.37412772222222	-89.63574275925926
62428	39.26444202368421	-88.14500099210525
61052	42.10890787	-88.99813227
61924	39.78616349854015	-87.64237005839416
60180	42.22625853333333	-88.53488254074074
62640	39.43951616277372	-89.80995579927007
60416	41.28757874383562	-88.28129342922374
61420	40.54403074234234	-90.86764084144144
60430	41.5570948453303	-87.65977291412301
61858	40.12065144639176	-87.76090272268041
61956	39.86256495762712	-88.15762926949152
61528	40.775505681159416	-89.7342595826087
62537	39.8539127	-89.0838586
61369	40.99111326625	-89.14635318375
62888	38.12258652931035	-89.2241235862069
62883	38.15323201142857	-89.10056718571428
61469	40.937919	-90.9522316
61341	41.33346373922652	-88.69865531546961
61368	41.27018133157895	-89.51504371368421
61360	41.330696626744185	-88.61153446279069
60918	40.59576431267605	-88.0285317112676
62854	38.76665034234234	-88.83309831081081
61038	42.25794305757576	-88.732798
61054	42.04450366444445	-89.44061713888888
62835	38.10466017659575	-88.33218011914893
62692	39.58531998913044	-89.95590274021738
60915	41.14712517421052	-87.85838470947368
61089	42.47355144615384	-89.78330065961539
62441	39.39843982182891	-87.70427404572271
62539	39.84802673521126	-89.25261370704226
61610	40.64611347807018	-89.59502911666667
60954	41.14757209330708	-87.63526107401574
60942	40.469017285384616	-87.65428456846153
61432	40.636628296666665	-90.17123801
61475	40.56926122	-90.75377604
60468	41.33196890416667	-87.80613866369048
60457	41.72316941196911	-87.81439726409266
60438	41.567803128486055	-87.54713098505977
61259	41.38317976805556	-90.90314356111112
61020	42.09675076721311	-89.08928979672132
61342	41.52762839957983	-89.11640760756303
62859	38.09134930520833	-88.53701030833334
61810	39.919808943478266	-87.92079743913044
60911	40.878537495	-87.95598065833333
62665	39.82655327118644	-90.54229313898304
62321	40.40479418018433	-91.08311480829492
61473	40.70534745818182	-90.64890360545454
60484	41.448362205882354	-87.69538095294118
61843	40.31781485052632	-88.36698841894736
62355	39.44262016	-90.7879963
60040	42.19961485604396	-87.81040303186813
60419	41.62767780618557	-87.59962137697595
60415	41.70305049189189	-87.77266333175676
61262	41.28262150111112	-90.34131936666668
62916	37.92463775068493	-89.55573464657535
62262	38.93578684285714	-89.28351227714286
60460	41.000269718333335	-88.53247327666666
61277	41.6284313716129	-89.9344359367742
62630	39.27100100833333	-90.08498819583332
60922	41.00544166666667	-87.89276869595959
62436	39.1775456	-88.25302467297298
60542	41.808007197260274	-88.33241639634703
61452	40.2341787125	-90.618909525
61776	40.56469362666667	-88.89856216333334
62288	38.005007985714286	-89.66909724511278
61726	40.73914915849057	-88.71714982830188
61326	41.26577919818182	-89.23236994181818
61516	40.8485962	-89.1244041
60649	41.76322465454545	-87.57818416245058
60409	41.61915620448625	-87.56906632633864
60044	42.284821234814814	-87.85926045592593
61912	39.527500794736845	-88.03778476842105
60155	41.85553455337079	-87.84577276516853
62380	40.24381179545454	-91.19739403636363
61471	40.695792	-90.827222
60466	41.47367633812317	-87.68506950645161
61284	41.4015346729927	-90.74526225839416
62067	38.9192831948718	-89.99977602051283
61260	41.23123708815789	-90.87685750131578
62633	40.21489907323944	-89.87352018309859
60948	40.52406693663367	-88.07810102178219
60456	41.73321138728814	-87.73528685169492
61276	41.3095818	-90.5834532
61453	41.00802446901408	-90.70018797042252
61816	39.915728504545456	-88.0064175590909
60481	41.30116123531599	-88.15367908066914
62824	38.68664170566038	-88.36072196415094
60827	41.65420715227941	-87.62045932985293
62690	39.50335786034483	-89.76599961551725
62264	38.32089008549618	-89.89541996488549
62016	39.297508564705886	-90.40658517843136
62366	39.44376411428571	-90.87361261904762
60469	41.62709025740741	-87.68496174444444
62625	39.93040077407407	-89.67660602222222
60480	41.75820029142857	-87.88765797952381
60482	41.689166764666666	-87.783553754
61486	41.17253860983607	-90.5872659704918
61722	40.4372307125	-88.62765426875
61480	40.74454858518519	-90.90908557037038
61754	40.32731728050848	-89.16560253559322
61476	41.11527589375	-90.80989819375
60605	41.87040131845102	-87.62706381025056
62280	37.83259377391305	-89.65805468695652
60548	41.64181206531366	-88.62918700221402
61852	39.89000472	-88.07449762666667
61059	42.45410829	-89.9436562
62838	38.83074183829788	-88.71045690638297
61875	40.12906696296296	-88.43185157037037
61542	40.39077436861702	-90.14493890904257
61451	40.938971621875	-89.93521810625
61448	40.91141875533334	-90.26840917666668
60475	41.47439385371429	-87.6301012382857
62628	39.77595897647059	-90.39791093529412
61447	40.85609111551724	-90.73597930517242
62917	37.682398588157895	-88.6252828355263
60426	41.61200565182342	-87.6500679184261
61051	41.96997648235294	-89.75931761411765
61411	40.39216261578947	-90.50118345526316
61470	40.60823004878049	-90.48746662439024
60952	40.563723969696966	-88.27289275454545
61467	41.07083904137931	-90.24522710603448
60183	41.93707282	-88.40654823999999
60461	41.51582125266666	-87.69111493266666
62422	39.249516635294114	-88.8583564882353
61919	39.78041205254237	-88.1679211338983
61356	41.37659955298702	-89.44410344467532
61272	41.22463468661417	-91.0030562102362
61012	42.37533145789474	-88.74024828070176
61030	42.111774921875	-89.588186109375
62875	38.74454228571429	-89.08536813766234
62501	39.971791597619045	-88.82477007857143
62325	40.03237180714286	-91.17199032857144
61854	40.20530706029412	-88.51736201029412
61437	40.794715	-90.798835
62910	37.14102525396826	-88.58931877619047
60917	41.03775435	-88.27777927692307
61878	40.23687277769231	-88.18073790153846
60171	41.93031982567568	-87.83634857522522
61760	40.89409937777778	-89.05367814814814
61545	40.86404315322581	-89.34263742258065
60425	41.54681029178082	-87.61306913561643
60406	41.660992583054	-87.68072553426444
62635	40.2983539255814	-89.47089963255814
62061	38.78388253194444	-89.77134275277778
62821	38.08073578786885	-88.16514033245902
61769	40.883568779166666	-88.42112531666666
61080	42.48365678218527	-89.03682807838479
62808	38.31713477462687	-89.19476769402985
60946	40.92597593529412	-88.23899950588236
62848	38.43686732916667	-89.15996280833333
62823	38.514906	-88.445474
62449	39.01244760867052	-87.90582121502891
60432	41.52889313333333	-88.06654398181819
62238	38.03845200322581	-89.56453349354838
60512	41.70432228421053	-88.41795763157894
62009	39.092502434	-89.80277262599999
62431	39.21967606086956	-88.98353904782608
61465	41.19064991355933	-90.48021769152544
62082	39.49166528309859	-90.36701867323944
62940	37.73214573095238	-89.46500504047619
62316	40.27060593809524	-91.10847179285716
62531	39.669145418478266	-89.37189498586956
61042	41.66775080298508	-89.57440713880597
62570	39.58858193333333	-89.45000038333333
62960	37.18936885696595	-88.72822434582044
62410	38.52711214230769	-87.71443155
61478	40.77439205	-90.73288505833334
61605	40.68456106143345	-89.61343624556314
61740	40.87424140909091	-88.82570275909092
62314	39.76106225	-90.93259475
60610	41.90401089866072	-87.6359872796875
62923	37.3422871030303	-89.0092103939394
62557	39.393624226146784	-89.08498736513761
61911	39.70255447211539	-88.44740450192307
62842	38.44219473333333	-88.40488340833333
61348	41.28970050261438	-89.05554523921569
60938	40.76304206111111	-87.9828293511111
62462	39.22230646875	-88.453701546875
61547	40.618318242990654	-89.73628986074766
61572	40.78855885744681	-90.02933111808511
61755	40.53845206610169	-89.34114149548023
61850	39.918829025	-87.72977056944444
60474	41.17323126666667	-88.27399888333333
62378	39.8855171625	-90.650987975
61232	41.437775	-90.72226389268292
62877	38.380845102222224	-89.19606581333333
60429	41.57234139741379	-87.6823748012931
62289	38.59657515714286	-89.75056435714285
61425	40.7357494	-90.8314891
62905	37.572789023404255	-89.33906424255319
61460	40.7744055	-90.8309595
62339	40.11122250740741	-91.02226595925926
62549	39.78022364967742	-88.87270733161292
62268	38.27135556603774	-89.5199681264151
62999	37.900526809375	-89.052844284375
62440	39.39777416703297	-88.27365576593407
62919	37.470245222	-88.16616807
61570	40.91092004081632	-89.27930198469387
61415	40.654734307894735	-90.43042269649123
62044	39.34142862777778	-90.20204406388888
62063	39.18276782666666	-90.13755834
62882	38.599991866	-89.11684977200001
62037	38.98482090266666	-90.444004984
62347	39.871466967073175	-91.09464618414634
60929	40.87661832619048	-88.32984144285714
61515	40.8006332	-89.638991
62825	37.99664581666667	-89.068088
62880	38.86705407692308	-88.85151361538462
61319	41.00694903866667	-88.76292401333333
61942	39.79833443454546	-87.99829991
62983	37.88960867027027	-89.1092300027027
62520	39.812593228888886	-89.45982943555555
62666	40.08439521875	-89.5522652625
62045	39.234208	-90.706666
61261	41.715318617142856	-89.93346803428571
61079	42.4919308	-89.2495493
62894	38.22079671739131	-89.04469293913044
62601	39.740221059090906	-90.09046715
62673	40.086974575	-89.97219193333333
61301	41.34626264105263	-89.09056748035087
61859	40.15155733655914	-87.99182353978495
62081	39.270606	-90.207016
61870	39.90477298448276	-87.61367010517242
61949	39.6453155	-87.86297595
62987	37.64423421525424	-88.70099604406781
61285	41.98215060864197	-90.08525918024692
60636	41.77633938524946	-87.66321802299349
60470	41.16135564150943	-88.65410483207548
62997	37.98298387368421	-89.5901682894737
61565	41.00636382040817	-89.46830856734694
62536	39.6488599	-89.65543400909091
61377	41.0518475462963	-89.05767534074074
62343	39.70782348333333	-91.20785576666668
61519	40.46644736	-90.09525899
60132	41.939278	-87.8911254
61569	40.67585057179488	-89.8898175974359
62974	37.78089505660377	-88.82402557924529
62084	38.84428349534883	-90.07462573255816
62018	38.90765175570176	-90.07245480657896
61014	41.98169660724638	-89.87012875072463
60611	41.8949892729885	-87.6226382045977
62822	37.974466	-89.05480764864865
62814	38.34308665454546	-88.73957810909091
62444	39.275719	-88.742221
61435	40.98481694444444	-90.57770777777776
60949	40.373515008	-88.138977324
61913	39.81142391568628	-88.44902654509804
62817	37.9326722	-88.46292023333334
62206	38.56534367225807	-90.17027954258064
61756	40.03012112439024	-88.95963122926828
61479	40.987203	-89.6520355
61539	40.557663971428575	-89.7708442
62048	38.82902549444445	-90.09411042777778
62523	39.84121421363636	-88.95327282878787
61450	40.56995795416667	-90.97694708541668
60960	40.45204391309524	-87.90583246309524
61811	40.26734626585366	-87.61370032682926
62931	37.46447316266666	-88.29878610733334
62928	37.495676	-88.576537
62828	38.193703	-88.665203
62031	39.11062442857143	-90.52902468928572
62023	39.1078098	-89.7836172
61472	41.096442827906976	-90.38656149651165
61943	39.653324470212766	-88.01920625106384
62644	40.30391381803921	-90.04053716
62885	38.806101	-89.0307179
62540	39.58215193793104	-89.41661896206897
62336	40.46803075	-91.1714659
61324	41.77123833333333	-89.41254533333334
61818	39.871036348051945	-88.69437738441557
62853	38.51089229459459	-88.9105614054054
62338	39.96927091315789	-91.2522343868421
62878	38.574876	-88.473114
61424	41.07783663333333	-89.6327421
61344	41.40376382307692	-89.82844973846154
62418	38.9917622547619	-88.95712089047619
61862	40.27320110243903	-88.00863072682927
62895	38.34724327692308	-88.58890338461539
62245	38.55956465272727	-89.56614034909092
62361	39.474665	-90.641961
62201	38.63078920938272	-90.13858718469136
61379	41.37038941304348	-89.58753244347827
61043	42.064438	-89.096999
60924	40.56893290125	-87.88400688
61865	40.29589831914893	-87.80394395744682
60552	41.63153197032968	-88.67680587912088
60458	41.74623849819277	-87.83521702951806
61813	39.91337876704546	-88.56380965227272
60910	41.076925386666666	-87.79366226333333
62272	38.001501021875	-89.6165759515625
60418	41.64935205	-87.73921158333334
61279	41.32325511363637	-90.70811783030302
61747	40.424612804347824	-89.42845144782609
62926	37.37421972222222	-89.14527257575757
62047	39.15384114166667	-90.62231848333332
62671	40.16843040925926	-89.56146342777778
61770	40.42972235217391	-88.53831185797101
61050	42.43755043870968	-89.72602796774193
60963	40.36914936117648	-87.62781762705883
62253	38.74951193913044	-89.2834524173913
62617	40.15191659032258	-90.15912337419356
62320	40.0184556390625	-91.085961659375
62334	40.39472090833333	-91.24799560833334
61855	39.91051651	-88.65089946
62860	38.03347503793104	-88.73220473448275
61847	40.30061301333333	-88.05676393333334
62351	40.10199291851852	-91.285061745679
62311	40.233498828	-90.953988256
61316	41.263437485714284	-89.12506804285715
62551	39.85302497333333	-89.14713006000001
61375	41.05313015463917	-89.25050727835053
60934	40.94808932352941	-88.40757934705881
60539	41.824034966666666	-88.33114313333334
61814	40.23452523833333	-87.58394219
60129	42.03066477586207	-88.9798756
62841	37.857838	-88.9982895
61433	40.561447	-90.169457
62083	39.36616885555556	-89.18072727777778
62461	39.174513753125	-88.641849790625
61602	40.68929150366973	-89.59520462629969
62413	39.13161081052632	-87.85633593157894
60953	40.61185709004525	-87.7037475239819
61773	40.56535955151515	-88.38777862424243
32608	29.61262010823529	-82.3981281013072
32606	29.681098554669266	-82.42256370972763
32601	29.64891889010989	-82.32642483928572
32607	29.644208584947645	-82.40755671492147
32609	29.693161876511628	-82.30553862255815
32605	29.679705270847457	-82.36795616474576
32653	29.70943453414044	-82.38956563486683
32641	29.644856744988346	-82.28827597878788
32603	29.65822730820896	-82.3460749074627
36609	30.660301839848195	-88.16430093586338
32615	29.78808766666667	-82.48273446360153
32667	29.48987015966387	-82.28602664117648
32563	30.399917617489177	-87.01401854813852
32461	30.28707961573197	-86.02807442714251
20003	38.88414562404303	-76.99036482727018
20020	38.8615484100153	-76.97061609224221
20032	38.83674217305389	-77.00112205329341
20011	38.95389861729148	-77.0158722079731
20019	38.89112796410291	-76.93774921526258
20008	38.932807144902384	-77.05855781171367
20009	38.92113447929293	-77.03495610383838
20017	38.93988183173281	-76.9917958742027
20012	38.97057705711275	-77.02563000410959
20002	38.90360807619663	-76.98946933571797
20018	38.92841864571832	-76.97440069755332
20024	38.88252835410628	-77.0195929826087
20001	38.91567274569965	-77.01781946821247
20016	38.93973767625571	-77.08686526149164
20010	38.93331708745372	-77.02897176902509
20007	38.91398049449761	-77.0733527791866
20015	38.95629528351064	-77.06363646436171
20037	38.89635379206349	-77.04772952261905
20006	38.89953622955975	-77.04000623773584
20036	38.90618680523077	-77.04095521015384
20052	38.97697990227272	-76.91133753181819
20005	38.90352365939597	-77.03070840704699
87122	35.17465303076923	-106.53047333461538
87108	35.07908143412162	-106.58398947297296
87508	35.59047025966387	-106.00348658711484
87124	35.24747251226415	-106.67094446509434
87048	35.23253669375	-106.6116984375
87120	35.13088226381579	-106.70709862894736
88011	32.33008275483871	-106.74757556838708
87501	35.68946322605364	-105.94207126934866
87544	35.87841364822695	-106.3034919496454
87113	35.17754719230769	-106.56911542564104
87123	35.06565482630015	-106.52226896047549
87144	35.30029524347826	-106.6550378
87114	35.19076821272727	-106.67056967818182
87301	35.52895547924528	-108.7559211528302
87505	35.669489164595106	-105.95278709463275
87008	35.12516603333333	-106.36887021666666
87043	35.3089699	-106.4614271
87106	35.07753555677656	-106.61159541355312
87109	35.14285922981652	-106.57551668990826
87112	35.099587421176466	-106.52256833411764
87104	35.099742603125	-106.66737416875
87532	36.00613190652174	-106.0777784826087
87507	35.6417147156542	-106.01496605303738
87031	34.79535629721287	-106.68654544275928
87111	35.13146331116505	-106.51115507427184
87107	35.12829261298701	-106.62969048961038
87015	35.059870404929576	-106.19195267746478
88005	32.287166610227274	-106.77254135984847
87506	35.87595773593361	-106.01359812033196
88007	32.310742675	-106.85721080714283
87105	35.02322457446808	-106.6797604638298
87047	35.20984648888889	-106.31220283333332
87110	35.09933944221684	-106.5906998881284
87025	35.820720928	-106.677902712
88001	32.285395691863826	-106.75569644708598
87068	34.85756813333333	-106.6909159
87059	35.078017772	-106.378541264
88061	32.781303728260866	-108.25852444782608
87701	35.60188960674157	-105.22585576404494
87742	35.8173559	-105.408844
87522	35.9924768	-105.9304584
87102	35.08600888097561	-106.64880581365854
87121	35.03541287971698	-106.74646442099056
88418	36.7621453	-103.8369529
87535	35.5748763	-105.75742883333334
87004	35.321975594117646	-106.55008237058824
87901	33.13897700154083	-107.25772326117104
88310	32.90328802866521	-105.95338626805253
87547	35.824061128	-106.206533292
88312	33.40299435	-105.673590725
87002	34.6149408909091	-106.79671813939392
87557	36.3523982	-105.6218373
87745	35.7727204	-105.2535874
88008	31.86147744	-106.64910522
88021	31.97980114	-106.63112166
88063	31.81392504285714	-106.58068777142856
87935	33.18484406666667	-107.22307393333334
87571	36.39800750882353	-105.5942717117647
87715	35.999203	-105.380457
87549	36.30273345	-106.0500841
87042	34.92932702857143	-106.64432074285716
87540	35.45555096666667	-105.90453706666666
88030	32.2666722472973	-107.71080410270272
87722	36.1231531	-105.2377065
88415	38.61155548	-99.35691754
87529	36.45520820833333	-105.65005189166666
87713	36.1404489	-105.370755
88101	34.41894016444444	-103.20190818222224
87035	35.00673321111111	-106.0347693
88047	32.269682806666665	-106.76295961333334
88301	33.9735658962963	-106.19375118888888
88201	33.40414886298077	-104.5273163658654
88345	33.3398990962963	-105.6615346962963
88058	32.152394	-106.726095
88220	32.419856524234696	-104.22644923596938
87825	34.1096127	-107.2349829
87548	36.176667	-106.190351
88203	33.35665550552147	-104.51972209018405
87823	34.168146	-106.91172
88240	32.72703455125	-103.14304324833334
87410	36.8382489375	-107.9907577
87402	36.76277285357143	-108.15382364285716
87801	34.06247398047809	-106.89827210597608
88130	34.178536433333335	-103.34651324166666
88232	33.1405417	-104.5434763
87020	35.16452901333333	-107.82933943333332
87831	34.25503515	-106.91651525
88317	32.96009083	-105.71836455
87582	36.1713572	-105.96851
88352	33.07258259545454	-106.01461370454544
88210	32.86982866818182	-104.41469484090908
88026	32.7822351	-108.1564007
88230	33.1912597	-104.3758801
87023	34.600358	-106.7622449
88337	32.977681483333335	-105.95156478333334
88311	32.806819	-105.985562
88081	32.1566908	-106.33426626666666
87560	35.331444633333334	-105.43591313333334
88065	32.6103047	-108.4514101
87732	35.97136828	-105.32443278
87740	36.89407768838709	-104.43926766451612
88256	32.28041825	-104.0955092
88046	32.2743910893617	-106.79562150425532
88118	34.227632	-103.653513
88044	32.142948225	-106.71996965
87530	36.33692166	-106.18786288
87551	36.709832	-106.629959
87051	35.106493	-107.882503
87942	33.1169756	-107.28980966666666
87930	32.85497	-107.317386
88043	32.7289167	-108.01813045
88022	32.782475	-108.18783
88119	34.51196898	-104.27420464
87347	35.4915309	-108.4317291
83310	32.8832375	-105.9592354
87036	34.52122450054945	-106.24586341098902
88325	32.94101926791045	-105.8173337955224
87566	36.04762395	-106.06539895
87937	32.605571638461534	-107.27904810769232
87556	36.71522975	-105.5942063
88048	32.16472345	-106.6960844
88339	32.90046611666667	-105.5302246
87936	33.6452848	-106.76047405
87939	33.390884	-107.436457
88242	32.7891263	-103.1253143
87520	36.894894925	-106.58181441666666
87401	36.72864122110092	-108.18652861559634
87940	32.6710827	-107.0686842
87511	36.101430271428576	-106.036725
88260	32.95112151818182	-103.35063400909092
78742	30.234337965340902	-97.6752993755682
86406	34.463205888888886	-114.28648536666668
86403	34.48374685769231	-114.34239422307692
86404	34.57510384166667	-114.35879273333332
85648	31.4731073	-110.9689138
86401	35.2007512	-114.02410578617022
86426	34.99967508	-114.58782342
86409	35.26524341428571	-114.02169042857145
85646	31.61172034	-111.04519406
86429	35.16958413333333	-114.51752616666668
86413	35.032646475	-114.291927125
86444	35.85440906666667	-114.10802993333331
86441	35.562506625	-114.3143215875
85624	31.52990990625	-110.752095
86438	34.768376	-114.059342
85640	31.591212	-111.045711
85621	31.346782806611568	-110.9490902752066
86433	35.025449	-114.384326
86431	35.4141332	-114.202944
86445	35.7191835	-114.4832026
85641	31.95538587272728	-110.76497456545457
85704	32.33021633962264	-110.98324551320756
71953	34.57600656631016	-94.2089164946524
72641	35.993956135714285	-93.19379507857144
71801	33.657504543537414	-93.5920830079932
71909	34.65588236146616	-92.98873487640977
72636	35.989088	-92.7164186
72227	34.771438870428014	-92.37451475914398
72207	34.77008899876543	-92.3420907632716
72632	36.39470155795918	-93.74300214979591
72936	35.21077430612903	-94.26099083967742
72704	36.09056572649303	-94.23005118774756
72701	36.049614445599744	-94.13824468757576
72703	36.10065324548635	-94.13054408858362
72560	35.85308368353909	-92.09633345555557
72753	35.96558298773835	-94.31842817009414
71973	34.304088057575754	-94.34755430151516
72638	36.33437903904762	-93.42430228190476
72730	36.03521996844621	-94.25438316175298
71640	33.114495609016394	-91.26645096639344
72761	36.18126632869392	-94.52132762194034
72653	36.338469892248014	-92.36922676082467
71933	34.40113502439024	-93.3752288097561
72601	36.23720721864211	-93.10581383670886
72210	34.702434033956386	-92.46459563862928
72130	35.66663661111111	-92.08900615555557
72756	36.34393949118766	-94.09750559250612
71913	34.468742075548384	-93.09523039541936
72946	35.63201301046512	-94.1624694627907
72031	35.59959583315508	-92.45672723262032
72752	35.78980987647059	-93.6375685235294
72223	34.78768442632528	-92.4733132937252
72802	35.292305922445884	-93.12813760155716
72855	35.29035204663462	-93.72164545336538
72908	35.30360958993056	-94.411286271875
72712	36.36237103689185	-94.22311793507367
72959	35.8218409076326	-94.13435871862872
71901	34.5027836276923	-93.01872202437248
71964	34.42993522246377	-93.23249988985508
71958	34.10462586336634	-93.6739680782178
72616	36.37359864925373	-93.56665133470148
72631	36.45959583783784	-93.7720533118919
72550	35.711845020588235	-91.78345537941176
72150	34.30604771468144	-92.37728436759002
72956	35.46365611450151	-94.34654927875124
71667	33.93966096296296	-91.85265866419752
71730	33.20954684339789	-92.6537738477993
72211	34.75396455191919	-92.41250187373736
72032	35.07999719417671	-92.39975948293171
72735	36.09696915555556	-93.98928774444444
72335	35.014712859610704	-90.78459862895376
72002	34.65007615853018	-92.5018586167979
72101	35.2850176	-91.18981985531916
72650	35.9115841125	-92.593936725
72821	35.4437415075	-93.74087644625
72116	34.80178151256545	-92.24599697277486
72714	36.46924340269151	-94.21725586915116
72774	35.912822492866574	-94.19438713599736
72202	34.74358686839827	-92.2792390943723
72209	34.67990312533137	-92.3439185300442
72583	36.40030934315789	-91.98571353157897
72117	34.78010017901554	-92.18629942875648
71852	33.96503451676829	-93.84067559359757
72834	35.21917386454545	-93.1826052
72721	35.834633478571426	-93.79761726428572
72205	34.75159047624831	-92.34576986005398
85321	32.35489575882353	-112.85486543529412
85534	32.72260765	-109.1008204
85533	33.033696	-109.279442
85546	32.823306315625	-109.724206825
85940	34.271127	-109.739623
85928	34.4249051	-110.6026587
85924	34.38616446	-109.69414764
85901	34.25630179512195	-110.03424889024392
85934	34.302916	-110.252702
85933	34.3962242	-110.5460858
85927	34.01065395	-109.45830255
85922	33.627661	-109.109042
85938	34.24637633333333	-109.5521443
85935	34.12362625	-109.928013225
85932	33.961775	-109.208808
85929	34.15895142	-109.98820374
85920	33.850050328125	-109.14313910625
85937	34.51185177	-110.06759849
85902	34.333855	-109.818907
85923	34.360069	-110.302645
85638	31.71413853202614	-110.06498538366012
85650	31.498276444117646	-110.25776500294118
85625	32.02336940769231	-109.85151984615383
85615	31.4147025375	-110.3364751375
85630	31.9141002	-110.2231759
55071	44.83355219735099	-92.99221100397352
85616	31.666718906451614	-110.29245356774194
85606	32.00587	-109.909156
85610	31.825579	-109.6610885
85643	32.24042186578947	-109.81818256052632
85632	31.97064221333333	-109.16789771333336
85603	31.41385956666667	-109.90213000416668
85617	31.5227921	-109.7968091
85636	31.55506785	-110.2823947
85607	31.35661112631579	-109.56261732105264
85611	31.60294747272728	-110.54505658181816
85627	31.9995734	-110.2860251
85605	32.32580194285714	-109.485599
85644	32.251121	-109.836523
85609	32.035062	-110.047287
85548	32.8341122	-109.7153735
85608	31.494426	-109.413761
85626	31.359858	-109.568065
85705	32.254464692389384	-110.9794429079646
85613	31.66374815	-110.43106073333333
85634	31.9183628	-111.8904851
85620	31.33747753333333	-109.9468395
85629	31.9511243	-110.98427023684212
85647	35.434814	-110.862227
85747	32.105370573469386	-110.79537529081632
85746	32.15229052380952	-111.02488741309524
85757	32.12348019375	-111.07974490625
85653	32.43585330625	-111.2097961203125
85658	32.50233748888889	-111.09884198333332
85743	32.350194533707864	-111.12343553820224
85742	32.392286815194346	-111.03810290954064
85736	32.05251221	-111.27785028
85739	32.50206937356322	-110.92626767931034
85614	31.875977127272726	-110.9935186
85735	32.16414015	-111.15295135
85738	32.660611	-111.046666
85711	32.22136727211539	-110.8780881625
85622	31.834443	-111.0047566
85623	32.58863450922078	-110.9126609587013
85601	31.58185966666667	-111.3205277
85734	31.914633	-111.858813
85633	31.488275466666668	-111.54269374444443
85745	32.23318141744186	-111.00276186046511
85752	32.3644559	-111.120039
85726	32.204423	-110.946748
85737	32.41451898438404	-110.99885048877964
85755	32.44629155090909	-110.95310164727272
85713	32.187977508510635	-110.9765179319149
85716	32.24026292692308	-110.92561247051282
85645	31.738097	-111.031837
85652	32.3540105	-111.088313
85741	32.325892849545454	-111.02745989272728
86442	35.1092128	-114.594276752
86436	34.78068733333333	-114.47986723333332
86440	34.91404006296296	-114.5730175148148
86437	35.4096505	-113.6505375
89442	39.635072	-119.291342
86427	34.9975125	-114.5972559
86434	35.535705	-113.433762
92314	34.2593140625	-116.85746084000002
92315	34.24499942168674	-116.90100412289156
92333	34.266358571428576	-116.9285606
92386	34.2433002	-116.8252029
94103	37.77462974112821	-122.41102310205127
95357	37.664541757971016	-120.90849013550724
94621	37.74443612580645	-122.1977454483871
95240	38.12487707333334	-121.26035111666668
94502	37.73324041666667	-122.24019548333332
95747	38.77183670177514	-121.35662054970416
95366	37.74309818333333	-121.13280022777776
95241	38.133057	-121.2920123
94124	37.74737963861386	-122.39461031980196
95054	37.38869044073108	-121.96716078903394
95746	38.7327082	-121.1907797054054
95661	38.7400433	-121.25689872982456
94115	37.78481943767123	-122.43477553630136
94043	37.40705597814163	-122.08873389345068
94123	37.79909803068783	-122.4304746079365
94133	37.79852183286189	-122.4096742514975
94110	37.7703951296837	-122.34598263309002
95356	37.69821212857143	-121.02302777142856
94118	37.77880852667607	-122.45644464940014
95112	37.34215359778272	-121.88317825326772
94720	37.87327860714286	-122.2544058357143
95053	37.349067060975614	-121.93802192439024
95448	38.610974459375	-122.877027428125
91006	34.13476306529412	-118.02657167970588
91103	34.15903160660377	-118.15253986226416
92506	33.95503701914893	-117.3962730212766
92504	33.94911509693141	-117.42149764368232
92503	33.90687470431035	-117.45498964913791
91107	34.1540199543956	-118.08606779285716
90058	34.00280303632075	-118.22837988443396
92507	33.96926823591549	-117.32780489929578
91505	34.16825089130435	-118.34426747971015
92808	33.85714590064265	-117.74246756833496
92806	33.83146868778452	-117.87664081593324
92324	34.04762989210526	-117.31848741842106
92801	33.847959413371925	-117.94145536691752
91506	34.17099596111111	-118.32241846111113
91502	34.17964577111111	-118.31422494444443
91210	34.143971656666665	-118.25663243333332
92807	33.850713576758004	-117.78787775317484
93438	34.695703	-120.493041
93436	34.678144683571425	-120.46060610785712
91125	34.1346407	-118.1248551
92227	32.98343975797101	-115.52360853768116
92201	33.6949080558952	-116.22537116157206
92250	32.78079743333333	-115.37287197333332
92253	33.68352185889571	-116.27680417177912
92203	33.75616299655172	-116.23295116569408
92281	33.03711563	-115.62106114
92233	33.156706125	-115.5614130625
92240	33.9461239902439	-116.5017320878049
92231	32.68360879711538	-115.48512781538464
92247	33.6363659	-116.2372238
92241	33.908791380000004	-116.511167
92236	33.68055980504214	-116.18732667749688
92211	33.78511377391305	-116.37398186389412
92210	33.72176376666667	-116.34916326923076
92251	32.78624983684211	-115.77716692105264
92270	33.767346243434346	-116.44944949898988
92274	33.45762645980861	-116.05217238086124
92260	33.72851068395062	-116.38827881358026
92254	33.565478584	-116.066835572
92243	32.7878135464567	-115.56539287716537
92283	32.79379265714286	-114.70454147142856
92273	32.791274675	-115.69180115
92276	33.78845981546392	-116.40987930618556
92249	32.752158	-115.4659628
92275	33.31202884	-115.95049816
92004	33.23405061136671	-116.35056486193054
94402	37.552563762135925	-122.31391402135922
96097	41.72039835909091	-122.63796143636364
96067	41.30525602916667	-122.29759234583332
96050	41.8354298	-122.8518074
95531	41.760192475	-124.17755967
96025	41.21427061111111	-122.27486228888888
96101	41.46937916444445	-120.58470490222224
96094	41.414301145833335	-122.38684733958333
96064	41.722703	-122.424156
96027	41.457156966666666	-122.894741
96058	41.8277256	-122.0071448
96034	41.459013	-122.611934
95567	41.96794114	-124.20401448
96057	41.25423455	-122.0631577
96032	41.60528585714286	-122.84371353571429
96134	41.93608208571429	-121.44340154285716
96014	41.325621	-122.806418
96104	41.5315434	-120.1714235
96038	41.6464959	-122.5379966
96037	41.55119005	-122.90185005
96023	41.971762	-121.935597
96044	41.94948478	-122.5951539
94306	37.42249685419847	-122.1353773129771
94301	37.442493099173554	-122.15811920247934
94303	37.43907897890625	-122.11624180859376
94028	37.39528756153847	-122.19669360384614
94022	37.38332690122951	-122.1145664364754
94304	37.41767942021277	-122.1592976287234
33513	28.65999762431761	-82.15569894441687
32952	28.37560802456908	-80.67083406287279
34477	29.0658526	-82.2317259
32750	28.707721141666667	-81.34616879907408
33896	28.25463962285714	-81.60963031214285
33328	26.066722782323232	-80.2776615
32724	29.03362006635021	-81.28178485393812
33601	27.9475141	-82.4592353
32618	29.53483379263804	-82.53457726319019
34786	28.49886760731708	-81.56359944146341
32746	28.76679177783252	-81.35391190837439
34236	27.3488184624	-82.62582141226667
34233	27.2753973964539	-82.47006781158393
33050	24.727027049520768	-81.04210420607029
33603	27.982580911811024	-82.46283576666666
32086	29.81794813701432	-81.32000356973415
32779	28.706554926035505	-81.41621889053255
33881	28.04949059164345	-81.72064300529247
34474	29.1620034125	-82.17547624576612
32934	28.1465919372549	-80.68792166078431
33444	26.45912191058091	-80.08628357178424
32266	30.316345963697373	-81.40502481107383
33431	26.37944755612009	-80.09710963418014
34689	28.14583152351313	-82.75861988118949
34102	26.14714102898833	-81.79720410097276
32148	29.63342260971564	-81.87676718767773
34956	27.04093063882353	-80.47958998941176
32169	29.013739997849804	-80.88527220273518
32176	29.32451776084337	-81.05924861578077
32336	30.253045424489795	-83.86676393673469
32766	28.637259857407408	-81.1216639574074
34231	27.26927337639077	-82.51607442374491
32317	30.46583605384616	-84.15531510352564
34232	27.3237001322314	-82.47534055454545
33993	26.674508982654867	-82.02376606247788
32117	29.236775377420177	-81.05606585028872
32312	30.54302770316857	-84.25981041444867
32080	29.836103848185484	-81.27492457217743
33612	28.0519601307563	-82.45218318915967
32309	30.52951332033898	-84.1855288262712
30303	33.75352991446613	-84.3902578913892
32953	28.40496659392265	-80.70354380073665
32668	29.261934631122447	-82.49964624132653
32303	30.468064394055943	-84.29697726625874
32308	30.46878694862444	-84.23723493429303
32334	30.38736510714286	-84.76559162857143
32817	28.58458940836237	-81.24173601777004
33701	27.77038981041667	-82.63909654277778
32174	29.29229049263252	-81.10355437283725
32826	28.578742289763778	-81.19177857637796
32218	30.470402884382874	-81.64878278060453
34104	26.153006729850745	-81.74310380985074
32073	30.179348228450102	-81.71197132399152
33312	26.09247153278856	-80.17770026741573
33156	25.6675364169394	-80.30778904388575
32564	30.71549135509138	-86.8184982308094
34990	27.175274345438595	-80.29696241701754
32250	30.28262417592593	-81.39841851272291
33812	27.9726852	-81.898584975
33432	26.34979414984127	-80.09007322380953
19067	40.21737156663031	-74.82840460250817
34243	27.40444005556962	-82.51775878658228
33611	27.890138021875	-82.50716906145834
92647	33.71696424928667	-118.0046438648876
32110	29.45583664864865	-81.33170081783783
32327	30.20111382703818	-84.32621279422084
32164	29.501278967465066	-81.22471805908184
33401	26.71139969659091	-80.06047384409092
33908	26.50635076467991	-81.93294144448124
34952	27.29209148518972	-80.29785323414933
34212	27.49943772190476	-82.41395000666667
33853	27.900309207598035	-81.55584409313725
33486	26.34797507107196	-80.11386490675477
33626	28.056774005340703	-82.60980516003684
34240	27.3302580172043	-82.38892006881721
33455	27.07982814886076	-80.1462445843038
32738	28.910017575556665	-81.19012943743307
33020	26.02004669331941	-80.15127785031315
32137	29.576085987807488	-81.21979316374332
32958	27.79010542512648	-80.47993992192244
33935	26.75544511164179	-81.43243530029851
32713	28.887295201455355	-81.31264239108809
32836	28.394694263247864	-81.51497248803419
32907	28.0139917893321	-80.67085481391466
32034	30.62334415042614	-81.4630663609375
32168	29.0252797179422	-80.9788070577941
32951	28.010059242424244	-80.53177973376623
33547	27.84915893645971	-82.19292927767503
32162	28.921674675	-81.9949819125
34957	27.238456918952625	-80.23297617805486
34949	27.464904062359548	-80.29853141123596
33405	26.674719600702574	-80.06732126627635
34223	26.98560281809045	-82.36884063007898
34997	27.137741722322584	-80.21365573548387
32043	30.0012226627383	-81.7291024778163
32259	30.099027918129497	-81.56541279136691
32333	30.608274686153848	-84.42010346923077
33706	27.734028555162794	-82.74487928474419
32961	27.63439712631579	-80.5048480631579
32118	29.21517827818596	-81.00520683133989
34471	29.16359981404421	-82.09208402756826
32141	28.944596619629703	-80.8929882658347
33609	27.943133646590905	-82.50609911619318
34481	29.111462441343672	-82.30471864599483
32720	29.03228711715658	-81.32699455245195
33060	26.229688976985745	-80.1226829796334
32301	30.43531190413257	-84.25858026178396
34141	25.885486505000003	-81.219130625
32703	28.663084757972555	-81.50554286188704
32708	28.68913554227129	-81.27425604637223
33898	27.9198864013624	-81.49728170054496
34241	27.27863640790273	-82.42321065167174
33406	26.659380505674346	-80.08266636924341
33956	26.53351861889764	-82.09166271811024
33467	26.598171594886363	-80.17651995511363
33414	26.652289566358736	-80.2606214056197
32937	28.170162286630035	-80.59807060659341
34229	27.187715014563107	-82.48069434660194
33311	26.144095351362864	-80.17137923040886
32328	29.667604925828968	-84.86254804153577
32631	29.70202635555556	-82.11190817777778
33434	26.382115703421054	-80.16751453236841
34235	27.363020697988503	-82.48466739195403
32616	29.79086181111111	-82.49380402222222
32714	28.66355257953217	-81.41350566783626
33830	27.89669439294872	-81.81495675817307
33433	26.34758344458484	-80.15808091263537
34135	26.347423641925925	-81.77207291362963
34209	27.49046229789864	-82.6277870906057
34609	28.47640372172524	-82.51054532396167
33904	26.584356406570844	-81.95168266581109
33909	26.67648121717647	-81.94571313858823
32707	28.656944364444445	-81.31577309244445
34747	28.32634311182266	-81.58840677807882
33767	27.979289064882945	-82.82398014715719
34711	28.51610413307164	-81.73730629911678
33071	26.2408650487574	-80.26304803846155
33076	26.32391097824477	-80.27588619145253
33330	26.06299870518135	-80.3177961865285
32119	29.163938031347023	-81.02454102972713
32114	29.20288408656538	-81.03872753951008
32725	28.90293867403136	-81.24555606424838
34432	29.07570179550265	-82.38591459814815
34433	29.001759731640625	-82.52442346640625
33928	26.429545613863635	-81.78965059272727
32136	29.43865721818182	-81.12234266026935
33334	26.181313776960785	-80.13436577418301
33912	26.51629859066148	-81.83001417587549
33905	26.66930025454545	-81.7833974152012
34947	27.446965952427185	-80.36531157702265
34731	28.86370725180723	-81.89977571024096
32442	30.6992621320442	-85.00891054198894
33844	28.093672188546257	-81.60341776901616
32903	28.10939901832669	-80.57828195298805
34449	29.04240895	-82.64980220970149
32256	30.206206094760155	-81.53343841120035
32224	30.281953119296	-81.46320779154522
32258	30.138804275830108	-81.55053716070204
33458	26.93046996343085	-80.1256655243351
33478	26.924682723773586	-80.2151667
33040	24.56417432401216	-81.77001239772036
32055	30.21869271683244	-82.66600723710789
33852	27.292223039378285	-81.36923567220356
33803	28.012771571649484	-81.94890900996563
33813	27.96879451142857	-81.93118560994708
33774	27.88117393875	-82.82758980575
34748	28.78783848378099	-81.88189225743801
33064	26.2772144729254	-80.12055974727576
33470	26.74801712290503	-80.30108865837988
33558	28.15767501818182	-82.51477502727272
32448	30.710000291435765	-85.21977892644836
32569	30.414523452857143	-86.7150994907143
32068	30.082209292206365	-81.86021595499452
32583	30.56255793766234	-87.03658967042503
32570	30.67007920653616	-87.05883370321831
33471	26.876141324444443	-81.12983572962962
34114	26.040271943	-81.6561368025
34110	26.29220806988304	-81.78975860877193
32566	30.416974724799555	-86.84054344995853
34275	27.139562192415173	-82.44925953612774
34482	29.232114758	-82.2495154205
34972	27.34519017121212	-80.85133151338384
32825	28.549287322115383	-81.25161564134616
34684	28.076922003544777	-82.7280771636194
32408	30.16165141216886	-85.76675255384198
32503	30.45846767243868	-87.21239562611832
32504	30.48579554504717	-87.19613711698113
32514	30.523476649483907	-87.2061314649666
32526	30.482573956830603	-87.32188597254098
33062	26.23797594977876	-80.09810133694691
33954	27.02220004023904	-82.11031272111555
33948	26.98104491743341	-82.14076476900726
33980	26.986178997206707	-82.0616625821229
32456	29.885502669060774	-85.36768802357274
32955	28.309126915286623	-80.7274119826433
33957	26.447079367069485	-82.081716155287
32459	30.358319417901807	-86.20077774929997
33875	27.436414964069527	-81.47167629875256
34607	28.50923917807692	-82.63118162846153
34491	28.99687516738351	-82.02435119283155
33573	27.722725879266346	-82.36075624896333
33647	28.122237469296987	-82.35600731406026
33624	28.07137888721265	-82.52576708994253
32102	29.17021029144852	-81.53028766561955
34293	27.055545479100143	-82.39464385573294
34285	27.09650817966457	-82.43763381677148
32967	27.699189285524124	-80.44957346372712
32963	27.664770374962963	-80.36510726237037
33597	28.57733185031848	-82.11449146847134
33326	26.1129437059376	-80.38263356707058
34787	28.543903384141405	-81.59496665854766
32792	28.59331772345317	-81.32044866408863
32233	30.33743782105177	-81.40805466155975
33920	26.713401042081447	-81.63507420769231
33572	27.77147603100437	-82.4050103537118
34465	28.92622042459893	-82.4727411053476
17815	41.02303137109375	-76.4484176671875
32424	30.443573018367346	-85.04902517959184
33437	26.52167966659117	-80.15018138867498
34211	27.44844155472973	-82.40068953378378
34208	27.487338757555847	-82.5261818130092
34202	27.42465718235294	-82.41710633764706
34205	27.48303603528456	-82.58233189040651
34203	27.445678157697845	-82.52211215913668
34604	28.48430833798883	-82.45501120558659
32920	28.3913200825	-80.60384813592106
33914	26.57437500121145	-82.00203225870044
33756	27.947339581141048	-82.78853962852615
34714	28.39244432026144	-81.72757898039215
34715	28.63551651242938	-81.76615165762712
32536	30.75600009549549	-86.58868365825826
33446	26.451292727573527	-80.16565372794118
34442	28.9226914503861	-82.39172678397684
32211	30.33648475714286	-81.5955895095238
32223	30.14988653622149	-81.62002414045602
32246	30.30091292654937	-81.51038008301471
33041	24.55438082	-81.79300094
32159	28.927416809911502	-81.92434437893806
32830	28.391359809821427	-81.56186667767858
34251	27.381800696666662	-82.22147688916667
34120	26.278832985766424	-81.60146438686131
34470	29.19770778924731	-82.09975421021505
34677	28.04908834283154	-82.69174807222223
32765	28.646213530503143	-81.21843663238994
33426	26.548848775	-80.08606173819445
33469	26.96877756881721	-80.1024106422939
34686	29.37574	-82.2663479
33946	26.846808287234044	-82.28231813829787
32505	30.451812798783457	-87.255637386618
32507	30.3636756459542	-87.34093346977099
32082	30.15441874014599	-81.37591613284671
34987	27.282387134615387	-80.44640665769231
32773	28.763009222421527	-81.27602428520179
34238	27.24053729489489	-82.47818945405406
32092	29.96939720639386	-81.50670141176471
33710	27.79020635375796	-82.7162547933758
32310	30.4182638990085	-84.37246839745042
32311	30.404469645408167	-84.20436119166666
34688	28.14464699766082	-82.69801866432749
33596	27.89313885873016	-82.23687109206348
32962	27.586492337623763	-80.39243427069306
33331	26.06803874871944	-80.37646435325959
32701	28.66445211478873	-81.37399207394367
32712	28.71207287847752	-81.53060790400097
32922	28.36479774923858	-80.74105717309644
34436	28.736532804373176	-82.28936491632653
34951	27.53539171649832	-80.40917025050506
32735	28.8887279625	-81.746491084375
33037	25.13866930943089	-80.40683469707318
32568	30.89419574859813	-87.45480980654204
32940	28.226731990043927	-80.69789903455344
32754	28.703835576058395	-80.94698493416058
32550	30.38410557247001	-86.34966291868656
32757	28.80422405314685	-81.64841939090908
34655	28.20675904739414	-82.67791566710098
34661	28.64500998888889	-82.26183924444445
34286	27.073877795238097	-82.18135760476191
34484	28.9306097025641	-82.0730859
34761	28.56465684307692	-81.53875666153846
32837	28.379499608920188	-81.41575668450704
33480	26.72260778287037	-80.04797844444444
34221	27.55067234257556	-82.5518039718791
32083	30.08067725555556	-82.23398582555555
34695	28.005492282995952	-82.69538723603239
32304	30.44926184058091	-84.31383199908713
33618	28.071422857504217	-82.50008877554806
33606	27.93538252900764	-82.46471545152671
33634	28.010241060671937	-82.549459156917
32780	28.56989884774012	-80.81997084646892
32420	30.634048280981595	-85.37784722576687
34134	26.3585101805	-81.823382166
33511	27.91374528655529	-82.29601484852824
34601	28.565728695315315	-82.37776907639639
32533	30.577230929205268	-87.31627607742564
32626	29.47749279040404	-82.88321261085858
33066	26.249183814917128	-80.17695685469613
34428	28.94279448845265	-82.59239887413395
33897	28.29210295844156	-81.6676062099567
34431	29.11975228549849	-82.48943356888218
33306	26.165791585714288	-80.11470206
32547	30.445679706396582	-86.63170963752665
33019	26.01987393939394	-80.12160601346801
34453	28.869068457770272	-82.3543372918919
33036	24.916327883636363	-80.63988656545455
32217	30.2388221723238	-81.61746976607195
32225	30.357190852631582	-81.50683895131579
33477	26.92065174317181	-80.07816978722468
33936	26.59673080433145	-81.63084566440678
38751	33.452310824913496	-90.64686129204154
34145	25.939943678125	-81.71632544151785
33186	25.659190633044688	-80.4076147718279
34652	28.23564303900156	-82.73040644446178
34683	28.07969344868256	-82.76008806925972
33325	26.112113699421965	-80.32084374196532
33981	26.92452615138461	-82.23005410523078
32127	29.111892775186075	-80.98688002379718
32129	29.138032998710777	-81.02453853385968
33569	27.85601004188862	-82.31797810903954
33411	26.70942377286296	-80.21056114735414
32771	28.805797561002784	-81.30860738375117
33776	27.851603525	-82.8242151167647
32960	27.63630669756909	-80.41057438329068
32195	28.982146467889912	-81.91066643577982
21797	39.34255157371134	-77.06526088453609
34434	29.0034914039823	-82.4547731022124
33759	27.97949766802721	-82.71811549909297
33967	26.46002518292683	-81.79580603414634
33843	27.742869925147925	-81.54382125295858
34739	27.89981352058824	-81.0723074382353
33972	26.62580056962617	-81.59887371915887
33976	26.5933606	-81.6677303
33549	28.13739680300752	-82.45097855263158
32904	28.07528312273568	-80.6713506207024
33138	25.853396757775577	-80.18466569151305
33139	25.78514882593284	-80.14166396452892
33917	26.711527765041783	-81.85747261908078
34119	26.25559154212121	-81.71821520818182
32578	30.48948126842629	-86.43110587236056
32909	27.957716241787708	-80.64582877083798
33950	26.91217039194139	-82.04821072509158
33983	27.010311830965907	-82.01836198323863
7079	40.748549128771934	-74.25951402947369
33778	27.87891839065156	-82.79492606317281
34606	28.47944295035336	-82.60545682243816
34292	27.102597143396228	-82.38928768814017
32696	29.38428245074257	-82.48293506930693
33880	27.999943237352944	-81.75292122235295
34420	29.05128161563342	-82.04088690404312
33498	26.392231999056605	-80.21678800660378
33922	26.656063346067416	-82.13280269662921
34207	27.439411973040755	-82.57713199670846
32321	30.3627779	-84.98216524
34613	28.54991103790849	-82.53753301013072
33990	26.630859983731344	-81.94761206671642
8204	38.96755629812606	-74.92122676456559
32926	28.390476981154503	-80.78955951850594
32931	28.336930212303663	-80.61036769371728
33146	25.7208332416205	-80.27180479787627
32435	30.695849901788204	-86.12368121895031
34224	26.92316321771561	-82.30224067645688
32736	28.90011379576471	-81.52144656211765
32726	28.84772309725086	-81.68023143934708
32640	29.59358292435065	-82.04893035844155
33030	25.478800823191392	-80.48823943703067
32207	30.29610806584867	-81.65225534478527
32052	30.502391200487804	-82.98230818439025
32054	30.03433933003003	-82.3754776
32024	30.111445264676505	-82.70577635562996
33859	27.88025025751634	-81.61436335882352
33801	28.04231469279161	-81.92125019239843
34639	28.20954464496124	-82.42807052112403
49252	42.04134935140187	-84.76118544205607
32344	30.51807700714286	-83.88109905382653
34480	29.11919541320755	-82.09150752377359
33556	28.12513250510805	-82.59044019901768
33408	26.84121819607844	-80.06090477843136
32405	30.19356284491609	-85.67759078454273
34953	27.24793458245744	-80.3811378304219
34984	27.27225711877395	-80.34388320996169
32351	30.56267970559797	-84.60688268778625
32686	29.3695325	-82.23670954930556
32409	30.38357572811671	-85.67920721850133
32091	29.93657148817892	-82.10385343354633
32778	28.79800026264274	-81.73182333327895
33070	25.00626328283582	-80.5256112335821
31799	30.825396	-84.021393
32784	28.942847961538465	-81.6931406561873
34266	27.19674578151751	-81.87422173540855
33825	27.5893301753184	-81.48861894901187
33991	26.63172880953608	-82.00325541056701
32625	29.17431909130435	-83.01268233804348
33323	26.1515783212406	-80.31587614642858
32643	29.87680864460044	-82.60946812192225
32222	30.209455776086955	-81.82211629782608
32062	30.14005596727273	-82.96604284
33166	25.822887487413503	-80.30494796518731
33860	27.89993491535088	-81.99894810087719
34654	28.30784468549323	-82.62983140348163
34476	29.13347629018088	-82.18838518966407
34472	29.12095725486601	-82.02380700846263
32810	28.623418283908045	-81.41975934942529
33410	26.84280727274368	-80.08641944241877
34239	27.311433747025497	-82.52095102691217
33594	27.91132722224694	-82.24403943214683
33544	28.238336015568866	-82.35105674311377
33413	26.665976602424244	-80.14676194424243
2675	41.702021675	-70.24805265
32320	29.727637102061856	-84.99718970206186
33827	27.83045349195402	-81.53102018735632
32619	29.76219560547264	-82.87253235074627
32113	29.38875375428572	-82.10631021771428
34698	28.0260252884778	-82.77005143002114
33919	26.55026939486356	-81.90130469743178
34448	28.794312613267326	-82.57943464613861
32277	30.36555171562669	-81.58742694357026
33811	27.974319629126214	-82.00624257305824
34637	28.268106868	-82.46776934
32901	28.073519898046875	-80.62137151041667
33903	26.678383525075528	-81.90275766268883
34116	26.185126871167885	-81.70634833649635
34112	26.122233664065337	-81.7485555168784
34105	26.19910080879629	-81.76280967175926
32669	29.654902411145507	-82.52039606563469
32003	30.106149955700324	-81.71722709120522
33565	28.06488767886179	-82.16061599810298
34242	27.26968726959707	-82.54852590989012
33870	27.49999823896423	-81.45935874526336
33704	27.79620411893492	-82.63638465946745
33713	27.787425022843827	-82.67183022027972
34994	27.193532477700348	-80.24817088989548
32796	28.62432696729132	-80.83732458057922
34614	28.63228792983871	-82.51737282419354
33428	26.34910653464992	-80.21037618096948
33440	26.71263473665339	-81.00624551673306
33525	28.340920772687227	-82.21065335286343
33441	26.310679115889467	-80.09811430794473
32132	28.979404765194385	-80.91359792362549
33316	26.09987030265017	-80.12814646024735
32548	30.415339859045726	-86.62257108051689
33966	26.600983564179103	-81.81601576567165
34945	27.424088011627905	-80.43608704244186
34946	27.48191347989417	-80.35050525925926
33785	27.871353111475408	-82.83796115027323
32254	30.33769833740565	-81.72628404818849
32220	30.33014663675966	-81.81968085109652
32209	30.37039747948718	-81.69813382051282
32216	30.28448062403688	-81.58140083435016
32656	29.7939967289823	-81.99336247743364
33463	26.60907312191582	-80.12653041901306
32751	28.62809823766234	-81.35810336883117
33141	25.857170998280605	-80.1331136390188
32759	28.872158250376888	-80.85564081570352
32821	28.38543373063063	-81.48638136846846
34685	28.09961848129032	-82.6973336067742
33317	26.113366071848223	-80.22449419559364
33921	26.75510117608696	-82.26373139565217
33982	26.968732232936507	-81.95471444841269
33578	27.85691744621212	-82.33496596818182
34234	27.36584044679376	-82.53365861577123
33143	25.702427818548824	-80.29772091314457
34608	28.47999720676856	-82.55470355087337
28562	35.09511523403694	-77.09713636860158
34785	28.85103107613293	-82.03670684561934
33435	26.526203263453816	-80.06431262891567
32115	29.2072647	-81.019336575
32038	29.929475495105017	-82.71010401327895
32244	30.20590078316832	-81.76132544861906
34746	28.30020562385892	-81.46990842634854
32063	30.280253025003898	-82.13030279597818
32446	30.79373173172043	-85.20664294139785
33140	25.81711949194285	-80.13135137079999
34117	26.17800295170068	-81.58470737074829
33309	26.18744990568032	-80.17804781149273
32065	30.13881114271524	-81.79829644437086
32829	28.487056008333333	-81.24464660833334
32541	30.394642884186048	-86.45769731302326
33563	28.00937613835404	-82.12677081118012
32128	29.085502393465507	-81.04336698144851
33322	26.14790789735259	-80.27401438760529
33415	26.66101472892057	-80.12834618757638
34216	27.530241537275987	-82.73530078817204
33765	27.981413602495547	-82.74217149491979
33521	28.793369804545456	-82.05615513636364
34982	27.394266824504943	-80.32801817747524
32040	30.29135376594639	-82.19414491507112
32046	30.70397572553192	-81.92126242765957
34690	28.19197355481481	-82.72811041518518
33462	26.585180856931608	-80.07531819981516
34461	28.84190784267516	-82.48509041369427
32060	30.28268897119675	-83.03881202515214
32950	27.981463210204083	-80.58624909336736
34103	26.18924181925287	-81.80350259109196
33476	26.81788934041096	-80.6605988349315
33403	26.80351441569507	-80.0808686883408
32534	30.52424021539568	-87.27722976633093
33782	27.85866925173042	-82.7097972449909
32181	29.48954778148148	-81.59902807037038
34983	27.315086845655607	-80.35010823981042
33404	26.78098336119403	-80.06785261769723
33872	27.5102972201656	-81.51009020097516
34610	28.395323938437496	-82.5292586475
32084	29.898207364615388	-81.32687799349112
33042	24.6599553958042	-81.46787446713287
33617	28.03782717201448	-82.39453225681545
33412	26.79400942259136	-80.23195752192692
33884	27.992851654845364	-81.67667331463917
34498	29.030659982758625	-82.7134356137931
32097	30.630245957277	-81.5823622713615
32966	27.637715036862744	-80.46520831235294
33157	25.60639884265181	-80.34884571765784
32183	29.0749247625	-81.8603249875
32348	30.06888186561403	-83.59606976807018
32033	29.79243744942529	-81.42455824942529
33324	26.11399484903934	-80.27332672909424
33772	27.84022939941176	-82.7946283025
32322	29.87396139111112	-84.63367597037038
32732	28.752086758720928	-81.1166341755814
32763	28.94354122559762	-81.29886348751744
33604	28.01613010476948	-82.45503995930048
32744	28.98102107763335	-81.23154505096369
33901	26.62793869771505	-81.87134429879032
34974	27.203436633997512	-80.86471811930262
34638	28.243754812598425	-82.4851014031496
32189	29.552193421686745	-81.6382647006024
32226	30.49627559496855	-81.55631494779874
33332	26.073676734453784	-80.40123491957489
34109	26.242855919106702	-81.77049131588089
32775	28.76512985	-80.87543041818181
34446	28.757989443058	-82.53235034358524
32702	29.01296243828829	-81.63427168603604
33837	28.20393135424657	-81.60824255369863
32747	28.815534	-81.323798
33625	28.06814128825065	-82.55759866396868
33777	27.85342631778976	-82.7584075239892
20705	39.0453860638962	-76.90887762749153
33930	26.53599225714286	-81.44898942857142
34222	27.5346305428125	-82.5038332859375
33460	26.6204436075188	-80.05740730526315
33764	27.923942245454544	-82.74139768330579
32764	28.84501230266312	-81.13452940758988
33184	25.75846528411365	-80.40868241508221
33449	26.61633445652174	-80.21297663043478
32927	28.470038483980584	-80.79649830728155
35223	33.48667557578125	-86.74340698242187
33407	26.7467068492278	-80.07451859961391
33176	25.656158809040768	-80.36191435602485
34667	28.37107974042838	-82.67089259745649
33707	27.759485508867925	-82.71314145264151
34429	28.87314964037941	-82.58765952466125
46106	39.520148390476194	-86.18744990555555
33043	24.689295206532663	-81.3644855
34475	29.214488808196723	-82.15525536159251
33018	25.90126097404803	-80.34984014374953
33305	26.151625788705232	-80.12447826831956
33487	26.40798749570957	-80.0874489191419
33173	25.702211968772893	-80.36070389559421
33955	26.825163374615386	-82.01596122538461
33160	25.940620184501423	-80.13411065495727
33179	25.95944204635492	-80.17898012327598
32768	28.6967216	-81.5570112
34986	27.325180303333337	-80.40049440142857
33761	28.027995699022007	-82.72884701369193
33708	27.80524644605954	-82.79336209124344
33709	27.81415345358423	-82.7299355048387
33823	28.07673041679873	-81.80557352393026
32935	28.139361208144795	-80.65175548891402
33523	28.427829251612906	-82.20901443407257
33637	28.04053426413044	-82.36508208514492
33193	25.69924119441	-80.44661547715
33703	27.817171097959186	-82.62807149002268
33418	26.84232272454955	-80.13289964853604
34741	28.304336759910584	-81.4225641991058
34228	27.3920852479798	-82.6414382469697
32723	29.03571385	-81.30183895
33321	26.222448232053743	-80.2697740977927
34219	27.55013434281437	-82.41963708802395
34217	27.497116194339625	-82.70958094150944
34758	28.234814471	-81.475810842
33850	28.09173364186047	-81.7268655496124
32571	30.63507641906125	-87.15249396078993
33809	28.13390584580645	-81.95187340989247
34237	27.337351159039542	-82.51717814209039
33327	26.11917201451518	-80.41239127166224
4614	44.422564633920295	-68.58414534059315
4496	44.65619496803197	-68.91312728321678
4355	44.38499972252384	-69.95783316214234
4568	43.86516978878788	-69.55869449181817
4062	43.80534813726919	-70.41168442184399
4071	43.8965781824434	-70.47741934391286
4072	43.51568540408088	-70.44215268986605
4938	44.66160453071186	-70.12376984155932
4530	43.9063606741652	-69.82803319119509
4915	44.43241352149701	-69.01546609874252
4090	43.31648056078237	-70.60808049560796
4105	43.73573101826888	-70.26616530324125
4578	43.989966195788206	-69.68512330389089
4680	44.486915381889766	-67.9368634711286
4479	45.14203618078948	-69.33058455
4022	43.98252887238454	-70.7986924076343
4011	43.90449427374716	-69.96195698048052
4901	44.54891577642594	-69.62130310769898
4002	43.48702743749669	-70.6663445634824
4548	43.81191053541267	-69.74196312927064
4349	44.44090060745614	-70.05927718932749
4103	43.6945849	-70.2891398943313
4330	44.33994579648083	-69.75689921567073
4674	44.26769845923077	-68.38354077192308
4038	43.6947221796212	-70.45193168524445
4069	43.8968147142029	-70.18518775637682
4677	44.48890328888889	-68.17984705163398
4051	44.18318437195013	-70.89449877827249
4345	44.21051182268205	-69.79256510341474
3903	43.13671592232694	-70.78808369099772
4473	44.88614607751156	-68.68934483678015
4086	43.94387524830783	-69.96364217732962
3904	43.10173140518537	-70.73531059952404
4282	44.26656339342723	-70.2494432350307
4605	44.56749349015434	-68.43305359429732
4107	43.60150491901375	-70.23037159483167
4953	44.84797802050264	-69.25383024292329
4097	43.84527182047677	-70.23669356295844
4468	44.95214421311853	-68.66640184375719
4989	44.43424928807786	-69.64327217484184
4856	44.173324377274845	-69.10374003602426
4046	43.40378644039761	-70.47861202165605
4256	44.10493015735963	-70.39644263558422
4106	43.63013360154176	-70.27140869061671
4294	44.604012171533206	-70.22921944101563
4457	45.36816329895205	-68.489136432423
4096	43.79717017639883	-70.17913353155662
4547	43.99180125728588	-69.33012989065628
4843	44.21528026005812	-69.07754019383275
4609	44.37419050948808	-68.2607518424978
4855	43.92632185	-69.2584236
4669	44.4216342	-68.0255468875
4101	43.65931515	-70.25709491446872
4079	43.797694024533165	-69.95494724410818
4756	47.348658541171005	-68.3232459954461
4040	44.09852903589278	-70.6711638920945
4083	43.46331635	-70.82028846598129
4102	43.662518250000005	-70.3076025144818
4971	44.927220756035766	-69.39673309038747
4402	44.81741935	-68.768058
4348	44.209945321859706	-69.4952304038608
4032	43.85610147631325	-70.10230073778314
4347	44.28718513472469	-69.80006430692718
4854	44.06981491136919	-69.08843651845966
4847	44.24596280229885	-69.18602483816092
4841	44.108658542202086	-69.11564006241076
4941	44.498551392783504	-69.32719526515464
4042	43.625281311150005	-70.62386659815
4351	44.32539677565072	-69.86640204802687
4554	43.8630678791438	-69.50716266190999
4617	44.36446521879383	-68.72777759803647
4662	44.532743592500005	-68.360610535
4429	44.71928324953779	-68.62885504796085
4932	44.69698295285714	-69.1356533122449
4634	44.5936282571161	-68.2484709525281
4551	44.00419245225225	-69.43505299171171
4416	44.60561369345719	-68.77335677956381
4412	44.78830456163316	-68.75258054324121
4472	44.565083370326015	-68.69714525236193
4849	44.33125689493671	-69.03281409177215
4270	44.1223719729863	-70.5056704359178
4976	44.78000596862921	-69.69877340725843
3909	43.15911272695322	-70.64298123544289
4240	44.09806374551066	-70.18667086168216
4092	43.6861985138073	-70.35638644884348
4986	44.589859696327686	-69.24443829237288
4684	44.48514470064279	-68.50956910578512
4289	44.32458467309091	-70.54224631030303
4260	43.961844804896266	-70.30259778697095
4987	44.65050596831683	-69.28189130990098
4421	44.403270851129946	-68.79871297358757
4039	43.88904817537838	-70.34732277981081
4021	43.7988319	-70.27377895580172
4988	44.60358000309859	-69.33475479943662
4219	44.39079337849356	-70.61630978949455
3902	43.21989875	-70.63648189008786
4010	43.93235473463415	-70.90343095170732
4562	43.78891708689138	-69.82929616597112
4553	44.04869377123656	-69.55116639086022
4862	44.2440671766572	-69.27237054247159
4556	43.97054829592089	-69.63284036959209
4949	44.37878478058394	-69.33113360627738
4572	44.10198960815421	-69.37513668444217
4074	43.58445299181726	-70.34924309951269
4939	45.039762806188925	-69.15485224625408
4078	43.82083623333333	-70.1104003
3908	43.23054351631742	-70.77970034812779
4742	46.770065352531645	-67.8375623860184
4005	43.48245111452844	-70.46240415746648
4658	44.53884808448687	-67.87389795202864
4944	44.620920784615386	-69.60562465384616
4973	44.36846273748169	-69.19046309970717
4921	44.54238893264463	-69.13185035289257
4858	44.0336771809901	-69.14173380772277
4342	44.08216538784355	-69.74305643995771
4579	43.96010244813385	-69.76915598391248
4363	44.30878142623345	-69.58285291058965
3905	43.0207892	-70.60260656804509
4679	44.27664337226828	-68.32156130067821
4607	44.465823655613576	-68.06642251422976
4974	44.47417933975155	-68.93683144285714
4217	44.402210692091934	-70.79270541445267
4268	44.21855114446064	-70.57089207722302
4629	44.417752	-68.5181379
3906	43.32816279938795	-70.76007109995292
4401	44.82107983508178	-68.80232163296358
4917	44.495323698147246	-69.84046895333984
4006	43.44220515	-70.35322745283611
4087	43.56313255	-70.7570034029903
4055	43.9644551420154	-70.60442079678607
4566	43.97129	-69.652674
4093	43.64645635339726	-70.54103715386302
4084	43.767642282751886	-70.55977598963162
4263	44.281021871810346	-70.1246683049138
4043	43.38528828268746	-70.54420241435098
4276	44.54037361994154	-70.56679524891199
4957	44.71142434550093	-69.82180922912802
4041	43.85482979135802	-70.83677975622896
4616	44.287837850756304	-68.56848508957984
4238	44.20251081191406	-70.37769301640625
4422	45.06080273016949	-69.03996904271186
4864	44.12755539679316	-69.2439621473009
4469	44.90107726947368	-68.66777040105264
4444	44.740483483114446	-68.87964853880997
4685	44.15786881408776	-68.43153087713625
4851	43.85504569619047	-68.88983312571429
4414	45.356411661467895	-69.01792067545871
4261	44.51882810202765	-70.86563219179723
4108	43.66008138623376	-70.19207999125541
4441	45.49914797067773	-69.5802523757953
4428	44.81086276379853	-68.607528513851
4863	44.06183839016631	-68.83850498069414
4967	44.78518271564905	-69.4046913944074
4642	44.33146766623931	-68.80064537991453
4981	44.50811607085714	-68.86048004285715
4668	45.21751944798137	-67.60143096754658
4538	43.85318905269868	-69.62220556311092
4653	44.23840694589041	-68.34206205684931
4352	44.4673566483572	-69.9648691631845
4555	44.09912657394423	-69.4795012765737
4070	43.5645134	-70.2909775
4911	44.78924426673133	-69.93866592706111
4231	44.25702092624113	-70.84676379078014
4537	43.894462584301074	-69.62554597225807
4694	45.120331602456645	-67.45059336517342
4353	44.21666827158516	-69.60857365252951
4951	44.54529411538461	-69.06435122564102
4675	44.29908234	-68.23961076
4063	43.50187053333333	-70.38599577222222
4861	44.082434368142295	-69.18091708940712
4640	44.508846162284485	-68.25793219913793
4017	43.736896299403575	-70.1139760415507
4539	43.958008970894674	-69.50151037451867
4064	43.51698322416058	-70.38990616833942
4027	43.39661657612795	-70.91423637703704
4952	44.42605817218544	-69.15686062748344
4049	43.73629839428406	-70.69519268579675
4427	44.97497771760125	-69.01343582538941
4676	44.34321154944533	-68.63811008256735
4073	43.4091384	-70.7173973488629
4008	44.03510635678211	-69.87887978939393
4937	44.62034771038606	-69.64159763013325
4541	43.888541654871794	-69.48829660358975
4047	43.75060531067045	-70.89685904815865
4210	44.09097852149855	-70.24415145543115
4660	44.345802336691854	-68.36102521519732
4859	44.00743123626198	-69.16833386932908
4564	43.93235616130653	-69.46174177638191
4612	44.24860578	-68.35411924
4963	44.55307707784793	-69.75743620573704
4860	43.964351447931655	-69.22375565917267
4743	47.23656238542762	-68.58974049522216
4476	44.47192204126548	-68.71444950784044
4236	44.19033806982592	-70.14597834032882
4222	43.96363238437321	-70.1164784145392
4015	43.95241457571834	-70.5295133264288
3901	43.28826402460988	-70.85009127178154
55410	44.91833743770492	-93.31953095607923
55407	44.938305643330445	-93.25306526216823
55409	44.93114114944894	-93.28062990617192
55406	44.941941711660256	-93.22216360292988
55364	44.93652135361445	-93.65850241686748
55413	44.99964584642092	-93.25597529327048
55316	45.17147597242472	-93.3880723096672
55106	44.96147858286517	-93.0551960548221
55441	45.00894765664336	-93.4280872097902
55391	44.958137942730495	-93.52038750815602
55113	45.00695524407332	-93.16405208484724
55057	44.47715979951791	-93.17194025668044
56214	44.59183836981132	-95.3245951264151
55981	44.37306925352941	-92.02800383058825
55419	44.90848213133574	-93.2913151668231
55708	47.53962191666667	-92.33979197916666
55803	46.91493396428572	-92.10882453315018
55125	44.91116236993312	-92.94387467955802
55804	46.86418857373272	-91.99681940576038
55987	44.04612552149068	-91.6567764874534
55311	45.11220299812332	-93.48425855120644
55417	44.90738204161359	-93.23180350241508
55963	44.18555152694611	-92.64075688502992
55126	45.068511417905	-93.12883906504264
56085	44.29492644216867	-94.70994286216867
55112	45.073211168777775	-93.19882812811112
55420	44.84332911593407	-93.28060328076924
56021	44.276387968181815	-94.33426277727273
55107	44.92944778098766	-93.08496655530864
55320	45.392302957738096	-94.05989007440476
56001	44.15386756666667	-93.99293099930192
55404	44.96096829785648	-93.25586746328052
55972	43.98815168119658	-92.09782459957265
56050	44.26641255555556	-93.94929772666669
56379	45.60630371972603	-94.14610833232878
55427	45.00579163589743	-93.3808503507326
55104	44.95441101260772	-93.1569773486754
55082	45.0264689616502	-92.82487724357932
55405	44.97188139794646	-93.30671766314632
55305	44.952233801020405	-93.42708646139457
55108	44.98208198883469	-93.18890276422763
55308	45.40987892439863	-93.8445636676976
55373	45.08514066850393	-93.71738334409449
55387	44.84444490969163	-93.7787496975771
55116	44.91021976501548	-93.17423522770898
55042	44.98067398504673	-92.89405264317756
55421	45.048173777060136	-93.24685576837416
55443	45.107943150597606	-93.3397099561753
55074	45.38320601052632	-92.73343206315788
56340	45.74487052931035	-94.45222325862068
55129	44.89525797579514	-92.91261500586997
55388	44.95770139018405	-93.84736148404907
56063	44.20816371145038	-93.82174772061067
55414	44.9809666983435	-93.23382081002616
55401	44.98031024790419	-93.27200102994011
55121	44.84424021136364	-93.1467656720644
55001	44.912011264835165	-92.80414998791208
56136	44.50546625581396	-96.42491638953489
55346	44.87711663737114	-93.48505234536084
55014	45.15474079478261	-93.1396873357971
55073	45.26100713082707	-92.8314188924812
55429	45.061905296565655	-93.3406405359596
56139	44.08035467	-96.198216835
55043	44.94418065895088	-92.7718851247294
56229	44.57705519272727	-95.7139905
55408	44.94523635499224	-93.2866682424211
55418	45.0210204658389	-93.24336889282075
55411	45.00026496036603	-93.30267986119532
55430	45.048706472279335	-93.30071490857851
55920	44.03290160145749	-92.64407405020243
55362	45.3018603492891	-93.821373785782
55376	45.20900362755555	-93.65877076844444
55345	44.9154108079096	-93.48538918870057
55016	44.831868251967215	-92.93762523836064
55416	44.94641150148934	-93.34322738710084
56164	44.00509266190476	-96.32032477380952
55302	45.25270673920454	-94.12535540397728
55068	44.73521758380454	-93.14483896495992
55066	44.54178103431373	-92.56176107661064
56364	45.99647904238096	-94.07659444666668
56267	45.587175934408606	-95.9103117483871
55021	44.30138156559889	-93.29244391058496
55102	44.941667471047225	-93.12074801786449
56303	45.57388454041354	-94.20089774191727
55426	44.95104150316953	-93.376524213943
55327	45.2020853884058	-93.459477092029
55354	44.87721858571429	-94.05158595
56320	45.45957300747331	-94.426970441637
55991	44.22599261538461	-92.40554496153844
55347	44.83889675731343	-93.45625055268656
56373	45.84154455757576	-94.27699325555557
55374	45.19265608426501	-93.5609369826087
56377	45.62616690196079	-94.21865981797386
56304	45.53926169483871	-94.10471057376344
55985	44.13590826223405	-92.89488265159576
55945	44.292875172916666	-92.01040833958334
55343	44.91734274893617	-93.41296099085106
55356	44.98764623809524	-93.58514336493506
55331	44.90093757582583	-93.57968252987988
55019	44.4144068	-93.12417608
55397	44.79553267321429	-93.92774499464284
56082	44.33138127899306	-93.96483963975696
55033	44.725993366012815	-92.8632479270538
55940	43.90143120633803	-92.81105752887323
55110	45.08008459601803	-93.01169886018032
55084	45.42568761973684	-92.67809072894735
55992	44.29994640261438	-92.68018405849674
55344	44.86174756748329	-93.43089181091317
55018	44.43050310902256	-92.98299369548872
55119	44.92425350613757	-92.99956253777778
55105	44.936866463890304	-93.15802451361095
56007	43.6512301790927	-93.36158271163708
55446	45.0314350286	-93.4780549784
55947	43.82686042447258	-91.31871180759494
55363	45.054422934117646	-93.90784263882354
55422	45.011336431974925	-93.33948965705328
55079	45.40783411351351	-93.04583216441442
56237	44.640642293333336	-95.42088279333332
55389	45.30859808631579	-94.4282802536842
56362	45.37234489335548	-94.70437416046512
56301	45.52682377809254	-94.18525795335222
55959	44.08227188	-91.738069016
55432	45.09545867751634	-93.2540177703268
56172	44.068606995814655	-95.72992137458894
56310	45.62172593544974	-94.45274372328042
56468	46.50020938142415	-94.30428830402477
55955	44.071544792941175	-92.7499097635294
55423	44.8773291765748	-93.28247462440945
55811	46.81258562257143	-92.16438396228573
55052	44.23492944854369	-93.4382573854369
55431	44.839928370353306	-93.31239446958526
55024	44.66469666283892	-93.1625916616268
55445	45.10774755700935	-93.37761894735203
55372	44.71120455613334	-93.41920188773332
55412	45.0249602070724	-93.30484551397645
55114	44.964763467870725	-93.19558401539923
55969	44.099098865	-91.820425865
55060	44.07746325151933	-93.2286983160221
55103	44.9707380744462	-93.13695763330696
55120	44.871550065132496	-93.1266702820781
55118	44.904728375311	-93.0994723596852
55910	44.08937283333333	-91.94570493333332
55041	44.448787634269664	-92.28534520393258
55117	44.98586160409449	-93.12305380594488
55369	45.11463382166357	-93.43675478566108
55352	44.66012739130435	-93.60302325494072
55435	44.88087631196078	-93.33766134686276
56220	44.72966220333333	-96.25963024333332
55128	44.988957271958455	-92.96513666884272
55075	44.89094360011077	-93.048357621451
55012	45.41159558208955	-92.7973329477612
55025	45.267816461236805	-92.98242823438912
55115	45.05788626227106	-92.95814632161172
56028	44.219615427659576	-93.70102677659575
55982	43.786006917741936	-92.85715381451612
55038	45.16197382996454	-93.01331018085106
55436	44.90568315064267	-93.36755209280206
55447	45.00172980822785	-93.48991804841772
56071	44.545694843689326	-93.5686826631068
56264	44.56350265945946	-95.98063436846846
55328	45.038797799029126	-93.79726813495148
55964	44.162269961363634	-92.16692052272728
55076	44.842969909661576	-93.03679444346795
55077	44.82833750337143	-93.08212022745714
55944	44.021362994409934	-92.74036996770188
56387	45.54505746404495	-94.23434467677905
55092	45.32750943260073	-93.06261185347984
55127	45.07188382386635	-93.08678211431982
55323	44.9539634	-93.5764364
56284	44.77383722372881	-95.20142306101695
55109	45.01181992401171	-93.02722224831624
55338	44.65606972166666	-93.98660124
55101	44.95589023931034	-93.08796206206895
55438	44.825175342827	-93.37723470822785
55359	45.00488893099173	-93.67612495950412
56186	44.00929986923077	-96.10066633461538
55013	45.35653116084656	-92.89200892698412
55031	44.61068166607495	-92.99524308145956
56048	44.10134180366492	-93.67141584921468
56515	46.29443453051471	-95.7062062632353
56178	44.27191659285714	-96.07268628571428
55339	44.739329446666666	-93.95527448333334
56265	44.96337630810811	-95.70439216216216
55044	44.68051125197015	-93.25131533740992
56334	45.62592925960591	-95.37385476650246
56571	46.44094870325203	-95.55993045528454
55335	44.51755691098901	-94.5132683912088
55056	45.51508604684932	-93.0187507719178
55122	44.80083940623137	-93.1937404458765
55301	45.239853906140354	-93.66512456052632
56401	46.35648146394558	-94.19206266451246
55336	44.76018478737201	-94.1670907559727
56093	44.0730834255814	-93.50671393540053
56003	44.18115301954023	-94.04082084176244
55337	44.76800781192843	-93.27387227278552
56573	46.601465126	-95.56492102
56307	45.63217125911602	-94.57659257679558
55403	44.96765379417572	-93.29053650019743
55378	44.751388096754255	-93.35592845888718
56140	43.9091878	-96.3686365
56282	45.01716251860466	-95.2362116232558
55927	44.02138792215385	-92.85840140338462
55045	45.38710778071066	-92.8378902
55317	44.86681117305825	-93.54680965898058
56367	45.73532519133334	-94.18839998266668
55424	44.9133621704289	-93.33970935620768
55313	45.17109650522876	-93.8601082754902
55442	45.04506951017812	-93.4265939399491
56473	46.33467339516129	-94.45018358709676
55325	45.08408794166667	-94.31704642447916
55047	45.20321283561644	-92.8193090849315
55707	46.537563820805374	-92.6272558181208
55956	44.255295435	-92.5583886
55812	46.81017753950617	-92.07502919938273
56601	47.49668311769231	-94.85698490589743
55358	45.24964360570176	-94.00290813552633
55806	46.774123561837456	-92.12384528833924
55437	44.855387173694034	-93.34389591380598
55925	43.91163278333333	-91.3663913
56477	46.631217944692736	-95.04887096815642
55968	44.40158807142857	-92.08031771428573
55009	44.50271498567335	-92.90595496174784
55054	44.57248898461538	-93.35500670769233
55357	45.08565885714286	-93.65661006428572
56537	46.281570075	-96.085439725
55428	45.05215887293814	-93.37811861340204
55433	45.1675928938561	-93.31833707033144
55439	44.87621216636364	-93.36507264515151
56175	44.17099594575836	-95.64833076838046
56170	44.148138532530126	-96.05482426626506
56149	44.26594822173913	-96.28157421304348
56551	46.323249009523806	-95.46079570238096
55334	44.54056904352941	-94.21967125294118
55941	43.73910977142857	-91.35066053714286
55614	47.31346788522728	-91.26195934545456
56228	44.93877277045454	-94.6834303431818
55444	45.105000673873874	-93.31585081193694
55415	44.97594155841584	-93.26015967920792
55371	45.5671616704301	-93.5730126858423
55123	44.80817248879823	-93.1354859891163
55330	45.31279718953229	-93.58428975946548
55051	45.88817153042169	-93.2952215373494
55802	46.78057209021277	-92.09613428
56425	46.34916030097088	-94.25912837524272
55805	46.79837502561983	-92.09776936115702
55612	47.677377532	-90.680371272
55810	46.75619864185303	-92.25330216134186
55912	43.66948133147541	-92.9728011314754
56655	46.97068068838384	-94.22873418686868
55787	46.66410423278689	-93.12051793278688
55616	47.05487554329897	-91.6849260814433
55124	44.74491559899401	-93.20134383994412
55744	47.23717276873239	-93.51589811197184
56651	47.4826849	-95.629158
55720	46.71704527641921	-92.5358837426492
56438	46.14052120410256	-94.82054660410256
55906	44.0513604878555	-92.44262661529592
56474	46.726931637433154	-94.40418752994653
56455	46.46076270277778	-94.00207930833334
56716	47.77653690869565	-96.60639692608696
55718	46.63967633806452	-92.48825943612904
55749	46.43815657	-92.44631213666666
55733	46.710163979699246	-92.36369216842104
55807	46.738429550180506	-92.17111142924188
56484	47.09037436782946	-94.53720923449612
56441	46.515906319718304	-93.96944779859156
55731	47.89475730645161	-91.86527083655912
56073	44.31180813714585	-94.465502909234
55072	46.12219210170454	-92.74748646647728
55602	47.2963366652174	-91.87030373695652
56273	45.307000924358974	-94.96557426730767
55709	47.36617200132743	-93.37660468672568
55604	47.84718317958333	-90.32419938833333
56374	45.576683175700936	-94.31517485700935
55449	45.1693170263048	-93.21029571503132
55603	47.42844050384616	-91.24127016153844
56444	46.4198674706422	-93.8814046119266
55046	44.467775638764046	-93.41798461853932
55771	48.03837312235294	-92.87160805411764
56442	46.67786023557692	-94.1163153375
55017	45.66739867037037	-93.43366933333334
55008	45.55792209275363	-93.231938192029
56201	45.11570813570248	-95.04255914859505
55607	47.703193917647056	-91.56470375294118
56037	44.02708030952381	-94.05852863571428
56385	45.71319013888889	-95.23105787222222
56359	46.08755419939394	-93.67781656
56288	45.23801479550562	-94.95086090955056
55960	44.13722747034701	-92.51921217287068
56081	43.982786147619045	-94.63065745714286
55721	47.24360513233533	-93.63887521137724
56758	48.4424214	-96.6272871
55735	46.22344305170069	-92.99613719387756
56464	46.7667689994186	-95.10266621686046
56087	44.24995676210526	-94.98357231263158
55069	45.673463500990096	-92.98410757623762
55979	43.97544203333333	-91.9537684
55971	43.80638004234234	-91.74839998558558
55712	46.26062888148148	-92.6000647925926
55904	43.98992529461776	-92.43902025378814
56501	46.83151058835341	-95.78711778232932
55719	47.513333341436464	-92.88188680883978
55756	46.37763397826087	-92.58763248695652
55901	44.05828576112199	-92.50143225635296
55902	44.001812688484016	-92.49398211956
55726	46.66409269113924	-92.87406059367088
56336	45.81390732727272	-94.76034377373738
56283	44.53816000722892	-95.11883175481928
56470	46.96145849642857	-95.03593919924812
55746	47.408143988379706	-92.93687115875612
56353	45.76656834115524	-93.62682930866426
56041	44.147447171875	-94.5226818
55304	45.247766141933376	-93.28610866218158
56152	44.20064404242424	-95.27509635555556
56481	46.42531308969697	-94.97044301757576
56252	45.19244704516129	-95.31104835806453
56253	44.966340997014925	-94.89569398955224
56437	46.25811461702128	-95.03817998510638
55606	47.86783202857143	-89.90576605714286
55775	47.323461288888886	-93.20327355
55434	45.16536614184616	-93.24864807092308
55350	44.89640015941423	-94.3780391623431
56531	45.9937743	-95.94979005
56209	45.12817675389221	-94.8039477035928
56567	46.52616039312977	-95.3835187
55757	46.50710406486486	-92.9158030472973
57442	45.0129432	-99.9475743
55736	46.92223993028571	-92.91427948514286
55089	44.59555879839744	-92.69674449839744
56308	45.88467841384615	-95.38067406102564
56514	46.65135003333333	-96.41646063333334
55783	46.382353191463416	-92.80931152743902
55379	44.7794670199	-93.4953024881
55130	44.96237767670251	-93.07870476827956
56255	44.392054025	-95.401394075
56316	45.49845278611111	-95.10561626805556
56542	47.5777625	-95.74637247457628
56222	44.96006965555556	-95.37591235079364
56327	45.78649645714286	-95.58248406122448
56482	46.44369569105692	-95.13797037154472
56431	46.51118038187773	-93.68057490742358
55382	45.29444307285068	-94.20595721855204
56118	43.9020054	-95.0268138809524
56347	45.957270620909085	-94.86131834681818
56024	44.159816552	-93.876306514
55396	44.55244076095239	-94.36798020571428
55349	45.05498875744681	-94.06060341702128
55395	44.96265681333333	-94.05421008333332
55946	44.26744278150685	-92.95528429383562
56358	45.81444302068965	-93.42158669448276
56241	44.806226962857146	-95.54053633857144
56156	43.65548662386364	-96.21414074772728
55935	43.731184240625	-92.128442403125
56159	43.9287174125	-94.9405380796875
55318	44.80711255278196	-93.61061406721804
56570	46.90297711739131	-95.35887120869565
87734	36.235683	-105.141895
87513	36.532462	-105.672702
87527	36.20288981428571	-105.88350331428572
87415	36.7951659	-108.0887779
88041	32.801898	-107.964275
87191	35.1357995	-106.5504095
87001	35.3788169	-106.4644088
88341	33.501954	-105.692346
87056	35.1428795	-106.070238
87512	36.934125	-105.443624
87931	32.967732	-107.324062
87504	35.65302642857143	-105.95339152857144
87010	35.41712578709677	-106.14050669032258
88062	32.7774007	-108.2856984
87024	35.6530891125	-106.7338683375
87514	36.525160160000006	-105.56660728
87550	36.374328	-105.6117529
87718	36.53698	-105.28219
87578	36.042966871428575	-105.80881464285714
88054	32.4981702	-106.9323125
88401	35.16195826785714	-103.75120197142856
87552	35.581028728571425	-105.67804386666668
87510	36.282325354545456	-106.42678940909092
87565	35.4077784	-105.4900667
88006	32.411997	-106.855585
88049	32.9323429	-108.0142254
87041	35.580394	-106.342831
87747	36.38369234482759	-104.59427745517242
87832	33.8084414375	-106.8810987625
87005	35.260374	-107.982312
87503	36.147112	-109.554645
88056	31.8660523	-109.027301825
87502	35.6720227	-105.9556484
87564	36.599274	-105.645138
87119	35.163601	-106.665032
88038	32.971226	-108.564066
88318	34.24690344	-105.5955713
87026	34.9491677633987	-107.15957224444443
87710	36.39385466071429	-105.28684145
87011	33.992712	-105.817084
87064	36.196986	-106.564115
88053	32.86646435714286	-108.22062695714284
88316	33.541424	-105.600933
87525	36.59209008333333	-105.46251935833334
87416	36.7403679	-108.399307
87083	35.65763355	-106.34245435
88031	32.268024	-107.78572565
88419	36.87623	-103.86982
87580	36.53626333333333	-105.6237739
88032	32.3874145	-106.8173859
87006	34.523268	-106.795151
87553	36.17080845	-105.68513795
87753	35.79472	-104.986586
87531	36.210283125	-105.934011875
87101	35.095176	-106.64255
87579	36.19091175	-105.6739773
87062	34.52748949	-106.756302775
87103	38.7794931	-112.295673
88027	32.0373987	-106.6870393
87521	36.140098	-105.754724
87016	34.76017537777778	-106.05829368888888
87044	35.658627	-106.669193
88435	34.94329785	-104.66995604444443
87445	45.4537399	-98.0974983
88033	32.3406585	-106.94286685
87027	36.0962126	-106.9569025
87032	34.8537279	-106.047592
88028	32.964638	-108.612246
87125	35.09724	-107.1107
87574	35.80735	-105.905797
88004	32.2884002	-106.7370797
87053	35.55133576666667	-106.77829523333334
87509	35.0818611	-106.3813296
88013	32.3488663	-106.7640268
88321	34.996122	-105.377221
88042	32.919771975	-107.57083385
87583	35.2655986	-105.3615126
88052	32.3976559	-106.58144555
88023	32.756432975	-108.1351884
87418	36.89998755	-108.1910941
87412	36.7393132	-107.7958123
88265	32.623581	-103.266271
88202	33.4153809	-104.684568
87830	33.72642714166667	-108.739566275
88072	32.12179	-106.649509
87499	36.63594	-108.080187
88355	33.341885	-105.660307
87731	35.675476	-105.334469
87060	34.7416642	-106.7298006
80437	39.6491712	-105.35956575
87537	36.049779475	-106.1121552
87543	36.145359	-105.6865289
87821	34.05701295	-108.09719345
87196	34.960068	-106.2794909
87581	36.524594	-106.116552
87528	36.9455448078125	-106.98974567760416
89107	36.20093350697674	-115.21684718372092
87562	35.4896069	-105.67488
87058	35.589713	-106.047478
88124	34.514707	-103.635608
84059	40.29721098345711	-111.74618640755442
88354	32.769038	-105.502143
87311	35.58855365	-108.57857825
87567	35.9819829	-106.0435806
88029	31.83844845	-107.65260305
88055	32.699789	-108.726443
87046	36.201606	-106.945385
87569	35.385884	-105.322171
88424	36.516898	-103.579835
88431	35.242292	-104.319165
88002	32.38150848	-106.48339146
87129	35.7874649	-106.19538515
87413	36.69328374285714	-107.98844839285717
88350	32.63151	-105.694717
87192	35.093103	-106.57308
87519	36.764891	-105.613286
97325	44.851278666666666	-122.8723061
97539	42.61801633333333	-122.81480613333332
97039	45.5848528	-120.69834405333332
97385	44.886830275	-122.7541828
97358	44.8029064	-122.4149613
97632	42.023522	-121.415597
97633	42.082135066666666	-121.5331274
97110	45.89108072037037	-123.961101875
97469	42.9558333	-123.3591667
97625	42.25057	-121.538063
97626	42.696331	-122.005094
18074	40.30842159166667	-75.49725926333333
17824	40.8633409	-76.4605997
19529	40.62644499529412	-75.8226010082353
18940	40.24780919196262	-74.93847374859813
16120	40.89102189452054	-80.48022118219178
18037	40.676554818235296	-75.51579494352941
19330	39.86920798660714	-75.91641611875
19380	39.98333296286765	-75.59626405064338
19512	40.34136323425415	-75.65397904383057
19460	40.12835730012422	-75.5270055126708
19525	40.30589141925926	-75.5986369911111
19526	40.54600076849315	-75.97918461863013
17402	39.95114360788152	-76.67394375320026
19134	39.99277284864376	-75.11148387920434
15330	40.18687337707317	-80.09597482878048
19446	40.25288925697394	-75.25289407927977
17842	40.78908201627908	-77.03980616744185
19610	40.336505216000006	-75.9729285992
17042	40.31099593950617	-76.43059915246913
17360	39.857010424014334	-76.73140549241337
19440	40.26981193994565	-75.28566403043479
19505	40.37091477307692	-75.62679418717948
19382	39.946710948203936	-75.59430912804171
19465	40.21309325828092	-75.6505626851153
19104	39.95764396098266	-75.1973050515896
19608	40.31548115463576	-76.02538197450332
19348	39.85782964830189	-75.70434818433962
17109	40.28990801316397	-76.82296127967668
19317	39.85555963551021	-75.59726564204081
19096	39.99762544223827	-75.27343202418771
18235	40.83079796580459	-75.69859138663793
19475	40.17340580064102	-75.57794504294873
18938	40.34945755812808	-74.9925580682266
19064	39.92719599037199	-75.33534748621445
19081	39.89875692037037	-75.3467166574074
19426	40.18519729571183	-75.4559203432247
18018	40.62626487393328	-75.39056235104732
18966	40.188485508668734	-75.00531837724458
19036	39.90444948902439	-75.29329208414634
18017	40.64817853311828	-75.37578331838709
17090	40.33135647833333	-77.16573335333334
19320	39.98300078106904	-75.82103154179659
19119	40.05221324850498	-75.1889607385382
18104	40.60171476432637	-75.52632937789373
19072	40.00865214157895	-75.26265942795322
18944	40.37061278550855	-75.2808893809181
19034	40.13617344807693	-75.20454641682693
18471	41.52533128333333	-75.70397297777778
19123	39.96403466330049	-75.1472920864532
19501	40.22944772333334	-76.07533800666667
19530	40.5528153372549	-75.76521232614378
19130	39.96760036273292	-75.17136409710145
19473	40.25284591123595	-75.47266672022471
18042	40.68250142014926	-75.2201114011194
18080	40.72853873035231	-75.61425561707317
19044	40.18324285289855	-75.1495524978261
19118	40.071269904980845	-75.20525590383143
17315	40.00042514632516	-76.84988332115813
18954	40.2170208548718	-75.00821329384615
18947	40.407687203773584	-75.12612339528302
19468	40.207061044741536	-75.53115286274509
18229	40.89726918984375	-75.71102344296875
19606	40.3249527433642	-75.86409078996914
18972	40.54295324262296	-75.11735114426229
19151	39.973658293525176	-75.24517702733813
19390	39.82106965279188	-75.85115965888325
19054	40.171047464179104	-74.82796040497513
19106	39.95084067231544	-75.14637994010067
19083	39.97919232993039	-75.30978854988399
19002	40.173726906550215	-75.21239150320233
19350	39.76820127246377	-75.78147845217391
17327	39.79217325541126	-76.73079853722945
17889	40.90408211818182	-76.86880437272727
19510	40.43930185357143	-75.8838604404762
18708	41.30311095669292	-75.93504528031495
17404	39.984379296723645	-76.76910397902422
19492	40.27292323333333	-75.47461673333333
19343	40.09575831927711	-75.7499341186747
17604	40.0478176	-76.32633163333334
18064	40.74697327142857	-75.32316393167702
17038	40.419339951282055	-76.48823672564103
17053	40.33291810686275	-76.97947927647058
18925	40.29456442264753	-75.07604733030303
18976	40.24019891401152	-75.1351912378119
18951	40.44468023795094	-75.36029143246753
18902	40.338455378750005	-75.1183747375
19403	40.14271175898551	-75.38537850898551
18038	40.79102244936709	-75.4871851886076
18707	41.14089299039548	-75.91993417768361
18036	40.50929301181103	-75.40503128897639
19125	39.97700215402062	-75.1274374257732
17257	40.05415996582569	-77.51108001192661
17112	40.33952087574095	-76.7837324259056
19534	40.57498383921568	-75.87056569411764
18465	41.84415203333333	-75.54204373333334
15059	40.64725821595744	-80.46426249574468
18914	40.276537424014336	-75.198534840681
19087	40.06025878020833	-75.40572970145834
17033	40.26175351607143	-76.63952415982142
17201	39.92845121754902	-77.65261039539216
19128	40.0461041197031	-75.22906492847504
19438	40.26534032411576	-75.38084588263665
19464	40.25087168616352	-75.62290410107816
18704	41.274667826858106	-75.89217693952702
17701	41.257676704739886	-77.01167033398843
16901	41.75801214305556	-77.26738434166666
18071	40.81643945	-75.59707317153845
17045	40.57354707777778	-76.98948762222223
18810	41.96015573174603	-76.52087480634921
18507	41.35910786721311	-75.7093985680328
19023	39.91708813212851	-75.26448971927711
17408	39.97128328821892	-76.797955196846
17830	40.68553162222222	-76.80599842222222
19311	39.8168558037037	-75.75872789176955
17737	41.25632424294479	-76.70177437423312
17020	40.39431540493827	-77.0363243154321
17003	40.3302518198937	-76.51601806127563
18901	40.314940800622665	-75.12601225466999
17111	40.27038044023109	-76.79257904096639
15203	40.427683722794114	-79.9782397622549
19605	40.38979613529411	-75.93727303389356
18066	40.658948366871165	-75.73830774662576
19073	39.98556856644296	-75.41857410178972
19003	40.00390184440433	-75.29593769566787
19462	40.09673200376471	-75.30594171129411
18603	41.06359389473685	-76.23049784561404
17233	39.93729735913978	-78.0148552516129
19146	39.94060243074266	-75.17790822849742
17313	39.90103535051387	-76.65442097625899
17025	40.29077970126583	-76.95420647120253
19112	39.89241827	-75.172585675
17501	40.16170478461539	-76.22733971538462
17368	40.02191906206896	-76.53725876321839
17316	39.94331782569832	-77.02633830837989
18031	40.55391022045455	-75.6487940125
17048	40.59380089555555	-76.72716513777779
17322	39.84266255738636	-76.56922405340909
19506	40.442523477777776	-76.29695954074074
18960	40.36096971674419	-75.31476035162791
18326	41.15958482890625	-75.28099518203125
17545	40.16429824620811	-76.4038321356261
17013	40.20069321808396	-77.1988428270183
17963	40.55722374783784	-76.37872536162162
16648	40.44097576969697	-78.38188581262627
17552	40.11082995942948	-76.50711238383518
18049	40.53295653479125	-75.49963981093438
17015	40.21062949	-77.172385405
19040	40.18108815432836	-75.10694743820895
18444	41.34364756164384	-75.53109608630137
17837	40.95978438773234	-76.89798267992566
18054	40.34867581463414	-75.45271741707316
19129	40.01229647385621	-75.18314537712418
19082	39.95833437824933	-75.26708243554377
19335	40.01498093473804	-75.71829421776765
15044	40.63065792637735	-79.95272511134091
16801	40.790323003242	-77.84863575922397
15522	40.00015985372807	-78.52721090197369
16827	40.78098639447279	-77.78252752937925
16866	40.88947526963056	-78.20397676706325
19074	39.88940932253521	-75.2952072169014
19422	40.157207304	-75.27598110444444
18913	40.37908673333333	-75.06668726666666
19030	40.17561467352941	-74.84774048176472
18942	40.47515239534884	-75.16438686046511
19006	40.12563855877976	-75.06556112991072
17362	39.86342667723577	-76.8754400804878
18964	40.30449832473119	-75.3251242327957
19342	39.885339708888885	-75.50670587333333
18103	40.58621502590552	-75.46748258527559
18040	40.72458773046875	-75.22376779101562
17529	40.03396461532258	-76.11292966451613
17110	40.312701432621786	-76.86920387903668
17320	39.75612414325581	-77.38770690930232
17324	40.03068561057693	-77.20843255096155
18512	41.42926902447552	-75.62364801293705
17566	39.89192308756477	-76.15011744818653
18651	41.24465863247863	-75.9487849034188
18702	41.239361808050845	-75.8697562384887
16823	40.90995733810815	-77.7671903512036
17702	41.21230995882353	-77.04762357420815
19507	40.4836889372093	-76.26718483023257
19406	40.0888834420068	-75.37196396309524
18106	40.56900660676691	-75.58176624887219
17512	40.03666318381743	-76.49204893775934
19341	40.042142517695474	-75.63307172427983
19061	39.83396013688689	-75.44251041716716
17747	41.03733123333333	-77.29325346410256
17901	40.68381928931204	-76.21739917137592
17960	40.70028184611873	-75.9541585150685
18013	40.86086964378882	-75.18987389751553
19604	40.35390869748744	-75.91355127688442
19428	40.08203693274074	-75.2990494037037
17319	40.1543549519084	-76.7980701965649
17241	40.18628032836364	-77.40703511163636
17339	40.14445590674847	-76.86703814478527
17331	39.79547605457788	-76.97558391533889
17517	40.23286961993243	-76.11276710033783
19008	39.97476785352941	-75.36020259441176
18360	40.98472088872458	-75.23609412439926
17036	40.26944695340206	-76.7077488585567
18336	41.36539312474747	-74.71058030353535
18214	40.81048128032787	-76.0613912
19046	40.09724458394864	-75.11580177479937
18058	40.91237460054055	-75.4987745654054
17601	40.0726070131379	-76.32322849989143
18612	41.33983070819113	-75.96606385119453
19075	40.1094334	-75.18967106076924
16428	42.2090710508016	-79.83570058777555
19355	40.04696283088235	-75.5335230262032
17954	40.68952164468085	-76.26044385460993
16826	41.06232037624521	-77.59299597969348
17801	40.86287542976191	-76.78049935357143
19533	40.431975825	-75.98402049732142
17046	40.362339538421054	-76.42929061394737
17032	40.47554648687783	-76.88938557420813
17062	40.550033171428574	-77.12038012857143
19352	39.77719308375	-75.891617905625
17543	40.15108024605385	-76.2976798189415
19520	40.1566553579832	-75.80534034789916
19078	39.87794672696629	-75.32242753651686
19031	40.10771226046512	-75.20566851395348
19474	40.223649609090906	-75.4025779590909
16652	40.49396766887755	-78.01480256836734
17370	40.11735706354167	-76.79963354166667
17236	39.79682595857143	-77.93942681428572
19047	40.17870198257042	-74.91328562042253
16841	41.02270374670311	-77.65732041455415
17047	40.35632545	-77.3470507
16875	40.84293410265188	-77.5741410388621
19152	40.060377840977445	-75.0489165206767
17082	40.52849102857143	-77.42076154285715
18661	41.08592916530612	-75.76902732755102
18014	40.7556603668	-75.40136732879999
17022	40.15673937032968	-76.60342706172162
19018	39.9240620291536	-75.29815124420062
19154	40.08985767013889	-74.9777326613426
17268	39.7544371080966	-77.56401672585227
16828	40.8242189685702	-77.689995408845
16001	40.87665867913876	-79.91818750162679
17049	40.64653895	-77.2520901
18447	41.47143063541667	-75.60297288541666
17878	41.170643	-76.33746438
17364	39.93127390512821	-76.89217421282052
15931	40.496657728065394	-78.74222267138965
18324	41.14251109919355	-74.99796756370968
19365	39.95999805511364	-75.91927741988636
15066	40.74175323207547	-80.28536195974843
19124	40.015305392561984	-75.08887600950413
18020	40.66593503381642	-75.32806240434782
19103	39.95361168397626	-75.17173998931752
17572	40.010213581632655	-76.15737317755102
18062	40.52043961382979	-75.56854247021278
18818	41.9609924	-76.0033965
19101	40.017814	-75.310583
16316	41.61948794901961	-80.30126554607843
18202	40.96930213744076	-75.99407473364928
17921	40.76288836720648	-76.35852368016194
18435	41.50552196875	-75.0107997796875
18431	41.59357682660551	-75.2570297678899
15129	40.29975285963637	-80.00175924
18624	41.06349919047619	-75.61143701587301
16947	41.777093792307696	-76.79630767307692
17744	41.22168678347107	-77.16967298966942
15102	40.32540768431035	-80.03793465086207
15851	41.0996277989899	-78.88941716666666
19025	40.13979936474821	-75.16585624028777
19565	40.329098853103446	-76.08771717862068
19425	40.09301549669421	-75.6477219231405
15212	40.46729895272353	-80.00823349321686
16870	40.79876211622114	-78.0231097458384
17403	39.93197052559758	-76.71017602694403
15101	40.57316009578125	-79.967160905625
18414	41.53651920307692	-75.72313389846153
15139	40.519772542346935	-79.83860669744898
17055	40.18828429868709	-76.992528497593
15668	40.450785425084746	-79.68216381898306
19014	39.88737952828571	-75.56511237142857
18405	41.59060085	-75.0920658
17584	39.96719278974359	-76.27653437179487
18052	40.64697759453237	-75.49293127453238
15670	40.40025897222222	-79.42564964444445
17070	40.21351561271478	-76.86877394192439
17603	40.03336535338462	-76.33968294215384
17532	39.86147908181818	-76.29399988863636
17560	39.91958058333333	-76.23001798095238
18415	41.72001388823529	-75.13406955294118
17202	39.930869102857145	-77.65151074571428
17011	40.23865359119878	-76.92911118846737
17968	40.6345758	-76.5962589
18436	41.421257082	-75.35845144
19344	40.07929311019608	-75.88282294274511
17321	39.751304780851065	-76.44472951702127
18354	40.93061834	-75.300875725
18351	40.92200733793104	-75.09862657586207
18411	41.48916670899358	-75.70255734089936
17522	40.17367539443447	-76.17627163985638
19138	40.0542775016	-75.1565174312
17562	39.98149814545455	-76.10640098863637
15238	40.5148433022	-79.884099849
18353	40.918066814	-75.373829988
16424	41.62674345714286	-80.4657590706767
17329	39.74602013	-76.8765619
15229	40.51921540990099	-80.0339906
17050	40.25093244357639	-77.00025878229167
15431	39.972662202994016	-79.62531716766468
17821	40.97462125384616	-76.61807213698225
18210	41.00039861516393	-75.55916352213114
18504	41.41508718472906	-75.68663300517242
15237	40.549085511017736	-80.03596629150326
19540	40.25356352330508	-75.96917634915255
18428	41.34932586247113	-75.07770083648961
18077	40.5754796962963	-75.22545349259259
19147	39.936984309262165	-75.15531339340659
15650	40.30574109416244	-79.38452883096447
17040	40.32834	-77.30553
17366	39.92006393	-76.57100019333333
19001	40.12675402007722	-75.12618438339769
18011	40.49619148095238	-75.62006757428571
18634	41.1982436519337	-76.00431213812155
19454	40.231819153557694	-75.23946944221153
17859	41.05954071	-76.40813586666667
19020	40.10871100046894	-74.9387139817116
17602	40.03120896346154	-76.2596829951049
19310	39.93543765737704	-75.96781449508197
18343	40.87476343804348	-75.13309183152174
17856	41.07369437272728	-76.89824414090909
16935	41.864659	-77.31382
17325	39.82873474016393	-77.2185671
17751	41.08645875	-77.49091225697674
17772	41.122645	-76.69650863636363
17051	40.472325132	-77.76599338
16506	42.07036273850081	-80.14157329642609
17073	40.28010396875	-76.2717997875
19333	40.04894544468085	-75.42427879574468
17353	39.88606211688312	-77.38808251948052
19539	40.4981666109589	-75.68830725342465
17406	40.00819364480874	-76.66518451229508
19038	40.10041636104869	-75.16758994531835
17579	39.97907113170732	-76.18321289390245
15329	40.03455797540983	-80.29115161803279
18045	40.68248303323864	-75.26664716818182
18930	40.54118443148148	-75.20438281666667
18848	41.770010128888885	-76.43875965111111
18469	41.71072529375	-75.14279876875
19504	40.39628106623377	-75.58764268831169
18833	41.59338917777778	-76.4364919
17304	39.98213189344263	-77.24416884754099
19518	40.2700728990566	-75.73754918443396
15052	40.66346988372093	-80.43043078488373
18211	40.74722930375	-75.83745426
18403	41.49367831194969	-75.55554974528302
18974	40.20429583775844	-75.08035127127313
17536	39.83941461111111	-76.06925698444444
19547	40.38223233622048	-75.77078647874015
17059	40.57208230434782	-77.38266402608696
18053	40.710929358823535	-75.69941908823529
19013	39.8487071391198	-75.37250848981255
17101	40.26293018260869	-76.88227387101449
18101	40.60532291225807	-75.46768294129032
17535	40.00457742553192	-76.04831701702128
18610	41.05216531570248	-75.52779768347108
19511	40.4840155	-75.7402755
19127	40.02661412427746	-75.22322738959538
18457	41.47115	-75.052092
17771	41.41717243577982	-77.06896944220183
17578	40.2180822129771	-76.1520161335878
18041	40.41025288470588	-75.50828455882353
18438	41.428836339130434	-75.24363204347826
17582	39.99251176603774	-76.44092780377358
19122	39.98021419023438	-75.14003207070313
15601	40.29836866845879	-79.53480224605734
15411	39.75542481481481	-79.36677347037038
18222	41.03030148924051	-75.97120948417722
15068	40.57187158529412	-79.73416252205882
17844	40.92085087682926	-77.04242937804878
17067	40.40900013773585	-76.32513089433962
18328	41.24196038	-74.9658709608
19551	40.3545657825	-76.13601004166667
17964	40.708087609230766	-76.51593139230769
17074	40.48049734022346	-77.12959506033519
15090	40.61696299747235	-80.061199964297
17557	40.09930772616033	-76.0797489493671
17777	41.09153195967743	-76.8601158532258
18330	40.969083904455445	-75.45051104158416
18407	41.577734710963455	-75.50244230099668
19562	40.50035839464286	-75.70087937678572
18337	41.32516421666667	-74.84946821612466
19085	40.04089061834319	-75.34382202248521
19567	40.37398659433962	-76.1911973018868
17961	40.64436846864407	-76.07427601737288
17756	41.21286699648562	-76.74149482172524
19444	40.087389753125	-75.259875828125
17922	40.59469985141243	-76.13736793163842
18015	40.5988123968504	-75.3734405351706
18915	40.26698242272728	-75.25438212398119
17972	40.61891798417266	-76.1760874880096
19508	40.26321018268908	-75.82212539630252
17363	39.76789060743243	-76.58388695810811
19143	39.94320156180698	-75.2231845365503
17057	40.20256416362039	-76.73506719068541
19111	40.060444119124426	-75.08049821682027
18091	40.8278146	-75.30930494495414
19301	40.04321236411764	-75.48066951117647
19144	40.03427898340612	-75.17207741157205
19401	40.12224733591455	-75.33718426101468
19063	39.915855954652685	-75.40028189252949
17527	40.00231018853504	-76.01148481210191
17009	40.633932896	-77.565264786
17043	40.24679848125	-76.905563415625
18969	40.324761265829146	-75.34747651909548
17516	39.94455048105263	-76.37037343263158
18252	40.79801973937282	-75.96813182526132
18109	40.6226098	-75.43950319638554
17344	39.805407284848485	-77.02073293333333
19056	40.14852487184466	-74.88619422524272
19149	40.03359045560166	-75.07204191493776
19145	39.92370968671679	-75.17551405388471
19139	39.9610192	-75.22112888615383
17066	40.38238194259259	-77.87375217685185
17841	40.69173007777778	-77.39101587407407
19601	40.35031334567901	-75.93956389876543
19004	40.0138447	-75.23386255755814
19522	40.44601255620438	-75.82031869051096
19010	40.0234682629562	-75.33029153211679
17519	40.14594226554622	-76.03068887478992
19053	40.14639194361022	-74.97825327236423
19050	39.93875074475921	-75.26524746798867
17350	39.87817956813187	-77.06277010769232
19555	40.494849987179485	-75.96177157948718
18055	40.58221535211727	-75.32567008403909
19312	40.0402814547619	-75.44949915374148
17349	39.74481689800797	-76.68173343426294
18427	41.4041166	-75.39906285
19142	39.92739229357798	-75.2361204146789
19121	39.97879590291262	-75.17008482766991
19360	39.989551	-75.543927
18201	40.95556400659091	-75.97697756113637
18425	41.313337153333336	-75.02746468133334
19140	40.00959120672269	-75.14597326596639
19150	40.06822529421222	-75.16745629131833
18372	41.04208995984252	-75.31047402362205
19136	40.04214353177258	-75.02572231806019
19375	39.8927525	-75.7326625
17104	40.25922159491525	-76.85120656101695
19363	39.78231090912698	-75.96744807380952
19503	40.40067617608696	-75.58631151521739
15857	41.42435785580524	-78.55337940524345
18344	41.12408293159722	-75.36057716354166
17087	40.35480566666667	-76.25462073333334
19007	40.11015031517616	-74.8609227504065
17063	40.7212131112782	-77.53043034736842
15221	40.43871810646976	-79.87395931082982
17938	40.65789150697674	-76.50409536627906
15767	40.950902099813085	-78.97469156205608
16844	40.89401381075812	-77.92837315306859
18655	41.16745465185185	-76.16039591851852
17026	40.45037828484849	-76.43777743333334
17509	39.93200329313725	-76.01558696960784
18424	41.2558334177305	-75.45905712765958
18069	40.624889140113	-75.60264780508474
15370	39.88980481703297	-80.16942016923078
18953	40.52802	-75.170389
15401	39.89971621242312	-79.73293069471094
15341	39.830312	-80.348978
17820	40.891550192	-76.410001452
17044	40.59598379276896	-77.57923793086421
19490	40.1930476	-75.3496035
18657	41.53613496171875	-75.95002398945313
17728	41.31648429184783	-77.06567235597826
15367	40.276314873295455	-80.06519274772728
18301	41.03869950273437	-75.1650097852539
18824	41.704456525	-75.76659265
19027	40.07287763806818	-75.12745336505681
18240	40.85769051807229	-75.84733703253012
17017	40.61965460588235	-76.90652982352941
19609	40.32675242733813	-75.99656193453237
16511	42.15136376127501	-80.02576647151577
18426	41.34617656407186	-75.2720359
19602	40.33117299380165	-75.92151323512397
18946	40.2958546	-75.00195095
18067	40.71881394431137	-75.48544309580839
16803	40.80382943418017	-77.89811380838627
16686	40.66942202804878	-78.24973824878049
18840	41.98576749215686	-76.52984267777778
16417	41.9951582556701	-80.31262655721649
19362	39.75196982521739	-76.06130367217392
15136	40.473634871425205	-80.07946577483202
17724	41.65204984137931	-76.84705986206896
16868	40.7330354787037	-77.88502862222222
17372	40.006911071	-77.10901812200001
17078	40.30108436368421	-76.58630610736842
17554	40.04176687142857	-76.41502721428571
17576	40.0344482875	-76.19891655
18445	41.28683685483871	-75.37264113064515
18623	41.623781675	-76.15835085
15639	40.19906844545454	-79.5965691909091
17081	40.2032345	-77.283651
19541	40.47671088196721	-76.02202644098361
18249	40.99368487627119	-76.07957178983051
19095	40.08470790080645	-75.15199441693548
17555	40.11924252936508	-75.97156696507936
18092	40.47175080754717	-75.52519586320754
16123	40.82025495972222	-80.20865496527777
18078	40.67942695860215	-75.61032041344086
19115	40.0958438483871	-75.04204501370968
17314	39.75093513489583	-76.34309289114584
17302	39.80552268301887	-76.4069900254717
15216	40.40129148793725	-80.0344839427335
17365	40.05582163461538	-76.93233136923077
18640	41.316237667980296	-75.78427000665025
15963	40.23675709711191	-78.81276045415163
18509	41.42746834045802	-75.64871113740459
15235	40.46377346450417	-79.81998186061168
18102	40.60805811155015	-75.47575627173252
18322	40.925833245522384	-75.4017753858209
18706	41.21900786621622	-75.91896363716216
18929	40.25687298125	-75.0900420875
15905	40.30121804609375	-78.94334595171875
17225	39.78717753640167	-77.73433231004185
18088	40.75985348040201	-75.57004608090452
19544	40.41913317272728	-76.29595328181819
18417	41.81172635	-75.184470775
16510	42.12966357159544	-80.01043820185185
15344	39.92524643333333	-80.059784125
15236	40.34421370095785	-79.97899803735632
16877	40.74926083470149	-78.03788914253731
18302	41.06595806557377	-75.08328342131148
19373	39.90549551770833	-75.53247834895834
16131	41.54244568	-80.35015573
18073	40.39194056057692	-75.48409340576923
16914	41.8655029	-76.7575449
15217	40.43294912777778	-79.92491511502057
17860	40.82144138888889	-76.66349371111112
17976	40.81922495873607	-76.20497356319703
17352	39.76237425	-76.49960320526316
18250	40.82578387787234	-75.8703829987234
17538	40.08917120322581	-76.4122122733871
15143	40.56110423498789	-80.1483306996368
17301	39.89009782295082	-76.99520231639345
17252	39.914746056666665	-77.79487845499999
16412	41.88132827492447	-80.13608991299094
15301	40.17514346346831	-80.25079623186619
18846	41.609201	-76.235951
17547	40.06676193803681	-76.5717366
17551	39.99509110226244	-76.36121989502261
18034	40.54076113883495	-75.41047280970874
18932	40.29183218	-75.26038374
16335	41.63795646652407	-80.15495647839572
17356	39.90431914854907	-76.61218072249756
16851	40.81022351122449	-77.81356215331633
19442	40.134417171428574	-75.59191987142857
16262	40.83867522857143	-79.63217308571429
17827	40.762866475	-76.941801
17018	40.39453823333333	-76.89734151790122
16033	40.78563613113006	-80.0356306727079
15340	40.28755988392857	-80.31936715892857
18842	41.755245	-75.618325
16865	40.72481178475452	-77.94635966201551
19560	40.40238798877551	-75.91135539489797
17870	40.81857464450867	-76.85565447745665
19372	39.998225970212765	-75.7635207106383
15211	40.42940021201717	-80.01296626781115
18636	41.417548614285714	-76.06524592857143
17007	40.14887687177419	-77.12260769112903
17019	40.09992961465296	-77.0205036125964
18828	41.797283	-76.103917
19453	40.13585909761905	-75.46937646190476
18237	40.89793792782609	-75.99496254173913
18618	41.36697928	-76.040877144
17347	40.04792752223416	-76.7009560141783
18224	41.01792225903614	-75.89543617710844
18032	40.65565615409091	-75.47022035363636
17941	40.67685454576271	-76.61419244237288
17983	40.64565884137931	-76.53938562413792
18977	40.28559615	-74.87082409112847
17565	39.90142719516129	-76.32814201774192
17508	40.125012925	-76.21363035833333
18950	40.42154172	-75.07200042000001
18505	41.39138562909483	-75.66339046465518
19026	39.94876056332378	-75.30122353782235
18656	41.29214914545455	-76.17377436363637
17853	40.72595815	-77.01434665
18081	40.5572269	-75.2859788
16637	40.3448995	-78.445981425
17505	40.06301575	-76.19549334
18464	41.409360847826086	-75.17160605217391
17540	40.10024865902778	-76.19188889236112
19116	40.11573605090498	-75.02006571266968
15376	40.09898530487805	-80.49198085
15024	40.57662724336901	-79.84371473592368
19435	40.3104065	-75.5704528
18917	40.37187851578948	-75.20254002105264
18958	40.294199	-75.433577
19543	40.174385558762886	-75.89631527113401
16242	41.03773940606061	-79.35541993333334
15232	40.45440860880361	-79.93696610451467
17094	40.566140788235295	-77.24030215294118
17745	41.14733221481481	-77.4412485151852
18962	40.34545033333333	-75.26810366666666
18801	41.831435282692304	-75.87926091730769
19070	39.90545947520661	-75.3229154123967
15656	40.622893138862565	-79.61908018341232
15005	40.64400698196346	-80.16188357648402
18472	41.58140254375	-75.406269965625
17113	40.23489847361964	-76.82675749509202
18433	41.535501946428575	-75.54994517214286
17846	41.13129921666667	-76.52021928125
17569	40.26637141222223	-76.10244479666667
17866	40.788117828855725	-76.54643402039801
19120	40.02990672076923	-75.12122387641026
18072	40.84391540172414	-75.26716676293104
17342	39.856454142105264	-76.71321206526315
15636	40.3663650825	-79.6561708725
18705	41.26760707094862	-75.84836407924901
17361	39.76473136007587	-76.67567883034613
16056	40.73412135759494	-79.8327089506329
18831	41.91312775	-76.5494156
17340	39.74747831621622	-77.10527436283783
16415	42.032948469403976	-80.22158760649006
17240	40.14616991046512	-77.56968865581396
15108	40.506430660509416	-80.15158702589896
19016	39.9493006	-75.1525508
18503	41.40973712921348	-75.66616520898876
16926	41.711258	-76.710689
17847	41.012150680158726	-76.84731811190477
17518	39.81031669259259	-76.25231902222222
18644	41.319207359119495	-75.85567555786164
18470	41.72251571111111	-75.50962052222222
15552	39.80222168072917	-79.02232126041666
15241	40.3369197296875	-80.07278120742187
17021	40.3723731	-77.600801
17222	39.89470216056338	-77.52745341314554
18517	41.38954156068966	-75.71352388965518
17267	39.788055902884615	-78.23753044038462
15243	40.374598002325584	-80.07243880290697
15613	40.55816288364198	-79.58043924197531
18325	41.19031328888889	-75.24875825777778
18643	41.33796209248826	-75.81464286948356
19057	40.14221752374429	-74.85967980913242
17764	41.33056014857143	-77.73571019142857
16059	40.67924179965986	-79.95254579081633
19141	40.0357773372385	-75.1441055334728
17023	40.57115998529412	-76.80316235392156
15021	40.38680684727794	-80.42494769770774
17563	39.77628846	-76.18382202000001
17550	40.0768208	-76.58379453333333
17028	40.372432476	-76.678458916
15227	40.37654844691075	-79.9757165125858
19369	39.982219	-75.89493253333333
15541	40.04752068429752	-78.98762410909092
15642	40.32770665586283	-79.7171631266593
19126	40.05382552611465	-75.13675323121019
19132	39.99357982081545	-75.164971622103
15632	40.42033918	-79.62344755263157
17068	40.4195491	-77.1722464975
17570	40.12921038	-76.56951203999999
17098	40.58091463617021	-76.62089563191489
19450	40.256495	-75.418032
18335	41.06116753333333	-75.13325853333333
19607	40.30051945489691	-75.95744954819587
15074	40.71072996387833	-80.26679953802281
17307	39.93128584375	-77.3066187671875
16052	40.90230166262626	-80.05419792222222
17061	40.54907316704546	-76.92282922386364
15042	40.6727471777328	-80.22275542469636
17857	40.90009135454546	-76.7935277125
16055	40.70628037655503	-79.75619054856459
19041	40.01109249513889	-75.30742603125
17004	40.60280761296296	-77.7346846419753
17238	39.83705895964912	-78.13717889824561
16421	42.16995723828383	-79.94689589240924
16508	42.116262	-80.099329
15671	40.350943	-79.32194143333334
15935	40.21493399589041	-78.96290566575342
15610	40.1200749	-79.4582389
15701	40.62590390140485	-79.16243553601532
15926	40.07912825425532	-78.81848383404255
16125	41.39644988337802	-80.38122810670241
16438	41.88804748440367	-79.85121117155963
17823	40.72569485384616	-76.73459007692307
18621	41.26009741780822	-76.09510066438357
15717	40.45069139296296	-79.23457392185185
18627	41.22378365	-75.52259645
19060	39.84249221875	-75.48904943333334
19035	40.0468519446281	-75.28358158347108
18931	40.3462518	-75.0338705
17506	40.1163485	-76.046113
19055	40.14843712142857	-74.83597487802199
15009	40.6916867372093	-80.32756849534883
15644	40.3344415235	-79.6136476365
15017	40.34795814591542	-80.11815320357236
17967	40.8591102184874	-76.2180305277311
16505	42.10215008729535	-80.14964006538966
15065	40.634080538	-79.7295483852
18334	41.107840153424654	-75.4443842520548
19012	40.05937680909091	-75.1059090875
18443	41.6649	-75.098923
19405	40.10544317638889	-75.34411503333334
18419	41.560022304166665	-75.80431045833333
15228	40.37677995931035	-80.03684268287356
18255	40.94581058831169	-75.82449879350649
17520	40.10025150862069	-76.35314399137931
15063	40.1910552368984	-79.92525706737968
17102	40.269926054901966	-76.88953613137255
18070	40.429164985	-75.540176365
16053	40.790853120776255	-79.98627749840182
15317	40.25973742151972	-80.16500683193155
17309	39.86982823611111	-76.47337148055556
17833	40.802475	-76.965183
18933	40.4065875	-75.0373891
19153	39.90727892480819	-75.23845683657288
16635	40.42024053231441	-78.44784803144104
17086	40.681589	-77.1312557
16046	40.69346086684492	-80.0401706949198
15206	40.46913551208226	-79.91759739240217
16117	40.84950168049327	-80.27806925
16002	40.81374476134831	-79.87506935797754
19066	40.00266710909091	-75.25015880075757
15209	40.49579539228856	-79.97608982512438
15480	39.98109559555556	-79.77491180222223
18844	41.7376181	-75.9556449
17948	40.81191823157894	-76.1423307254386
15057	40.362900974743326	-80.23176459486653
16407	41.92725115451128	-79.64820267593984
17810	41.13255378518519	-77.0238644425926
18421	41.64638807323944	-75.46856193802817
18051	40.59120898734177	-75.65451888227848
18635	41.0461695375	-76.21541414500001
15219	40.444186656722685	-79.98036250084034
18934	40.35167588333333	-75.06801635
15078	40.35994508571429	-80.38796108571428
15213	40.44420588580645	-79.95281572080646
17220	40.18620330909091	-77.73883764545455
18817	41.861365175	-76.6610614
17814	41.221978175	-76.40612191730769
15473	40.07810573611111	-79.76247658333334
17103	40.27584137833334	-76.85076001333333
17754	41.271782564925374	-76.92091343432836
17864	40.69440456666667	-76.8788835
16601	40.516020473415495	-78.40466888028169
19351	39.7221637	-75.8755396
15116	40.537224206230526	-79.96126348255451
18341	40.9979025	-75.1320518
16854	40.89175951286682	-77.47507505936794
16151	41.4455295	-80.2074313
18616	41.4716383	-76.5813187
16127	41.16461523887147	-80.08930107648904
15146	40.426990259620986	-79.76853544285714
16037	40.81977498157895	-80.12633280493422
15658	40.24671921870968	-79.21763565870968
16602	40.50446113693843	-78.38718169633943
16822	41.09491786722222	-77.65827398111111
19148	39.919219350431774	-75.15765956753023
15137	40.37856185970149	-79.81516226597014
15437	39.795019421153846	-79.57245794423078
16664	40.17167236060606	-78.42962902424243
15904	40.2876847212714	-78.86302688533007
15486	40.02470568181818	-79.70329552272727
17343	39.870489	-77.329509
15026	40.49578210833333	-80.32526425694444
16323	41.3706244611336	-79.49558958825911
16929	41.99537035714286	-77.12603228571427
16639	40.69135483947368	-78.4619128368421
17887	41.07537833333333	-76.87499733333334
18056	40.44996332272728	-75.5518229318182
17345	40.06234931928934	-76.72532275888325
19137	40.00134882085308	-75.07630560663507
17855	40.8810815	-76.98635255625
15062	40.15267816861702	-79.88233173085106
15202	40.50411906269113	-80.0683729116208
15003	40.58993008368056	-80.21626030694445
15425	40.02700655945946	-79.58108355155926
17213	40.315225	-77.7495165
15666	40.14617731980198	-79.53136185346534
15076	40.61383716666667	-79.83544053888889
15357	39.94377080666666	-79.99991083666667
19436	40.20147892	-75.24821034
18331	40.912735215384615	-75.44247403076923
18943	40.33988906666667	-75.0383598
15239	40.47359415705882	-79.73496226147059
19407	40.1649709	-75.0588718
15957	40.543495	-78.89852936
15714	40.65566630947368	-78.80234277000001
15688	40.1709249	-79.590643
17065	40.11614952181818	-77.19412180181818
16249	40.80098591666667	-79.31691468333334
18660	41.123691	-76.033785375
17006	40.31611053333333	-77.52710533333334
18641	41.33169211721855	-75.74428056953643
18466	41.17382304317647	-75.37752502105882
16441	41.988940593814434	-80.03491733257732
15801	41.12925997429467	-78.75303459310345
15834	41.49826324597701	-78.21967367126436
15224	40.461518448666666	-79.95227556533334
16226	40.76631080152672	-79.52694454961832
17812	40.74279	-77.213433
17016	40.27353258	-76.40519667999999
15001	40.60184678396112	-80.28232436464155
15323	40.114548060416666	-80.40871466354166
15106	40.4011377519192	-80.09264334989899
17581	40.15630853076923	-76.04520478461538
18834	41.85854	-75.71790060666667
17528	40.127149	-76.004419
15765	40.596563157894735	-79.00192550350877
15681	40.507262661290326	-79.42411583145162
17224	39.954961670833335	-77.9126755625
18615	41.43160394285714	-75.85215035714285
15314	40.13292277565789	-80.0093913743421
18949	40.3800084037037	-75.14509561111112
17740	41.207415302866245	-77.24698553089172
18963	40.38385	-75.01131
15906	40.349349396596864	-78.93793768507854
15920	40.45909957037037	-79.04382470740741
15311	40.04394731617647	-80.17775740441176
15220	40.42252228467533	-80.04859947558441
18437	41.172803	-75.5841724
15748	40.53392828679245	-79.15595571660377
15823	41.242259	-78.710032
15628	40.10450660833333	-79.37426235
18518	41.36953629459459	-75.7388933981982
18346	41.11852594351852	-75.39972751944444
17534	40.03868408	-76.10647982
15458	39.89093135263158	-79.8649242
18510	41.40838049927536	-75.64826622862319
17084	40.6805572959596	-77.60264896464648
19523	40.20155	-75.835896
18853	41.67629182777778	-76.26304378888888
17721	41.18539874639499	-77.31346558965517
18462	41.8363254	-75.42173305
16509	42.07525703367827	-80.07415780921919
18629	41.5649396	-76.1234496
17076	40.617477	-77.311141
15201	40.47549455926966	-79.95323772977528
18458	41.40963900935252	-74.91807665323742
18837	41.91173396666667	-76.3318227
15902	40.310393034405145	-78.89646779839228
15234	40.36895204571428	-80.02169608337663
17024	40.442104	-77.27086
16611	40.557204375	-78.0933467375
16673	40.321292805405406	-78.39980552027028
15559	40.05566115	-78.66315679193548
17502	40.100006546428574	-76.66146331785714
17929	40.631540332307694	-76.19260616307693
19022	39.86277209166667	-75.34179575666667
16314	41.5162165691358	-80.05588325308642
18035	40.75254782	-75.5399459
18850	41.849873975	-76.4766008875
16145	41.37545111259843	-80.08042101889764
17072	40.2326728	-77.0782833
19086	39.8906428969697	-75.37041499659091
19107	39.95173745745454	-75.15859992890908
18920	40.50214117777778	-75.08883077777777
16925	41.98273175	-76.72211645
16066	40.694641800905565	-80.12265018072445
17872	40.78809720208333	-76.55914151423612
17215	40.0784224	-77.8954549
17010	40.27778505384616	-76.58562414615385
18912	40.32453871568627	-75.05852027254902
17868	40.953698625	-76.63204229
18970	40.413789785714286	-75.38503575714286
17093	40.31083040769231	-76.93079366153846
17774	41.246048353521125	-76.53360495211267
16426	42.00051996330275	-80.1422639233945
15031	40.358835723711344	-80.16894122036082
17265	40.040017925	-77.7866237
15535	39.82865386666667	-78.45189618181819
15010	40.76709869093611	-80.3460675551263
16666	40.86115146741573	-78.28489965280899
15126	40.456889708717945	-80.26143924666667
15824	41.2494457984127	-78.79414407619048
16442	42.0300926039604	-79.83161675346534
16640	40.70543015531915	-78.5610037531915
17030	40.33326206666667	-77.04732726666666
16671	40.7969735	-78.3968409
18440	41.5553285	-75.7622712
18434	41.47296584660194	-75.5673894592233
17041	40.2184965	-76.5406681
16051	40.94876455818181	-80.13277979181818
17247	39.797695	-77.58008
16948	41.893703646511625	-77.75533719302325
19090	40.14772388423423	-75.12305983063064
16229	40.69893070086207	-79.66034125172413
18626	41.4207807	-76.49925786666667
15955	40.32631159462365	-78.72501555591397
17886	41.01577067272728	-76.87062882727272
17064	40.2482167	-76.46851296551725
19421	40.144564	-75.642697
18232	40.83265689583333	-75.88333843472222
15025	40.29847419545948	-79.91400895255065
15061	40.67061506710963	-80.28590200066445
19015	39.866067910035845	-75.38733693942652
16373	41.20049777117647	-79.69356605764706
15019	40.40096831780821	-80.33586116849315
16410	41.914664185294114	-80.30826540294117
17832	40.80474006875	-76.46523689375
17851	40.7970833845283	-76.41642705018869
18955	40.476823592307696	-75.32084798461538
18046	40.5356117	-75.5653619
16105	41.038602962	-80.3468145688
15683	40.10409050507246	-79.58744876956521
17407	39.88199267894737	-76.71165540087719
17834	40.79335842844828	-76.4736440413793
17099	40.64395114333333	-77.57804926
15531	40.17170438920454	-79.05232067784091
17985	40.91157424285714	-76.20532421948052
15419	40.06381112866667	-79.88992048333334
15147	40.49655686866029	-79.82985483875598
17822	40.967704860000005	-76.60498426000001
18461	41.939075	-75.329486
17211	39.75197154545455	-78.43896226363636
18847	41.94850675208333	-75.60491419375
17058	40.5659207	-77.40548858888889
17829	40.89270973333333	-77.14883035
17762	41.281065991666665	-76.709847575
19033	39.89166913565217	-75.32972932782609
19102	39.95044374916201	-75.16595420223464
18350	41.10739975932204	-75.46536565084746
15923	40.3780898	-79.15204117272728
18060	40.5083525	-75.44591505
17212	39.80527126363637	-78.07585171363637
15762	40.59897745	-78.8307413125
15942	40.40052992435898	-78.83505323076923
19114	40.06040782704403	-75.01235642924529
15840	41.14615663469388	-78.80895399795918
15210	40.40942395714286	-79.98718323831169
15208	40.45383739920949	-79.89898132450593
16233	41.36688696923077	-79.27731577948718
16942	41.982886388888886	-77.34245421111112
15710	40.63588483333333	-78.867601
15050	40.54605098688524	-80.42147427377049
15214	40.48035688356745	-80.0120289109992
15215	40.50399418615804	-79.91354537629428
17069	40.454077	-76.970361
15112	40.40871663838772	-79.83837589788867
15071	40.40327929078014	-80.18450229078015
15205	40.4375933160066	-80.08263023267327
15014	40.608385534242096	-79.74092741035987
16041	40.99913184137931	-79.7455156954023
19347	39.75057005	-75.82506725
15938	40.42377310642202	-78.62525998990826
17978	40.6251122	-76.6265012
17219	40.22439423	-77.69732477000001
18822	41.96374966666667	-75.74646877916666
16932	41.79207493846154	-76.95280162307692
15940	40.50856250833333	-78.6262243
15320	39.88399401441441	-79.97629701891891
15417	40.01792271406844	-79.90465977642585
16214	41.202707630612245	-79.37047686275511
16631	40.271303	-78.344109
16662	40.30349196461539	-78.32419351538462
8102	39.95125090546624	-75.11993611768489
17243	40.25431635454546	-77.86764223636364
18614	41.51528190454545	-76.40873496363636
18446	41.62525407142857	-75.78061591428572
18821	41.97513807222222	-75.7464677
17002	40.53313236923077	-77.81864392307693
15722	40.60118608533334	-78.72186222133334
17306	39.98365426	-77.24830562000001
15537	40.0113915015625	-78.36724564296875
16650	40.12627253802817	-78.28681860281691
16693	40.46145822888889	-78.20348389333333
15697	40.24062909166667	-79.58123177083334
16679	40.15385560952381	-78.21099141428571
16923	41.95391488333333	-77.87210910277778
15120	40.39794409803493	-79.90490631790394
16915	41.79349408782608	-77.99804180695652
15360	40.08754011796875	-80.0844378890625
18628	41.451982	-76.319119
19319	39.9271077882353	-75.52201154705882
15015	40.636760716167664	-80.08364838233533
17923	40.6714711875	-76.3231977
16142	41.13016217744361	-80.33191350300751
15218	40.42464441065989	-79.88671894771574
15478	39.800887272	-79.80644136533333
16933	41.80391702833334	-77.07534973
15626	40.4098749	-79.57521160598291
15086	40.65886128	-80.08577069333333
15332	40.2507298488764	-79.99441303623595
15501	40.024650754593175	-79.11041786010499
18711	41.25461685	-75.827237525
16102	40.96983659295775	-80.39884821619718
16433	41.73155406168224	-80.15112344205608
16112	40.97425511891892	-80.49249592162163
19423	40.2198701	-75.3745306
19113	39.865796068421055	-75.27179608421052
16668	40.631363312	-78.64102107066667
19809	39.77237296124567	-75.49598320968857
5651	44.267957648387096	-72.49344549225806
5658	44.35093017817259	-72.35245809187818
5060	43.93333081322581	-72.6721904060215
5462	44.3111002	-72.9675241
5676	44.32833704337748	-72.75846128907284
5647	44.40221051698113	-72.29615741698113
5673	44.17738585635179	-72.82145580423453
5765	43.658433009677424	-73.03550993820035
5827	44.67300380645161	-72.35952666129032
5152	43.24349591703704	-72.89577565259259
5701	43.62995393488585	-72.94181237744291
5766	43.97581195046729	-73.00907262897196
5445	44.32359478	-73.23241879333332
5675	44.09062607474403	-72.4232960883959
5674	44.11055316153846	-72.84751662393163
5770	43.87430875454545	-73.31948531193181
5343	43.11545657983872	-72.8136507451613
5669	44.089138633536585	-72.72161542621951
5143	43.27514683733333	-72.61897971216666
5753	44.0110408540855	-73.1534443868236
5655	44.61600793423423	-72.60038698918919
5660	44.255625664782606	-72.73108033869566
5461	44.33420699423077	-73.10744605576923
5472	44.11405973589744	-73.16529595641025
5602	44.26079077628515	-72.58079982695257
5767	43.850431435222674	-72.81207419554656
5401	44.47626123322785	-73.21037761835443
5751	43.65727698368421	-72.80051669157895
5656	44.642662934545456	-72.67291243454545
5862	44.33260836790124	-72.19945567129629
5151	43.382948652868855	-72.48415468975409
5679	44.11400830520647	-72.52734977324955
5070	43.83699932374101	-72.35791025323742
5001	43.656831570289015	-72.3494183932948
5403	44.45364327066667	-73.17562534844446
5359	43.15657483299493	-72.7196671715736
5346	43.01077240131579	-72.51383143538011
5345	42.97506554596577	-72.66716726185818
5301	42.86250944244742	-72.64299077141492
5156	43.30361891481782	-72.48967498032388
5048	43.56688044162679	-72.42155129976076
5061	43.9296811125	-72.5740980359375
5039	44.02735344303797	-72.2952107
5734	43.98138855	-73.3306800875
5035	43.596716121231424	-72.6815726700637
5079	43.95666999013699	-72.32275731863014
5344	42.854911	-72.7263509
5757	43.46374521814517	-73.12818759475807
5841	44.59095627721312	-72.30017040147541
5667	44.2681767294686	-72.41880490169082
5465	44.50419336504425	-72.969281039823
5443	44.15985291135531	-73.0445595054945
5363	42.8829532181962	-72.88667522800633
5761	43.351060691703054	-73.1664695021834
5161	43.2943161821656	-72.79147423142251
5748	43.9331221625	-72.863341725
5068	43.79881655846725	-72.51090283881335
5491	44.13342628278261	-73.26579358556522
5055	43.739300418722046	-72.30755739853035
5357	42.9320153	-72.6107172
5040	44.06795065757576	-72.20860868636363
5820	44.67251684849786	-72.3783479446352
5842	44.55205210371901	-72.2449320520661
5470	44.899389	-72.6391189
5868	44.94888845925926	-72.39989019074073
5062	43.48109550118577	-72.5574942083004
5033	43.99277787104478	-72.13349715402984
5464	44.63836272887324	-72.82571224295775
5072	43.8660195924812	-72.39105458458647
5855	44.9338920321534	-72.20267762684365
5353	43.05587855560538	-72.65960486143497
5905	44.64236877410527	-71.62608457094737
5032	43.79282648340249	-72.66102791701245
5158	43.090336894088665	-72.45369334729064
5091	43.63048512274096	-72.5367732817771
5682	44.38169875939394	-72.55410065545453
5650	44.392857027049175	-72.44233384180328
5201	42.89159221367188	-73.13351771503906
5769	43.91768331246613	-73.09188949918699
5482	44.3917600372159	-73.21807407982955
5648	44.37318486111111	-72.4889742
5036	44.02678537708333	-72.57278782291667
5738	43.51796230709459	-72.85663357972972
5478	44.80331663561644	-73.10467747041095
5476	44.98366555014125	-72.66878359519774
5053	43.7192804145946	-72.4897121972973
5840	40.3715076	-74.6516515
5065	43.78493889670103	-72.4283151527835
5047	43.66822166666667	-72.33993933333333
5641	44.19047413137395	-72.489299769773
5089	43.466169822232736	-72.41969516187322
5828	44.4194127597561	-72.11470375731707
5747	43.98894696666667	-72.85998483333334
5819	44.417569763870965	-71.99297105225806
5763	43.706579525482624	-73.01686373088803
5490	44.51783115	-72.87184185
5663	44.14757010408	-72.66467463952
5250	43.10949048067227	-73.16670686428571
5742	43.426570022834646	-72.8623682496063
5764	43.51877788639144	-73.23068104678899
5735	43.62171862214765	-73.19799953221477
5142	43.40046081774194	-72.5939366967742
5075	43.82209197638484	-72.26714920889214
5077	43.89936278068783	-72.48715981164021
5773	43.45083112667984	-72.9987364555336
5148	43.22865660619469	-72.79870900530973
5494	44.61840599933333	-73.021499848
5488	44.93185889919872	-73.16472979102564
5262	42.9700902111898	-73.19991833286119
5477	44.39444355218391	-72.97339293931034
5677	44.386771572	-72.71752755925
5071	43.55462500615385	-72.53932838153847
5733	43.8023466053476	-73.13537130962567
5777	43.589771830833335	-73.04889646388888
5495	44.4044829810231	-73.10414648168317
5826	44.63721506853933	-72.37645203258427
5446	44.53591615384616	-73.18566130192308
5836	44.50199140625	-72.28368788125
5489	44.546079530925326	-72.91168223498377
5255	43.17621881048218	-73.05662773354298
5067	43.67512975122951	-72.52547420040985
5652	44.7105887652174	-72.55883783478261
5851	44.56028175166051	-72.08782984944649
5871	44.70293742635983	-71.96399485899582
5760	43.80413662321428	-73.29124557142858
5251	43.28013352407408	-73.10513283888888
5037	43.46067303952096	-72.48002471437125
5702	43.6252005	-72.9890308
5672	44.47624725227492	-72.70645030939012
5146	43.16903922162162	-72.59452852297298
5469	44.2437183	-73.13140946666667
5661	44.56057180729647	-72.60479804554532
5487	44.22630001125	-73.02953540375
5833	44.8172439625	-72.0021166
5662	44.433493	-72.72279
5664	44.16866198275862	-72.65150748965517
5455	44.81449512777778	-72.96708945
5054	43.844496	-72.191059
5486	44.64001963167156	-73.30829476392962
5253	43.22764556	-73.00203445
5362	42.94723695	-72.662420959375
5052	43.59440915	-72.3649531
5356	42.95545658607595	-72.90549571012657
5452	44.51844303159341	-73.08349383104395
5774	43.43132593817098	-73.1998123361829
5043	43.82019238360277	-72.19889173602772
5601	44.348515	-72.41812
5454	44.68697311190476	-73.02711411190477
5031	43.714838329310346	-72.60102635172413
5822	44.74820710937143	-72.16257917805714
5458	44.70185055052632	-73.3261764168421
5730	43.4297595283871	-72.82218828322581
5340	43.15693299155556	-72.92051272488888
5149	43.40303213676471	-72.70844618970588
5845	44.77159123791209	-72.30116476043956
5821	44.30741708962264	-72.09494529339622
5873	44.450096289893615	-72.23360973297872
5074	43.879089	-72.240144
5056	43.51501186618497	-72.72373939739884
5069	44.167266596078434	-72.13653234117648
5038	43.9863171016129	-72.4543176
5830	44.99352530895522	-72.04813755671641
5101	43.15113714468085	-72.46448222468085
5861	44.376226	-72.026079
5358	42.78551304	-72.74570015
5354	42.76154436576271	-72.51921175220339
5768	43.2588899	-73.2247182
5254	43.16071551057692	-73.07112184903846
5051	44.082077082767626	-72.09866647049608
5405	44.51681340909091	-73.24149762954545
5468	44.64579794564102	-73.1281923119658
5473	44.24403696	-73.20761265
5471	44.88439742417582	-72.58235046538462
5732	43.62153637659575	-73.21133306170213
5341	42.95762757931035	-72.80942030689656
5042	44.20141095826087	-72.07805080869565
5492	44.70561258979592	-72.74882808775511
5352	42.76753630435967	-73.0641584959128
5350	42.78223838680203	-72.95416822131979
5866	44.60749136271186	-72.12566439830508
5839	44.69137789438202	-72.20171937415729
5457	44.93616002117647	-72.93463891058823
5848	44.35652655	-71.9179898375
5739	43.34640605745614	-72.9990934881579
5450	44.910209959	-72.796753525
5085	44.07103528571429	-72.13405428571429
5041	43.93318225	-72.5367197
5059	43.6481266015748	-72.423229303937
5680	44.57198465316456	-72.47727967974683
5058	43.88869138672986	-72.25937146208531
5086	44.11749488722222	-72.29651231833333
5408	44.51136920909091	-73.24974516363636
5843	44.50042793770492	-72.36376014754099
5829	44.949803633928575	-72.10597396071428
5846	44.77849379272728	-71.84685771454545
5474	44.7940741867647	-73.29067488382353
5030	43.4084485	-72.407016275
5775	43.38969494078948	-73.22851089736842
5867	44.6501136	-72.02985575870646
5872	44.85926717037037	-72.0294322925926
5860	44.7913478044964	-72.12485370035971
5758	43.43570319956522	-72.79092628217391
5824	44.432010383333335	-71.88724313333334
5342	42.79711844039736	-72.81841077483445
5351	42.94390186	-72.72182587
5640	44.3402547	-72.49914255714286
5654	44.14659819755245	-72.48401950419581
5743	43.661377964748205	-73.29722406067145
5441	44.78312658854167	-72.798140284375
5737	43.70711918333333	-72.94684966666667
5355	43.03307429386107	-72.81138659886915
5857	44.9558846591133	-72.28088237635468
5825	44.86990754545455	-72.26526027272728
5154	43.14387042916667	-72.51104767083334
5670	44.17592833333333	-72.502206
5153	43.41356939322034	-72.62569189661016
5440	44.93303216142132	-73.29073156598986
5257	42.9190922875	-73.2294089
5778	43.86873048112245	-73.20612002755102
5456	44.207901	-73.24866287777778
5155	43.15641728225806	-72.82176030080645
5046	44.17360098888889	-72.22482018333334
5444	44.637561156	-72.891530952
5404	44.49276953571429	-73.18542709
5083	43.91805100898876	-72.26093770561798
5832	44.59616148125	-71.937469859375
5849	44.508317	-72.028711
5150	43.33400964583333	-72.52558983916667
5759	43.55165801875	-72.9619946953125
5260	42.797552418181816	-73.25342906363636
5903	44.96708727702703	-71.55418808693693
5906	44.436916788235294	-71.72985352941177
5665	44.65894	-72.574267
5745	43.842732	-73.032258
5463	44.85305815	-73.340309
5653	44.720381028571424	-72.50410603571429
5740	43.9720536	-73.1030321
5875	44.72457081142857	-72.24911947000001
5448	44.73344641785714	-72.88101583928572
5447	44.924143	-72.679094
5666	44.307411	-72.463607
5847	44.79274105604396	-72.44493355054945
5261	42.77041645858123	-73.23496313020595
5744	43.68985669375	-73.056727075
5483	44.895044025	-72.9655667525
5360	43.04181636969697	-72.8831927034091
5681	44.43407997258567	-72.40432109034268
5485	44.90326115	-72.97419431666667
5481	44.808283	-73.139097
5776	43.26023594371859	-73.1940775115578
5762	43.75521051111111	-72.82185027469136
5045	43.895311342684266	-72.20452185643565
5141	43.1477803	-72.561742
5459	44.94632579565217	-73.02741328695653
5657	44.5228984	-72.5149132
5746	43.765181992	-72.72258192000001
5859	44.96202621212121	-72.43043449757576
5049	43.546478	-72.418893
5736	43.638431372972974	-73.00499061621622
5907	44.98826706571429	-71.7824547752381
5084	43.71902158928572	-72.43266118214285
5081	44.149336294117646	-72.06773914866311
5442	44.74749405	-72.71494235
5302	42.823512	-72.5887939
5772	43.77245827634408	-72.75031412258065
5088	43.67647126956522	-72.31104108695652
87116	35.05845996311476	-106.54434322868852
87131	35.0863224	-106.61961798333334
87022	34.9090951	-106.6931732
90068	34.12102466	-118.328682936
90045	33.965739924351944	-118.39909611738196
90292	33.98210918	-118.45414842666666
90001	33.975053124897954	-118.246056302449
91352	34.23083329	-118.38356264666668
90029	34.08804805902636	-118.29020611399594
91040	34.262410769999995	-118.325054675
90011	34.00980579583333	-118.25947189097224
91311	34.25130098867925	-118.59582993773584
90272	34.06088869230769	-118.49256105576924
91331	34.2485253	-118.42809336
91042	34.251160590909095	-118.2870511909091
90004	34.07302227355372	-118.30148780991736
90065	34.10356799127517	-118.2136909409396
91325	34.24552699142857	-118.52629137142856
90049	34.07727603482142	-118.46999460089286
90064	34.048255402111614	-118.38089268914028
90037	34.00467486964286	-118.28370177738094
90025	34.045794992408375	-118.45111168089008
91344	34.27417841489361	-118.4900336680851
91601	34.16704499069768	-118.37072419767442
90006	34.050576484375	-118.29071211302085
90291	33.99640788943089	-118.4628847105691
91602	34.15365855283019	-118.36723019433964
90019	34.04764731383399	-118.3353462403162
90059	33.92710067857143	-118.246449025
90061	33.92084177526882	-118.27388965483873
91304	34.21466837943925	-118.63707981962617
90024	34.062020371875	-118.444677175
91326	34.292601241266375	-118.5496179956332
90077	34.09999002352941	-118.43870600588237
90210	34.095031326635024	-118.3997237263713
90042	34.10989297272727	-118.192989
90731	33.736091553217825	-118.2874328795792
90066	33.997544016209474	-118.42642405386532
90013	34.04468886242038	-118.24246483036092
91605	34.183535167045456	-118.40442959886364
91342	34.30134730727273	-118.47222678454544
90026	34.075992274184784	-118.2642147285326
91604	34.142438412903225	-118.3874116387097
90012	34.05774325660377	-118.23915976711592
90005	34.059923363779525	-118.30198147480314
90041	34.13086678787879	-118.20950846363635
91607	34.17508857222222	-118.40792727777776
90003	33.97022504322581	-118.27573503612902
90007	34.030375200671145	-118.2797025456376
90732	33.73580981146132	-118.30688889627508
91401	34.173807045454545	-118.43565390454545
90744	33.75504971442308	-118.07642045817308
90028	34.10054144140351	-118.33108708210526
90046	34.09076960748032	-118.35994125826772
91405	34.28313028666667	-118.54558931555556
91423	34.1553922109589	-118.43808009863014
90062	34.00266560344828	-118.30895620804598
90021	34.031751436199094	-118.23948786968326
91345	34.2578516	-118.4659513875
91402	34.231399851724134	-118.45066232068966
91403	34.15591760634146	-118.45679620536583
91411	34.17852854666666	-118.46295011333336
90086	34.058713	-118.234985
90501	33.8231547945581	-118.31904689987726
90036	34.067387795108694	-118.3532174375
90023	34.02395131311476	-118.20069204972675
90027	34.10434685630631	-118.29065375630633
90015	34.04010474873417	-118.26273733196204
90403	34.02901211190476	-118.4911297642857
91343	34.23857369776358	-118.46684351182108
90035	34.052834822424245	-118.38742655636364
91406	34.20969258103448	-118.4874811775862
90710	33.80334769741602	-118.29616374702842
90047	33.95100452637362	-118.30333213461536
90069	34.08902988249641	-118.38292032410332
91436	34.15550566666667	-118.48918266
91316	34.17365623333333	-118.50889853611112
91335	34.19477376923077	-118.53857444615386
91330	34.24112601428571	-118.52680447142856
91356	34.17153576875	-118.54361216875
91355	34.40039890557468	-118.55284246787998
90034	34.03216218529411	-118.39606844441175
91324	34.236139063636365	-118.5466337961039
90033	34.0483387474359	-118.21238929700854
91367	34.18306400461538	-118.60022779307693
93514	37.46810438874172	-118.40450508807947
91306	34.212257380000004	-118.57433974
90039	34.117223981632655	-118.26336520816326
91364	34.16605730322581	-118.60127068709676
90031	34.071639842696634	-118.21215065730338
91303	34.19795066923077	-118.60303999615384
91307	34.19286941304348	-118.6369277347826
90016	34.03163337634146	-118.3420507304878
90048	34.0687909	-118.37065998594592
90038	34.089223908823534	-118.32958207058824
90018	34.03028751344086	-118.31724640376343
90008	34.00844346673684	-118.33026978526316
90032	34.070975295890406	-118.17731594246575
90056	33.987527953333334	-118.37784930845528
90020	34.06556205076923	-118.30184251076922
90043	33.99201738885578	-118.34577285548272
90402	34.035795189999995	-118.50033713
91360	34.19446147462686	-118.87940584626864
90293	33.959803763593385	-118.43810626955084
90044	33.95265001317073	-118.28876467951218
91371	34.1834001	-118.5797869
90241	33.94031747112172	-118.13203119785204
91365	34.1711695	-118.589783
91606	34.18453621363636	-118.38813831363638
93513	37.23154938	-118.2435862
90010	34.06172487777778	-118.30286708888887
90247	33.88803154188034	-118.29580981965812
93545	36.59833017777778	-118.05928191574075
90230	33.9993586521045	-118.3828490322206
90290	34.10072930336135	-118.60676123445376
90723	33.902773875632185	-118.15520939632184
90717	33.79801752229508	-118.32136595213116
90248	33.880531814981275	-118.28442659662922
90017	34.04832597194245	-118.26272255899282
90057	34.06388276875	-118.277138859375
90716	33.83790525569948	-118.09506172901554
93526	36.79903730322581	-118.19618218548386
92342	34.55255065319149	-117.41338188014186
90067	34.05754445123967	-118.41478728016529
90401	34.01513631568627	-118.49496511078432
90712	33.851046263937626	-118.14291394736844
90260	33.88951400788382	-118.3565563165975
90002	33.95528237410714	-118.24815822098216
90201	33.96970336335311	-118.18259479881306
91504	34.19797038958333	-118.33303307083332
90502	33.82646058264151	-118.29233071584906
92392	34.491627146031746	-117.33082759047618
90094	33.976672785714285	-118.41736335714285
91340	34.285047410714284	-118.4395292580357
90014	34.04313006255924	-118.25204460900474
91302	34.123930075438594	-118.6723648245614
91214	34.234249160000005	-118.25189675333333
90063	34.04309923333333	-118.18531723410852
90232	34.01528355989473	-118.3958665291579
93549	36.31619692777778	-118.02210840277776
93541	37.96273273846153	-119.12380635384616
94551	37.701469329496405	-121.77463312230216
90053	34.0525649	-118.188826
90405	34.010146225	-118.46536672173912
90052	33.977684	-118.256512
19901	39.15470314513274	-75.51882301929203
19904	39.16083866613226	-75.56230519158316
19958	38.75232567549543	-75.15834841852134
19709	39.48497944756098	-75.69257284939025
19711	39.69971147297528	-75.74143813060527
19716	39.674988625	-75.7490016
19713	39.663479504139225	-75.7334076416745
19977	39.29335556615385	-75.60091976
19973	38.64444125637235	-75.61423156052737
19938	39.26978512020202	-75.67856839090909
19956	38.57088302736626	-75.54375858271605
19968	38.77715678930481	-75.30761594509804
19966	38.60717761426165	-75.2467822041662
19943	39.018629684360185	-75.57403594549763
19947	38.67495207232969	-75.36490507569385
19950	38.80890854444444	-75.59474512094718
19975	38.470708943087445	-75.10332898597949
19953	39.14714527777778	-75.6996022537037
19934	39.100350745161286	-75.57066423951613
19946	39.04423401980198	-75.45964018415842
19963	38.91264919761194	-75.38003867134329
19962	39.06923141779661	-75.50754283644068
19939	38.558727660197775	-75.24181502620519
19960	38.88589714347826	-75.40548222173912
19970	38.55679315294118	-75.10583014338236
19945	38.51986948363636	-75.16227312090909
19952	38.920091295714286	-75.58981926857142
19964	39.09506486666667	-75.72880592
19971	38.71247083781056	-75.10580180978262
19941	38.80445656444444	-75.42870638888888
19951	38.67010682385321	-75.21251681926606
19980	39.0745813	-75.5713141
19933	38.73179389940785	-75.60273718549223
19702	39.6399392025641	-75.70398032248521
19720	39.67003178483483	-75.59436532402403
19806	39.75886030661157	-75.56644899256199
19801	39.73798785093633	-75.54921965692884
19734	39.38849749879518	-75.66823082771084
19803	39.7948234	-75.53437349073724
19703	39.80467579956141	-75.46293607675439
19804	39.720043618333335	-75.61423390145833
19807	39.78389213486005	-75.60920122315521
19706	39.57254184761904	-75.5930565047619
19701	39.60456982386667	-75.69394441093333
19802	39.75420198369565	-75.52844545326087
19930	38.53427950811909	-75.05937535290934
19707	39.77420422380239	-75.67605620449102
19808	39.73555886601562	-75.6624290845052
19805	39.74279366035032	-75.58643384585987
19944	38.45908717142857	-75.05326734265306
19810	39.81852236625	-75.50155373859374
19940	38.47617021284722	-75.55076128125
19955	39.22746406666667	-75.66557743333334
19736	39.80691162	-75.66852988
19710	39.78163711111111	-75.59536752222222
19931	38.57250504	-75.64222766
19730	39.4543410875	-75.65944034375
19954	38.91755503307692	-75.50822056923077
19731	39.50985611666667	-75.5813046
19979	39.044505228571424	-75.56739891428572
19936	39.21690807272727	-75.58407243636364
19173	39.866501	-75.5630599
84003	40.38121043488372	-111.79546336802323
84097	40.29830401296296	-111.70166437037037
84604	40.27250027926829	-111.6598729140244
84737	37.18233294896373	-113.33636657551811
84095	40.55291368679245	-111.95039192547168
84651	40.02919949074074	-111.74010152037036
84317	41.25849277857143	-111.7633623
84315	41.1662097	-112.0888131
84098	40.72010674358974	-111.55258595641028
84738	37.1781882	-113.6844656
84057	40.313233277777776	-111.7027942015873
84045	40.317985738888886	-111.9006582398148
84660	40.11519962542373	-111.6462077394453
84522	38.922348	-111.249076
84058	40.2753508071298	-111.7163674047532
84108	40.73742573614622	-111.82743401380252
84065	40.50438236578948	-111.9491555611842
84663	40.162832695495496	-111.62461585405404
84005	40.30890632204519	-112.0124524207416
84128	40.69281515454546	-112.04566653636364
84121	40.6204236689512	-111.81775514349692
84050	41.0768803	-111.71799065999998
84404	41.27099447878789	-111.99605050757576
84087	40.87729155178571	-111.9189351875
84067	41.192245758874456	-112.03995477229438
84084	40.61464745131579	-111.94596247105262
84041	41.06834685963748	-111.98242557532689
84025	40.9828092	-111.9028133368421
84129	40.6571387508772	-111.95845595789471
24315	37.12742696666667	-81.07776243529412
84081	40.59848644186653	-112.04391848133471
84601	40.24265633723849	-111.69164220125522
84645	39.821753475	-111.845187525
84665	39.202648925	-111.681630025
84040	41.0864872446465	-111.92926228268838
84414	41.31551463524229	-111.97327146431718
84074	40.59059003831169	-112.30095663831167
84020	40.51750234588235	-111.88073367117649
84096	40.48514862727273	-112.01502595991737
84340	41.36807423333333	-112.0353437
84015	41.11371441944444	-112.04960285972224
84770	37.1119248671141	-113.59403699932884
84721	37.7028929	-113.06781404338624
84075	41.07940314883721	-112.07335577375414
84094	40.58158277619048	-111.85976857142856
84105	40.73770790559767	-111.85957643173175
84004	40.45516705	-111.77577216
84029	40.61548478	-112.48032337666666
84124	40.6859930375	-111.83964405972225
84403	41.19696046574074	-111.94896038333331
84009	36.46774086538461	-112.06369126538462
84116	40.785870169660726	-111.9282092866681
84606	40.223269975510206	-111.63846214183674
84720	37.674331684375	-113.074854765625
84701	38.76173248333333	-112.0680354125
84054	40.84711122608696	-111.91378422608696
84405	41.14156801979696	-111.94128765583756
84341	41.75805281190476	-111.8172468392857
84103	40.7783186479021	-111.87227462045456
84120	40.6983568	-112.00514127346938
84401	41.20993272327586	-112.01637221120689
84042	40.34028188448276	-111.72825921379312
84783	37.302583	-113.672346
84088	40.58058653225806	-111.96155645591398
84014	40.91711531643836	-111.8788873061644
84106	40.71406218540765	-111.85521554126986
84745	37.18636226	-113.28376563090907
84044	40.69812170612244	-112.05699987857145
84043	40.40728987440544	-111.89799823590032
84119	40.701076138235294	-111.95509322731093
84757	37.46434745	-113.23487245
84759	37.812221592307694	-112.43811325641026
84037	41.03529814545455	-111.93375134848483
84774	37.2535926	-113.2848837
84070	40.57191675555556	-111.8896127148148
84028	41.94112838	-111.40719335
84062	40.38787160679702	-111.7477421225326
84024	40.983429	-111.451625
84092	40.573164263636365	-111.75462372727272
84655	39.9780959962963	-111.7842444148148
84109	40.71995961821968	-111.82048511353462
84767	37.18979978205128	-112.99762845384616
84123	40.65261417513227	-111.93568435026457
84765	37.1346522	-113.6530396
84754	38.63094653333333	-112.11807233333332
84780	37.17418688976035	-113.50989958867102
84093	40.60432420074813	-111.82594469027433
84047	40.618997205	-111.88271818454544
84652	39.006175	-111.866901
84010	40.873909925	-111.88604373152177
84111	40.751646631827015	-111.88240040801747
84730	37.0306916	-113.6275203
84060	40.6488640375	-111.4990769639706
84049	40.51790381	-111.476327165
84634	39.1514773625	-111.8164309125
84325	41.72918575	-112.00109125
84318	41.798366560000005	-111.8271298
84036	40.65600931149425	-111.27614582068964
84310	41.318856286486486	-111.8228675162162
84117	40.67101707407407	-111.84066286296296
84118	40.65691431304348	-111.98312456304348
84326	41.6863757	-111.8292608
84046	40.9871655	-109.728635
84068	40.66916	-111.50412
84107	40.646225512456745	-111.8869612480969
84115	40.732814823281096	-111.88626606008954
84321	41.7285813626506	-111.8373309879518
84327	41.8613004	-111.9891129
84332	41.699185982352944	-111.81561383088236
84337	41.70331073965517	-112.20850965344827
84532	38.57450098431373	-109.54169464705882
84628	39.84042555	-112.2150476
84713	38.37581058571429	-112.63030669047616
84714	37.6301276	-113.675630175
84741	37.05083452894737	-112.43102617105262
84742	37.5364445	-113.1773582
84743	38.216202	-112.199132
84746	37.25886660408163	-113.35289575306122
84782	37.337732	-113.7016891
84055	40.7121975	-111.29902185
84066	40.31072232307693	-109.99982103076924
84071	40.445813	-112.378248
84101	40.76244853825504	-111.8973506738255
84104	40.74197975022625	-111.92813215158372
84302	41.50381009784173	-112.0246047179856
84306	41.82568619411765	-112.06377885294118
84335	41.8317964	-111.8323514875
84523	39.0883438	-111.1593591
84526	39.65973781176471	-110.85330829411764
84528	39.32252428333333	-110.96655633333332
84535	37.88111317368421	-109.36040275263156
84542	39.62004276666667	-110.62572956666668
84627	39.35559172	-111.58095751
84653	40.045196525	-111.66951485
84654	38.9513037625	-111.85745905
84664	40.13408333181818	-111.5797175590909
84718	37.5686124	-112.0545471
84725	37.57352935	-113.72013265
84749	38.392238	-111.589534
84750	38.470431514285714	-112.24116877142856
84763	37.16021	-113.041051
84771	37.10995905	-113.57140575
84773	38.272431966666666	-111.4271717
84775	38.3045539	-111.35899379473685
84779	37.19121488888889	-113.13594069629627
84790	37.080338052777776	-113.55537200416668
84013	40.3270155	-112.1064552
84017	36.39305579444444	-111.84080460555556
84027	40.232201	-110.84013
84032	40.50920815675676	-111.40101275270273
84061	40.73846376470589	-111.3538575764706
84063	40.2333234	-109.8079646
84078	40.44544657076924	-109.54272095076924
84102	40.75929163824333	-111.8656355990089
84312	41.73248723333333	-112.18225683333333
84319	41.62936946315789	-111.84094126842103
84324	41.5000841	-111.9430043
84328	41.5677649	-111.8341941
84333	41.93301169661017	-111.79810642881355
84334	41.788877	-112.148186
84501	39.57666826086956	-110.78948772173912
84516	39.130552	-111.094508
84525	38.99404931153846	-110.1636331
84537	39.2336778	-111.0529315
84624	39.3857258037037	-112.52505713703704
84629	39.62749288	-111.439185
84637	38.807273	-112.436696
84648	39.69604710454546	-111.83294053181818
84657	38.850396	-111.970217
80498	39.62053248514286	-106.09362351371428
83126	42.6034750696	-110.9130559384
83686	43.56011268723124	-116.5947086137341
84006	40.47660916666667	-111.3871088
84018	41.080444	-111.498167
84021	40.165897009090905	-110.39884958181815
84112	40.765040855172415	-111.84110025862068
84307	41.573351173333336	-112.17670547
84309	41.72568082	-112.0978452
84314	41.640255	-112.09579
84320	41.9755369	-111.8552895
84339	41.651939305	-111.91181553333332
84602	40.269460838461534	-111.66391818076924
84630	39.225584	-111.858775
84631	38.96249705	-112.331801355
84642	39.26756552	-111.635255755
84662	39.4773756	-111.4957709
85054	33.68704641826227	-111.96369567216414
89002	35.99861714	-114.94898308
94074	37.322713	-122.353171
94405	37.558314	-122.269073
94945	38.10688813529411	-122.56221514117648
80106	39.1591155	-104.6418336882353
80481	40.36291085	-108.7528359
82930	41.26006666818182	-110.96777981363635
83237	42.027271	-111.792043
83286	42.0383038	-111.9814089
84001	40.352701	-110.280144
84033	41.017116	-111.499881
84035	40.392675966666665	-109.33443356666668
84038	41.832164	-111.326873
84051	40.374968	-110.374834
84053	40.434327	-110.021783
84056	41.12303553333333	-112.0041029
84064	40.5150709	-111.9581182
84069	40.346673	-112.458759
84080	40.0927208	-112.4311643
84784	37.00420794	-112.97071928
84023	40.8905157	-109.46194093333332
84751	38.3985601	-113.015635975
84638	39.516371	-112.283444
84622	39.12854435	-111.81866785
84644	38.885761	-112.405932
84656	39.2503361	-112.110352825
84520	39.5436679	-110.4177666
84533	37.5950899	-110.7124974
84724	38.67962	-112.14585
84649	39.3764558	-112.3356564
84722	37.3817511	-113.6842314
84311	41.8183196	-112.1232377
84647	39.54513643333333	-111.4577387
95065	36.998068768	-121.982634096
84635	39.351325	-112.684783
84330	41.9748935	-111.8564121
84316	41.777726	-112.441639
84639	39.55429	-111.862409
84761	37.84132468888889	-112.83232058888888
84640	39.517581	-112.375031
84646	39.525393625	-111.58457545
84083	40.65999634285714	-114.0257308642857
83716	43.55322072226607	-116.1319759386333
84031	40.4397791	-110.8144296
84735	37.6538390625	-112.4322697875
84513	39.217944	-111.021131
83263	42.2272800375	-111.7967575875
84530	38.3121686	-109.2417866
84308	41.970426	-111.955264
84734	38.374691	-110.7281904
84781	37.389558	-113.514852
84518	39.353758	-110.856751
84667	39.486052	-111.636076
84643	39.115748	-111.706676
84726	37.768973422222224	-111.61138526666667
94558	38.32104952251655	-122.28237726490066
94014	37.687379263934425	-122.4599877360656
95620	38.46292229189189	-121.8312901945946
94710	37.87142758769231	-122.29358003076923
93212	36.09933494	-119.57081614
95370	37.99519070299389	-120.33133861933376
94566	37.679649484415584	-121.87787260454544
93906	36.70553335487805	-121.64006036585369
95472	38.40672655192308	-122.83524747115383
95111	37.28307193923525	-121.82732083800914
94015	37.68712307941176	-122.4728678637255
93306	35.39270188965517	-118.9238336586207
95206	37.926594990625	-121.278324190625
93720	36.85624593723404	-119.76322952978722
95682	38.66752862142857	-120.95122845
94549	37.90700599012346	-122.11495443209876
93637	36.96422015	-120.07502435
95322	37.209843672042425	-121.00771472115856
94582	37.76437751280788	-121.90949220246306
95337	37.786096703333335	-121.23024594333334
95945	39.21862644347826	-121.04981316273292
95236	38.0372351	-121.1206234
93309	35.340260697979794	-119.05687612929296
93726	36.79736989255319	-119.7545653031915
95334	37.38051570918684	-120.72253862497412
94505	37.883860690909096	-121.6119585909091
95765	38.82096390625	-121.29073889903846
95247	38.14349231987687	-120.4406745867634
94010	37.58185617480315	-122.35623226850392
95619	38.69408625	-120.81656415
96087	40.604886	-122.492477
95973	39.76747755588235	-121.85014690294118
93311	35.327673371524284	-119.11362961026929
93908	36.572951571428575	-121.72320844661652
93619	36.8699788	-119.66047016
95126	37.325468587223455	-121.9155390829646
94708	37.88699808695652	-122.25958069565218
95762	38.67060935945946	-121.0697499945946
93711	36.82147524	-119.82788195999998
93314	35.351412068761555	-119.15413899205174
95219	37.998303025	-121.35809344166668
95035	37.42743196189918	-121.8990110186401
93727	36.74169479485294	-119.7272202639706
95632	38.27099307	-121.30132397
93420	35.1490012587146	-120.53756134204794
95204	37.97222590625	-121.3199571375
93723	36.798347	-119.931472
93312	35.40755865839921	-119.11952802696806
95926	39.73854838064516	-121.85580242741936
95901	39.16296163272728	-121.55400606363638
93263	35.501301346153845	-119.23605525384616
95037	37.14504247076313	-121.6707283468781
95648	38.883606	-121.29076237878787
93245	36.26826451111111	-119.78722273333332
94546	37.70296855555044	-122.09614006310456
93611	36.82894571153847	-119.6935758
95129	37.307582117324856	-121.9996047369064
95245	38.30993338036669	-120.59059930687546
95376	37.73707702173913	-121.43112037717393
95664	38.8279359	-120.955042
94589	38.13554155789473	-122.24771978421052
94404	37.5592807965812	-122.26883348034188
94509	38.00251163214286	-121.81248863571427
94545	37.641352373958334	-122.11358944270832
95966	39.50631678571429	-121.5172063142857
94521	37.959019186597935	-121.98607322714776
95132	37.40336765545815	-121.86036273921567
95427	37.8852851	-120.5951105
94583	37.76185130645161	-121.95824885591398
95301	37.34733087505741	-120.5999956754107
95658	38.88124667692308	-121.13578498461536
94585	38.24486675	-122.01816106875
94565	38.00993200851064	-121.88833218936168
94533	38.26400605333333	-122.04352460833331
94040	37.38179798835228	-122.08187402542612
94080	37.65911038502994	-122.42159101257484
94065	37.53778614816314	-122.24412260694272
95437	39.43466687857143	-123.79132013571429
95687	38.350725473877546	-121.96935845020408
93612	36.81563557407407	-119.70894902592592
94941	37.9009259983871	-122.54360242580644
94536	37.55858253064516	-121.99851281612904
93722	36.81069071142857	-119.88312954857142
93210	36.20334721785714	-120.3058040607143
94538	37.52195137107843	-121.9682526485294
94506	37.79449644700854	-121.88979446894588
95120	37.21588776983179	-121.86254338849454
93458	34.95307825333334	-120.45446305333331
94539	37.51079495104167	-121.92860375208332
93638	36.97574674117647	-120.05889158823528
95688	38.36100710735294	-121.98242240637256
95938	39.645363	-121.787887
95603	38.91174552871287	-121.08282413267328
95341	37.284510352557966	-120.47193509271254
94590	38.10876740603448	-122.25353533448276
94928	38.34201837192983	-122.69316463157897
95060	37.03053220970221	-122.09894164245918
93662	36.5668807375	-119.6031303
93710	36.835030613559326	-119.81241469830508
93444	35.03146843103448	-120.48367219172414
94547	38.01743376201923	-122.28539259663462
93422	35.48415114428571	-120.66212322714286
93636	36.8902697	-119.79752225
93455	34.899066704545454	-120.43989140584416
93313	35.301942342898975	-119.06977322622885
94062	37.45035155	-122.26085996935484
94112	37.72215203484848	-122.4447256530303
95501	40.79585867609255	-124.15655772082262
93446	35.639783625574715	-120.71608202586208
95640	38.35048487777778	-120.93817663333331
95961	39.03511951052632	-121.55080346842104
94019	37.465488978651685	-122.43709214044942
95404	38.44463127309061	-122.70325218183676
94024	37.36299917814208	-122.09386143551912
95409	38.459020463370535	-122.6427424761384
95677	38.79496687647059	-121.22430460441176
93460	34.6059181	-120.07101152608696
94611	37.82409255854617	-122.23245247573674
95776	38.67983199459459	-121.7208174891892
94603	37.695614946153846	-122.18471954615386
95407	38.41459663011848	-122.73201944676784
95663	38.8350158	-121.1688375
94951	38.2935178	-122.6664782
94544	37.63905770601504	-122.05828404511276
93730	36.88450122	-119.750171
94561	37.99234648333333	-121.71204178333332
94550	37.67537282619543	-121.75520506278586
94531	37.96694536666667	-121.77632538888888
94568	37.71949362853205	-121.8587296034459
93737	36.7799402	-119.6484822
94952	38.23908068307692	-122.64593481692307
95691	38.5583982158371	-121.5455255985294
93705	36.794541933333335	-119.83935083333331
95121	37.30601484541109	-121.810883983174
95123	37.24517406260951	-121.82756426340552
95133	37.37389067108402	-121.85805602658196
94002	37.52128276944444	-122.28035599861111
94510	38.05275668529411	-122.15452326470589
94605	37.46734174186047	-120.9962561
95008	37.27895751166444	-121.95378828653077
93657	36.72782799714286	-119.51597735428572
94608	37.83601418674699	-122.28487686927711
95124	37.25742850689738	-121.9218908262244
95336	37.80804512911392	-121.21292395822783
95222	38.07290982295737	-120.56351479946711
94117	37.76728449322525	-122.44991633375795
94403	37.5394701943299	-122.29689060257734
93704	36.81650090769231	-119.80035343846154
94523	37.96135801341463	-122.06728596585369
95667	38.72928968478261	-120.80342024130437
95602	38.98158445932204	-121.08621199491525
95442	38.36735025	-122.51941985
93308	35.412317202937764	-119.08209779045228
93234	36.197722	-120.098726
95209	38.05014722068965	-121.35372612413792
95207	37.99140713367347	-121.33036632346938
91773	34.104637847003154	-117.81369918107256
92530	33.66611132222222	-117.35658312894738
91710	34.00615381610508	-117.6807160039406
92626	33.67931326475137	-117.91238868756406
91321	34.38757076216216	-118.53579514189188
92394	34.5351703972973	-117.33355604864865
92545	33.744162691666666	-117.02570389166668
92336	34.11862622348485	-117.47076880473485
92509	33.97977655277778	-117.44057600277776
93257	36.07097331965812	-119.0355984
92307	34.50662281454545	-117.25651354727272
90807	33.82639721111111	-118.1839050360494
93230	36.33168064210526	-119.6550786368421
90275	33.76308144295564	-118.3636769337419
92586	33.70426494801325	-117.1966973076159
92604	33.689283151867535	-117.78781192520792
92596	33.618170901418445	-117.10863506595746
91733	34.05010582977099	-118.0465780835878
92557	33.9578173	-117.26070388636364
92562	33.56772226281179	-117.22263766825397
91108	34.118104933333335	-118.11796225686274
93238	35.78405947142857	-118.43243974285714
91762	34.05844783869969	-117.66731956486068
92399	34.03930803548387	-117.0633361797654
92563	33.56661429074074	-117.15833941522634
92584	33.66649522477558	-117.17924867594256
93550	34.57244972	-118.08200347333332
92880	33.94256992343542	-117.57940732969377
92553	33.93590019709091	-117.25721185127271
92648	33.67737191355866	-118.00338531147048
92571	33.80512440384616	-117.21936404615386
92582	33.79467601375	-117.0357713425
90606	33.974545853741496	-118.06586160498868
93003	34.281396230911334	-119.23255494199508
90605	33.95159877029479	-118.03760190340137
92376	34.115336983050845	-117.38540750169491
93015	34.37696821111111	-118.9218226
92311	34.89160773278689	-117.0523094680328
91708	33.95843134166667	-117.64879719583332
93555	35.625454726	-117.670712482
92544	33.686997084210525	-116.91317275263155
92583	33.78142514444444	-116.95699893333332
93543	34.525155033333334	-117.96984106666667
91784	34.13397136227876	-117.66234482300884
92708	33.707967475014776	-117.95629671495831
90623	33.849200664087725	-118.04049568924763
91362	34.174069803125	-118.826397146875
92653	33.59414446306805	-117.6996269227219
91765	34.00734638835979	-117.81298765880577
92602	33.73307177449615	-117.77128207090507
91748	33.9818819099162	-117.89595630530728
92344	34.38828046363636	-117.40696036363636
91745	33.99965655901943	-117.96497576253468
91350	34.4499940758	-118.51221620546
93291	36.336546732258064	-119.31492758387095
92651	33.534681086787124	-117.7694694199863
93534	34.691595086526945	-118.14139572365268
92335	34.09534242037915	-117.48467935687204
92371	34.3348055	-117.48438075
93536	34.68967571354839	-118.19124051290324
90703	33.85990767925852	-118.07355652024049
93215	35.7665818117647	-119.24133664117646
90242	33.92187058450704	-118.1406012349296
92646	33.66822057878546	-117.9678773828834
93274	36.20745158939394	-119.34179386969696
92692	33.61123714245898	-117.6427177479989
91786	34.1062645663669	-117.65968465683451
92882	33.86518735670628	-117.5990391016978
91792	34.02324118078513	-117.90107693471074
92867	33.80820466890441	-117.81905841933406
90713	33.8525144730659	-118.11238831088824
92870	33.889696489107735	-117.85653747681536
92587	33.68755991189025	-117.25436079512195
90274	33.78079696619318	-118.37584582698862
92277	34.116413931875	-116.361055660625
91706	34.08719876607843	-117.96596848196076
92592	33.4743973546875	-117.0779214529018
92346	34.12031914307692	-117.21115475692308
92620	33.70795341257833	-117.7585582005415
92223	33.95851518741554	-117.04198412111488
91789	34.01991652233805	-117.86838105107968
92886	33.891631815460784	-117.80378471209936
93561	35.13271596511628	-118.46603616046512
92262	33.840511479834255	-116.51901206169428
92374	34.065984483319035	-117.16781319946531
92373	34.04338538899587	-117.18451423575618
93065	34.26109435271318	-118.79429825813952
92887	33.88073814862651	-117.74298896475004
92780	33.738159994745544	-117.81673662977528
92284	34.12215884794521	-116.42554095684932
90815	33.79501304830508	-118.12451021666668
93063	34.27739299336219	-118.6816862116883
90601	34.00028906946565	-118.04158218874046
91387	34.41413612857143	-118.44047007142856
92869	33.78704319950048	-117.80955738375766
92656	33.57895626206136	-117.73070385663726
92865	33.836240889436624	-117.84561309255004
91761	34.03292897442455	-117.64145201099744
91722	34.09503780150892	-117.91183181467764
92630	33.640765978508384	-117.69007049842232
92591	33.52865856771429	-117.129056388
92782	33.722526188109995	-117.80341818295894
92883	33.75974346029777	-117.4753218203474
91320	34.18470183770492	-118.93664534590164
93004	34.29323724187817	-119.16741972081218
91011	34.21200783076923	-118.18202375
91750	34.11395569300758	-117.77141431339513
93221	36.29855389285714	-119.14164617142856
90631	33.930858656145965	-117.94910573367476
92606	33.700546398900855	-117.802475449989
92114	32.70639645643616	-117.05329464180409
92121	32.900813062685096	-117.19246019723596
92115	32.76189784408784	-117.07090870935964
92020	32.79320714238758	-116.9720286556638
92128	32.99669405523153	-117.0700918881478
91977	32.724254370677656	-116.99720083223414
92028	33.36426931018312	-117.21991808941084
92054	33.19396244603997	-117.35798541018504
92084	33.21201091213609	-117.2204206311236
92065	33.02651564853695	-116.85308119143288
92126	32.91694384752996	-117.14474076197018
92056	33.19731062435595	-117.28515408087524
92677	33.53024490477335	-117.70095302000642
92040	32.85736834598682	-116.92299886471858
92027	33.13863519584333	-117.05137032736478
92154	32.57535080063461	-117.05464486420786
92026	33.17727130209397	-117.10605482522983
92124	32.82754621292191	-117.09323459247057
91901	32.82738763166517	-116.76223765525134
92071	32.8508182312874	-116.9871788473364
91910	32.64179083973343	-117.03869753961754
92029	33.09133226942477	-117.10871090637576
92139	32.67973061172183	-117.04779849164896
92130	32.94625240772878	-117.2119045168421
92064	32.97561838926559	-117.0418180175059
92127	33.01404665715851	-117.11220856460648
92078	33.124884024343096	-117.19848848695258
91913	32.64709186536515	-116.98659924656543
92111	32.80116482493902	-117.17287716096205
92009	33.1008890978954	-117.24892367889144
92069	33.15362180236446	-117.14659682502985
92025	33.106642002562644	-117.068778869291
92122	32.85326891682848	-117.20930103064916
92057	33.24526956358127	-117.3030903638292
92120	32.79528832319981	-117.07108498927994
92067	33.01580617823219	-117.1963400596042
92694	33.55042887210632	-117.63703268028264
92010	33.16458532783554	-117.3076714310019
92673	33.46450925347419	-117.6172335248203
92691	33.61460517710738	-117.66557677977202
92110	32.7703899981904	-117.1987970785602
91935	32.719094036016656	-116.83095470298404
92082	33.25021026636459	-117.03019568181244
92105	32.73996396215752	-117.09493733401432
91902	32.66637591226415	-117.02275575175932
92037	32.835434496199525	-117.26031547071987
92091	32.990499250765865	-117.21244295185996
92058	33.22080874489693	-117.35585693906486
91915	32.625374563130435	-116.95431192939132
91941	32.76048162777444	-117.00920103767918
92109	32.79747077933124	-117.2434010991884
92024	33.054257447886776	-117.26937075721814
92019	32.77687671944354	-116.9128346272058
92104	32.7431491801515	-117.12776590120724
91911	32.60991695273604	-117.05266868688555
91950	32.67526995767046	-117.08883623556548
92081	33.17437077844203	-117.23979072848732
92102	32.71535468851506	-117.11938808048632
92123	32.798991548961034	-117.13656408233769
92021	32.82317131549874	-116.91079205890152
92116	32.7633220129199	-117.12282364708584
92129	32.96125780213971	-117.12913975789805
92624	33.45962848957709	-117.66564385910756
92014	32.95587517629464	-117.25387098356704
92106	32.72943596001019	-117.23146609830049
92117	32.8246631107967	-117.19891207627548
91942	32.78456181406612	-117.01636987643714
92108	32.772645411884554	-117.13512520305602
92672	33.42860734616294	-117.6132180043247
92688	33.634824178260395	-117.6088751679376
92083	33.19764201714102	-117.24729772319708
92103	32.74695583775274	-117.1684459303905
92675	33.49985680155552	-117.65787830702897
91906	32.66269063931298	-116.48150214885496
95205	37.9760472375	-121.26140614375
95618	38.54499972820513	-121.71004893247864
93635	37.064027985765335	-120.84306842489607
95062	36.97518384069768	-122.00264611569769
95991	39.09907612777778	-121.61482308888888
94591	38.12037496730769	-122.21747459615383
95321	37.848822491017415	-120.19615167396884
95320	37.79584714444445	-120.99763108888888
94939	37.94083158857143	-122.52666446857144
94548	37.9696764	-121.6670248
95963	39.7474181625	-122.199848525
95983	40.069975	-120.830616
94530	37.917446916019415	-122.30247203980582
94602	37.80113973518519	-122.21544653148148
93654	36.60380137333333	-119.44564446666668
93304	35.34479092962963	-119.02772582222224
93442	35.37897607687601	-120.85133512375202
94552	37.70278343529412	-122.03310154117646
96062	40.54939706666667	-122.17751813333332
95722	38.997636875	-121.03743795
93725	36.70561373809524	-119.74776332857144
95401	38.44296678758839	-122.74095729946124
94571	38.13813085555556	-121.70377001111112
95203	37.974652	-121.35381283
95377	37.72213763035714	-121.46325064642856
94513	37.932158333870966	-121.7060037096774
95030	37.223622610344826	-121.97267380517242
93618	36.54385774193548	-119.3954699483871
93428	35.57543200789473	-121.08449694210528
95003	36.968991448809525	-121.90214046587305
95482	39.15414861744186	-123.20709218488372
96001	40.58160162244095	-122.3973192456693
95348	37.33043900572718	-120.4937627130807
93305	35.40171077797147	-118.99339294342312
95928	39.72555809275362	-121.82950694202896
94960	37.981436294736845	-122.56558637894736
95695	38.68205680526316	-121.78828236842104
94707	37.899018804	-122.2832555488
95070	37.27927170849359	-122.00238568333332
95694	38.5371304652174	-121.96756204782608
95425	38.782296475	-122.9999097125
96080	40.17395710958904	-122.23287373972602
96021	39.9222928	-122.1998635
94598	37.92371617241379	-122.02369825402296
94517	37.93409926363636	-121.92266285454544
93614	36.98643113636364	-119.7779766090909
95306	37.411567875	-120.0997058
94560	37.53359773863636	-122.02655765227271
94563	37.8857378460274	-122.20030427589042
94044	37.63063363297873	-122.49170805851064
94579	37.6919298125	-122.1474419875
95136	37.270826675196254	-121.85064808541593
93453	35.38537373636364	-120.44140498181818
95492	38.54763928030303	-122.81361422272728
94954	38.260787119565215	-122.62662490217392
94903	38.00029019005848	-122.535903974269
95122	37.3282622892131	-121.83579455210842
94132	37.72493067887324	-122.48031794929578
95405	38.439203298716365	-122.6734878606827
94070	37.50392605421687	-122.26072208433736
94087	37.35867026116352	-122.03950199889935
95033	37.14010331730769	-121.94439635961535
93630	35.48646292978724	-119.09951218723404
95073	36.99742038928572	-121.95766879642856
94534	38.23565210934066	-122.11665258351648
94131	37.75044593165138	-122.45135932706422
93204	35.823997575	-120.298415025
94041	37.39033755714286	-122.07865345529954
93463	34.60028043404255	-120.145314206383
94122	37.76104830336409	-122.47205064056132
95993	39.13370435625	-121.7052930875
93110	34.44089707906007	-119.76719623050975
93277	36.31273538918919	-119.31812982432432
90221	33.89102388409507	-118.206811069287
92345	34.42500755656565	-117.32345570505052
91709	33.98077998146514	-117.7269107270962
91768	34.06784043430079	-117.7774076403694
92252	34.1416734625	-116.3028256125
92372	34.442304	-117.629237
91766	34.04064408431818	-117.75208094386365
90745	33.84740751318182	-118.2681677521591
90704	33.34400059190405	-118.32854027458772
93223	36.30073675578512	-119.19723579628098
91752	33.97015665063291	-117.55611082531644
90808	33.813872357869485	-118.11613061333972
92649	33.719428603547094	-118.04381950399342
91730	34.103976854949494	-117.5931209338384
92683	33.74984714044206	-118.00895681547192
92881	33.83617231966292	-117.55176117865167
92617	33.63929224241071	-117.83594840848215
92555	33.90936300476191	-117.1789190904762
92234	33.789238853102454	-116.46806785541126
93023	34.44389298125	-119.242380578125
91001	34.18507895429104	-118.13676266996268
92821	33.91968227905956	-117.88111775326018
93012	34.20900413076923	-119.01648697307692
91741	34.138781852425375	-117.85238831175371
90603	33.95093871176471	-118.00514966245674
93109	34.40371830632712	-119.7207180784983
92866	33.78515044432004	-117.84467541170982
93551	34.555212045569625	-118.26120220886077
92595	33.612473136585365	-117.27019227682926
93535	34.69579016190477	-118.06532396666668
91381	34.4064665345679	-118.5867174510288
90680	33.80217888104706	-117.99542144646117
92610	33.68494732092068	-117.6635435587752
91701	34.13912494932821	-117.61202425585412
90740	33.75652440637615	-118.08716021503488
91377	34.17795043333333	-118.77828463333331
92532	33.68800590263158	-117.31121553421052
91016	34.14138684331641	-118.00227628747884
93111	34.4426091328251	-119.80349185835962
92679	33.62743012236817	-117.58920448287618
90638	33.90320906530889	-118.02731464860828
91763	34.07412766843004	-117.6989613324232
91739	34.11991779747899	-117.55323668907565
92835	33.901155376788324	-117.89900589934308
92590	33.50968511219512	-117.16716302682929
92879	33.871477295333335	-117.560414018
92061	33.31083766771546	-116.9819489008208
92118	32.68179522754354	-117.17257578329512
92011	33.10381182251701	-117.29242666319728
92107	32.74015369613766	-117.24426586429216
92008	33.15459300100365	-117.33109556872265
92119	32.80254724390797	-117.02617010720448
95953	39.20832793333333	-121.64365843333331
95138	37.25857114451088	-121.7730528519203
95330	37.80778796923077	-121.2947398123077
94030	37.60175455	-122.39218719791668
93307	35.330888305	-118.9605341975
96090	40.024284	-122.123199
94514	37.86184625	-121.6266629
95614	38.88764411875	-121.0156104875
95014	37.32167186020408	-122.02010727353742
95493	39.186314	-122.966161
94553	38.0132868742268	-122.13014701237114
95252	38.14849642220132	-120.85758294746942
94804	37.918873387912086	-122.34419256043957
94588	37.69245916965699	-121.88303595699207
94541	37.67575902696629	-122.08731495805245
93454	34.95327359868421	-120.42762345
94518	37.94424714479638	-122.0116101633484
95650	38.823022421428576	-121.1939496392857
95148	37.32931882289609	-121.79140703179236
93930	36.20476351333333	-121.11426351333334
95118	37.25679052706858	-121.89039754808051
95020	37.00957338712871	-121.57597938242574
93242	36.43527	-119.705297
95329	37.6960187562963	-120.35208285422225
95485	39.16279933333333	-122.93858743333332
95982	39.29692445	-121.777421575
94520	37.979774821666666	-122.0414565025
93610	37.13950337777778	-120.34939689743592
95327	37.93536508192585	-120.4331143555098
95367	37.73628177534722	-120.94671974861112
95616	38.5479008015674	-121.74226226159875
93626	36.98986776666667	-119.72064603333332
95006	37.12713919113924	-122.1246787012658
94507	37.851897740909095	-122.02867146363636
95125	37.29611169049328	-121.8943332368968
95959	39.263090159523806	-121.02567625952382
95681	38.9801461	-121.3759597
94618	37.84056827651515	-122.23722891742425
96035	40.04317	-122.16766
93301	35.378345122727275	-119.01677919545456
95918	39.24555485	-121.38211792142856
94025	37.453773920165744	-122.18075532983424
93907	36.75792417777778	-121.66665657407408
91767	34.08048169152276	-117.73816583579278
91724	34.08821683122271	-117.8614850021834
90255	33.976881022131145	-118.22324086311475
93010	34.21893444663677	-119.05984652421525
93202	36.3159926	-119.708758
92411	34.115507216000005	-117.317944176
92845	33.78324561280882	-118.02741902398328
93021	34.28165649	-118.87363061
90621	33.87366291195494	-117.99474900390624
92841	33.78728905778305	-117.97570527934626
93060	34.352027616	-119.07118986
92264	33.80124011097178	-116.52210090344828
92551	33.88032574736842	-117.21528246315788
93552	34.558105175	-118.0426643625
91711	34.106596809018185	-117.72115337592729
92308	34.483090961538466	-117.20942775641026
91390	34.468303318707385	-118.5192317549066
91010	34.13735423686534	-117.96854243642385
90620	33.84319480490212	-118.0134981277097
92407	34.18882683417721	-117.39000344177217
93225	35.11744493793104	-117.34862914827583
92404	34.132736191666666	-117.26272253333332
93505	35.11835493571429	-117.96594454285714
92036	33.049593459992614	-116.55866441237534
91914	32.66943464919708	-116.9450852550365
92629	33.478628697100966	-117.70182063982006
92007	33.026546746571185	-117.275030496658
95215	37.96029701153847	-121.22718013846156
94559	38.290278996	-122.287324854
95949	39.17331256739131	-121.07016709565218
94572	38.0288842	-122.2637296
94801	37.93410229310345	-122.3774347362069
94805	37.94561201102804	-122.31623726
93402	35.31612761836735	-120.83055372040816
94503	38.17845147894737	-122.25467610526316
95361	37.772504004000005	-120.84318012
95212	38.0252594	-121.26787326111112
95127	37.3677346724886	-121.8213476853185
94597	37.92741701444445	-122.05903367555555
96051	40.93566646666667	-122.38769776666668
95954	39.5385287	-121.31823505
95540	40.59057987155963	-124.14632989174312
95942	39.884533	-121.667474
95971	39.93922776666667	-120.94396911666668
95975	39.2256349	-121.153744
95633	38.8491789	-120.8563006
93465	35.553616301685395	-120.717450977809
94596	37.9011162	-122.06098427027028
94702	37.8736324104	-122.2862933952
94116	37.746361241397416	-122.47317987483844
96088	40.50113608333333	-121.86552408333333
95225	38.19683928416988	-120.89116842857143
93401	35.25730307617801	-120.647199443089
93631	36.50175295714286	-119.53003642857144
93405	35.26892746985646	-120.68663239043062
95503	40.78334262368421	-124.14426268684213
95641	38.162185	-121.605488
94519	37.945080610000005	-122.03002706
94542	37.655719075	-122.03990809166667
95470	39.29166498	-123.22008792
95379	37.97213917119371	-120.23676933187993
95446	38.505207741666666	-122.99257969166668
94619	37.79034996666667	-122.19897087857144
95119	37.230748620864425	-121.79005401476992
93427	34.61255588181818	-120.19811144545454
95403	38.46877947176527	-122.7440331953696
93950	36.61985044871795	-121.92319497948718
93901	36.66819585063291	-121.64625057341772
93241	35.2557617	-118.9114245
93280	35.59837078	-119.3618071
94401	37.56591452330097	-122.32274380776698
95023	36.83112007892857	-121.36860689107144
93622	36.84501210350877	-120.72300015789472
96007	40.452715875	-122.30104582916668
95551	40.70655392	-124.24362748
93933	36.67129352063492	-121.78768084603172
94127	37.73937000633188	-122.46528231299126
95076	36.9304124021645	-121.76458187359307
95692	39.01356033333333	-121.42089653333332
95519	40.943181425	-124.10371805
94526	37.81593860674603	-121.99178510277775
90404	34.02950315932203	-118.47566806440678
92359	34.07005664744714	-117.12117828117589
90806	33.79838088170478	-118.18948317422036
93560	34.8660492	-118.17087308936168
93117	34.4334825730792	-119.8625385434392
91790	34.066540808713135	-117.93827295495976
91740	34.11852306979434	-117.85708646786632
91354	34.44904917034167	-118.54749919351472
92354	34.0737952601695	-117.26975479830509
90720	33.793323990654706	-118.07336963946982
91764	34.07779887668593	-117.62000479171483
91746	34.04867819797297	-117.98254522432433
90701	33.86880647355865	-118.07707815606364
91754	34.0505071459854	-118.14222460948906
92225	33.62071007376623	-114.60416302857143
92003	33.28402746959707	-117.20450787985348
91945	32.731550152541786	-117.034242670274
91962	32.81907876020942	-116.5127368185864
92840	33.78668929756769	-117.93759638263262
93105	34.44182074485592	-119.73297260626607
90277	33.81441690326616	-118.38296543568453
92313	34.03294462307692	-117.31793235384616
91104	34.16546913378378	-118.12298814797296
92337	34.053875305405406	-117.47115552702704
90503	33.84223318408456	-118.35939678371152
90505	33.811248046415145	-118.35382306249478
92832	33.86798414063515	-117.92998943610613
92239	33.71521209795918	-115.39355707346938
93591	34.6087264875	-117.8325162
90813	33.780078462272726	-118.19573871659092
91351	34.4322968261745	-118.4808265295302
92705	33.7621007456285	-117.82411969708214
93240	35.63918605333333	-118.44021057333332
92704	33.716927300855616	-117.90060719907308
90803	33.76109912181208	-118.13261425553692
93675	36.72654215	-119.15754775
95969	39.7640648	-121.60518181666669
95451	38.981537044	-122.811226684
95333	37.25427318649035	-120.28336758355968
95709	38.74623445	-120.67823787
93905	36.6875263	-121.60748488333331
95450	38.498208475	-123.20365585
94555	37.55779596	-122.05082801333334
94703	37.861806282178215	-122.27389537425742
95464	39.12111815	-122.84000885
93923	36.54557774794007	-121.58797480262172
94901	37.97384398148148	-122.52783120308642
95946	39.22606123333333	-121.20203566666667
94587	37.59017203610503	-122.04576032450768
95139	37.22611398108108	-121.76728835872652
94606	37.79892686296296	-122.24884266358023
93433	35.11912453896848	-120.61459834412608
95004	36.96620661666667	-121.68912038333332
94705	37.85555323859649	-122.26061287192984
95018	37.05072461875	-122.07038780625
93960	36.42737079375	-121.32519176875
94089	37.40595528207547	-122.00986808301889
96022	40.37381885217391	-122.31702319565215
95626	38.7095871	-121.4065844
94027	37.46206669509804	-122.1975244764706
95462	38.4746666	-123.01362935
93268	35.14730257	-119.46110915
95066	37.0563752125	-122.016605978125
95476	38.28956217072464	-122.46372902231884
93270	35.96300242	-119.06866434
92585	33.732269943410856	-117.17197687441862
90602	33.96946452095238	-118.0353284552381
92660	33.63216492475682	-117.87771778237632
92395	34.51374622105263	-117.30661506315788
92301	34.558459758333335	-117.395421825
92706	33.76505619311018	-117.87582257739416
90280	33.946020989606744	-118.19190520196628
93247	36.20812278181818	-119.0863968090909
91007	34.12441453590909	-118.05159385954543
90022	34.02530184518072	-118.15508209036145
90755	33.799033376543214	-118.16757837160496
92833	33.88221475503603	-117.95626808319564
93292	36.326105455	-119.27525274125
91780	34.10062519051095	-118.05179563065694
90630	33.810666077361496	-118.0338890616664
93271	36.42512672380952	-118.93397225238094
93103	34.42974839104751	-119.6840881168226
90249	33.90072662972973	-118.31937906756755
93265	36.120187	-118.8233179
92408	34.080052882222226	-117.26513084666666
93030	34.20258159642857	-119.15802815833332
93656	36.4619609	-119.9254065
93706	36.757711902020205	-119.93496737373738
96003	40.597931243877554	-122.35422483979592
95461	38.7718401	-122.65389123333333
94610	37.81679429769618	-122.2433813675306
94063	37.486124178636366	-122.22514718568182
93927	36.32131488	-121.2628164
93703	36.77402027647059	-119.77085321176472
94920	37.882963425	-122.47176860833332
95689	38.441748	-120.6305783
95965	39.5076869125	-121.56887716875
94086	37.37356224225941	-122.0228007046025
94803	37.97882260493274	-122.30141852286994
94578	37.70374282635754	-122.12322184888929
95726	38.774594066666666	-120.54951331666668
94061	37.4676251490196	-122.22167884264704
93461	35.65557402857143	-120.38859202857144
95131	37.386073277701215	-121.88655082509489
95669	38.496582327272726	-120.84249519545456
93728	36.75550590625	-119.814075225
94564	37.99561195454545	-122.27439644545456
94107	37.78847374741036	-122.40530744581672
93648	36.6099786	-119.5258182
94556	37.86240729761904	-122.12786265119048
95947	40.1402551	-120.9436824
93441	34.677458889473684	-120.11616597894738
94595	37.88118979	-122.07096404
95467	38.7950229	-122.54939895
95210	38.01066219882353	-121.28981176705882
92320	33.977856888235294	-117.04221778823528
92549	33.74442495432098	-116.71739980987654
91791	34.06023569581882	-117.89990419947736
93101	34.42031194408205	-119.70934631598288
92860	33.92528930988776	-117.55293825029398
91775	34.115778897794115	-118.08627436764704
92316	34.06724304285714	-117.3964288
92637	33.60901028714385	-117.72703931622657
90240	33.95673362206406	-118.11839486903916
90805	33.857265268876084	-118.1795447298271
92831	33.878703641006005	-117.89842238072865
91384	34.45997600088496	-118.62108691061948
93510	34.46582551	-118.19828713
92508	33.8871885125	-117.32970516875
91301	34.14248456976744	-118.75654283023256
92603	33.63836651929141	-117.8025979150477
92570	33.75780171095617	-117.26351448406376
92173	32.558609136426746	-117.05225794486664
92075	32.99588978260515	-117.25905585328704
92086	33.296435113461534	-116.67151050048076
91932	32.57857036101198	-117.1162926600098
95039	36.80507819166667	-121.78412722916669
94904	37.955832096	-122.539365508
95932	39.20953173333333	-122.0135273
95962	39.3483189	-121.262679
95360	37.3069645483871	-121.01868830887096
95629	38.5192122	-120.74639315
94938	38.0144298	-122.71212443333332
93203	34.9935138	-118.9399718
95046	37.08454902	-121.606079924
93250	35.63621005	-119.18306785
93620	36.995912106934	-120.63599234126984
95310	38.03640532465398	-120.39148877577856
95703	38.9974739	-120.992624
95128	37.315744436912695	-121.9375273549018
94965	37.8604220516129	-122.49514740806453
95304	37.74635319615384	-121.43338034230769
95948	39.3648584	-121.6879979
93640	36.74344545	-120.36757576666668
96071	40.66443255	-121.44320685
95117	37.30929657962631	-121.96337655845824
93625	36.63064711111111	-119.67223037777777
95685	38.395849675	-120.80059745
94925	37.92792504	-122.518872095
92543	33.74162725294118	-116.97444144117648
90040	33.99154349085173	-118.17181335962144
92868	33.78830559480986	-117.87242521238436
92501	33.98698731875	-117.3713083625
92861	33.813633845384615	-117.81314037923076
90650	33.9076501	-118.08523019126211
90706	33.89029067022059	-118.1321374387255
92843	33.76736329622222	-117.93184718866668
90305	33.96010545089286	-118.32901082232144
93532	34.666676	-118.40818
92627	33.64618611446162	-117.91930296947864
90640	34.0146913535445	-118.11262743815988
93001	34.28507145343915	-119.28865095097
91755	34.04313755346535	-118.11755345544556
92365	36.46585593333333	-117.87530541666668
92657	33.599695582346804	-117.83119470153846
90266	33.88988592829894	-118.40085278982176
90604	33.941869055898124	-118.0059208839142
90504	33.870286895650715	-118.33069765785056
91978	32.7345026315051	-116.95681096734693
91905	32.66279369126984	-116.31295191301588
92113	32.69813886182667	-117.11823014277785
93627	36.5331505	-120.0995791
95338	37.48662914222222	-119.95561611555554
95536	40.37944191071429	-124.28117961785716
93651	36.998804	-119.518854
95317	37.13999346531792	-120.49435281531792
94970	37.898102560000005	-122.6356324
95988	39.52855074615384	-122.2108849
94038	37.5221102	-122.51013605
95968	39.435442	-121.547879
94931	38.3285853090909	-122.69824261515151
95623	38.64963105	-120.841684625
95135	37.29819262441336	-121.75943294954874
93924	36.4400346125	-121.685844796875
95045	36.84332824237288	-121.53781292711864
93440	34.74404534761904	-120.27863602380953
96002	40.56885859428572	-122.3566864357143
94947	38.10022818214286	-122.57798975
91744	34.031998121939274	-117.9431799734574
90660	33.99097930578034	-118.0866750531792
93527	35.85655208	-117.99186454
90222	33.93630191407767	-118.17093760582524
92377	34.150607981690136	-117.40497051995304
92256	34.06133732222222	-116.54604886666668
93041	34.16614636	-119.19867062
90262	33.93129530166051	-118.20491521642067
91737	34.14393672948718	-117.58244640410255
93033	34.16928624285714	-119.16788137142856
92663	33.620142173448954	-117.92814826259163
91732	34.07241230349794	-118.01667072366254
93040	34.40591098333333	-118.7566409
91917	32.62071498640777	-116.74663954368933
92823	33.91816807453125	-117.82748372906252
90670	33.9494997080292	-118.08242959270072
92410	34.09818598512397	-117.33268476694214
90810	33.81425392746479	-118.22078696954226
90302	33.976164399236644	-118.3540418442748
92804	33.81092683593578	-117.97435939717344
90278	33.86563045117698	-118.37521504428943
90802	33.76576581898455	-118.19266787637967
91702	34.12723753922018	-117.90605664931192
91731	34.07517300619835	-118.04009002438016
91024	34.165583228070176	-118.05343772631578
92878	33.9493537	-117.6366555
93108	34.43349462464634	-119.63418107033274
92844	33.769751248624864	-117.97071821303628
93036	34.23120990625	-119.165807153125
95388	37.39182784030552	-120.61385281920094
95231	37.87939586666667	-121.28097896666668
93660	36.6100204	-120.18935295
94580	37.69526362805556	-122.12305680430556
95642	38.366146934146336	-120.79588439634146
94305	37.42573488320313	-122.16436750859376
93451	35.77236755	-120.62924458
93603	36.61692689411765	-119.00068975882354
95939	39.615146	-122.543703
94949	38.06976667285714	-122.53314369285717
94706	37.904528865158376	-122.08557453755655
95110	37.33285025635613	-121.89395449550864
92405	34.136155460000005	-117.30742158
90250	33.9203423835443	-118.3486914142405
91361	34.15572909545455	-118.83504546818182
93272	36.05470818571429	-119.30967722857145
91963	32.62164374048443	-116.61308938788926
93932	35.9412157	-121.0834764
93201	35.888252	-119.48507
93206	35.40131811818182	-119.40558751818182
95220	38.18862734	-121.26500675
94066	37.62914644722222	-122.41859604166667
95237	38.15871533333333	-121.15258230980392
95665	38.41290505	-120.66125755
93955	36.61242773625	-121.83777602625
95130	37.28787721132831	-121.98131138636364
95383	38.03998099773463	-120.22964509694354
93921	36.5544018	-121.92339586470588
95202	37.955306958	-121.287899436
94511	38.0293914	-121.630179925
93644	37.34275627619048	-119.65208149761904
95713	39.06672779047619	-120.9643116952381
93721	36.735962799009904	-119.78795037128714
93609	36.54114436666667	-119.83482913333332
94973	38.0123914	-122.6491721
95228	37.92716098930215	-120.6191835731595
95444	38.43633953043478	-122.8691892347826
93227	36.33608065	-119.41307965
93066	34.2688727	-118.9559161
91008	34.14973	-117.96575
92612	33.66163546101917	-117.82089889550826
93035	34.1741722	-119.22167125454546
90245	33.923889898551955	-118.41080836305366
91723	34.0830010323718	-117.88774772628204
91916	32.86570714467456	-116.61829017337276
95453	39.04086855555556	-122.91649047777776
95369	37.514245801231525	-120.4625805357143
93606	36.803249	-120.017956
93426	35.734854004545454	-120.9681495409091
96096	40.638655	-121.920999
96055	40.0266816	-122.0958656
93940	36.59711416992619	-121.88517037250922
94085	37.385999200623054	-122.01655814890968
94121	37.77877442469288	-122.48898072420148
94134	37.718273958974365	-122.40996369230768
94577	37.71923590673684	-122.1403940731579
95441	38.7156954	-122.89769075
92614	33.676115898241	-117.8181700322685
91770	34.060692031386864	-118.08371796076644
92701	33.751881735056365	-117.8551806217212
92327	34.863187	-116.883354
91801	34.089122628571424	-118.12635941071429
90303	33.939386783870965	-118.3308777
93226	35.7174729	-118.7260598
90746	33.8611997242616	-118.25716310822784
95556	41.3054671	-123.5299903
95645	38.7992834	-121.7198935
94609	37.8333599974359	-122.26410318205129
95699	38.4414912	-120.8512787
90270	33.98757279142857	-118.18558056142857
93244	36.3763748	-119.0374037
92548	33.73445982676056	-117.1136285830986
91030	34.11084542539267	-118.1484414670157
93546	37.64003708073394	-118.96333671559634
96076	40.3605326	-122.8902117
95558	40.3221346	-124.2862459
95311	37.73937846666667	-120.16471744444443
93445	35.10894488541667	-120.61405807916668
95912	39.0200289	-122.056111
95422	38.954850729721365	-122.62002446222913
96056	41.05008275	-121.39965855
95525	40.8831459	-123.99589965
95560	40.1176372	-123.8203088
95415	39.010042885714284	-123.36906642142856
94005	37.68627821851852	-122.40348412592591
93022	34.3916357	-119.301039
93219	35.878218839999995	-119.32140852
95116	37.35039090195372	-121.8528388678671
92356	34.408322625	-116.92816815833332
92352	34.25611796666667	-117.19005418888888
92055	33.178900410000004	-117.167942195
96073	40.54714865	-122.23964245
95651	38.81514354285714	-120.92192541428572
94114	37.76143088097448	-122.43657691763342
95605	38.59229899984335	-121.52724851734874
95974	39.494338	-121.751271
95346	38.06055455775362	-120.18771527442028
95672	38.7076155	-120.97873045
93926	36.5042627	-121.45259746666667
94607	37.800014504761904	-122.2768778375
93701	36.7491631	-119.7872763
96020	40.31464498333333	-121.2484228
95249	38.19311063262862	-120.6558531911205
95528	40.4845394	-123.9060109
95458	39.094241475	-122.79725135
95674	38.960351	-121.495061
93430	35.43194887891667	-120.88421039025
95914	39.4199849	-121.36653
95987	39.15487045	-122.15120465
94037	37.54318895	-122.510365425
93601	37.40024035	-119.73257245
92391	34.23947775	-117.2270391
91803	34.07142898488372	-118.1464327360465
90814	33.76990337652174	-118.14916756695652
90304	33.9563904459854	-118.36247486277372
95675	38.545656	-120.74287
90251	33.786594	-118.298662
91309	33.786594	-118.298662
96028	41.056097	-121.49021
93925	36.581329	-121.46597
93517	38.21053	-119.31968
95242	38.132618	-121.32282
93643	37.232047	-119.52006
95917	39.413477	-121.71162
95013	37.189396	-121.705327
95459	38.996389	-123.66468
92074	33.016928	-116.846046
96047	40.472993	-122.63707
95254	38.192911	-120.95775
92415	34.839964	-115.967051
93647	36.565252	-119.24273
91341	33.786594	-118.298662
94309	37.189396	-121.705327
95627	38.744062	-121.99929
93501	35.04535	-118.16141
94528	37.838744	-121.96672
90301	33.955913	-118.35868
92382	34.205626	-117.10499
92397	34.35876	-117.62752
96008	40.732501	-122.11264
90715	33.840965	-118.07775
93702	36.741199	-119.7553
95613	38.79829	-120.88578
95935	39.381883	-121.21763
93962	36.624606	-121.64655
95449	38.955142	-123.08125
95251	38.075897	-120.46544
93556	35.294405	-118.905173
92285	34.31039	-116.45012
95428	39.825781	-123.23026
95684	38.60766	-120.5937
96016	40.929301	-121.55711
93529	37.765218	-119.07769
93714	36.746375	-119.639658
95563	40.89197	-123.56149
95258	38.154118	-121.306
93668	36.641742	-120.28909
90294	33.786594	-118.298662
91934	32.624424	-116.17025
95463	39.173321	-123.55081
93512	37.583838	-118.23615
91041	33.786594	-118.298662
95937	38.931025	-121.94518
93254	34.956385	-119.74696
95309	37.807938	-120.440467
91346	33.786594	-118.298662
95521	40.867469	-124.07519
95565	40.459978	-124.06059
96069	40.705474	-122.021
93621	36.774951	-119.13779
95232	38.356552	-120.58318
93452	35.664386	-121.21965
95979	39.331444	-122.47943
91066	33.786594	-118.298662
91313	33.786594	-118.298662
95303	37.46994	-120.67607
95637	38.830508	-122.19944
93667	36.981035	-119.38254
94525	38.05282	-122.2234
93243	34.851405	-118.87993
90311	33.786594	-118.298662
92402	34.21392	-117.127166
90702	33.786594	-118.298662
91769	33.786594	-118.298662
94957	38.022322	-122.561689
93602	37.077273	-119.42982
93235	36.387879	-119.21908
95436	38.495857	-122.90636
92625	33.600172	-117.86823
94612	37.809427	-122.27172
95698	38.782731	-121.89811
95002	37.427439	-121.97521
92101	32.719601	-117.16246
92266	33.387467	-114.71352
92398	34.909491	-116.84058
95426	38.835146	-122.72234
92145	32.889139	-117.100486
94971	38.245851	-122.90644
95457	38.911393	-122.599
94963	38.012082	-122.66389
91776	34.089059	-118.0951
90212	34.060859	-118.40191
90409	33.786594	-118.298662
93616	36.657266	-119.59309
95634	38.930207	-120.78557
91305	33.786594	-118.298662
92676	33.743168	-117.63563
93646	36.623699	-119.30892
94018	37.510085	-122.473404
93285	35.714118	-118.48416
95005	37.084347	-122.08524
95469	39.383027	-123.07856
91410	33.786594	-118.298662
95607	38.706727	-122.125
92678	33.673979	-117.59457
94567	38.658204	-122.40441
92567	33.819818	-117.11778
95375	38.184096	-120.021342
90254	33.866314	-118.39968
93604	37.364625	-119.51261
95229	38.110355	-120.45436
94923	38.347701	-123.05869
92358	34.229288	-117.52082
93641	36.697311	-119.01864
92292	33.752886	-116.055617
92616	33.640302	-117.769442
95631	39.033312	-120.82172
95549	40.691578	-123.87189
95951	39.738889	-122.01675
95325	37.46336	-120.2561
95981	39.584801	-121.08762
94937	38.099205	-122.87751
93953	36.59081	-121.9461
93261	35.801627	-119.11699
96084	40.871548	-121.98807
95701	39.217668	-120.78346
92368	34.634147	-117.30614
93224	35.202535	-119.56093
92258	33.921502	-116.56703
93256	35.957119	-119.31287
92593	33.752886	-116.055617
91327	33.786594	-118.298662
95913	39.633265	-122.21009
93523	35.044352	-117.8578
95075	36.761702	-121.274795
93205	35.576134	-118.46745
92339	34.087114	-116.923
93553	34.487552	-117.89885
95573	40.945039	-123.65806
93645	37.146284	-119.67379
95363	37.477477	-121.14555
93067	34.421895	-119.60084
91416	33.786594	-118.298662
95656	38.54723	-120.707891
93673	36.455501	-119.48495
92263	33.761076	-116.535887
93615	36.506019	-119.2866
95345	37.576262	-119.94865
94704	37.868575	-122.25855
95524	40.822884	-124.06711
95012	36.768856	-121.75105
93286	36.431121	-119.10642
95736	39.01004	-120.97814
94515	38.597907	-122.60952
91931	32.852086	-116.55559
95916	39.661519	-121.38193
95017	37.085986	-122.22638
90050	33.786594	-118.298662
95686	38.228976	-121.44032
95387	37.539768	-121.24702
94109	37.792778	-122.42188
93249	35.689717	-119.91961
95919	39.453457	-121.26543
93586	33.786594	-118.298662
95537	40.725444	-124.21697
93232	36.138861	-119.894727
95606	38.857328	-122.21486
93222	34.850984	-119.16626
95562	40.494813	-124.11637
90211	34.066009	-118.38271
93653	37.236305	-119.92498
95542	40.0985	-123.80654
95456	39.268774	-123.75568
92317	34.245607	-117.23
93544	34.493392	-117.77444
95374	37.322619	-120.88299
95676	38.909351	-121.71843
90742	33.718167	-118.07179
92661	33.601822	-117.89966
92268	34.203249	-116.56565
92066	33.209313	-116.54244
93562	35.764433	-117.38202
95248	38.325626	-120.485154
95418	39.213324	-123.277143
96092	39.941595	-122.03746
93449	35.150886	-120.65401
95445	38.813417	-123.55762
95957	39.070323	-121.83065
94924	37.907675	-122.70201
95372	37.991855	-120.25829
95223	38.282255	-120.28875
95439	38.494643	-122.77226
95227	38.205817	-121.05361
92401	34.105079	-117.29075
92318	34.048544	-117.23274
94929	38.246611	-122.95916
95466	39.089273	-123.50186
93424	35.18554	-120.72583
94601	37.776835	-122.21792
95936	39.567001	-120.8384
92536	33.485978	-116.82004
93303	35.294405	-118.905173
91043	33.786594	-118.298662
90055	33.786594	-118.298662
92561	33.632049	-116.55878
95666	38.529753	-120.41411
92309	35.27295	-116.06504
91404	33.786594	-118.298662
91608	34.139397	-118.35034
93518	35.381552	-118.54748
94102	37.779329	-122.41915
93252	35.040362	-119.41514
92522	33.752886	-116.055617
92857	33.640302	-117.769442
96078	40.12517	-122.204141
93666	36.545749	-119.33907
92325	34.242567	-117.28654
95668	38.8323	-121.51661
95226	38.229515	-120.86341
95423	39.037173	-122.65445
95385	37.609781	-121.26784
94586	37.593883	-121.88281
95717	39.177026	-120.8451
95255	38.421689	-120.46947
94508	38.568307	-122.45084
95697	38.751038	-121.832156
95465	38.409993	-122.98347
93531	35.241311	-118.59338
93267	36.141864	-119.09411
95547	40.546202	-124.08412
93013	34.402194	-119.52308
94956	38.081566	-122.81988
95635	38.919588	-120.90406
92244	32.79475	-115.692714
95612	38.383366	-121.57819
94806	37.972623	-122.33873
95977	39.19322	-121.28975
95468	38.898385	-123.65746
91729	34.839964	-115.967051
95943	39.605289	-122.03231
91353	33.786594	-118.298662
95386	37.645632	-120.73812
95019	36.935552	-121.77972
96137	40.290007	-121.05272
95257	38.377741	-120.45741
94709	37.879625	-122.2668
91357	33.786594	-118.298662
93608	36.523482	-120.38428
95365	37.297403	-120.32285
95925	39.466279	-121.20936
95402	38.440061	-122.710598
93664	37.103957	-119.2644
92364	35.46019	-115.49467
93724	36.746375	-119.639658
92347	34.956205	-117.21994
93639	37.160622	-119.945035
95452	38.414061	-122.54668
95043	36.504586	-121.01515
91521	33.786594	-118.298662
90265	34.051056	-118.80768
92655	33.745166	-117.98569
95134	37.412539	-121.94461
92328	35.945641	-117.20296
95659	38.868919	-121.56398
95955	39.283329	-122.20206
94119	37.784827	-122.727802
95246	38.26127	-120.50328
95435	39.00686	-122.859625
94569	38.04337	-122.18994
92282	33.941487	-116.64506
92711	33.640302	-117.769442
95497	38.725628	-123.47625
92059	33.369249	-117.07236
94946	38.050454	-122.67866
91714	33.786594	-118.298662
95589	40.033316	-124.02379
95064	37.000199	-122.06026
93516	35.030694	-117.67264
93239	36.015318	-120.00772
95601	38.426602	-120.8275
94574	38.511241	-122.45695
95553	40.210793	-123.86447
93434	34.958896	-120.58014
91778	33.786594	-118.298662
95625	38.35011	-121.90799
92323	35.187237	-115.39727
95454	39.745588	-123.5223
93432	35.495242	-120.48392
93954	36.126393	-120.91784
94599	38.403011	-122.36228
92815	33.640302	-117.769442
95024	36.85443	-121.411909
96013	40.926289	-121.68452
83826	48.974293	-116.1865
89119	36.088922	-115.13905
89712	39.167833	-119.776409
97207	45.480324	-122.711117
97339	44.49893	-123.445033
97440	43.863845	-122.99879
97425	43.472276	-121.92768
97044	45.643738	-121.536658
97464	42.739889	-124.51056
98507	46.978118	-122.702393
98395	47.266017	-122.832799
98035	47.432251	-121.803388
98114	47.432251	-121.803388
99220	47.653568	-117.431742
98909	46.637538	-120.794978
98046	48.037258	-121.682271
85706	32.128649	-110.92497
86017	34.9372	-111.62931
85325	33.946064	-113.9537
85377	33.276539	-112.18717
86405	35.605301	-113.642712
85373	33.66156	-112.28931
86043	35.777227	-110.50131
85285	33.276539	-112.18717
86313	34.706724	-112.39773
85266	33.276539	-112.18717
85062	33.276539	-112.18717
85087	33.921493	-112.09992
86301	34.589477	-112.44726
86305	34.70062	-112.63753
85336	32.532458	-114.78056
86329	34.518883	-112.25234
85036	33.276539	-112.18717
85362	34.286193	-112.69667
85223	32.749664	-111.68022
85719	32.240625	-110.94791
85912	34.266588	-110.203073
86001	35.279872	-111.72256
86334	34.910591	-112.46252
85022	33.630497	-112.0521
85012	33.505251	-112.0703
86323	34.765452	-112.45931
85359	33.66688	-114.239557
85332	34.177939	-112.9307
86025	34.936261	-110.14698
85363	33.588225	-112.30263
85554	34.093715	-110.96487
85328	33.326956	-114.68562
86002	35.630842	-112.052427
85334	33.631915	-114.49095
86015	35.235694	-111.83
85318	33.276539	-112.18717
85333	32.921712	-113.45703
86034	35.765669	-110.18617
85364	32.704499	-114.64644
85547	34.257457	-111.28775
86443	35.210634	-114.179228
85375	33.683352	-112.36474
85211	33.466313	-111.837345
85631	32.597198	-110.60293
85342	33.939162	-112.49976
85326	33.354418	-112.56941
85312	33.276539	-112.18717
85708	32.196846	-110.89189
85335	33.596823	-112.32364
85086	33.831866	-112.06339
86314	34.621743	-112.32176
85085	33.77776	-112.07945
86045	36.061184	-111.06828
85344	34.100704	-114.30462
86047	35.258309	-110.53128
85715	32.247175	-110.82864
85358	33.276539	-112.18717
86335	34.653475	-111.75103
85365	32.700018	-114.52671
85618	32.70874	-110.63925
85707	32.169577	-110.875093
85053	33.629911	-112.13122
85654	32.417221	-111.17135
85439	32.491745	-114.784135
85717	31.970131	-111.890713
85217	33.393398	-111.478975
86018	35.197566	-111.93253
85324	34.10865	-112.10088
85002	33.276539	-112.18717
86004	35.253002	-111.44851
85939	34.442667	-110.09181
85709	32.200813	-110.897966
85289	33.276539	-112.18717
85718	32.31346	-110.92282
85287	33.428511	-111.934865
86351	34.782453	-111.76764
85740	31.970131	-111.890713
85023	33.638271	-112.09341
85701	32.216743	-110.9696
85703	31.970131	-111.890713
85541	34.243578	-111.28137
85662	31.531998	-110.909305
85628	31.531998	-110.909305
85063	33.276539	-112.18717
86011	35.630842	-112.052427
85395	33.580089	-112.246311
86422	35.109303	-114.574004
85026	33.276539	-112.18717
85748	32.216926	-110.76851
86366	34.704667	-111.989364
85355	33.569705	-112.44792
85032	33.62414	-112.00416
85028	33.585037	-112.00815
85065	33.276539	-112.18717
86046	35.378832	-112.23657
85338	33.430922	-112.38482
86503	36.165779	-109.61956
85024	33.675564	-112.04717
85329	33.431242	-112.29588
85279	32.983653	-111.326045
85544	34.394226	-111.46865
86303	34.515939	-112.45399
85501	33.53457	-110.75681
85005	33.276539	-112.18717
85374	33.643508	-112.38502
85807	33.876452	-112.088337
85331	33.789204	-111.96301
85723	31.970131	-111.890713
86336	34.876638	-111.80666
85337	32.971684	-112.7946
86028	35.237487	-109.52295
85027	33.698731	-112.11429
85367	32.654701	-114.40884
85387	33.276539	-112.18717
85379	33.616888	-112.40158
85349	32.494054	-114.77866
85751	32.161972	-110.714678
85069	33.276539	-112.18717
86023	35.862292	-112.06498
86326	34.723788	-112.01002
85351	33.60642	-112.28316
86321	34.543627	-113.11473
85376	33.276539	-112.18717
85322	33.274422	-112.78934
85702	31.970131	-111.890713
86333	34.339938	-112.13612
85543	32.90375	-109.84995
85313	33.276539	-112.18717
86337	35.334394	-113.05774
85267	33.276539	-112.18717
86342	34.641736	-111.787154
85275	33.276539	-112.18717
85931	34.393887	-110.83591
85385	33.276539	-112.18717
86327	34.533237	-112.20644
85361	33.739904	-112.59778
85354	33.452432	-113.01652
86324	34.767841	-112.06438
85001	33.703967	-112.351835
85348	33.730443	-113.62376
85068	33.276539	-112.18717
86032	35.101925	-110.42509
85378	33.276539	-112.18717
85754	31.970131	-111.890713
86322	34.556478	-111.84375
86332	34.426513	-112.6261
85099	33.276539	-112.18717
85714	32.170277	-110.95525
85539	33.383937	-110.90026
85327	33.276539	-112.18717
86339	34.907188	-111.728572
85309	33.533985	-112.37688
86331	34.74428	-112.14586
85346	33.654343	-114.23325
85749	32.299275	-110.74419
85712	32.249551	-110.8878
86338	34.557983	-112.70556
86325	34.718836	-111.90168
86024	34.690846	-111.16676
85222	32.878138	-111.73499
85014	33.511325	-112.05711
85003	33.451143	-112.07838
92662	33.606271	-117.89243
80534	40.335398	-104.91477
87592	35.521181	-105.981847
87158	35.044339	-106.672872
87181	35.044339	-106.672872
88045	32.350444	-108.73956
87594	35.521181	-105.981847
87187	35.044339	-106.672872
87014	35.166618	-107.5052
87052	35.509184	-106.35022
88034	32.693536	-107.906536
88051	33.091874	-108.94007
87176	35.044339	-106.672872
87154	35.044339	-106.672872
88346	33.342426	-105.56694
88342	32.405061	-106.079686
87193	35.044339	-106.672872
87518	36.522263	-106.54918
87199	35.044339	-106.672872
87072	35.612925	-106.34845
88539	31.694842	-106.299987
88574	31.694842	-106.299987
84089	40.963547	-112.115984
84711	38.707639	-112.05826
84016	40.892995	-111.888121
84712	38.070706	-111.97354
84715	38.338787	-111.54921
84158	40.768996	-111.762115
84131	40.668068	-111.908297
84772	37.800295	-112.93517
84331	41.909031	-112.32322
84621	39.050838	-111.84775
84409	41.255285	-111.956721
84034	40.105506	-113.94372
84171	40.668068	-111.908297
84632	39.633383	-111.62844
84752	38.217377	-112.93204
84039	40.401201	-109.81677
84113	40.763322	-111.83364
84152	40.728579	-111.66273
84747	38.41744	-111.67612
84304	41.832776	-111.99738
84125	40.668068	-111.908297
84135	40.668068	-111.908297
84758	37.26947	-112.64419
84008	40.443106	-109.505593
84091	40.668068	-111.908297
84114	40.668068	-111.908297
84633	39.949142	-111.89623
84402	41.255285	-111.956721
84127	40.668068	-111.908297
84090	40.668068	-111.908297
84762	37.48474	-112.71064
84301	41.615276	-112.12561
84130	40.668068	-111.908297
84201	41.244261	-112.007924
84022	40.212316	-112.70012
84336	41.792609	-112.91032
84521	39.367253	-110.78956
84305	41.938629	-112.0433
84086	41.376622	-111.22578
84082	40.371817	-111.41809
84512	37.158935	-109.52773
84007	40.349644	-110.19776
84626	39.92519	-111.99559
84511	37.562925	-109.46245
84170	40.668068	-111.908297
84716	37.94512	-111.09991
84739	38.620071	-112.23422
84766	38.568765	-112.35173
84605	40.176975	-111.536036
84415	41.255285	-111.956721
84052	40.065834	-110.14823
62224	38.439983	-89.983521
60691	41.811929	-87.68732
62222	38.439983	-89.983521
60694	41.811929	-87.68732
62648	37.803216	-89.058643
60128	41.839679	-88.088716
60121	42.04133	-88.3126
56002	44.056047	-94.069828
56619	47.625699	-94.822154
55587	45.200875	-93.888099
58748	48.687522	-100.6606
38125	35.035466	-89.80329
78710	30.351953	-97.715123
78111	28.944864	-97.882815
78066	29.466279	-98.89162
78275	29.437532	-98.461582
78107	28.53232	-97.5888
78289	29.437532	-98.461582
78268	29.437532	-98.461582
78269	29.437532	-98.461582
78241	29.437532	-98.461582
78246	29.437532	-98.461582
53575	42.929208	-89.38478
6387	41.744527	-71.913339
6454	41.365709	-72.927507
6022	41.832842	-72.92526
6702	41.555846	-73.0431
6091	42.002748	-72.98906
6065	41.961127	-73.01859
6079	42.032012	-73.403763
6156	41.767949	-72.690687
6383	41.601648	-72.04037
6089	41.839731	-72.81974
6251	41.799326	-72.306526
6243	41.844885	-71.818941
6601	41.308873	-73.363661
6282	41.943199	-72.0728
6439	41.421198	-72.414095
6701	41.365709	-72.927507
6501	41.365709	-72.927507
6233	41.831565	-72.020137
6860	41.308873	-73.363661
6083	41.791776	-72.718832
6755	41.655998	-73.47692
6749	41.365709	-72.927507
6481	41.536643	-72.69782
6855	41.100496	-73.39918
6467	41.565697	-72.903746
6404	41.165097	-73.129186
6028	41.859248	-72.603033
6408	41.365709	-72.927507
6006	41.879637	-72.734271
6072	41.976466	-72.490593
6444	41.791776	-72.718832
6723	41.365709	-72.927507
6081	41.907114	-72.76831
6061	41.874382	-72.967958
6021	42.027797	-73.11835
6267	41.943902	-71.945253
6075	41.81152	-72.308779
6077	41.991645	-72.257735
6094	41.896321	-73.146312
6266	41.670349	-72.16028
6474	41.464758	-72.127301
6781	41.669898	-72.99145
6389	41.559648	-72.122672
6027	42.002345	-72.90922
6244	41.984327	-71.981045
6497	41.207146	-73.130503
6373	41.678897	-71.79952
6103	41.767049	-72.67433
6129	41.791776	-72.718832
6506	41.365709	-72.927507
6262	42.022904	-71.94671
6101	41.78007	-72.677099
6492	41.457711	-72.81704
20534	38.894075	-77.01254
20373	38.893311	-77.014647
20004	38.895268	-77.0276
20405	38.893311	-77.014647
20319	38.866924	-77.01424
20013	38.893311	-77.014647
20408	38.893311	-77.014647
20201	38.893311	-77.014647
20374	38.855522	-77.002197
20059	38.893311	-77.014647
20064	38.933161	-76.996348
19850	39.564499	-75.597047
19903	39.10868	-75.448023
19708	39.577567	-75.690069
19880	39.564499	-75.597047
33655	27.871964	-82.438841
32813	28.567928	-81.325842
32314	30.479347	-84.346204
32316	30.479347	-84.346204
33840	28.084383	-81.5415
33172	25.786634	-80.36151
33758	27.891809	-82.724763
32315	30.479347	-84.346204
33110	25.846874	-80.20827
1373	42.472734	-72.62452
1719	42.486259	-71.51244
2763	41.967949	-71.31024
1867	42.52585	-71.10993
1438	42.563367	-72.03498
1040	42.201891	-72.6242
1534	42.140741	-71.64376
2379	42.02195	-71.01878
1581	42.269845	-71.61408
2059	41.970474	-70.701357
2481	42.313329	-71.27649
1475	42.675441	-72.0467
2341	42.059434	-70.86205
1009	42.206092	-72.340486
1903	42.635443	-70.879123
1012	42.390836	-72.84356
1510	42.418836	-71.68482
2066	42.205038	-70.7513
1379	42.547274	-72.41724
1080	42.180563	-72.36518
1742	42.457201	-71.37478
2668	41.70631	-70.37048
2053	42.151526	-71.42315
1542	42.194793	-71.90651
1066	42.406697	-72.633901
1966	42.659936	-70.61727
1876	42.601684	-71.22071
1506	42.200374	-72.09787
2136	42.252198	-71.12593
1949	42.602278	-71.01356
1834	42.750691	-71.02487
1460	42.540052	-71.49085
1032	42.45792	-72.81551
2026	42.244609	-71.16553
1851	42.630915	-71.33238
2743	41.697015	-70.91019
1096	42.415236	-72.78271
1562	42.247212	-71.99227
2474	42.419496	-71.15635
1347	42.556558	-72.518104
1262	42.283216	-73.31423
2462	42.331646	-71.25761
2575	41.378807	-70.66376
1001	42.07061	-72.62029
2360	41.894676	-70.61999
1862	42.573592	-71.2911
1464	42.559289	-71.64555
2635	41.625037	-70.44317
2630	41.700327	-70.29568
2210	42.347974	-71.04463
1519	42.201674	-71.68771
1229	42.279292	-73.343545
1832	42.781357	-71.11023
2558	41.746424	-70.65956
2047	42.142836	-70.69353
2382	42.08235	-70.93734
2367	41.968987	-70.80452
2144	42.399546	-71.12165
1062	42.324232	-72.67915
2702	41.792192	-71.06446
1075	42.234891	-72.58243
1835	42.757767	-71.08518
1523	42.473131	-71.67946
1921	42.677869	-71.00844
2660	41.712338	-70.16165
2180	42.480145	-71.09835
2093	42.0597	-71.34617
1105	42.096644	-72.5798
2324	41.979501	-70.97215
1366	42.474718	-72.21226
1605	42.286543	-71.78846
2334	42.023528	-71.132397
2631	41.746647	-70.07773
2143	42.381929	-71.09908
1508	42.109748	-72.079455
1527	42.196144	-71.76272
1853	42.446396	-71.459405
2117	42.338947	-70.919635
1258	42.103122	-73.45734
1077	42.05283	-72.76966
2454	42.356719	-71.250479
2562	41.793263	-70.519584
2128	42.378297	-71.0255
2482	42.300096	-71.30336
1775	42.423882	-71.51086
1254	42.374711	-73.36336
1095	42.12531	-72.44057
2655	41.632935	-70.38693
2539	41.380479	-70.52453
2535	41.345578	-70.75145
1053	42.353105	-72.70206
2142	42.362297	-71.08412
2571	41.751554	-70.71059
2370	42.129513	-70.91189
1886	42.592086	-71.43754
1266	42.328535	-73.36407
1088	42.388831	-72.6321
2112	42.338947	-70.919635
2356	42.058507	-71.11309
1257	42.102694	-73.36591
2035	42.061427	-71.24232
2723	41.691369	-71.13234
2767	41.934586	-71.04905
1344	42.607051	-72.41396
1083	42.20468	-72.20259
1104	42.130343	-72.57338
1985	42.790736	-70.97286
2081	42.145237	-71.25375
2724	41.684152	-71.17436
1701	42.318695	-71.42344
2652	42.02889	-70.07938
1583	42.359842	-71.787
1201	42.45384	-73.254
1038	42.375155	-72.60832
1702	42.283995	-71.42161
1301	42.605524	-72.60098
1002	42.377651	-72.50323
1504	42.028147	-71.52999
2663	41.800531	-70.076776
2637	41.701438	-70.277212
2132	42.279432	-71.1598
2025	42.241908	-70.81223
2748	41.59156	-70.9494
2149	42.409916	-71.0522
1945	42.497146	-70.86323
1730	42.496679	-71.27504
2446	42.344747	-71.12141
1368	42.671012	-72.16999
1520	42.338962	-71.84434
2343	42.148351	-71.01037
2703	41.928099	-71.31456
2760	41.975495	-71.33086
2541	41.799312	-70.308662
2445	42.324397	-71.13933
2115	42.34308	-71.09268
2537	41.733837	-70.43754
1518	42.12515	-72.12393
2021	42.166776	-71.1343
1033	42.254563	-72.51831
1842	42.635443	-70.879123
1561	42.443539	-71.686137
1030	42.070774	-72.67248
1339	42.626858	-72.87939
1752	42.350909	-71.54753
1420	42.578689	-71.80338
1227	42.516145	-73.092852
2118	42.338724	-71.07276
2719	41.634152	-70.8814
1516	42.061437	-71.72887
1550	42.070827	-72.03533
2564	41.273949	-70.015545
2790	41.602517	-71.08904
1430	42.658768	-71.93287
2331	41.970474	-70.701357
1452	42.477515	-71.99654
2148	42.428549	-71.06059
1904	42.490421	-70.96579
2110	42.356532	-71.05365
1850	42.655791	-71.30504
2667	41.922412	-70.01484
2464	42.311997	-71.22046
2779	41.825252	-71.07799
1545	42.286643	-71.72502
1098	42.399054	-72.93871
1745	42.295544	-71.50468
1235	42.433661	-73.09278
1441	42.364807	-71.896868
2720	41.716952	-71.13986
1568	42.17382	-71.60971
2461	42.31883	-71.20822
1106	42.050395	-72.5712
1529	42.036396	-71.57798
2199	42.34713	-71.08234
2451	42.393029	-71.24771
2532	41.751841	-70.59764
1747	42.125536	-71.53662
1887	42.558576	-71.17031
2536	41.578992	-70.5614
1340	42.673371	-72.73104
1360	42.682285	-72.45649
2339	42.12867	-70.85913
2114	42.361792	-71.06774
1603	42.240526	-71.83776
2040	41.970474	-70.701357
2478	42.391546	-71.17471
1952	42.85048	-70.86153
2715	41.811514	-71.13633
1521	42.054676	-72.16137
2492	42.278247	-71.23388
1940	42.527895	-71.02834
2116	42.349622	-71.07372
1938	42.682965	-70.84007
2540	41.56105	-70.61968
2452	42.392496	-71.22153
1969	42.716708	-70.90899
1611	42.238449	-71.87139
2134	42.355147	-71.13164
2141	42.370519	-71.08443
1226	42.476575	-73.11547
1013	42.161492	-72.60316
1238	42.299263	-73.2327
1770	42.231025	-71.37202
2466	42.345833	-71.24735
1864	42.583436	-71.0982
1436	42.608903	-72.08021
1915	42.560995	-70.8757
2038	42.089104	-71.4069
1536	42.231444	-71.70523
1929	42.631753	-70.77925
1531	42.317121	-72.12248
2020	42.081825	-70.643868
1338	42.569498	-72.802
2639	41.661115	-70.13348
1801	42.484545	-71.15206
2361	41.970474	-70.701357
2634	41.799312	-70.308662
1031	42.33071	-72.18833
2150	42.396382	-71.03352
2666	41.992804	-70.05427
1757	42.149176	-71.52149
1243	42.356088	-73.010448
1370	42.603447	-72.72754
2355	41.916918	-70.801331
2169	42.250739	-70.99593
2125	42.316852	-71.05811
1721	42.257956	-71.45886
1071	42.165931	-72.85153
1748	42.220447	-71.53418
2746	41.659336	-70.93347
1560	42.177462	-71.69382
1103	42.103294	-72.59112
2420	42.452895	-71.21619
1803	42.506362	-71.20008
1532	42.321917	-71.64692
1451	42.505928	-71.5888
2643	41.784308	-69.962034
1111	42.170731	-72.604842
1039	42.381475	-72.69259
1355	42.485899	-72.33345
1074	42.375998	-72.149388
1072	42.486027	-72.42208
1756	42.092006	-71.54474
1590	42.131028	-71.75121
2717	41.765934	-70.95332
1602	42.272359	-71.84482
1906	42.462796	-71.0098
2127	42.33499	-71.04562
2333	42.029083	-70.95227
2574	41.603946	-70.638189
1538	42.364807	-71.896868
1776	42.38532	-71.42989
2163	42.367946	-71.12056
2780	41.904888	-71.10288
2120	42.332099	-71.09651
1346	42.669255	-72.80494
2186	42.253074	-71.07496
2673	41.656883	-70.23726
1022	42.196666	-72.55606
1983	42.642471	-70.94424
1908	42.427096	-70.92809
2043	42.225708	-70.88764
2065	42.097219	-70.651567
1463	42.665686	-71.5929
2559	41.694132	-70.61706
1069	42.176401	-72.32646
1569	42.064978	-71.62992
2644	41.683462	-70.51211
1259	42.0645	-73.24674
2766	41.969185	-71.1854
1608	42.261343	-71.80173
2764	41.851557	-71.15125
2557	41.417376	-70.560032
1905	42.464879	-70.97411
1035	42.35549	-72.5733
2135	42.348418	-71.15349
2538	41.782915	-70.64881
1054	42.479839	-72.49879
1982	42.616643	-70.86513
1588	42.114195	-71.67225
2332	42.031371	-70.70105
2534	41.66566	-70.616
1913	42.854423	-70.93547
2641	41.734713	-70.20467
1827	42.671356	-71.50292
2777	41.741551	-71.21433
1264	42.224905	-73.20394
1223	42.314449	-73.09335
1050	42.290209	-72.87942
2725	41.721652	-71.17482
1830	42.78519	-71.07011
1749	42.389813	-71.55791
1833	42.729437	-70.98291
2601	41.654741	-70.2895
2347	41.835094	-70.95973
1543	42.380877	-71.96427
1540	42.117527	-71.8657
1440	42.575355	-71.99183
1718	42.519739	-71.42721
1477	42.364807	-71.896868
1003	42.369562	-72.63599
1222	42.057496	-73.32177
1610	42.248493	-71.80793
1505	42.338392	-71.73026
1230	42.189715	-73.35249
1026	42.465041	-72.91813
2054	42.166398	-71.36178
1375	42.449978	-72.56302
1057	42.089269	-72.317
1354	42.522178	-72.624164
1270	42.443726	-73.116127
2646	41.669219	-70.07419
1462	42.582839	-71.72051
2359	42.065554	-70.80426
1515	42.212777	-72.05311
1970	42.516845	-70.8985
2468	42.325247	-71.2319
1467	42.488666	-71.62412
1922	42.76087	-70.92648
2124	42.28713	-71.07156
1242	42.336557	-73.24599
1901	42.461246	-70.946743
2721	41.685452	-71.15425
2650	41.702265	-69.96958
1450	42.609887	-71.55722
1084	42.379807	-72.89043
1936	42.635443	-70.879123
2726	41.754828	-71.14894
1128	42.095344	-72.48857
1570	42.047728	-71.86108
1571	42.049864	-71.9173
1376	42.609425	-72.54438
2453	42.370446	-71.23563
1537	42.170846	-71.88989
1890	42.451945	-71.14276
2647	41.63275	-70.30435
1604	42.255393	-71.77459
2653	41.777647	-69.97312
1923	42.569756	-70.94322
1220	42.619727	-73.11842
1522	42.369658	-71.87418
1151	42.153926	-72.50531
2302	42.08715	-71.00222
1826	42.677772	-71.316
1225	42.551731	-73.1653
1224	42.3929	-73.228483
1330	42.521131	-72.81116
1821	42.54805	-71.25054
2188	42.212866	-70.95872
1609	42.271743	-71.81348
2145	42.390846	-71.09225
1367	42.694883	-72.90962
1081	42.058024	-72.22517
1844	42.73004	-71.17935
1754	42.430781	-71.45594
2048	42.019982	-71.2191
1107	42.120193	-72.6061
1079	42.192892	-72.329574
2657	42.053355	-70.18947
2645	41.707332	-70.05679
2056	42.111836	-71.32855
2191	42.242749	-70.94434
2493	42.358663	-71.28831
2346	41.889582	-70.89406
2740	41.634754	-70.93752
2184	42.209555	-70.99968
1005	42.412094	-72.10443
2494	42.29813	-71.23154
2718	41.876249	-71.01827
1525	42.364807	-71.896868
1351	42.534976	-72.52522
1331	42.579931	-72.20836
2151	42.416247	-71.00525
1843	42.691091	-71.16078
1863	42.634199	-71.39322
1907	42.474409	-70.90588
2330	41.873697	-70.7656
2648	41.667689	-70.4168
1606	42.311342	-71.79531
1236	42.266874	-73.36236
2052	42.185571	-71.30476
2119	42.324511	-71.08455
2032	42.153912	-71.21362
1108	42.084094	-72.55523
1199	42.119943	-72.604983
1612	42.307591	-71.91929
1342	42.542322	-72.6091
2072	42.125432	-71.10627
1094	42.358201	-72.140846
1852	42.634112	-71.29849
2659	41.678628	-70.02495
1343	42.642666	-72.986231
1474	42.669408	-71.74578
2325	41.98725	-70.972786
1089	42.112793	-72.64066
2050	42.109763	-70.69172
2108	42.357903	-71.06408
2131	42.284678	-71.13052
1741	42.5286	-71.35084
1341	42.508313	-72.70403
2351	42.119534	-70.94787
2067	42.113749	-71.17923
1526	42.364807	-71.896868
2152	42.373047	-70.97803
2747	41.637916	-70.99076
2140	42.393327	-71.12837
2215	42.346997	-71.10215
1063	42.317939	-72.640234
1109	42.116277	-72.55031
1880	42.501345	-71.07132
1097	42.161743	-72.845912
2109	42.361477	-71.05417
1378	42.667152	-72.32729
2133	42.338947	-70.919635
1564	42.436875	-71.77333
2129	42.378619	-71.06495
2421	42.439295	-71.23553
1337	42.678023	-72.55569
1950	42.809891	-70.86363
2762	42.011848	-71.32392
2460	42.352996	-71.20907
1070	42.515853	-72.91661
2303	41.970474	-70.701357
1008	42.174313	-72.94828
1034	42.086224	-72.94464
2122	42.296298	-71.05454
2459	42.321197	-71.193
1237	42.557346	-73.24364
2138	42.379146	-71.12803
1720	42.477142	-71.4422
1772	42.297643	-71.53369
2476	42.416745	-71.17761
2045	42.286347	-70.87663
1854	42.649758	-71.33348
1951	42.780141	-70.86866
1029	42.175896	-73.04204
1944	42.580033	-70.76462
1773	42.425537	-71.30316
2338	41.999851	-70.85395
1202	42.3929	-73.228483
2187	42.180048	-71.08923
2642	41.844087	-69.98921
2345	41.888198	-70.581029
2791	41.519104	-71.085137
2269	42.180048	-71.08923
1507	42.135142	-71.96961
2745	41.692806	-70.93264
1028	42.066795	-72.5102
1073	42.223885	-72.72777
1092	42.210777	-72.23904
2744	41.610754	-70.91453
1060	42.324539	-72.63561
1085	42.133642	-72.75029
2366	41.854063	-70.66088
1585	42.242965	-72.16734
2722	41.756214	-71.067062
2556	41.6403	-70.63036
1760	42.290763	-71.35368
2714	41.756214	-71.067062
2062	42.185974	-71.20166
2664	41.670981	-70.19797
1840	42.706941	-71.16181
2739	41.654776	-70.80087
1380	42.594455	-72.36314
1965	42.558113	-70.825743
1524	42.238942	-71.91908
2771	41.84345	-71.32343
2171	42.284498	-71.02316
1086	42.173428	-72.847964
2170	42.267049	-71.01834
2670	41.659749	-70.17089
2189	42.2112	-70.93111
2364	41.993102	-70.73827
1036	42.064703	-72.41735
2783	41.756214	-71.067062
2130	42.309998	-71.11171
2638	41.736684	-70.19183
1252	42.198648	-73.446234
1027	42.27279	-72.68677
2362	41.970474	-70.701357
2381	41.931602	-70.561051
1118	42.093144	-72.5291
1740	42.437086	-71.61266
1247	42.696064	-73.10145
2713	41.429673	-70.8954
1432	42.549821	-71.59136
1607	42.229543	-71.79501
1011	42.271442	-73.01958
2357	42.064499	-71.087091
1244	42.139104	-73.20312
2661	41.675799	-70.0396
1007	42.278424	-72.411
2672	41.636077	-70.31962
1453	42.526523	-71.75358
1349	42.5737	-72.50525
1984	42.600518	-70.87618
2061	42.15243	-70.8205
1037	42.374202	-72.19524
1831	42.771095	-71.122054
1778	42.345583	-71.35643
1004	42.384494	-72.513183
1746	42.196065	-71.43797
2563	41.735645	-70.48866
2375	42.029749	-71.10191
1056	42.174893	-72.47068
2669	41.673635	-69.99494
1473	42.544622	-71.9021
2633	41.686534	-69.97746
2458	42.354727	-71.18809
1468	42.557796	-72.06824
2576	41.776042	-70.75783
2368	42.173417	-71.04912
2155	42.419846	-71.10942
1879	42.671589	-71.41694
2465	42.351046	-71.22677
2322	42.121932	-71.04522
2139	42.364347	-71.10431
1082	42.270611	-72.26067
1245	42.180659	-73.20849
2651	41.824264	-69.98176
1824	42.595491	-71.3544
1102	42.170731	-72.604842
2770	41.760783	-70.83848
1267	42.689962	-73.22355
1119	42.128442	-72.50932
1240	42.36237	-73.27683
1810	42.646942	-71.1513
1535	42.267274	-72.07823
2176	42.459045	-71.06233
2472	42.371296	-71.18196
1253	42.198403	-73.10205
1501	42.20361	-71.83843
1885	42.635443	-70.879123
2553	41.67336	-70.608047
2190	42.1711	-70.94597
1930	42.624015	-70.67552
2769	41.835067	-71.26115
1302	42.522178	-72.624164
1255	42.088973	-73.12444
2121	42.307448	-71.08127
1256	42.592506	-73.01123
2554	41.276758	-70.09089
2649	41.613743	-70.48754
1503	42.380562	-71.62665
2568	41.451263	-70.60872
1841	42.71159	-71.16667
2671	41.665589	-70.11152
1129	42.121031	-72.4896
1093	42.442673	-72.652511
2565	41.799312	-70.308662
1541	42.451569	-71.882
2019	42.075122	-71.47953
1845	42.683841	-71.11171
1469	42.658738	-71.69204
2738	41.706599	-70.75086
2467	42.321997	-71.17314
2543	41.526791	-70.66505
2041	42.069642	-70.649075
2662	41.756694	-69.984123
1731	42.459085	-71.27556
2301	42.0794	-71.03441
2123	42.338947	-70.919635
1101	42.170731	-72.604842
2126	42.272098	-71.09426
1960	42.534045	-70.96146
2030	42.23888	-71.28241
2090	42.212949	-71.20735
2632	41.658718	-70.34658
1566	42.104581	-72.08584
1902	42.469946	-70.94113
2561	41.770254	-70.533664
1364	42.599614	-72.29263
2071	42.101406	-71.27239
1010	42.126038	-72.20552
2201	42.338947	-70.919635
1068	42.349769	-72.04413
1061	42.369562	-72.63599
1431	42.672005	-71.8137
20912	38.98236	-77.00044
4690	44.641873	-68.391481
4903	44.549225	-69.713178
3268	43.388571	-71.74199
3231	43.466172	-71.736518
3588	44.608332	-71.24335
3103	42.967684	-71.44828
3856	43.03833	-70.95076
3768	43.823864	-72.13297
3887	43.448064	-71.02823
3084	42.81949	-71.85063
3752	43.304058	-72.13525
3246	43.557153	-71.43842
3781	43.53357	-72.30353
3755	43.719756	-72.2507
3765	44.037125	-72.05658
3801	43.070188	-70.77684
3275	43.152469	-71.43654
3866	43.41176	-71.027303
3431	42.946418	-72.28616
3289	43.496372	-71.519728
3882	43.721239	-71.00006
3446	42.870578	-72.29978
3243	43.521669	-71.73815
3854	43.068338	-70.72353
3844	42.923946	-70.88666
3872	43.564008	-71.03405
3608	43.075411	-72.41902
3826	42.890357	-71.12296
3457	43.025227	-72.14365
3852	43.500126	-70.96931000000001
3047	42.935709	-71.86645
3832	43.907045	-71.04716
3602	43.142384	-72.32575
3875	43.868287	-71.18267
3827	42.91574	-70.98459
3779	43.976427	-72.04409
3842	42.93569	-70.82514
3257	43.418863	-72.00004
3224	43.346137	-71.54434
3071	42.753726	-71.86706
3235	43.444456	-71.66034
3032	43.000345	-71.35141
3825	43.208136	-71.04356
3883	43.828696	-71.32104
3766	43.642945	-72.24403
3263	43.30368	-71.3215
3237	43.42975	-71.37517
3897	43.908738	-71.34507
3052	42.85059	-71.45379
3751	43.437503	-72.07185
3303	43.283796	-71.63832
3885	43.015756	-70.90192
3884	43.257919	-71.17701
3448	43.055293	-72.26149
3244	43.119417	-71.92108
3465	42.822155	-72.17618
3802	43.005895	-71.013202
3848	42.923643	-71.06236
3784	43.649781	-72.30594
3853	43.642398	-71.28614
3216	43.444702	-71.78401
3293	43.967542	-71.840883
3109	42.972584	-71.41349
3874	42.88439	-70.85466
3818	43.966958	-71.15892
3223	43.887682	-71.65161
3045	43.037495	-71.57023
3458	42.884919	-71.95133
3282	43.874357	-71.91765
3229	43.204192	-71.70711
3302	43.310279	-71.662928
3269	43.523175	-71.5876
3867	43.304163	-70.99816
3576	44.893888	-71.44766
3222	43.615799	-71.75006
3837	43.435913	-71.32971
3104	43.006033	-71.44716
3878	43.253783	-70.87549
3585	44.225864	-71.87371
3871	42.980639	-70.771896
3064	42.774171	-71.47306
3305	43.2134	-71.517151
3813	44.041089	-71.0627
3816	43.685171	-71.28404
3259	43.880005	-71.39475
3753	43.516383	-72.12954
3603	43.249468	-72.39026
3086	42.830184	-71.78177
3869	43.221234	-70.83207
3858	42.871322	-71.04807
3847	43.883871	-71.257726
3049	42.739909	-71.58044
3102	42.990684	-71.4868
3894	43.596233	-71.19552
3814	43.767878	-71.12926
3253	43.644559	-71.50488
3307	43.31773	-71.4534
3607	43.195329	-72.26894
3276	43.446729	-71.5785
3215	43.951304	-71.50336
3604	42.947098	-72.243029
3449	42.975105	-71.98913
3034	43.048372	-71.3078
3036	42.967823	-71.23453
3855	43.443682	-71.14628
3255	43.32582	-72.02654
3217	43.705061	-71.62778
3441	42.791069	-72.4352
3057	42.899434	-71.68057
212	43.005895	-71.013202
3279	43.938224	-71.88853
3061	42.952124	-71.653939
3462	42.913966	-72.41522
3048	42.747024	-71.77591
211	43.005895	-71.013202
3843	43.005895	-71.013202
3278	43.283838	-71.82537
3838	44.116958	-71.20354
3301	43.213705	-71.53774
3467	42.971069	-72.42512
3038	42.886486	-71.30019
3101	42.989984	-71.46376
3451	42.797633	-72.49518
3221	43.256053	-71.95405
3087	42.805194	-71.29878
3455	42.932177	-72.16219
3435	42.947098	-72.243029
3579	44.789296	-71.15394
3774	44.08541	-71.9943
3598	44.378771	-71.62248
3233	43.423484	-71.93648
3864	43.672636	-71.10266
3266	43.806365	-71.87952
3461	42.749835	-72.01034
3824	43.128085	-70.96035
215	43.005895	-71.013202
3609	43.142254	-72.4483
3741	43.659172	-72.01333
3254	43.712184	-71.39299
3561	44.313606	-71.79751
3226	43.721094	-71.49652
3287	43.430018	-71.90457
3835	43.395688	-71.06217
3264	43.753837	-71.64503
3841	42.880837	-71.18252
3754	43.365618	-72.125562
3031	42.854886	-71.6082
3817	43.878112	-71.22069
3051	42.759821	-71.42079
3746	43.364504	-72.193966
3743	43.374562	-72.34152
3815	43.256254	-71.10317
3033	42.742587	-71.66605
3261	43.216633	-71.2079
3785	44.133215	-71.96306
3443	42.871815	-72.47163
3225	43.354005	-71.22819
3041	43.005895	-71.013202
3218	43.338347	-71.29305
3811	42.836245	-71.16246
3812	44.081906	-71.29729
3055	42.831686	-71.66743
3464	43.078658	-72.0959
3284	43.501755	-72.01296
3281	43.080986	-71.72329
3456	43.125523	-72.21382
3249	43.555878	-71.398521
3836	43.814201	-71.0803
3076	42.734182	-71.32359
3256	43.60768	-71.64372
3749	43.579573	-72.08541
3273	43.317257	-71.92709
3605	43.231807	-72.17556
3583	44.376866	-71.46436
3745	43.476337	-72.33337
3574	44.28177	-71.69225
3592	45.085547	-71.30724
3581	44.386557	-71.16273
3896	43.589157	-71.218894
3804	43.005895	-71.013202
3043	42.976901	-71.81007
3077	43.031491	-71.19598
3079	42.792456	-71.21316
3748	43.614847	-72.12058
3234	43.228594	-71.3611
3062	42.724822	-71.49238
3782	43.381133	-72.09028
3452	42.827096	-72.03418
3082	42.902259	-71.78452
3846	44.166268	-71.18089
3845	44.086488	-71.13865
3819	42.927682	-71.12034
3053	42.880481	-71.38205
3468	42.890804	-71.933396
3447	42.754744	-72.14838
3805	43.285282	-70.930684
3756	43.967542	-71.840883
213	43.005895	-71.013202
3445	43.009728	-72.19383
3862	42.97778	-70.83055
214	43.005895	-71.013202
3042	43.045076	-71.07095
3773	43.358339	-72.18321
3442	43.005429	-71.91635
3857	43.072738	-70.94336
3777	43.908925	-72.07831
3769	43.786267	-72.120468
3833	42.973783	-70.97665
3304	43.144614	-71.53576
3262	44.0285	-71.68701
3809	43.478364	-71.22377
3106	43.058785	-71.44412
3868	43.340581	-70.96311
3242	43.173469	-71.81722
3245	43.737831	-71.604406
3466	42.899338	-72.51629
3595	44.271516	-71.51746
3851	43.422942	-71.011369
3886	43.857079	-71.25988
3865	42.837189	-71.09445
3601	43.242719	-72.30269
3873	42.929588	-71.18444
3582	44.610605	-71.48147
3227	43.802936	-71.45126
3849	43.930805	-71.14311
3063	42.770738	-71.51047
3241	43.713794	-71.80642
3444	42.899874	-72.06334
3046	43.102146	-71.602132
3584	44.483756	-71.54999
3258	43.255881	-71.397599
3037	43.141746	-71.2488
3044	42.986119	-71.12524
3054	42.858053	-71.51216
3839	43.267581	-70.98552
3771	44.281722	-72.02789
3251	44.051981	-71.6606
8241	39.527903	-74.4917
7306	40.733751	-74.06582
8808	40.737213	-75.046926
7652	40.947107	-74.07047
7303	40.73276	-74.075485
8562	40.062215	-74.58893
7661	40.927579	-74.03739
8739	40.000759	-74.24928
7865	40.783175	-74.90934
8608	40.219158	-74.76481
7838	40.886474	-74.90089
8541	40.280531	-74.712018
7621	40.923748	-73.99879
8899	40.520254	-74.420545
8064	39.961921	-74.63687
7511	41.011428	-74.304793
8203	39.401801	-74.38017
7642	41.007389	-74.04247
7077	40.553971	-74.25938
8097	39.816063	-75.15321
8214	39.056521	-74.816619
7074	40.841668	-74.059
7607	40.90503	-74.06279
8349	39.25682	-75.06683
7922	40.675112	-74.43459
8555	40.22142	-74.47378
8022	40.079952	-74.70684
8742	40.081165	-74.06003
7624	40.971956	-73.96166
8561	40.242009	-74.58006
8542	40.354424	-74.65943
8302	39.445164	-75.24215
7739	40.33517	-74.04059
8055	39.865272	-74.8185
7724	40.301979	-74.06889
7104	40.767702	-74.16831
7806	40.867331	-74.578269
7649	40.953126	-74.03379
8361	39.464582	-74.96994
7716	40.407958	-74.03483
8219	39.056521	-74.816619
7458	41.054568	-74.09616
8012	39.784614	-75.05678
7017	40.770933	-74.20589
8518	40.11791	-74.8047
7845	40.867331	-74.578269
7746	40.316876	-74.26112
8079	39.549912	-75.43943
7718	40.415902	-74.08689
8731	39.848035	-74.21297
7052	40.78865	-74.25541
8848	40.587606	-75.10402
7005	40.912798	-74.41516
7064	40.569504	-74.24774
8103	39.936179	-75.11513
8316	39.274714	-74.97546
7087	40.767751	-74.0302
7853	40.788599	-74.78295
8868	40.565493	-74.938931
8832	40.517855	-74.30325
8322	39.618222	-75.0618
7831	40.739382	-74.944756
8556	40.419965	-74.988619
7871	41.035384	-74.63557
8248	39.197394	-74.65699
8205	39.471263	-74.502457
8073	40.010461	-74.86762
7019	40.79185	-74.245241
7421	41.173445	-74.37404
8346	39.562719	-74.85853
8213	39.509208	-74.608557
8888	40.619412	-74.740597
8039	39.685445	-75.2669
7446	41.058819	-74.14238
7457	40.990032	-74.31023
7432	40.99312	-74.14286
8801	40.624538	-74.89118
7424	40.886628	-74.21405
7202	40.652302	-74.21692
7855	41.12831	-74.678956
7023	40.641852	-74.38533
7921	40.652301	-74.653
8527	40.11597	-74.32251
7068	40.821799	-74.30477
7878	40.872866	-74.47843
8059	39.884263	-75.0923
8884	40.39159	-74.39329
7066	40.620336	-74.30934
8345	39.28341	-75.15464
7522	40.925778	-74.17784
8559	40.435878	-74.96511
7305	40.701302	-74.08843
8033	39.895213	-75.04019
8251	39.022256	-74.93616
8221	39.348616	-74.57387
8048	39.967013	-74.80666
8052	39.952212	-74.99464
7304	40.716452	-74.07253
8846	40.574552	-74.50187
8882	40.445006	-74.38179
7075	40.847638	-74.08754
7514	40.923648	-74.14321
7945	40.782767	-74.59529
8514	40.134892	-74.48688
8515	40.14821	-74.65125
8315	39.273214	-75.095025
8858	40.681694	-74.73624
8756	39.787966	-74.191058
8091	39.807695	-74.93392
7059	40.633652	-74.5008
7926	40.800353	-74.571785
8733	40.017117	-74.30491
8403	39.314766	-74.52675
8877	40.430006	-74.417344
8011	39.978635	-74.71323
7627	40.955603	-73.96044
7031	40.791895	-74.13254
8081	39.741385	-74.99035
7073	40.830158	-74.09707
7849	40.963959	-74.61414
7711	40.236916	-74.0069
7524	40.930398	-74.15829
8831	40.336508	-74.43302
7979	40.713675	-74.72465
7839	41.12831	-74.678956
8025	39.701526	-75.162903
8758	39.784513	-74.22376
7758	40.427561	-74.1069
8641	40.04492	-74.58916
8691	40.207034	-74.59364
8045	39.866513	-75.03197
8724	40.087794	-74.10981
7011	40.879699	-74.14263
8512	40.306286	-74.52627
8619	40.240558	-74.69588
8757	39.975967	-74.25296
8536	40.33371	-74.58512
8402	39.329416	-74.50661
7092	40.680301	-74.35601
8029	39.840463	-75.0687
8862	40.430006	-74.417344
7044	40.832449	-74.24227
8328	39.572449	-75.0543
7069	40.641207	-74.443695
8827	40.677404	-74.96875
7422	41.180137	-74.45489
7901	40.714501	-74.3633
8809	40.639546	-74.91292
7825	40.96035	-74.96243
7933	40.683934	-74.47079
8558	40.410155	-74.70726
8759	39.943541	-74.36949
8859	40.461851	-74.30343
7834	40.886149	-74.48704
8603	40.280531	-74.712018
8318	39.553504	-75.16843
8038	39.481009	-75.50618
8217	39.575273	-74.72103
8834	40.563654	-74.949409
7111	40.725651	-74.23207
8202	39.092928	-74.72688
8075	40.029361	-74.9541
8035	39.87913	-75.06599
8101	39.80237	-74.938259
7094	40.7885	-74.06
8818	40.430006	-74.417344
7032	40.763051	-74.13718
8061	39.807684	-75.20496
8068	39.961183	-74.66266
7022	40.816737	-74.00082
8526	40.162275	-74.475936
7712	40.232713	-74.03143
7715	40.302718	-74.24928
7095	40.557104	-74.28316
8053	39.88488	-74.90416
7663	40.904131	-74.09474
7004	40.879049	-74.29378
7935	40.739333	-74.45631
7009	40.855854	-74.22898
7045	40.906152	-74.36742
8234	39.398172	-74.59667
7419	41.156187	-74.57094
7974	40.698268	-74.40225
8105	39.949812	-75.08616
7875	41.043858	-74.871981
8218	39.056521	-74.816619
8609	40.224441	-74.7421
8027	39.824159	-75.28187
7061	40.665651	-74.299692
7717	40.191809	-74.01688
7657	40.832421	-74.00399
8231	39.509208	-74.608557
7653	40.948054	-74.083231
8016	40.06834	-74.84463
8084	39.829014	-75.01371
7416	41.11736	-74.58784
7666	40.890964	-74.01115
8094	39.647598	-74.95927
7938	40.655399	-74.586151
7506	40.957498	-74.15627
7981	40.821482	-74.42648
8036	39.985662	-74.83044
8212	38.936896	-74.96526
8889	40.612851	-74.76682
8051	39.785785	-75.17761
7438	41.029555	-74.5071
8722	39.931068	-74.19618
8736	40.120261	-74.05765
7765	40.302718	-74.24928
7417	41.010433	-74.20847
7874	40.917054	-74.71053
8752	39.920268	-74.07967
8628	40.264708	-74.82295
7879	40.955934	-74.788108
7067	40.591653	-74.31341
8853	40.51057	-74.72472
7728	40.241036	-74.27629
7927	40.821149	-74.45121
8342	39.50208	-74.833469
7189	40.79185	-74.245241
7608	40.853723	-74.05987
7508	40.945198	-74.18286
8083	39.842613	-75.02496
8043	39.851969	-74.96128
8046	40.029011	-74.88257
8323	39.402763	-75.3574
7054	40.860149	-74.4171
7844	40.919658	-74.984628
8902	40.453131	-74.48287
7723	40.250104	-74.00153
8014	39.803646	-75.34421
7645	41.048997	-74.04052
7208	40.673102	-74.22834
7083	40.695401	-74.26933
8347	39.499765	-75.082022
7043	40.844199	-74.20218
7097	40.73276	-74.075485
8072	39.546172	-75.41367
8247	39.051289	-74.76204
7702	40.329128	-74.06315
7802	40.867331	-74.578269
7748	40.410213	-74.11718
8404	39.509208	-74.608557
8317	39.406518	-74.82706
8741	39.934318	-74.16773
7727	40.205367	-74.15767
7076	40.637152	-74.37493
8872	40.461605	-74.3474
8535	40.228497	-74.45064
8543	40.280531	-74.712018
8071	39.730964	-75.13009
8225	39.370083	-74.55211
8326	39.524179	-74.9385
7418	41.232344	-74.48688
8835	40.538903	-74.59222
7456	41.096095	-74.26012
7423	41.001695	-74.10239
7604	40.86289	-74.07506
7203	40.653502	-74.26058
8618	40.238258	-74.7805
7027	40.650802	-74.32351
7866	40.926798	-74.50624
8341	39.517539	-74.94972
7407	40.905639	-74.1199
7931	40.696601	-74.63781
8085	39.753088	-75.32687
8885	40.576372	-74.831105
8352	39.475565	-75.12933
7762	40.153024	-74.03372
7452	40.961109	-74.12576
7435	41.045897	-74.43677
8063	39.867158	-75.1802
7934	40.72265	-74.67432
8004	39.769357	-74.87264
7041	40.724168	-74.29913
7102	40.735257	-74.17326
8505	40.132784	-74.71778
7763	40.302718	-74.24928
7042	40.81315	-74.21576
7082	40.92241	-74.34625
7731	40.146597	-74.20815
8242	39.017837	-74.87515
7015	41.011428	-74.304793
8329	39.285464	-74.99687
7039	40.788733	-74.32134
8054	39.949446	-74.90342
8867	40.583035	-74.96224
8026	39.833847	-74.96899
8087	39.59899	-74.36573
7826	41.177457	-74.75904
8007	39.868013	-75.05424
8078	39.850013	-75.0767
7081	40.701801	-74.32216
7631	40.893343	-73.9758
8844	40.502477	-74.650023
8817	40.516104	-74.39754
8031	39.867013	-75.09162
7014	40.834049	-74.13669
7601	40.888678	-74.0488
8092	39.658781	-74.28673
7852	40.876349	-74.65769
7072	40.836555	-74.08466
8032	39.781264	-75.0609
8501	40.164556	-74.57785
7764	40.289985	-74.01671
8802	40.661172	-75.0321
7756	40.211982	-74.00916
7876	40.855549	-74.65251
7626	40.942074	-73.96504
7733	40.384832	-74.17194
8009	39.779582	-74.9365
7752	40.402277	-74.027285
8721	39.902851	-74.16037
7932	40.77835	-74.39009
7444	40.964548	-74.29813
8057	39.968962	-74.9489
8886	40.694938	-75.11181
8343	39.633964	-75.15643
7046	40.892021	-74.44022
8089	39.722622	-74.8503
8753	39.974584	-74.15141
7924	40.72344	-74.57753
7206	40.653189	-74.19158
7847	40.88038	-74.62009
7822	41.139545	-74.6993
7856	40.919498	-74.63559
8825	40.509998	-75.03239
7078	40.73915	-74.32749
7721	40.435961	-74.23734
7644	40.877999	-74.08265
7451	40.948054	-74.083231
7107	40.760667	-74.1879
7108	40.722751	-74.2014
7641	40.958573	-73.98659
8224	39.595957	-74.45628
8093	39.861413	-75.13284
8096	39.830313	-75.13221
7001	40.578996	-74.27987
7112	40.711651	-74.21303
8648	40.276782	-74.72951
7977	40.707505	-74.65657
8406	39.342299	-74.48192
8405	39.509208	-74.608557
7962	40.867331	-74.578269
7057	40.852931	-74.10925
8243	39.145755	-74.69865
8021	39.810485	-74.99574
8023	39.683577	-75.48932
7512	40.903348	-74.21763
7757	40.318115	-74.01239
8824	40.423055	-74.55352
8001	39.559426	-75.3631
8069	39.712593	-75.46906
8738	40.025258	-74.05579
7946	40.672823	-74.52011
7047	40.7946	-74.01963
7643	40.850621	-74.04112
8344	39.562763	-75.00955
8067	39.740353	-75.41262
8645	40.280531	-74.712018
8065	40.00278	-75.02626
7205	40.695552	-74.22856
8353	39.458114	-75.29761
7734	40.444407	-74.13298
7747	40.411102	-74.23767
7829	40.84335	-74.985914
8852	40.389428	-74.54329
8108	39.915263	-75.06401
8701	40.082782	-74.2094
8041	40.038339	-74.6806
8823	40.439412	-74.55565
7722	40.300226	-74.18306
7462	41.193708	-74.5089
7701	40.352953	-74.07703
8037	39.625291	-74.77705
7603	40.873876	-74.02769
8246	39.056521	-74.816619
8019	39.777314	-74.5354
7106	40.742251	-74.23006
8056	39.785219	-75.25304
8314	39.219301	-74.94016
7091	40.665651	-74.299692
8319	39.376099	-74.81456
7065	40.607103	-74.28099
7504	40.912148	-74.14271
8245	39.176208	-74.81723
8533	40.075185	-74.48433
7647	41.009414	-73.94849
7662	40.906553	-74.07797
7501	40.912198	-74.16863
7676	40.989508	-74.061302
8857	40.397507	-74.3298
7751	40.361014	-74.26595
8904	40.500254	-74.4257
8074	39.716194	-75.17326
7013	40.868699	-74.17102
7821	40.966308	-74.74298
7801	40.889166	-74.55462
7928	40.7332	-74.39736
7513	40.906598	-74.14944
8821	40.518578	-74.68545
7628	40.945173	-73.99342
7036	40.633953	-74.25339
8754	40.000759	-74.24928
7481	40.998583	-74.1671
8816	40.434239	-74.40504
8034	39.908613	-74.99951
7848	41.094159	-74.69036
7704	40.360581	-74.03738
7021	40.827499	-74.28091
8002	39.932279	-75.02266
8018	39.80237	-74.938259
7071	40.808416	-74.12111
8812	40.594502	-74.47166
7823	40.82383	-75.04585
8201	39.457517	-74.50914
8106	39.892213	-75.07212
8828	40.37594	-74.41955
7755	40.263575	-74.02176
8312	39.655964	-75.08736
7201	40.669502	-74.19889
7105	40.725801	-74.15206
8625	40.206709	-74.75643
7109	40.7935	-74.16144
7882	40.753753	-74.99617
7003	40.803	-74.18895
8804	40.652484	-75.08959
7405	40.99313	-74.35893
8803	40.563654	-74.949409
7463	41.013109	-74.12231
8244	39.319901	-74.5999
7675	40.99904	-74.03291
7207	40.665651	-74.299692
7646	40.936211	-74.0188
8086	39.849156	-75.18159
7034	40.881149	-74.38112
7018	40.75555	-74.21897
8879	40.469606	-74.27669
7976	40.733739	-74.48851
7656	41.034672	-74.04065
7738	40.337374	-74.12059
8095	39.656976	-74.86043
7735	40.439714	-74.19374
8042	40.018503	-74.66656
7114	40.707553	-74.17883
7063	40.604252	-74.44612
8028	39.700008	-75.11951
7302	40.721602	-74.04703
7016	40.656302	-74.30371
7632	40.883749	-73.95173
8313	39.530314	-75.22901
7605	40.862685	-73.98551
8062	39.716939	-75.21987
7842	40.940301	-74.49617
7726	40.294244	-74.34213
8215	39.548049	-74.62171
7828	40.878198	-74.73875
8104	39.918663	-75.10976
7029	40.745951	-74.15509
7732	40.404474	-73.9904
8906	40.430006	-74.417344
7606	40.863699	-74.04643
8528	40.377173	-74.61538
7885	40.913298	-74.58246
7428	41.181052	-74.51796
8534	40.32315	-74.78364
7007	40.79185	-74.245241
8751	39.948518	-74.0759
7439	41.080066	-74.5972
8629	40.219358	-74.73334
7436	41.028884	-74.23727
8232	39.394616	-74.52212
8822	40.515645	-74.85319
8602	40.280531	-74.712018
7055	40.857384	-74.12899
8511	40.050128	-74.55611
7869	40.847649	-74.5748
7502	40.918948	-74.1939
8855	40.430006	-74.417344
8554	40.113883	-74.77977
7442	40.99948	-74.28807
7843	40.937206	-74.66147
8734	39.862864	-74.16624
7677	41.025101	-74.059762
8109	39.949979	-75.05024
8226	39.265371	-74.59381
7877	41.10289	-74.850759
7024	40.849879	-73.97501
8869	40.571302	-74.6374
7737	40.416772	-74.06058
8015	39.960596	-74.5606
7719	40.175357	-74.04694
7103	40.738501	-74.19507
7101	40.736101	-74.22509
7832	40.92976	-75.06193
8077	39.997379	-74.99805
8066	39.833156	-75.23773
7803	40.878785	-74.60098
8327	39.254836	-74.97767
8826	40.716332	-74.91405
7008	40.582504	-74.22997
8876	40.545853	-74.63592
8735	39.982101	-74.06768
8223	39.264412	-74.64986
7096	40.73276	-74.075485
8873	40.505253	-74.50723
7936	40.820012	-74.36474
8324	39.218484	-74.99001
8252	39.037404	-74.85749
8321	39.239649	-75.17225
7857	40.897398	-74.70301
7851	41.172968	-74.88301
7051	40.79185	-74.245241
7062	40.631252	-74.40383
8008	39.614596	-74.2005
8732	39.942616	-74.14689
7026	40.879858	-74.10807
8875	40.580918	-74.711731
7505	40.916165	-74.17129
7035	40.923233	-74.29376
7863	40.815107	-74.96802
7846	40.966266	-74.87979
7403	41.014497	-74.33021
8551	40.449171	-74.84979
8605	40.280531	-74.712018
8006	39.75196	-74.11074
7086	40.769796	-74.022351
8638	40.249908	-74.75953
8332	39.379382	-75.03923
7461	41.229754	-74.60203
8557	40.563654	-74.949409
7088	40.718401	-74.28416
8098	39.637838	-75.32396
8401	39.364966	-74.43903
7033	40.674652	-74.2908
8854	40.555355	-74.46094
8611	40.206959	-74.75136
8502	40.460137	-74.63592
7093	40.7895	-74.01223
8107	39.908163	-75.08618
8863	40.535304	-74.31104
7495	40.948054	-74.083231
8887	40.525361	-74.79632
7401	41.031505	-74.13409
8861	40.520105	-74.27708
7503	40.896798	-74.15731
8601	40.280531	-74.712018
8805	40.567953	-74.54034
8005	39.759581	-74.27398
7648	40.994442	-73.95586
8525	40.386902	-74.78112
7099	40.73276	-74.075485
8553	40.400406	-74.63895
8348	39.314084	-74.97889
8049	39.85478	-75.03671
7836	40.84405	-74.70134
8755	40.010092	-74.23032
8807	40.588097	-74.62253
8865	40.689123	-75.17243
7204	40.665552	-74.26768
7827	41.300062	-74.76058
8933	40.430006	-74.417344
7465	41.052958	-74.28236
7753	40.208945	-74.05261
8088	39.871699	-74.70528
8829	40.668594	-74.89241
8504	40.425369	-74.668753
7006	40.848999	-74.27917
7028	40.80495	-74.2047
8837	40.529355	-74.33844
8833	40.643314	-74.82345
7058	40.871299	-74.34331
8723	40.042479	-74.123
8003	39.879713	-74.9719
8836	40.595552	-74.55174
7307	40.748001	-74.04943
8901	40.488304	-74.44775
7002	40.666552	-74.11768
8903	40.513854	-74.445098
8311	39.337205	-75.18577
7012	40.847922	-74.1579
12345	42.833261	-74.058015
501	40.922326	-72.637078
13441	43.164312	-75.511301
11745	40.922326	-72.637078
10503	41.024855	-73.87513
10959	41.387822	-74.354699
13627	43.818705	-75.480342
11773	40.754757	-73.601772
12506	41.759905	-73.743714
14027	42.57075	-79.030785
13415	42.590419	-75.195695
13848	42.214705	-75.727699
12024	42.494981	-73.510676
11243	40.645099	-73.945032
14604	43.156963	-77.60375
14707	42.073739	-78.059374
10313	40.564393	-74.146836
14592	42.875685	-77.883511
11244	40.645099	-73.945032
13681	44.414762	-75.37897
14508	43.381027	-78.231338
12602	41.759905	-73.743714
11802	40.754757	-73.601772
10702	41.119008	-73.732996
10535	41.331173	-73.80208
12073	42.592287	-74.438129
14614	43.155863	-77.61519
12133	42.926121	-73.346409
14779	42.168508	-78.7297
10017	40.752159	-73.97231
14602	43.286024	-77.684264
12933	44.881962	-73.963279
10996	41.376109	-73.9788
13136	42.607076	-75.85216
13751	42.424859	-74.900195
10282	40.717179	-74.01433
14783	42.100539	-78.87967
10037	40.813385	-73.93616
14233	42.768413	-78.887094
14897	42.034218	-77.79269
10278	40.715721	-74.00395
14202	42.886357	-78.8779
13602	44.03803	-75.75793
13655	44.98184	-74.67374
10012	40.72596	-73.99834
13342	42.64743	-75.17793
12959	44.951443	-73.68023
13341	43.036802	-75.39115
14885	42.041973	-77.5632
12552	41.387822	-74.354699
14056	42.991173	-78.312171
13777	42.254154	-76.01194
12402	41.878801	-74.345684
11405	40.651378	-73.870779
13455	42.916235	-75.35448
10044	40.762174	-73.94917
10132	40.780751	-73.977182
12855	43.996303	-73.72147
11707	40.922326	-72.637078
11425	40.651378	-73.870779
11247	40.645099	-73.945032
11696	40.651378	-73.870779
12934	44.865972	-73.89584
12967	44.784144	-74.66213
11582	40.754757	-73.601772
11351	40.781703	-73.831698
11255	40.645099	-73.945032
45277	39.166759	-84.53822
18703	41.242081	-75.88569
19409	40.211896	-75.35586
15085	40.386968	-79.74467
17831	40.834408	-76.835439
19424	40.211896	-75.35586
18918	40.320036	-75.374155
19089	40.043399	-75.357308
19376	39.983153	-75.748055
19019	40.001811	-75.11787
19612	40.4389	-75.885303
2902	41.81835	-71.424851
29592	34.283207	-79.47272
29406	32.918757	-80.0228
20118	38.953454	-77.74996
20117	38.983902	-77.74903
20122	38.831813	-77.288755
24129	37.096403	-80.608056
5451	44.50835	-73.050271
5402	44.442117	-73.082525
5303	42.99467	-72.720362
5453	44.442117	-73.082525
5852	44.951093	-72.303696
5671	44.259518	-72.585018
603	18.448619	-67.13422
703	18.246205	-66.12827
687	18.31708	-66.41528
772	18.427674	-65.87605
747	18.069474	-66.952589
671	18.1789	-65.869939
623	18.08643	-67.15222
685	18.332595	-66.98104000000001
647	17.964529	-66.93993
609	18.142002	-66.273278
646	18.442798	-66.27689
667	18.017819	-67.04226
611	18.279531	-66.80217
764	18.452084	-66.397138
745	18.366213	-65.82277
661	18.150829	-65.826595
775	18.311149	-65.29257
767	18.072752	-65.89703
785	18.018822	-66.795603
783	18.304874	-66.32305
604	18.498987	-67.13699
633	18.194527	-66.183467
765	18.125664	-65.45603
638	18.308139	-66.49835
645	18.308508	-65.304732
607	18.256995	-66.104657
677	18.336121	-67.23675
681	18.219023	-67.508068
635	18.262902	-65.646529
683	18.092807	-67.04524
688	18.40415	-66.61348
762	18.420218	-66.324284
605	18.465162	-67.141486
626	18.235003	-66.037318
731	18.077329	-66.61192
682	18.208402	-67.15428
637	18.073078	-66.94864
786	18.128092	-66.268717
601	18.180103	-66.74947
648	18.333038	-65.656182
782	18.223348	-66.2267
705	18.12942	-66.26541
748	18.326732	-65.652484
636	18.113284	-67.039706
707	18.014505	-65.91018
704	17.970112	-66.22291
795	18.036253	-66.50289
625	18.232109	-66.039087
742	18.264872	-65.594769
641	18.268896	-66.70519
773	18.361344	-65.72133
784	17.984137	-66.12779
794	18.204294	-66.31058
634	18.111528	-66.177083
763	18.452175	-66.399836
766	18.126023	-66.48208
643	18.341254	-66.315194
741	18.160755	-65.75765
612	18.449732	-66.69879
606	18.182151	-66.9588
792	18.138029	-65.788499
771	18.18744	-65.87088
744	18.206329	-65.743058
851	17.734211	-64.734694
841	17.734211	-64.734694
821	17.734211	-64.734694
802	18.322285	-64.963715
823	17.734211	-64.734694
803	18.322285	-64.963715
822	17.734211	-64.734694
824	17.734211	-64.734694
831	18.32816	-64.740737
805	18.322285	-64.963715
801	18.322285	-64.963715
84153	40.668068	-111.908297
60197	41.839679	-88.088716
10280	40.70804067741936	-74.01719494032258
13410	42.934347	-74.6146095
14410	43.197455	-77.857496
20520	38.893634825	-77.047841025
20530	38.8949254	-77.0204567
64060	39.35275164681373	-94.37127366715686
78524	26.408966	-98.965936
78826	28.44823	-99.764481
84540	38.978122	-109.713133
84620	38.920329	-111.934849
84704	40.6502179	-112.3013189
84710	37.4434611	-112.489232
85050	33.67890576982444	-112.00186853647472
85083	33.72632685270222	-112.17050146507712
85122	32.8953361030303	-111.73408577272728
85128	32.98685979189189	-111.526360290991
85131	32.76852723823529	-111.56928904411764
85138	33.062688687760776	-111.96153783630042
85139	33.04891005217391	-112.05385061304348
85145	32.55406974414915	-111.28622321773794
85173	33.274804098717944	-111.11057384871796
85191	32.986471	-111.446819
85192	32.91806812552083	-110.72817984166667
85194	32.87661263076923	-111.6649945
85260	33.6024305523068	-111.8834736572574
85265	33.4872595	-111.8620107
85310	33.70040352473795	-112.1729354232588
85320	33.91674096842105	-113.18992847894738
85340	33.49832291086956	-112.34650197826087
85350	32.59577971	-114.7002077
85388	33.615115493333334	-112.42429575
85390	33.95946827619048	-112.76641724761906
85396	33.58376784849057	-112.56568211462265
85550	33.356623775	-110.50808635
85710	32.22127484260638	-110.843964187249
85730	32.18753275	-110.822098925
85750	32.2779746015873	-110.83822148730158
85756	32.12377476034483	-110.8818426224138
86005	35.16194708444993	-111.66353130936176
86315	34.6707961	-112.24518661
86320	35.2222617	-112.484629225
87151	35.0075095	-106.8573024
89085	36.309565	-115.196942
90220	33.8849737455408	-118.23838655825426
91020	34.20716543076923	-118.22858726923076
91310	34.45449445	-118.6054806
91980	32.5864770047619	-116.6325695142857
92060	33.31343831857143	-116.85997019892856
92070	33.15277068448845	-116.70494641023102
92220	33.9261468	-116.89179389230767
92230	33.9172079	-116.78971375
92280	34.1892912	-114.5724433
92350	34.052081460000004	-117.26218566
93260	35.813723	-118.642705
93450	36.005529	-120.892931
93650	36.8412187	-119.794517575
94020	37.32107970769231	-122.27034864230768
94060	37.24473195	-122.3780526409091
94158	37.7710534490566	-122.390341845283
94930	37.98755554	-122.58881914
94940	38.1532099	-122.88576315
94950	38.029865	-122.773917
95010	36.97731410714286	-121.95872147142856
95140	37.3471908090909	-121.64370484545456
95230	38.02899789615385	-120.7910294
95410	39.2302865	-123.770698
95420	39.3729379	-123.8141581
95460	39.32671572481752	-123.80766646861316
95490	39.40380246666667	-123.33646337333332
95550	40.798265	-123.878576
95570	41.12225823695652	-124.1255273847826
95680	38.247423	-121.567159
95690	38.2472121	-121.5114541
95920	39.4515529	-121.965061
95960	39.28531487272728	-121.1782422
85720	31.970131	-111.890713
85070	33.276539	-112.18717
85380	33.276539	-112.18717
86030	36.115339	-110.61562
85010	33.276539	-112.18717
6350	41.644546	-72.06769
6430	41.163445	-73.2629
6050	41.666049	-72.778391
6910	41.039147	-73.559118
6510	41.306197	-72.92479
6230	41.847302	-72.02528
6030	41.791776	-72.718832
20340	38.893311	-77.014647
2350	42.018525	-70.847486
1260	42.286586	-73.313274
1020	42.175992	-72.57265
1860	42.834246	-71.00207
1350	42.712257	-72.97629
3240	43.568328	-71.96422
3220	43.459555	-71.47352
3780	44.029684	-71.98612
3830	43.640621	-70.98935
3810	43.478917	-71.28776
3590	44.719769	-71.59395
3840	43.038279	-70.84714
3750	43.701003	-72.20056
3470	42.775629	-72.33893
3290	43.115874	-71.11081
3580	44.200124	-71.69959
3890	43.811782	-71.194586
3110	42.942551	-71.51993
3260	43.356838	-71.9255
3060	42.748888	-71.46492
3850	43.707657	-71.301681
3230	43.506405	-71.87281
3070	42.978267	-71.69414
3280	43.173046	-72.09755
3450	42.941175	-72.06043
3870	43.000003	-70.76517
3770	43.525462	-72.28072
3860	44.035684	-71.13084
3440	43.060424	-71.95068
3570	44.463337	-71.19092
3740	44.114163	-71.948852
3820	43.190984	-70.88787
7930	40.786549	-74.68799
8270	39.275059	-74.80041
7650	40.845742	-73.99479
8330	39.478771	-74.7581
7060	40.620102	-74.42481
7970	40.813281	-74.57267
8540	40.357439	-74.64922
7410	40.933943	-74.11671
8640	40.003861	-74.61775
8550	40.292358	-74.60902
8030	39.891113	-75.11836
7030	40.744851	-74.03294
7660	40.856749	-74.02278
8230	39.20877	-74.70438
8830	40.571504	-74.3183
7110	40.8196	-74.15877
8880	40.553803	-74.52976
8720	40.14386	-74.10286
7730	40.423298	-74.179
8690	40.225409	-74.65918
8360	39.492265	-75.01887
7760	40.369145	-73.99576
7070	40.828922	-74.11064
7960	40.79215	-74.48559
8520	40.262809	-74.53246
8020	39.800958	-75.2211
8870	40.563654	-74.949409
7740	40.297932	-73.99097
7670	40.92169	-73.96482
8090	39.799347	-75.15202
8820	40.575503	-74.35781
7840	40.861748	-74.83054
7720	40.202113	-74.01353
7640	40.989357	-73.97958
7940	40.75875	-74.41609
7090	40.649202	-74.34567
8340	39.437265	-74.87926
8810	40.372881	-74.51363
8350	39.490774	-74.87045
8240	39.487717	-74.554334
7050	40.7683	-74.23603
7430	41.077102	-74.16147
8070	39.645377	-75.51923
7040	40.728901	-74.26821
7950	40.842399	-74.48223
8060	39.991562	-74.79747
7860	41.0714	-74.80199
7620	40.952814	-73.93064
8260	38.987556	-74.822
8840	40.543354	-74.3587
8620	40.17296	-74.66915
7710	40.302718	-74.24928
8220	39.509208	-74.608557
8530	40.375039	-74.93184
7980	40.672968	-74.49171
7890	41.12831	-74.678956
8750	40.133754	-74.04123
8250	39.056521	-74.816619
7310	40.731901	-74.0402
8610	40.199859	-74.72005
7020	40.830733	-73.97334
8650	40.280531	-74.712018
7440	40.946748	-74.29575
8310	39.522686	-74.89684
7010	40.82154	-73.98949
7920	40.6789	-74.57039
8210	39.081754	-74.83658
8010	40.058211	-74.91404
7460	41.091254	-74.52081
7630	40.97514	-74.02725
7850	40.908198	-74.65749
8570	40.430006	-74.417344
7480	41.102569	-74.37047
8740	39.925301	-74.13488
7470	40.943608	-74.25004
7750	40.332877	-73.97986
7880	40.864844	-74.897002
8080	39.74953	-75.10637
7080	40.580703	-74.41401
7450	40.983997	-74.11438
8110	39.966812	-75.05681
8560	40.31049	-74.85947
8050	39.707575	-74.25933
7420	41.026747	-74.29742
8510	40.18238	-74.42134
8850	40.451105	-74.43938
7830	40.723778	-74.81866
8320	39.379906	-75.221681
8730	40.108433	-74.06226
7820	40.869648	-74.849661
12220	42.614852	-73.970812
12510	41.759905	-73.743714
14140	42.807159	-78.667599
14430	43.286024	-77.684264
12830	43.12943	-73.712415
