outcome,blocks,term,coef,se,pval,nobs,rsquared
y_pv,none,log_median_household_income,1.090282024493121,0.20870730475940924,1.7512115446073417e-07,1390,0.07376409912895687
y_pv,none,pct_black,-3.412136580169858,0.7354032253903878,3.4871739627710258e-06,1390,0.07376409912895687
y_pv,none,pct_hispanic,0.914776960159305,0.24502540926059568,0.0001889149826969362,1390,0.07376409912895687
y_pv,none,pct_asian,-2.1028819712670295,0.30751340998905746,8.01147670329918e-12,1390,0.07376409912895687
y_pv,education,log_median_household_income,1.6724161774953132,0.2733365772582872,9.444655945629807e-10,1390,0.08144203652736448
y_pv,education,pct_black,-3.3885121300097274,0.7302887946993148,3.484735420410632e-06,1390,0.08144203652736448
y_pv,education,pct_hispanic,0.3764266979435119,0.31137850292226366,0.2266997536240919,1390,0.08144203652736448
y_pv,education,pct_asian,-1.8909123325566304,0.31207226956483664,1.367892127210356e-09,1390,0.08144203652736448
y_pv,housing_value,log_median_household_income,1.9546668194645473,0.25942883553321433,4.902057700473365e-14,1382,0.08907515587925074
y_pv,housing_value,pct_black,-2.7742736974214095,0.7196981162022288,0.00011583651247100715,1382,0.08907515587925074
y_pv,housing_value,pct_hispanic,0.8352209817147027,0.2403711703860689,0.0005113989792850243,1382,0.08907515587925074
y_pv,housing_value,pct_asian,-1.9249767692949489,0.3176655807343528,1.36325896848444e-09,1382,0.08907515587925074
y_pv,housing_structure,log_median_household_income,1.3877771152422151,0.2063105911903389,1.7362536018333275e-11,1390,0.1277094563759954
y_pv,housing_structure,pct_black,-1.6082440829750337,0.6536365090954184,0.013876045988199167,1390,0.1277094563759954
y_pv,housing_structure,pct_hispanic,1.055026909303914,0.24035822707778606,1.1366707638960264e-05,1390,0.1277094563759954
y_pv,housing_structure,pct_asian,-1.0950633291333787,0.32132080228999726,0.0006543937591161466,1390,0.1277094563759954
y_pv,tenure,log_median_household_income,0.9997750211891896,0.20421989855844472,9.80157912852599e-07,1390,0.1179397021745704
y_pv,tenure,pct_black,-2.163119035099479,0.6632122346270157,0.0011079359218790963,1390,0.1179397021745704
y_pv,tenure,pct_hispanic,1.3083981754593998,0.24727844383134776,1.2152049298003248e-07,1390,0.1179397021745704
y_pv,tenure,pct_asian,-1.2149946103094984,0.312768800315896,0.00010248106280212235,1390,0.1179397021745704
y_pv,utility_fe,log_median_household_income,0.7877823407406606,0.20527598973852443,0.00012420519185249652,1291,0.08480805126295743
y_pv,utility_fe,pct_black,-3.690358197612404,0.7906828677231355,3.051759703325644e-06,1291,0.08480805126295743
y_pv,utility_fe,pct_hispanic,0.7025562065067785,0.23775541069206113,0.0031271607952643287,1291,0.08480805126295743
y_pv,utility_fe,pct_asian,-1.9738673888556462,0.3094500112391786,1.786781420327481e-10,1291,0.08480805126295743
y_pv,county_fe,log_median_household_income,1.121302427407783,0.20824509117994167,7.263324583705922e-08,1390,0.5800597388379511
y_pv,county_fe,pct_black,-0.12438333923532907,0.5238629966391466,0.812319445519578,1390,0.5800597388379511
y_pv,county_fe,pct_hispanic,0.4440361682452336,0.22810552413571533,0.0515795764373245,1390,0.5800597388379511
y_pv,county_fe,pct_asian,-0.40093198448247847,0.2801263911471252,0.15235746637113093,1390,0.5800597388379511
y_pv,education+housing_value,log_median_household_income,2.020403911395163,0.26691797977087983,3.750065141080713e-14,1382,0.08937932987820263
y_pv,education+housing_value,pct_black,-2.809556625034521,0.7240735046261961,0.00010436668816279855,1382,0.08937932987820263
y_pv,education+housing_value,pct_hispanic,0.7103931428967857,0.3292064805784808,0.030935966930257665,1382,0.08937932987820263
y_pv,education+housing_value,pct_asian,-1.9045844489960364,0.31766988254885126,2.0288125038232186e-09,1382,0.08937932987820263
y_pv,education+housing_structure,log_median_household_income,0.8722683777931846,0.2902275481997214,0.0026517619511954547,1390,0.1322241073597915
y_pv,education+housing_structure,pct_black,-1.2333738086824797,0.6476187023726067,0.05684831330999817,1390,0.1322241073597915
y_pv,education+housing_structure,pct_hispanic,1.6054588757524262,0.3599627536867016,8.193310379993526e-06,1390,0.1322241073597915
y_pv,education+housing_structure,pct_asian,-1.0683997661743423,0.320444367287002,0.0008556993202587989,1390,0.1322241073597915
y_pv,education+tenure,log_median_household_income,0.6766209605668858,0.3087272800881367,0.028405065512581405,1390,0.11943038002949213
y_pv,education+tenure,pct_black,-2.017391700492131,0.6553259037752815,0.0020807653105746433,1390,0.11943038002949213
y_pv,education+tenure,pct_hispanic,1.646545126916344,0.38474084181449736,1.872115292807483e-05,1390,0.11943038002949213
y_pv,education+tenure,pct_asian,-1.2158997657408885,0.31206578550852626,9.767617545594798e-05,1390,0.11943038002949213
y_pv,education+utility_fe,log_median_household_income,1.2811012623809357,0.28462498474232734,6.762980327931378e-06,1291,0.09029385476046059
y_pv,education+utility_fe,pct_black,-3.791074708831164,0.7862477849019495,1.4231833698869819e-06,1291,0.09029385476046059
y_pv,education+utility_fe,pct_hispanic,0.22177835148243658,0.30571555868016576,0.4681820277376091,1291,0.09029385476046059
y_pv,education+utility_fe,pct_asian,-1.8430348427355865,0.3126703538643901,3.7582166011874046e-09,1291,0.09029385476046059
y_pv,county_fe+education,log_median_household_income,1.587055523590065,0.2444063217253975,8.385776286387952e-11,1390,0.5865662042506621
y_pv,county_fe+education,pct_black,-0.39296235552058434,0.5251508407043164,0.45428843248678163,1390,0.5865662042506621
y_pv,county_fe+education,pct_hispanic,-0.3684486853279604,0.3531279103916875,0.2967695976293744,1390,0.5865662042506621
y_pv,county_fe+education,pct_asian,-0.400122712906264,0.2775033996645207,0.14934018345272432,1390,0.5865662042506621
y_pv,housing_structure+housing_value,log_median_household_income,1.3865577597210654,0.25088708292800305,3.264575892839198e-08,1382,0.12852991902807576
y_pv,housing_structure+housing_value,pct_black,-1.3902527379980762,0.6201837927266337,0.02498215175497883,1382,0.12852991902807576
y_pv,housing_structure+housing_value,pct_hispanic,1.0625348512683614,0.24721451208530537,1.7232453594363313e-05,1382,0.12852991902807576
y_pv,housing_structure+housing_value,pct_asian,-1.2078474832304842,0.3165318692531512,0.00013569869791991475,1382,0.12852991902807576
y_pv,housing_value+tenure,log_median_household_income,1.161172550967545,0.28640940282808897,5.02974870628377e-05,1382,0.11828612102165359
y_pv,housing_value+tenure,pct_black,-1.975118136050238,0.6467622342079911,0.002259211854722582,1382,0.11828612102165359
y_pv,housing_value+tenure,pct_hispanic,1.3242544938028025,0.25640133489571737,2.407318834479285e-07,1382,0.11828612102165359
y_pv,housing_value+tenure,pct_asian,-1.2910265747097291,0.30925890103200493,2.9853396223538165e-05,1382,0.11828612102165359
y_pv,housing_value+utility_fe,log_median_household_income,1.7023918423064193,0.24638457482691434,4.863979526073198e-12,1283,0.10030232641190073
y_pv,housing_value+utility_fe,pct_black,-3.243034314356539,0.7565240969340314,1.8130113300790907e-05,1283,0.10030232641190073
y_pv,housing_value+utility_fe,pct_hispanic,0.5804874900312947,0.22812238902331064,0.010939301328350078,1283,0.10030232641190073
y_pv,housing_value+utility_fe,pct_asian,-1.8727217006624843,0.31691693905421287,3.4379864221119056e-09,1283,0.10030232641190073
y_pv,county_fe+housing_value,log_median_household_income,1.5327215878845646,0.22299490997686514,6.271238710837188e-12,1382,0.5901723208108556
y_pv,county_fe+housing_value,pct_black,-0.018848576132700967,0.49395176099668714,0.9695611187394263,1382,0.5901723208108556
y_pv,county_fe+housing_value,pct_hispanic,0.23538430751310346,0.2418564835864299,0.3304342333109713,1382,0.5901723208108556
y_pv,county_fe+housing_value,pct_asian,-0.6387242039145462,0.2725088249795714,0.01908502035467749,1382,0.5901723208108556
y_pv,housing_structure+tenure,log_median_household_income,1.319576875846007,0.21371542992214984,6.639096456359389e-10,1390,0.12868421634714022
y_pv,housing_structure+tenure,pct_black,-1.622550035982614,0.6529386292359776,0.012955280444634922,1390,0.12868421634714022
y_pv,housing_structure+tenure,pct_hispanic,1.1481031667321182,0.26481374490977405,1.4542124573808697e-05,1390,0.12868421634714022
y_pv,housing_structure+tenure,pct_asian,-1.0668080693832418,0.3197903734108642,0.0008500522598000336,1390,0.12868421634714022
y_pv,housing_structure+utility_fe,log_median_household_income,1.0864990309051084,0.20174539411024298,7.224510612441856e-08,1291,0.13392290924993333
y_pv,housing_structure+utility_fe,pct_black,-2.237749449871311,0.6868001522180036,0.0011211146426049448,1291,0.13392290924993333
y_pv,housing_structure+utility_fe,pct_hispanic,0.8268846876424363,0.23449512536588324,0.0004215143327116716,1291,0.13392290924993333
y_pv,housing_structure+utility_fe,pct_asian,-1.1634624039449248,0.31520585308607885,0.00022326939119293813,1291,0.13392290924993333
y_pv,county_fe+housing_structure,log_median_household_income,0.9021110819758007,0.21272653915313178,2.2281610110891274e-05,1390,0.6049459164538773
y_pv,county_fe+housing_structure,pct_black,0.45752820673836747,0.48310660358294083,0.34361108863472933,1390,0.6049459164538773
y_pv,county_fe+housing_structure,pct_hispanic,0.20577883718032175,0.2364206174051871,0.38408570145341625,1390,0.6049459164538773
y_pv,county_fe+housing_structure,pct_asian,-0.2610308300657571,0.2671753900405178,0.32856827406346767,1390,0.6049459164538773
y_pv,tenure+utility_fe,log_median_household_income,0.6880969543156199,0.19804511908468897,0.0005119105204768663,1291,0.12737657175765404
y_pv,tenure+utility_fe,pct_black,-2.7316507406095427,0.7098860654089862,0.00011907978210834761,1291,0.12737657175765404
y_pv,tenure+utility_fe,pct_hispanic,1.0893460551410046,0.24457543465149745,8.427374781300613e-06,1291,0.12737657175765404
y_pv,tenure+utility_fe,pct_asian,-1.2351997671062178,0.31115051996734466,7.193838743795989e-05,1291,0.12737657175765404
y_pv,county_fe+tenure,log_median_household_income,0.6790014403175286,0.214818872115772,0.0015733158867963489,1390,0.6051018125624477
y_pv,county_fe+tenure,pct_black,0.4147794684757806,0.4890248597906176,0.39633959784597916,1390,0.6051018125624477
y_pv,county_fe+tenure,pct_hispanic,0.4697303609179999,0.22914278774291252,0.040369692226944726,1390,0.6051018125624477
y_pv,county_fe+tenure,pct_asian,-0.23203961643617155,0.26110331736915354,0.37417030534738116,1390,0.6051018125624477
y_pv,education+housing_structure+housing_value,log_median_household_income,0.9951634324067589,0.28029551704925154,0.0003846346166149871,1382,0.13314358617534616
y_pv,education+housing_structure+housing_value,pct_black,-1.0400454620928854,0.6288412334666971,0.09814623430397354,1382,0.13314358617534616
y_pv,education+housing_structure+housing_value,pct_hispanic,1.6237396968533069,0.35980445074180767,6.396546210944733e-06,1382,0.13314358617534616
y_pv,education+housing_structure+housing_value,pct_asian,-1.1773808715277478,0.31753774988924444,0.00020903023578474676,1382,0.13314358617534616
y_pv,education+housing_value+tenure,log_median_household_income,0.8760111477805834,0.31846042806094355,0.005945551102113072,1382,0.12063998180823587
y_pv,education+housing_value+tenure,pct_black,-1.7803663097740186,0.6511558121309532,0.006253902396798956,1382,0.12063998180823587
y_pv,education+housing_value+tenure,pct_hispanic,1.75205471865324,0.3772591147067044,3.414495925218035e-06,1382,0.12063998180823587
y_pv,education+housing_value+tenure,pct_asian,-1.2811698188414882,0.3099106094028812,3.565066801014392e-05,1382,0.12063998180823587
y_pv,education+housing_value+utility_fe,log_median_household_income,1.7198193334757446,0.2680444057670184,1.3974245378034607e-10,1283,0.100323066005374
y_pv,education+housing_value+utility_fe,pct_black,-3.253595650581963,0.7623151703406222,1.9719332311843765e-05,1283,0.100323066005374
y_pv,education+housing_value+utility_fe,pct_hispanic,0.5482390242972484,0.3153178836703739,0.08208987909426643,1283,0.100323066005374
y_pv,education+housing_value+utility_fe,pct_asian,-1.8684720719927703,0.3175252122957559,3.992974533092344e-09,1283,0.100323066005374
y_pv,county_fe+education+housing_value,log_median_household_income,1.729019587978455,0.22667945957767272,2.3916965892829845e-14,1382,0.5931445958183295
y_pv,county_fe+education+housing_value,pct_black,-0.19716181966504587,0.5022305726017035,0.6946353890317419,1382,0.5931445958183295
y_pv,county_fe+education+housing_value,pct_hispanic,-0.2956886102923161,0.3561498966097048,0.4064051352140162,1382,0.5931445958183295
y_pv,county_fe+education+housing_value,pct_asian,-0.6099857010351029,0.2659824953700953,0.02182899927773889,1382,0.5931445958183295
y_pv,education+housing_structure+tenure,log_median_household_income,0.7542399144176747,0.30226329484439485,0.012584796229138835,1390,0.13372974112008873
y_pv,education+housing_structure+tenure,pct_black,-1.2274414025879543,0.6431821702315197,0.056341033032873966,1390,0.13372974112008873
y_pv,education+housing_structure+tenure,pct_hispanic,1.7568095635678154,0.38973429773122525,6.5530764465574225e-06,1390,0.13372974112008873
y_pv,education+housing_structure+tenure,pct_asian,-1.0313772072684424,0.3189396853333313,0.0012216830593239222,1390,0.13372974112008873
y_pv,education+housing_structure+utility_fe,log_median_household_income,0.6327602187712686,0.2927864388120806,0.030682486609784208,1291,0.1377156064142131
y_pv,education+housing_structure+utility_fe,pct_black,-1.8683070344248658,0.6822783091282639,0.006175101150028168,1291,0.1377156064142131
y_pv,education+housing_structure+utility_fe,pct_hispanic,1.3313286475956954,0.35095488686869436,0.00014857055020778265,1291,0.1377156064142131
y_pv,education+housing_structure+utility_fe,pct_asian,-1.1363968070637318,0.3139340078182285,0.00029476372629154993,1291,0.1377156064142131
y_pv,county_fe+education+housing_structure,log_median_household_income,0.8575416852637379,0.27697122997568097,0.0019605781470823018,1390,0.6049814540224263
y_pv,county_fe+education+housing_structure,pct_black,0.49841374179418896,0.5129127285476589,0.33118386341905803,1390,0.6049814540224263
y_pv,county_fe+education+housing_structure,pct_hispanic,0.27332542688643435,0.38055353477409437,0.47261473537381027,1390,0.6049814540224263
y_pv,county_fe+education+housing_structure,pct_asian,-0.2565962262206278,0.270900914785317,0.34353898220863266,1390,0.6049814540224263
y_pv,education+tenure+utility_fe,log_median_household_income,0.3217699823889177,0.3146579932475426,0.3064959295422326,1291,0.12935914812169047
y_pv,education+tenure+utility_fe,pct_black,-2.5267498190287205,0.7061531907325546,0.00034598278496655204,1291,0.12935914812169047
y_pv,education+tenure+utility_fe,pct_hispanic,1.4865212626922013,0.38077122891576054,9.46256581034448e-05,1291,0.12935914812169047
y_pv,education+tenure+utility_fe,pct_asian,-1.2262644043303794,0.31061339816470884,7.88463253229274e-05,1291,0.12935914812169047
y_pv,county_fe+education+tenure,log_median_household_income,0.7055054910981325,0.2882585415140169,0.014386121974375518,1390,0.6051122301264473
y_pv,county_fe+education+tenure,pct_black,0.3962212716940865,0.506681501297443,0.43421882146670154,1390,0.6051122301264473
y_pv,county_fe+education+tenure,pct_hispanic,0.4320919298852153,0.3989453479840773,0.27877046526680416,1390,0.6051122301264473
y_pv,county_fe+education+tenure,pct_asian,-0.23394899803843622,0.2643899186808992,0.3762302372745162,1390,0.6051122301264473
y_pv,housing_structure+housing_value+tenure,log_median_household_income,1.2966748515660713,0.27639044516271005,2.712616691793612e-06,1382,0.12930152503119396
y_pv,housing_structure+housing_value+tenure,pct_black,-1.4105568899305712,0.6216017031905512,0.023254376348715106,1382,0.12930152503119396
y_pv,housing_structure+housing_value+tenure,pct_hispanic,1.1693615988007775,0.2730670779340292,1.849517223536193e-05,1382,0.12930152503119396
y_pv,housing_structure+housing_value+tenure,pct_asian,-1.1751715128686344,0.3136526199251309,0.00017915512038284455,1382,0.12930152503119396
y_pv,housing_structure+housing_value+utility_fe,log_median_household_income,1.3044018102659027,0.22987604685731702,1.3919974343502992e-08,1283,0.13376597105496724
y_pv,housing_structure+housing_value+utility_fe,pct_black,-2.0416949401970435,0.6515468869969729,0.0017266919221198972,1283,0.13376597105496724
y_pv,housing_structure+housing_value+utility_fe,pct_hispanic,0.789991935306459,0.23655033600984607,0.000838883701129406,1283,0.13376597105496724
y_pv,housing_structure+housing_value+utility_fe,pct_asian,-1.2845523808845143,0.31211020932684397,3.8600400914225995e-05,1283,0.13376597105496724
y_pv,county_fe+housing_structure+housing_value,log_median_household_income,0.9296335371471456,0.22166268395271085,2.741857659967149e-05,1382,0.6127701196689641
y_pv,county_fe+housing_structure+housing_value,pct_black,0.6393436015387847,0.46871382434578646,0.1725555162529382,1382,0.6127701196689641
y_pv,county_fe+housing_structure+housing_value,pct_hispanic,0.19334314292609112,0.2453828021577315,0.430740818797677,1382,0.6127701196689641
y_pv,county_fe+housing_structure+housing_value,pct_asian,-0.42922866931460824,0.2547973220498185,0.0920679683229519,1382,0.6127701196689641
y_pv,housing_value+tenure+utility_fe,log_median_household_income,1.0202952141988835,0.26038760315670095,8.914944543357995e-05,1283,0.12747314867467485
y_pv,housing_value+tenure+utility_fe,pct_black,-2.523331977198974,0.6862927425084074,0.00023621741427799496,1283,0.12747314867467485
y_pv,housing_value+tenure+utility_fe,pct_hispanic,1.0585470499994076,0.24473140856712824,1.5229536787769037e-05,1283,0.12747314867467485
y_pv,housing_value+tenure+utility_fe,pct_asian,-1.3162288185291025,0.3078586500553362,1.9076675924557714e-05,1283,0.12747314867467485
y_pv,county_fe+housing_value+tenure,log_median_household_income,0.7515028931167722,0.23522003499822652,0.0013988258844794736,1382,0.6118985031053509
y_pv,county_fe+housing_value+tenure,pct_black,0.5758889797544077,0.48665815257040096,0.23666879172664612,1382,0.6118985031053509
y_pv,county_fe+housing_value+tenure,pct_hispanic,0.5075866573301064,0.2472099691534335,0.04004724412549042,1382,0.6118985031053509
y_pv,county_fe+housing_value+tenure,pct_asian,-0.3745603748555968,0.2511799667671357,0.13590814895085945,1382,0.6118985031053509
y_pv,housing_structure+tenure+utility_fe,log_median_household_income,0.98326424758543,0.20966322414008803,2.7356364347178104e-06,1291,0.13610861683328956
y_pv,housing_structure+tenure+utility_fe,pct_black,-2.257545803957294,0.6858059936604998,0.000995434066592942,1291,0.13610861683328956
y_pv,housing_structure+tenure+utility_fe,pct_hispanic,0.9694462350409427,0.2625969194087497,0.00022270279581396914,1291,0.13610861683328956
y_pv,housing_structure+tenure+utility_fe,pct_asian,-1.1210233529167972,0.3145303343212252,0.00036508114178965604,1291,0.13610861683328956
y_pv,county_fe+housing_structure+tenure,log_median_household_income,0.7431430401936852,0.20468163193652975,0.00028262447438193107,1390,0.6077753992641965
y_pv,county_fe+housing_structure+tenure,pct_black,0.4971819901881016,0.47696129564518147,0.2972286610103334,1390,0.6077753992641965
y_pv,county_fe+housing_structure+tenure,pct_hispanic,0.33841244754674515,0.2602416482778824,0.1934715339580486,1390,0.6077753992641965
y_pv,county_fe+housing_structure+tenure,pct_asian,-0.23048188833455563,0.2646499235455974,0.38381232654720876,1390,0.6077753992641965
y_pv,education+housing_structure+housing_value+tenure,log_median_household_income,0.8876645225494461,0.3056228816851544,0.0036790609839300534,1382,0.13409135948388162
y_pv,education+housing_structure+housing_value+tenure,pct_black,-1.055603016236569,0.62952103771156,0.09357471828729297,1382,0.13409135948388162
y_pv,education+housing_structure+housing_value+tenure,pct_hispanic,1.7534136446915316,0.3835052338515657,4.829243097812286e-06,1382,0.13409135948388162
y_pv,education+housing_structure+housing_value+tenure,pct_asian,-1.1405253610434336,0.3145406724613858,0.00028784222662746534,1382,0.13409135948388162
y_pv,education+housing_structure+housing_value+utility_fe,log_median_household_income,0.890638480410378,0.266279357916623,0.0008235610217218105,1283,0.13953796492434845
y_pv,education+housing_structure+housing_value+utility_fe,pct_black,-1.6431532048395043,0.6580800372223923,0.012528795364089601,1283,0.13953796492434845
y_pv,education+housing_structure+housing_value+utility_fe,pct_hispanic,1.4096737083276203,0.3477682687003835,5.0460083128120945e-05,1283,0.13953796492434845
y_pv,education+housing_structure+housing_value+utility_fe,pct_asian,-1.2455657232523547,0.31276434357464145,6.821089778248113e-05,1283,0.13953796492434845
y_pv,county_fe+education+housing_structure+housing_value,log_median_household_income,0.8644317975364002,0.2470189766615117,0.0004662102576634733,1382,0.6128927691256174
y_pv,county_fe+education+housing_structure+housing_value,pct_black,0.7021767375682345,0.49308313854363767,0.1544310042272055,1382,0.6128927691256174
y_pv,county_fe+education+housing_structure+housing_value,pct_hispanic,0.3113345616302494,0.3758015429940735,0.40741302876476726,1382,0.6128927691256174
y_pv,county_fe+education+housing_structure+housing_value,pct_asian,-0.4284357271321577,0.25515435576983453,0.093127937256843,1382,0.6128927691256174
y_pv,education+housing_value+tenure+utility_fe,log_median_household_income,0.6445571905272104,0.3030885355889813,0.03345083286393884,1283,0.13156140683074558
y_pv,education+housing_value+tenure+utility_fe,pct_black,-2.2459771021981756,0.6916487385018387,0.0011651371037539175,1283,0.13156140683074558
y_pv,education+housing_value+tenure+utility_fe,pct_hispanic,1.626736915225674,0.3619449313217979,6.975585867577815e-06,1283,0.13156140683074558
y_pv,education+housing_value+tenure+utility_fe,pct_asian,-1.2906967034173404,0.30882909591276486,2.9237751089043887e-05,1283,0.13156140683074558
y_pv,county_fe+education+housing_value+tenure,log_median_household_income,0.7499230843283609,0.26291091976402087,0.004339255139550759,1382,0.6118985724531447
y_pv,county_fe+education+housing_value+tenure,pct_black,0.5772418947716882,0.5029713742200532,0.2511074988555535,1382,0.6118985724531447
y_pv,county_fe+education+housing_value+tenure,pct_hispanic,0.5105442718330684,0.3828555050661428,0.1823622456156364,1382,0.6118985724531447
y_pv,county_fe+education+housing_value+tenure,pct_asian,-0.37452102803335086,0.2519438771815707,0.137140145575327,1382,0.6118985724531447
y_pv,education+housing_structure+tenure+utility_fe,log_median_household_income,0.44356218706900286,0.3077063861895068,0.14944032919701206,1291,0.14091577180152548
y_pv,education+housing_structure+tenure+utility_fe,pct_black,-1.8413424265600322,0.6765479533427936,0.006495234062888941,1291,0.14091577180152548
y_pv,education+housing_structure+tenure+utility_fe,pct_hispanic,1.5756765496186407,0.38929635272388274,5.176783078630576e-05,1291,0.14091577180152548
y_pv,education+housing_structure+tenure+utility_fe,pct_asian,-1.0807138897758102,0.31348998196482764,0.0005660865912982311,1291,0.14091577180152548
y_pv,county_fe+education+housing_structure+tenure,log_median_household_income,0.66016428476725,0.2721935123625446,0.01529367313209761,1390,0.6078894687364211
y_pv,county_fe+education+housing_structure+tenure,pct_black,0.571420220821695,0.5041467597411129,0.2570294265747334,1390,0.6078894687364211
y_pv,county_fe+education+housing_structure+tenure,pct_hispanic,0.46225043899142537,0.4081517763236333,0.2574051857836873,1390,0.6078894687364211
y_pv,county_fe+education+housing_structure+tenure,pct_asian,-0.22196447509415923,0.2687231572926043,0.40880589210146623,1390,0.6078894687364211
y_pv,housing_structure+housing_value+tenure+utility_fe,log_median_household_income,1.1710793290085144,0.25809136333996247,5.693572958765385e-06,1283,0.13524739341128011
y_pv,housing_structure+housing_value+tenure+utility_fe,pct_black,-2.0583040586283246,0.6522752806996772,0.001601816655400952,1283,0.13524739341128011
y_pv,housing_structure+housing_value+tenure+utility_fe,pct_hispanic,0.945924174974875,0.2605750477943524,0.0002832663939152693,1283,0.13524739341128011
y_pv,housing_structure+housing_value+tenure+utility_fe,pct_asian,-1.2384519884878609,0.31009246613315156,6.501856044602968e-05,1283,0.13524739341128011
y_pv,county_fe+housing_structure+housing_value+tenure,log_median_household_income,0.7743693500380959,0.22986467143035333,0.0007549470508878973,1382,0.6146671199849172
y_pv,county_fe+housing_structure+housing_value+tenure,pct_black,0.6870834957213898,0.4708752002391984,0.14452035153437956,1382,0.6146671199849172
y_pv,county_fe+housing_structure+housing_value+tenure,pct_hispanic,0.359972199190951,0.2652307588448874,0.17471645719114892,1382,0.6146671199849172
y_pv,county_fe+housing_structure+housing_value+tenure,pct_asian,-0.37523814132254496,0.25312467350836415,0.13822745906760642,1382,0.6146671199849172
y_pv,education+housing_structure+housing_value+tenure+utility_fe,log_median_household_income,0.7159219046249294,0.2946940894564341,0.015124957115458165,1283,0.14153453710322272
y_pv,education+housing_structure+housing_value+tenure+utility_fe,pct_black,-1.6437657740370055,0.6580887632672838,0.012497114262292879,1283,0.14153453710322272
y_pv,education+housing_structure+housing_value+tenure+utility_fe,pct_hispanic,1.6203999427285123,0.37254890348080494,1.364508106261595e-05,1283,0.14153453710322272
y_pv,education+housing_structure+housing_value+tenure+utility_fe,pct_asian,-1.1900438492532335,0.310790955517063,0.00012862249186179985,1283,0.14153453710322272
y_pv,county_fe+education+housing_structure+housing_value+tenure,log_median_household_income,0.7005698382973157,0.25464892013906515,0.005939181031206615,1382,0.6148188522976765
y_pv,county_fe+education+housing_structure+housing_value+tenure,pct_black,0.7573825356806068,0.4945319073634662,0.12564241099692605,1382,0.6148188522976765
y_pv,county_fe+education+housing_structure+housing_value+tenure,pct_hispanic,0.492602707110932,0.3909132596546687,0.20762137970671934,1382,0.6148188522976765
y_pv,county_fe+education+housing_structure+housing_value+tenure,pct_asian,-0.37392153794502947,0.25362563838518415,0.14039949895139606,1382,0.6148188522976765
y_storage,none,log_median_household_income,0.7705269980846008,0.12221114506341463,2.8841126756009426e-10,1390,0.18761660933041724
y_storage,none,pct_black,-1.6524175942273291,0.3284836087699931,4.893515541748436e-07,1390,0.18761660933041724
y_storage,none,pct_hispanic,-0.6118990733115979,0.12597394772347423,1.1896949440374184e-06,1390,0.18761660933041724
y_storage,none,pct_asian,-1.7804453007468937,0.16152612409214742,2.9719200390473647e-28,1390,0.18761660933041724
y_storage,education,log_median_household_income,1.1719883870723005,0.13552408008868694,5.249072067773703e-18,1390,0.20599158725307543
y_storage,education,pct_black,-1.792567456082693,0.3219876383363669,2.5887501703506844e-08,1390,0.20599158725307543
y_storage,education,pct_hispanic,-1.141626587960388,0.16683033295893823,7.753016587042677e-12,1390,0.20599158725307543
y_storage,education,pct_asian,-1.6780860989795106,0.15870941494550003,3.961969376779238e-26,1390,0.20599158725307543
y_storage,housing_value,log_median_household_income,1.0537657692974305,0.14093572544064895,7.608213208500318e-14,1382,0.20255963619185702
y_storage,housing_value,pct_black,-1.561995315469839,0.31893089228846133,9.701522964038585e-07,1382,0.20255963619185702
y_storage,housing_value,pct_hispanic,-0.7559536805745092,0.126441255542709,2.249324835563445e-09,1382,0.20255963619185702
y_storage,housing_value,pct_asian,-1.7650451807228673,0.1610543271012363,5.995109976306654e-28,1382,0.20255963619185702
y_storage,housing_structure,log_median_household_income,0.6596401392315306,0.11615103016299436,1.3535880938073588e-08,1390,0.2830621237727021
y_storage,housing_structure,pct_black,-0.8774874183155325,0.27447419513343635,0.0013887647418257061,1390,0.2830621237727021
y_storage,housing_structure,pct_hispanic,-0.7500647319909706,0.12375867444030585,1.3552677589316168e-09,1390,0.2830621237727021
y_storage,housing_structure,pct_asian,-1.24459203576605,0.14316961384929106,3.525891811943435e-18,1390,0.2830621237727021
y_storage,tenure,log_median_household_income,0.44977637915767354,0.11436696669571182,8.398051040084804e-05,1390,0.27922857486467756
y_storage,tenure,pct_black,-1.059457612961374,0.27586961152531175,0.00012281956969687258,1390,0.27922857486467756
y_storage,tenure,pct_hispanic,-0.46618535631316194,0.11836957175288333,8.203070916523124e-05,1390,0.27922857486467756
y_storage,tenure,pct_asian,-1.2724871859835496,0.14493640900906032,1.6402195646908812e-18,1390,0.27922857486467756
y_storage,utility_fe,log_median_household_income,0.6872649562615131,0.12295268943107371,2.2750157977393964e-08,1291,0.18891000157679383
y_storage,utility_fe,pct_black,-1.7756217412791637,0.3304630793069878,7.73806451563969e-08,1291,0.18891000157679383
y_storage,utility_fe,pct_hispanic,-0.609135425405914,0.12475045722853255,1.0457338425333423e-06,1291,0.18891000157679383
y_storage,utility_fe,pct_asian,-1.6351963371554545,0.16308838414775206,1.1664350165834554e-23,1291,0.18891000157679383
y_storage,county_fe,log_median_household_income,0.8198782987637733,0.11976107257492123,7.597008277153868e-12,1390,0.4205715173110097
y_storage,county_fe,pct_black,-0.6143353905005617,0.31274503750404264,0.04949148981644378,1390,0.4205715173110097
y_storage,county_fe,pct_hispanic,-0.5487503366366898,0.12753138238332337,1.686035016909211e-05,1390,0.4205715173110097
y_storage,county_fe,pct_asian,-0.8269156469714009,0.18042791545196296,4.5817572056341765e-06,1390,0.4205715173110097
y_storage,education+housing_value,log_median_household_income,1.2196314529207994,0.13938583890133208,2.1328002267428777e-18,1382,0.2103038428836166
y_storage,education+housing_value,pct_black,-1.6636917873737276,0.31299800403721445,1.0645653368067786e-07,1382,0.2103038428836166
y_storage,education+housing_value,pct_hispanic,-1.1041929117033034,0.1741411121989598,2.2858408001052763e-10,1382,0.2103038428836166
y_storage,education+housing_value,pct_asian,-1.7143590158877604,0.15759114655150422,1.4590690006061815e-27,1382,0.2103038428836166
y_storage,education+housing_structure,log_median_household_income,0.5321065957799928,0.14904556591988305,0.0003568539250506927,1390,0.28424702397876056
y_storage,education+housing_structure,pct_black,-0.7702265674404444,0.2768428820782211,0.005399518133397369,1390,0.28424702397876056
y_storage,education+housing_structure,pct_hispanic,-0.5959994545852928,0.1721085840379808,0.0005343334343934611,1390,0.28424702397876056
y_storage,education+housing_structure,pct_asian,-1.2349821976562176,0.14334579059913313,6.9694125586147e-18,1390,0.28424702397876056
y_storage,education+tenure,log_median_household_income,0.3878387899181866,0.15028384718475712,0.009859781958809013,1390,0.2794680905226229
y_storage,education+tenure,pct_black,-1.0239232025403084,0.28216955328519877,0.00028479516584112,1390,0.2794680905226229
y_storage,education+tenure,pct_hispanic,-0.3924857051392395,0.17579230898872245,0.02557090542494417,1390,0.2794680905226229
y_storage,education+tenure,pct_asian,-1.2712215899804908,0.14501670463039773,1.850675849946957e-18,1390,0.2794680905226229
y_storage,education+utility_fe,log_median_household_income,0.9818416822652969,0.14253978809662507,5.650520694792959e-12,1291,0.19859687700055417
y_storage,education+utility_fe,pct_black,-1.8934535042677867,0.32470528970028883,5.499766175086069e-09,1291,0.19859687700055417
y_storage,education+utility_fe,pct_hispanic,-0.9896761185236719,0.16354639566720192,1.436389711228842e-09,1291,0.19859687700055417
y_storage,education+utility_fe,pct_asian,-1.5799705426143116,0.1617668704168756,1.5606475404360934e-22,1291,0.19859687700055417
y_storage,county_fe+education,log_median_household_income,1.1487874122988706,0.13577519744155392,2.652038219099893e-17,1390,0.43335368396719354
y_storage,county_fe+education,pct_black,-0.8040025916090625,0.30277606207973706,0.007920585580808747,1390,0.43335368396719354
y_storage,county_fe+education,pct_hispanic,-1.1225171567392982,0.17346126654277352,9.717345441005001e-11,1390,0.43335368396719354
y_storage,county_fe+education,pct_asian,-0.8263441493282887,0.17563277523143744,2.5392305241783017e-06,1390,0.43335368396719354
y_storage,housing_structure+housing_value,log_median_household_income,0.567028970385292,0.13582898401748122,2.985362018909302e-05,1382,0.2853069825051441
y_storage,housing_structure+housing_value,pct_black,-0.7679510979225794,0.2804222537777889,0.006171028414965531,1382,0.2853069825051441
y_storage,housing_structure+housing_value,pct_hispanic,-0.7601880446546672,0.12394083469352592,8.597978881020445e-10,1382,0.2853069825051441
y_storage,housing_structure+housing_value,pct_asian,-1.2658797425223944,0.14004397166192953,1.5788160722751379e-19,1382,0.2853069825051441
y_storage,housing_value+tenure,log_median_household_income,0.4460631368184417,0.15326465126477212,0.0036095367740332125,1382,0.2685089926329227
y_storage,housing_value+tenure,pct_black,-1.040559654907847,0.281958772930412,0.00022384239055991948,1382,0.2685089926329227
y_storage,housing_value+tenure,pct_hispanic,-0.47589121680646096,0.12062860574880255,7.976860302533054e-05,1382,0.2685089926329227
y_storage,housing_value+tenure,pct_asian,-1.3131601578996748,0.14592000470051447,2.2741306475620475e-19,1382,0.2685089926329227
y_storage,housing_value+utility_fe,log_median_household_income,0.9228821655281662,0.1435424608515961,1.2816575428174022e-10,1283,0.1992245130743031
y_storage,housing_value+utility_fe,pct_black,-1.70053774214193,0.3155488143116727,7.0794386729271e-08,1283,0.1992245130743031
y_storage,housing_value+utility_fe,pct_hispanic,-0.7443323776615014,0.12464817462104352,2.351305941936716e-09,1283,0.1992245130743031
y_storage,housing_value+utility_fe,pct_asian,-1.6465166780381217,0.16156568243845337,2.1750392886981555e-24,1283,0.1992245130743031
y_storage,county_fe+housing_value,log_median_household_income,0.9471847694778263,0.13805914321441412,6.851557448454437e-12,1382,0.4294035030570158
y_storage,county_fe+housing_value,pct_black,-0.6061660782754138,0.30726741370725275,0.04852246162864556,1382,0.4294035030570158
y_storage,county_fe+housing_value,pct_hispanic,-0.7076961138985709,0.13085760823431852,6.368304938736191e-08,1382,0.4294035030570158
y_storage,county_fe+housing_value,pct_asian,-0.8760058180936652,0.17864703138251428,9.41168385475285e-07,1382,0.4294035030570158
y_storage,housing_structure+tenure,log_median_household_income,0.5324725794269505,0.1190560829133856,7.73278728847578e-06,1390,0.2914659712210973
y_storage,housing_structure+tenure,pct_black,-0.9168249900191698,0.2687554213815502,0.0006463660237412682,1390,0.2914659712210973
y_storage,housing_structure+tenure,pct_hispanic,-0.6234117374794117,0.12547728799058322,6.753428899246094e-07,1390,0.2914659712210973
y_storage,housing_structure+tenure,pct_asian,-1.2100202656827825,0.14212496096917632,1.68357216341716e-17,1390,0.2914659712210973
y_storage,housing_structure+utility_fe,log_median_household_income,0.6370138328891071,0.1174780619661188,5.8801900429830324e-08,1291,0.26916290613070737
y_storage,housing_structure+utility_fe,pct_black,-1.0724806775244227,0.27293748047101546,8.515789749950429e-05,1291,0.26916290613070737
y_storage,housing_structure+utility_fe,pct_hispanic,-0.712723835456221,0.12239367092775416,5.772854435502935e-09,1291,0.26916290613070737
y_storage,housing_structure+utility_fe,pct_asian,-1.2108315615634146,0.14700688559295833,1.7722750127124957e-16,1291,0.26916290613070737
y_storage,county_fe+housing_structure,log_median_household_income,0.6654322014946685,0.12110423233842423,3.9136094545758466e-08,1390,0.4707728641136303
y_storage,county_fe+housing_structure,pct_black,-0.2326109090202618,0.27925518982766856,0.4048622274282284,1390,0.4707728641136303
y_storage,county_fe+housing_structure,pct_hispanic,-0.7254176065131049,0.13164261748764355,3.578009416473009e-08,1390,0.4707728641136303
y_storage,county_fe+housing_structure,pct_asian,-0.7311732239524645,0.15835317443502636,3.886573142887933e-06,1390,0.4707728641136303
y_storage,tenure+utility_fe,log_median_household_income,0.40706903402459366,0.11252041237097289,0.0002971924525504949,1291,0.2727951582031273
y_storage,tenure+utility_fe,pct_black,-1.2219499120950508,0.2702630800041792,6.145086054876652e-06,1291,0.2727951582031273
y_storage,tenure+utility_fe,pct_hispanic,-0.45014109710799644,0.1178100676398483,0.0001329627712774753,1291,0.2727951582031273
y_storage,tenure+utility_fe,pct_asian,-1.2089654105528955,0.15010272778180778,7.996537892170999e-16,1291,0.2727951582031273
y_storage,county_fe+tenure,log_median_household_income,0.47659341843371866,0.11502868225551637,3.4240752780243154e-05,1390,0.47999565126345256
y_storage,county_fe+tenure,pct_black,-0.19587274780753575,0.27767630853426584,0.48056161339774417,1390,0.47999565126345256
y_storage,county_fe+tenure,pct_hispanic,-0.5288081974276547,0.12117622416418704,1.2772893148493575e-05,1390,0.47999565126345256
y_storage,county_fe+tenure,pct_asian,-0.6958325202190668,0.15485645011825,7.009378074240744e-06,1390,0.47999565126345256
y_storage,education+housing_structure+housing_value,log_median_household_income,0.4757325735553051,0.14737551135609903,0.0012464589647643027,1382,0.28630688257230874
y_storage,education+housing_structure+housing_value,pct_black,-0.6873263226944939,0.2778995883189932,0.013387539095203365,1382,0.28630688257230874
y_storage,education+housing_structure+housing_value,pct_hispanic,-0.622397397268865,0.1763037735788443,0.00041515826179663114,1382,0.28630688257230874
y_storage,education+housing_structure+housing_value,pct_asian,-1.260191556955365,0.1401128889996694,2.3814119290310457e-19,1382,0.28630688257230874
y_storage,education+housing_value+tenure,log_median_household_income,0.42692187857924774,0.16616741515020556,0.010192554400330393,1382,0.2685509083650549
y_storage,education+housing_value+tenure,pct_black,-1.0273472994112098,0.28287081117599183,0.0002813853280556182,1382,0.2685509083650549
y_storage,education+housing_value+tenure,pct_hispanic,-0.4455815212512715,0.18299339020007932,0.01489345042006319,1382,0.2685509083650549
y_storage,education+housing_value+tenure,pct_asian,-1.31268501513073,0.14620777463617712,2.7519184319573842e-19,1382,0.2685509083650549
y_storage,education+housing_value+utility_fe,log_median_household_income,1.028995915352205,0.14677837288163945,2.3739703767122433e-12,1283,0.20245636475496143
y_storage,education+housing_value+utility_fe,pct_black,-1.767610543444339,0.31348273481696304,1.7141667695606775e-08,1283,0.20245636475496143
y_storage,education+housing_value+utility_fe,pct_hispanic,-0.9625012468587846,0.16688847118529632,8.053622524165748e-09,1283,0.20245636475496143
y_storage,education+housing_value+utility_fe,pct_asian,-1.6211067397823349,0.15996333867748344,3.893928168988463e-24,1283,0.20245636475496143
y_storage,county_fe+education+housing_value,log_median_household_income,1.1043376304155277,0.13792726473377878,1.1785940061751647e-15,1382,0.43686116568421896
y_storage,county_fe+education+housing_value,pct_black,-0.7489206470982787,0.29954720368017546,0.01241317168736937,1382,0.43686116568421896
y_storage,county_fe+education+housing_value,pct_hispanic,-1.1328641154051686,0.18082947632324486,3.7325636967771226e-10,1382,0.43686116568421896
y_storage,county_fe+education+housing_value,pct_asian,-0.8529982584424769,0.1747861961314082,1.059578243100101e-06,1382,0.43686116568421896
y_storage,education+housing_structure+tenure,log_median_household_income,0.3658802461519264,0.14973405729690908,0.014544202807550156,1390,0.2933357962232438
y_storage,education+housing_structure+tenure,pct_black,-0.7832370057614825,0.2719893233222409,0.003981031662665715,1390,0.2933357962232438
y_storage,education+housing_structure+tenure,pct_hispanic,-0.42336454489713304,0.17706973057141326,0.016804925904026193,1390,0.2933357962232438
y_storage,education+housing_structure+tenure,pct_asian,-1.1963530454589564,0.14212635160412118,3.844998240278706e-17,1390,0.2933357962232438
y_storage,education+housing_structure+utility_fe,log_median_household_income,0.44240250592792324,0.15261677156458478,0.0037461717362101726,1291,0.27212937812229465
y_storage,education+housing_structure+utility_fe,pct_black,-0.8980535884764346,0.2755277594668496,0.001116504046735155,1291,0.27212937812229465
y_storage,education+housing_structure+utility_fe,pct_hispanic,-0.47192994440214314,0.17201279586507173,0.0060774230307813915,1291,0.27212937812229465
y_storage,education+housing_structure+utility_fe,pct_asian,-1.192895520184237,0.14679308749519457,4.423230719248461e-16,1291,0.27212937812229465
y_storage,county_fe+education+housing_structure,log_median_household_income,0.6318223114347317,0.1529393212915227,3.608807212332713e-05,1390,0.47085247407625086
y_storage,county_fe+education+housing_structure,pct_black,-0.2017790279618957,0.282199839758005,0.4745955934602223,1390,0.47085247407625086
y_storage,county_fe+education+housing_structure,pct_hispanic,-0.6744805595386502,0.1836341479011785,0.00023975866244016123,1390,0.47085247407625086
y_storage,county_fe+education+housing_structure,pct_asian,-0.7278290784470635,0.15896599477067272,4.682761007320674e-06,1390,0.47085247407625086
y_storage,education+tenure+utility_fe,log_median_household_income,0.20585720786490438,0.15380796156617732,0.18076473994329056,1291,0.2753466309866216
y_storage,education+tenure+utility_fe,pct_black,-1.0979777077416233,0.2746545247608219,6.396948617078626e-05,1291,0.2753466309866216
y_storage,education+tenure+utility_fe,pct_hispanic,-0.21019902543235594,0.17577122445347704,0.23174842359681225,1291,0.2753466309866216
y_storage,education+tenure+utility_fe,pct_asian,-1.1995406517738318,0.1500709814965007,1.3152834060050882e-15,1291,0.2753466309866216
y_storage,county_fe+education+tenure,log_median_household_income,0.4439481182993141,0.14811734810489188,0.0027240670810067136,1390,0.48005791024839806
y_storage,county_fe+education+tenure,pct_black,-0.1730144342272129,0.28426047556315837,0.5427580976996422,1390,0.48005791024839806
y_storage,county_fe+education+tenure,pct_hispanic,-0.482448571579341,0.17976959220670538,0.007281129931552297,1390,0.48005791024839806
y_storage,county_fe+education+tenure,pct_asian,-0.6934807161120996,0.15540816219156112,8.107759738747296e-06,1390,0.48005791024839806
y_storage,housing_structure+housing_value+tenure,log_median_household_income,0.49392894577519425,0.15021158356878955,0.0010082251247043568,1382,0.28730871877874353
y_storage,housing_structure+housing_value+tenure,pct_black,-0.7926448941773137,0.2761992447492854,0.004106924623859868,1382,0.28730871877874353
y_storage,housing_structure+housing_value+tenure,pct_hispanic,-0.6798665600982857,0.13090702569120155,2.0636912971072518e-07,1382,0.28730871877874353
y_storage,housing_structure+housing_value+tenure,pct_asian,-1.2420461284279767,0.14075494425407808,1.102705987909131e-18,1382,0.28730871877874353
y_storage,housing_structure+housing_value+utility_fe,log_median_household_income,0.5587335402017427,0.13701851568788403,4.5464651348838015e-05,1283,0.269518404769316
y_storage,housing_structure+housing_value+utility_fe,pct_black,-0.9766706458880439,0.2652031744492442,0.00023075307201473602,1283,0.269518404769316
y_storage,housing_structure+housing_value+utility_fe,pct_hispanic,-0.7363437064081187,0.12358346510689495,2.5492142110181043e-09,1283,0.269518404769316
y_storage,housing_structure+housing_value+utility_fe,pct_asian,-1.242475040991956,0.14427203524570317,7.177829105148856e-18,1283,0.269518404769316
y_storage,county_fe+housing_structure+housing_value,log_median_household_income,0.529043509091885,0.13619678829278575,0.00010258071862454516,1382,0.47582833782547307
y_storage,county_fe+housing_structure+housing_value,pct_black,-0.1564649512855757,0.2902143001295937,0.5897930778149765,1382,0.47582833782547307
y_storage,county_fe+housing_structure+housing_value,pct_hispanic,-0.7453738794926744,0.1313310527305598,1.3825652806845352e-08,1382,0.47582833782547307
y_storage,county_fe+housing_structure+housing_value,pct_asian,-0.7306424070724559,0.15510687308934432,2.470200593653323e-06,1382,0.47582833782547307
y_storage,housing_value+tenure+utility_fe,log_median_household_income,0.3764223362321541,0.15152268645159087,0.012981957096310786,1283,0.2593792625471528
y_storage,housing_value+tenure+utility_fe,pct_black,-1.1942602286540347,0.270283457312599,9.936655550742047e-06,1283,0.2593792625471528
y_storage,housing_value+tenure+utility_fe,pct_hispanic,-0.4603571244668821,0.12060927477643164,0.00013512264292821978,1283,0.2593792625471528
y_storage,housing_value+tenure+utility_fe,pct_asian,-1.2549281738818898,0.15098835425203372,9.456070409200041e-17,1283,0.2593792625471528
y_storage,county_fe+housing_value+tenure,log_median_household_income,0.37876844486843025,0.1474380722898337,0.010199238329582668,1382,0.47443041448193657
y_storage,county_fe+housing_value+tenure,pct_black,-0.17343381279242084,0.2883574936268409,0.5475375377600628,1382,0.47443041448193657
y_storage,county_fe+housing_value+tenure,pct_hispanic,-0.5096411258788419,0.12361393325691272,3.742210065458162e-05,1382,0.47443041448193657
y_storage,county_fe+housing_value+tenure,pct_asian,-0.6837996742646686,0.1555635051513255,1.1045172673998657e-05,1382,0.47443041448193657
y_storage,housing_structure+tenure+utility_fe,log_median_household_income,0.481556726756222,0.11928691418741746,5.4147860376248126e-05,1291,0.2807522001425218
y_storage,housing_structure+tenure+utility_fe,pct_black,-1.1178449964535517,0.26741670743422247,2.9130227380146694e-05,1291,0.2807522001425218
y_storage,housing_structure+tenure+utility_fe,pct_hispanic,-0.5630380537807913,0.12443283485542414,6.044262539044179e-06,1291,0.2807522001425218
y_storage,housing_structure+tenure+utility_fe,pct_asian,-1.1740244480724042,0.14694249424281502,1.3528243550185374e-15,1291,0.2807522001425218
y_storage,county_fe+housing_structure+tenure,log_median_household_income,0.504400102144994,0.1184808131934788,2.0697516078671726e-05,1390,0.48221037070643513
y_storage,county_fe+housing_structure+tenure,pct_black,-0.19244225672711004,0.27606717088293786,0.48574966226575456,1390,0.48221037070643513
y_storage,county_fe+housing_structure+tenure,pct_hispanic,-0.5910618675721604,0.12914559985361543,4.723471155991426e-06,1390,0.48221037070643513
y_storage,county_fe+housing_structure+tenure,pct_asian,-0.7002276315885062,0.1548894835254183,6.160025642652832e-06,1390,0.48221037070643513
y_storage,education+housing_structure+housing_value+tenure,log_median_household_income,0.39167264118665834,0.1600905715850947,0.014422315971924525,1382,0.2884815233594842
y_storage,education+housing_structure+housing_value+tenure,pct_black,-0.7062697160586373,0.2744344432452436,0.010066220916414192,1382,0.2884815233594842
y_storage,education+housing_structure+housing_value+tenure,pct_hispanic,-0.5268552315403877,0.18187298583510758,0.003769532327250504,1382,0.2884815233594842
y_storage,education+housing_structure+housing_value+tenure,pct_asian,-1.2348264968028932,0.1408591420795327,1.8448243517560257e-18,1382,0.2884815233594842
y_storage,education+housing_structure+housing_value+utility_fe,log_median_household_income,0.4029325733625433,0.15173022419649412,0.007917087626082108,1283,0.2727624101656191
y_storage,education+housing_structure+housing_value+utility_fe,pct_black,-0.8289072645200479,0.2684525051775949,0.002016956460357198,1283,0.2727624101656191
y_storage,education+housing_structure+housing_value+utility_fe,pct_hispanic,-0.49379902910405543,0.17398610787494395,0.0045375561330135575,1283,0.2727624101656191
y_storage,education+housing_structure+housing_value+utility_fe,pct_asian,-1.2286500495446386,0.14375759152740583,1.2668042725140996e-17,1283,0.2727624101656191
y_storage,county_fe+education+housing_structure+housing_value,log_median_household_income,0.5068220826855064,0.14776729213796147,0.0006038783189091128,1382,0.4758841067203181
y_storage,county_fe+education+housing_structure+housing_value,pct_black,-0.13505076944787583,0.2861899418193379,0.6370038151635397,1382,0.4758841067203181
y_storage,county_fe+education+housing_structure+housing_value,pct_hispanic,-0.7051611851233034,0.18503159477428865,0.00013838828415127174,1382,0.4758841067203181
y_storage,county_fe+education+housing_structure+housing_value,pct_asian,-0.730372164185453,0.15500042398347405,2.452184216092984e-06,1382,0.4758841067203181
y_storage,education+housing_value+tenure+utility_fe,log_median_household_income,0.25721817253931784,0.16923832779262582,0.1285467482534356,1283,0.2610140947575613
y_storage,education+housing_value+tenure+utility_fe,pct_black,-1.1078837947906535,0.27502135509284764,5.616836108637764e-05,1283,0.2610140947575613
y_storage,education+housing_value+tenure+utility_fe,pct_hispanic,-0.27283452722921514,0.18266748526340365,0.13527680453294083,1283,0.2610140947575613
y_storage,education+housing_value+tenure+utility_fe,pct_asian,-1.247653321631527,0.15147230133281175,1.768166376853084e-16,1283,0.2610140947575613
y_storage,county_fe+education+housing_value+tenure,log_median_household_income,0.40332874294396626,0.15879496029838486,0.011087334100195563,1382,0.47449602776573363
y_storage,county_fe+education+housing_value+tenure,pct_black,-0.1944667354692193,0.28775904186132495,0.49916945526538403,1382,0.47449602776573363
y_storage,county_fe+education+housing_value+tenure,pct_hispanic,-0.5556213067190799,0.18475865424329466,0.0026359543245100055,1382,0.47449602776573363
y_storage,county_fe+education+housing_value+tenure,pct_asian,-0.6844113746731453,0.15592696559025623,1.1371226784424393e-05,1382,0.47449602776573363
y_storage,education+housing_structure+tenure+utility_fe,log_median_household_income,0.22214700986679592,0.15273654840377265,0.14582278882836056,1291,0.2854502204655024
y_storage,education+housing_structure+tenure+utility_fe,pct_black,-0.9002411872564499,0.2703335133604283,0.0008681069972977432,1291,0.2854502204655024
y_storage,education+housing_structure+tenure+utility_fe,pct_hispanic,-0.24551059269855827,0.17915635033726418,0.17057124927946266,1291,0.2854502204655024
y_storage,education+housing_structure+tenure+utility_fe,pct_asian,-1.1483027540883708,0.1465990268936596,4.765562867897537e-15,1291,0.2854502204655024
y_storage,county_fe+education+housing_structure+tenure,log_median_household_income,0.43238079831073667,0.14830284285432982,0.003550894876055536,1390,0.48254886587459445
y_storage,county_fe+education+housing_structure+tenure,pct_black,-0.12800906945330584,0.28004955003860765,0.647603224963964,1390,0.48254886587459445
y_storage,county_fe+education+housing_structure+tenure,pct_hispanic,-0.4835798273047645,0.18450080857508766,0.008766779052986541,1390,0.48254886587459445
y_storage,county_fe+education+housing_structure+tenure,pct_asian,-0.6928351590344864,0.15522713537703792,8.06829349291731e-06,1390,0.48254886587459445
y_storage,housing_structure+housing_value+tenure+utility_fe,log_median_household_income,0.4568937710094127,0.15051995658357833,0.002401877904986762,1283,0.2726930570975087
y_storage,housing_structure+housing_value+tenure+utility_fe,pct_black,-1.001160042662024,0.2627343223686487,0.00013866272348657114,1283,0.2726930570975087
y_storage,housing_structure+housing_value+tenure+utility_fe,pct_hispanic,-0.6301507866130023,0.13063714394166945,1.409388304044697e-06,1283,0.2726930570975087
y_storage,housing_structure+housing_value+tenure+utility_fe,pct_asian,-1.2130072583384803,0.14609935907758634,1.0184139010382163e-16,1283,0.2726930570975087
y_storage,county_fe+housing_structure+housing_value+tenure,log_median_household_income,0.4156023159340396,0.14777359898447306,0.0049169331561547715,1382,0.47979264498182406
y_storage,county_fe+housing_structure+housing_value+tenure,pct_black,-0.12158459247172827,0.29088590653962815,0.6759614855338172,1382,0.47979264498182406
y_storage,county_fe+housing_structure+housing_value+tenure,pct_hispanic,-0.6236291339115492,0.1350403982349116,3.872824650836008e-06,1382,0.47979264498182406
y_storage,county_fe+housing_structure+housing_value+tenure,pct_asian,-0.6911951267389735,0.15453289202723527,7.720102626485727e-06,1382,0.47979264498182406
y_storage,education+housing_structure+housing_value+tenure+utility_fe,log_median_household_income,0.27837457496623025,0.1648300254772767,0.09124656684078584,1283,0.2765041724095372
y_storage,education+housing_structure+housing_value+tenure+utility_fe,pct_black,-0.8426559261513215,0.26629901417750884,0.0015544451858251907,1283,0.2765041724095372
y_storage,education+housing_structure+housing_value+tenure+utility_fe,pct_hispanic,-0.3569110543467013,0.18403652603374557,0.05245885503494265,1283,0.2765041724095372
y_storage,education+housing_structure+housing_value+tenure+utility_fe,pct_asian,-1.1953429785471266,0.14581370831034324,2.4494690144038076e-16,1283,0.2765041724095372
y_storage,county_fe+education+housing_structure+housing_value+tenure,log_median_household_income,0.3875575256561127,0.15659510591763506,0.013327277620104973,1382,0.4798784230780848
y_storage,county_fe+education+housing_structure+housing_value+tenure,pct_black,-0.09487002775589953,0.28720173935565785,0.7411541070561756,1382,0.4798784230780848
y_storage,county_fe+education+housing_structure+housing_value+tenure,pct_hispanic,-0.5732277871907705,0.18628225004482032,0.002089548730440709,1382,0.4798784230780848
y_storage,county_fe+education+housing_structure+housing_value+tenure,pct_asian,-0.6906948000466863,0.1544152414736133,7.714046931415755e-06,1382,0.4798784230780848
y_chargers,none,log_median_household_income,0.16430725828714546,0.09766053504812754,0.09248500337879227,1390,0.07927303864934776
y_chargers,none,pct_black,-0.006876953067918824,0.34328856298249427,0.9840173885805512,1390,0.07927303864934776
y_chargers,none,pct_hispanic,-0.3989838367835796,0.10467713675458969,0.00013808905958311217,1390,0.07927303864934776
y_chargers,none,pct_asian,0.41029969285916457,0.14647789709112766,0.005092824403136925,1390,0.07927303864934776
y_chargers,education,log_median_household_income,-0.4708717757113068,0.1121993205679496,2.707802405736166e-05,1390,0.1606224756881186
y_chargers,education,pct_black,0.21486355874691032,0.3394421388379117,0.5267400207527466,1390,0.1606224756881186
y_chargers,education,pct_hispanic,0.4391336516393116,0.1329001289807352,0.0009523495775325658,1390,0.1606224756881186
y_chargers,education,pct_asian,0.24835032317383646,0.1351026507453944,0.06602789131862667,1390,0.1606224756881186
y_chargers,housing_value,log_median_household_income,-0.1859240087541505,0.1223898125832665,0.12873394523502238,1382,0.10981626390173116
y_chargers,housing_value,pct_black,0.033859112027260885,0.3452429042103532,0.9218740862585404,1382,0.10981626390173116
y_chargers,housing_value,pct_hispanic,-0.25073783244944986,0.10393570801296413,0.015846491216986357,1382,0.10981626390173116
y_chargers,housing_value,pct_asian,0.3400923856454456,0.14892892784549713,0.02239572678741527,1382,0.10981626390173116
y_chargers,housing_structure,log_median_household_income,0.31112721581126135,0.10133553992783129,0.002138671203613881,1390,0.19468866045007094
y_chargers,housing_structure,pct_black,-0.5792418580677685,0.38147958389200365,0.12891144009166314,1390,0.19468866045007094
y_chargers,housing_structure,pct_hispanic,-0.2721540218766497,0.10063543561815538,0.006843697056884857,1390,0.19468866045007094
y_chargers,housing_structure,pct_asian,-0.03087389508769789,0.1311660719906783,0.8139136594468808,1390,0.19468866045007094
y_chargers,tenure,log_median_household_income,0.41738125586339586,0.09741584934085538,1.8312482589180243e-05,1390,0.18013681592347375
y_chargers,tenure,pct_black,-0.47472563053537864,0.3718068063772881,0.20167030100078842,1390,0.18013681592347375
y_chargers,tenure,pct_hispanic,-0.5139527587009668,0.09811931557788788,1.622921574196206e-07,1390,0.18013681592347375
y_chargers,tenure,pct_asian,0.009517954278104866,0.13640009002338133,0.9443690228336826,1390,0.18013681592347375
y_chargers,utility_fe,log_median_household_income,0.17751162879547921,0.10372631749734684,0.08701724112378424,1291,0.0720919748067338
y_chargers,utility_fe,pct_black,-0.14400683614412033,0.35931143572066554,0.6885780087648264,1291,0.0720919748067338
y_chargers,utility_fe,pct_hispanic,-0.37320087059556173,0.11364502859376381,0.0010237497420961727,1291,0.0720919748067338
y_chargers,utility_fe,pct_asian,0.36801135457395573,0.15115666157344268,0.014906802830729513,1291,0.0720919748067338
y_chargers,county_fe,log_median_household_income,0.047037334734395225,0.1101444131262793,0.6693418313544239,1390,0.1502991474944636
y_chargers,county_fe,pct_black,0.21187255476674574,0.37540127319965855,0.5724890507407554,1390,0.1502991474944636
y_chargers,county_fe,pct_hispanic,-0.6114248409092443,0.1244614124590937,8.98923383550186e-07,1390,0.1502991474944636
y_chargers,county_fe,pct_asian,0.2758873572914303,0.17098275123670287,0.1066274321514231,1390,0.1502991474944636
y_chargers,education+housing_value,log_median_household_income,-0.5069257129025792,0.12024210975119251,2.488114807031545e-05,1382,0.16097550695224194
y_chargers,education+housing_value,pct_black,0.2306734263209255,0.3387461927705363,0.4958952713041279,1382,0.16097550695224194
y_chargers,education+housing_value,pct_hispanic,0.42321342860606276,0.13736444682095814,0.0020633909496219184,1382,0.16097550695224194
y_chargers,education+housing_value,pct_asian,0.24199888653614238,0.13633896774072413,0.07590125549064192,1382,0.16097550695224194
y_chargers,education+housing_structure,log_median_household_income,-0.04079748845927341,0.13732245170811447,0.7663957902163607,1390,0.21064581360471057
y_chargers,education+housing_structure,pct_black,-0.283258995814468,0.37562307968219816,0.4507865696393254,1390,0.21064581360471057
y_chargers,education+housing_structure,pct_hispanic,0.15298414743921784,0.1450324631810292,0.29150448714557387,1390,0.21064581360471057
y_chargers,education+housing_structure,pct_asian,-0.004355856433571165,0.128940654384851,0.9730510932793669,1390,0.21064581360471057
y_chargers,education+tenure,log_median_household_income,-0.02811456816467987,0.13057598666665243,0.8295241261863129,1390,0.2020515180722391
y_chargers,education+tenure,pct_black,-0.21913881086486073,0.3667229150109792,0.5501338051521827,1390,0.2020515180722391
y_chargers,education+tenure,pct_hispanic,0.016143540389153072,0.13939676306768364,0.907803117838775,1390,0.2020515180722391
y_chargers,education+tenure,pct_asian,0.018620952008010283,0.13233647873640056,0.8880997248946276,1390,0.2020515180722391
y_chargers,education+utility_fe,log_median_household_income,-0.5145157131653445,0.12225151335602484,2.5688346723326555e-05,1291,0.15847794491532852
y_chargers,education+utility_fe,pct_black,0.1328066203897168,0.3543981316903019,0.7078549645510763,1291,0.15847794491532852
y_chargers,education+utility_fe,pct_hispanic,0.52077526913108,0.14569362041645179,0.00035095835587014716,1291,0.15847794491532852
y_chargers,education+utility_fe,pct_asian,0.2382734749984008,0.13807511302108882,0.08440497986785468,1291,0.15847794491532852
y_chargers,county_fe+education,log_median_household_income,-0.5114860667324105,0.12214299893983752,2.819193651016996e-05,1390,0.2154857568975529
y_chargers,county_fe+education,pct_black,0.5339480642327047,0.375008421689297,0.15449582564502048,1390,0.2154857568975529
y_chargers,county_fe+education,pct_hispanic,0.36289354318231937,0.1658040736661879,0.028619455985296798,1390,0.2154857568975529
y_chargers,county_fe+education,pct_asian,0.2749168922163488,0.1583904821558497,0.08261853278175699,1390,0.2154857568975529
y_chargers,housing_structure+housing_value,log_median_household_income,0.22719690395878872,0.13681485607292404,0.096790644992398,1382,0.1969737912801861
y_chargers,housing_structure+housing_value,pct_black,-0.47072530019478,0.3810944132429727,0.21675853873728534,1382,0.1969737912801861
y_chargers,housing_structure+housing_value,pct_hispanic,-0.21670259650496437,0.10261413232884567,0.03470187481641746,1382,0.1969737912801861
y_chargers,housing_structure+housing_value,pct_asian,-0.03355704670339444,0.13133000763894528,0.7983238319930877,1382,0.1969737912801861
y_chargers,housing_value+tenure,log_median_household_income,0.3127837089349649,0.13789460592461922,0.023312087727933566,1382,0.18815311120663147
y_chargers,housing_value+tenure,pct_black,-0.3940541045726826,0.3683416209692937,0.28470660630540157,1382,0.18815311120663147
y_chargers,housing_value+tenure,pct_hispanic,-0.48056950447382557,0.09923049070298266,1.2791770284276988e-06,1382,0.18815311120663147
y_chargers,housing_value+tenure,pct_asian,-0.03074449467297277,0.13591290405488504,0.8210401725125392,1382,0.18815311120663147
y_chargers,housing_value+utility_fe,log_median_household_income,-0.22444090753934104,0.1361442616581539,0.09923943014266325,1283,0.10394783874640368
y_chargers,housing_value+utility_fe,pct_black,-0.0643951052464821,0.3612133832540077,0.8585074693857992,1283,0.10394783874640368
y_chargers,housing_value+utility_fe,pct_hispanic,-0.20623687314278014,0.11350934815121651,0.06923008115516212,1283,0.10394783874640368
y_chargers,housing_value+utility_fe,pct_asian,0.3157440339215869,0.1531650251090081,0.03925888875833807,1283,0.10394783874640368
y_chargers,county_fe+housing_value,log_median_household_income,-0.23499891507486387,0.1312128802484112,0.07329739634559511,1382,0.16797654273348284
y_chargers,county_fe+housing_value,pct_black,0.296805229933598,0.38269047461547645,0.4379998657772731,1382,0.16797654273348284
y_chargers,county_fe+housing_value,pct_hispanic,-0.4408552919347699,0.1270743567927562,0.000521874112988655,1382,0.16797654273348284
y_chargers,county_fe+housing_value,pct_asian,0.3162019702577189,0.1699622838964845,0.0628255133473753,1382,0.16797654273348284
y_chargers,housing_structure+tenure,log_median_household_income,0.3971824821059089,0.10581461621342168,0.00017433439057497558,1390,0.20149483954997371
y_chargers,housing_structure+tenure,pct_black,-0.5526218205874576,0.3813550691618785,0.14730951901985417,1390,0.20149483954997371
y_chargers,housing_structure+tenure,pct_hispanic,-0.3578610778774491,0.0982732633997134,0.0002710649569723478,1390,0.20149483954997371
y_chargers,housing_structure+tenure,pct_asian,-0.05426887793856011,0.1316705029232749,0.6802245833341745,1390,0.20149483954997371
y_chargers,housing_structure+utility_fe,log_median_household_income,0.27948329433385344,0.10593306503233316,0.00833226274057685,1291,0.19396050455897607
y_chargers,housing_structure+utility_fe,pct_black,-0.7513415393333046,0.40883006185500625,0.06609417065420871,1291,0.19396050455897607
y_chargers,housing_structure+utility_fe,pct_hispanic,-0.25654529136009124,0.10851054477298196,0.018066959804570137,1291,0.19396050455897607
y_chargers,housing_structure+utility_fe,pct_asian,-0.048966796411217504,0.13563745835891428,0.7180902213246925,1291,0.19396050455897607
y_chargers,county_fe+housing_structure,log_median_household_income,0.31054648987746664,0.11210436262257095,0.005602957739398692,1390,0.27243418193486224
y_chargers,county_fe+housing_structure,pct_black,-0.14983985112850207,0.40913666504528234,0.7141903026456589,1390,0.27243418193486224
y_chargers,county_fe+housing_structure,pct_hispanic,-0.3530900563959783,0.11540143889730155,0.002215826868332121,1390,0.27243418193486224
y_chargers,county_fe+housing_structure,pct_asian,0.20028710260914218,0.15110829098788475,0.1850205863140617,1390,0.27243418193486224
y_chargers,tenure+utility_fe,log_median_household_income,0.42996139423489804,0.10402645483260388,3.577583713297209e-05,1291,0.18212455480033185
y_chargers,tenure+utility_fe,pct_black,-0.6428517953858209,0.39258163725179707,0.10152637696211776,1291,0.18212455480033185
y_chargers,tenure+utility_fe,pct_hispanic,-0.5164509242172747,0.10572555097256787,1.0352021187157224e-06,1291,0.18212455480033185
y_chargers,tenure+utility_fe,pct_asian,-0.016012426303523907,0.14007608310351427,0.9089901924220571,1291,0.18212455480033185
y_chargers,county_fe+tenure,log_median_household_income,0.3721095533070215,0.10610503013179308,0.0004532017866563793,1390,0.24453934828466628
y_chargers,county_fe+tenure,pct_black,-0.18438893953267432,0.4038142211058392,0.6479454654468677,1390,0.24453934828466628
y_chargers,county_fe+tenure,pct_hispanic,-0.6303089683707598,0.11576135002561645,5.183451364975979e-08,1390,0.24453934828466628
y_chargers,county_fe+tenure,pct_asian,0.15175872456560432,0.15741047907986172,0.33499808034789413,1390,0.24453934828466628
y_chargers,education+housing_structure+housing_value,log_median_household_income,-0.026612205582885705,0.15121258935110993,0.8603002297255754,1382,0.21060421376756877
y_chargers,education+housing_structure+housing_value,pct_black,-0.2465838979251168,0.3757646817549629,0.51168326973376,1382,0.21060421376756877
y_chargers,education+housing_structure+housing_value,pct_hispanic,0.16636314026477222,0.14556191050482087,0.2530788780801485,1382,0.21060421376756877
y_chargers,education+housing_structure+housing_value,pct_asian,-0.0177435714321999,0.1291409930691707,0.890717085404711,1382,0.21060421376756877
y_chargers,education+housing_value+tenure,log_median_household_income,0.016839521206619856,0.1454833552764831,0.9078516434300438,1382,0.20582574611339666
y_chargers,education+housing_value+tenure,pct_black,-0.18977705201289694,0.3638854561151705,0.6019978611573131,1382,0.20582574611339666
y_chargers,education+housing_value+tenure,pct_hispanic,-0.01194941068897741,0.13616667966462323,0.9300707991218506,1382,0.20582574611339666
y_chargers,education+housing_value+tenure,pct_asian,-0.02339828268154315,0.13180610407239943,0.8590995810605229,1382,0.20582574611339666
y_chargers,education+housing_value+utility_fe,log_median_household_income,-0.5714051785737428,0.1334929801869618,1.8654623297763593e-05,1283,0.15938147956657334
y_chargers,education+housing_value+utility_fe,pct_black,0.15491545204435642,0.35457587817382236,0.6621813133930755,1283,0.15938147956657334
y_chargers,education+housing_value+utility_fe,pct_hispanic,0.5071183969227249,0.1483902654050139,0.0006320744193956626,1283,0.15938147956657334
y_chargers,education+housing_value+utility_fe,pct_asian,0.23266016666998995,0.1392929523065242,0.09486123215255807,1283,0.15938147956657334
y_chargers,county_fe+education+housing_value,log_median_household_income,-0.53416799282707,0.13115090213482722,4.6426066473862146e-05,1382,0.21564566320561307
y_chargers,county_fe+education+housing_value,pct_black,0.568564537685454,0.37309177909146596,0.12752701347550938,1382,0.21564566320561307
y_chargers,county_fe+education+housing_value,pct_hispanic,0.36852939340614144,0.16644613790610582,0.026821487667738078,1382,0.21564566320561307
y_chargers,county_fe+education+housing_value,pct_asian,0.27240289233380305,0.1587842804795585,0.08624383675654564,1382,0.21564566320561307
y_chargers,education+housing_structure+tenure,log_median_household_income,0.05219407259069889,0.13853632740979288,0.7063566587501269,1390,0.21567636446579597
y_chargers,education+housing_structure+tenure,pct_black,-0.2759806011908918,0.37633212479103256,0.46334913855107407,1390,0.21567636446579597
y_chargers,education+housing_structure+tenure,pct_hispanic,0.05640746281883975,0.1387006232709891,0.6842393596489251,1390,0.21567636446579597
y_chargers,education+housing_structure+tenure,pct_asian,-0.025966059466359593,0.1294311008521664,0.8409981832216956,1390,0.21567636446579597
y_chargers,education+housing_structure+utility_fe,log_median_household_income,-0.10518767397327304,0.14584982935709095,0.47078319437562044,1291,0.21268856060744223
y_chargers,education+housing_structure+utility_fe,pct_black,-0.40656696587545227,0.40323123519204634,0.31332366077825735,1291,0.21268856060744223
y_chargers,education+housing_structure+utility_fe,pct_hispanic,0.21941065981996877,0.15863934634682672,0.16664081538451436,1291,0.21268856060744223
y_chargers,education+housing_structure+utility_fe,pct_asian,-0.013514212470307707,0.13276681462396211,0.9189240902062064,1291,0.21268856060744223
y_chargers,county_fe+education+housing_structure,log_median_household_income,0.06520014894683537,0.14169969532423718,0.6454235797267003,1390,0.2799368440730947
y_chargers,county_fe+education+housing_structure,pct_black,0.07522750815643646,0.41104297476915364,0.8547853364063609,1390,0.2799368440730947
y_chargers,county_fe+education+housing_structure,pct_hispanic,0.018741510762400097,0.1786646022294163,0.9164569621963412,1390,0.2799368440730947
y_chargers,county_fe+education+housing_structure,pct_asian,0.22469878208358485,0.1499553484493919,0.13401950761307965,1390,0.2799368440730947
y_chargers,education+tenure+utility_fe,log_median_household_income,-0.04081312862797614,0.14375633815229077,0.7764832622458732,1291,0.20469393814493497
y_chargers,education+tenure+utility_fe,pct_black,-0.35279451363113046,0.3873524999341481,0.3624091205128819,1291,0.20469393814493497
y_chargers,education+tenure+utility_fe,pct_hispanic,0.04494060263163671,0.15356967164521348,0.7697974657633877,1291,0.20469393814493497
y_chargers,education+tenure+utility_fe,pct_asian,0.006038644957956914,0.13543149521228462,0.9644355579761649,1291,0.20469393814493497
y_chargers,county_fe+education+tenure,log_median_household_income,-0.0005584394686778607,0.13335383755827634,0.9966587468641495,1390,0.258888554447145
y_chargers,county_fe+education+tenure,pct_black,0.07655403863397284,0.40560493602306236,0.8502962845100998,1390,0.258888554447145
y_chargers,county_fe+education+tenure,pct_hispanic,-0.10108275082667541,0.17371328589545318,0.5606379579534159,1390,0.258888554447145
y_chargers,county_fe+education+tenure,pct_asian,0.17860614555229584,0.15464900415747432,0.24812605470818916,1390,0.258888554447145
y_chargers,housing_structure+housing_value+tenure,log_median_household_income,0.33338555570029627,0.14273201439445166,0.019504547810528825,1382,0.20442408870230855
y_chargers,housing_structure+housing_value+tenure,pct_black,-0.4348538905117104,0.37812509234755964,0.2501329415725345,1382,0.20442408870230855
y_chargers,housing_structure+housing_value+tenure,pct_hispanic,-0.333381492256037,0.1020779829004131,0.0010909787318143633,1382,0.20442408870230855
y_chargers,housing_structure+housing_value+tenure,pct_asian,-0.0681789139370954,0.13221122644174577,0.606076717210664,1382,0.20442408870230855
y_chargers,housing_structure+housing_value+utility_fe,log_median_household_income,0.1447765770729758,0.14563908025064443,0.3201849904195453,1283,0.19804558663610283
y_chargers,housing_structure+housing_value+utility_fe,pct_black,-0.5986982621358075,0.40689643745098003,0.14118905531760176,1283,0.19804558663610283
y_chargers,housing_structure+housing_value+utility_fe,pct_hispanic,-0.17550561649198804,0.11178448472325386,0.11640683777537922,1283,0.19804558663610283
y_chargers,housing_structure+housing_value+utility_fe,pct_asian,-0.047158201184125795,0.13586410219004397,0.7285174579863848,1283,0.19804558663610283
y_chargers,county_fe+housing_structure+housing_value,log_median_household_income,0.28780773426035133,0.1392848952804087,0.038797888398321434,1382,0.2713830030379828
y_chargers,county_fe+housing_structure+housing_value,pct_black,-0.10472213231996927,0.4128320704074929,0.7997523448018162,1382,0.2713830030379828
y_chargers,county_fe+housing_structure+housing_value,pct_hispanic,-0.3299360260393309,0.1209202456968028,0.006361489774819643,1382,0.2713830030379828
y_chargers,county_fe+housing_structure+housing_value,pct_asian,0.19679950320765233,0.15184226270742737,0.19494841611323255,1382,0.2713830030379828
y_chargers,housing_value+tenure+utility_fe,log_median_household_income,0.29704512888562945,0.1488071381002812,0.0459148484165929,1283,0.19183685459944821
y_chargers,housing_value+tenure+utility_fe,pct_black,-0.5475352002466785,0.38839355188367397,0.15861549977303768,1283,0.19183685459944821
y_chargers,housing_value+tenure+utility_fe,pct_hispanic,-0.4772341565515982,0.10788469590606561,9.708877272634347e-06,1283,0.19183685459944821
y_chargers,housing_value+tenure+utility_fe,pct_asian,-0.057948460923122155,0.13941077460419135,0.677653679112318,1283,0.19183685459944821
y_chargers,county_fe+housing_value+tenure,log_median_household_income,0.34067051965471046,0.14002742928057912,0.014979090780223196,1382,0.2494340283360258
y_chargers,county_fe+housing_value+tenure,pct_black,-0.1414487889512935,0.4040370860422715,0.7262721853790977,1382,0.2494340283360258
y_chargers,county_fe+housing_value+tenure,pct_hispanic,-0.6414375026533621,0.1200882358777744,9.22391196032004e-08,1382,0.2494340283360258
y_chargers,county_fe+housing_value+tenure,pct_asian,0.12154323619404524,0.158549160379091,0.4433214391859045,1382,0.2494340283360258
y_chargers,housing_structure+tenure+utility_fe,log_median_household_income,0.38460423596016063,0.112046907643242,0.0005979803968189291,1291,0.20252346942946764
y_chargers,housing_structure+tenure+utility_fe,pct_black,-0.7206659398660504,0.4081089684435035,0.07741825514278249,1291,0.20252346942946764
y_chargers,housing_structure+tenure+utility_fe,pct_hispanic,-0.3577636319636046,0.10610509546468967,0.0007468256411551959,1291,0.20252346942946764
y_chargers,housing_structure+tenure+utility_fe,pct_asian,-0.07385596696751462,0.13588810322568737,0.5867816253506475,1291,0.20252346942946764
y_chargers,county_fe+housing_structure+tenure,log_median_household_income,0.359910816588473,0.11495211843147748,0.0017423417773676025,1390,0.2743350670345738
y_chargers,county_fe+housing_structure+tenure,pct_black,-0.16215353568800794,0.4117747462165856,0.6937347281275017,1390,0.2743350670345738
y_chargers,county_fe+housing_structure+tenure,pct_hispanic,-0.3942767553172586,0.11365727427180818,0.0005224050848999851,1390,0.2743350670345738
y_chargers,county_fe+housing_structure+tenure,pct_asian,0.19080074344296397,0.15173037293757224,0.20857311729075112,1390,0.2743350670345738
y_chargers,education+housing_structure+housing_value+tenure,log_median_household_income,0.0816235871469372,0.15156292221571646,0.5902002401906199,1382,0.21696333121040767
y_chargers,education+housing_structure+housing_value+tenure,pct_black,-0.22219233419228737,0.37419305997999797,0.5526521544199915,1382,0.21696333121040767
y_chargers,education+housing_structure+housing_value+tenure,pct_hispanic,0.043342793289474754,0.133471170242686,0.7453814567152108,1382,0.21696333121040767
y_chargers,education+housing_structure+housing_value+tenure,pct_asian,-0.05040369041983214,0.12979256461378347,0.6977641781576257,1382,0.21696333121040767
y_chargers,education+housing_structure+housing_value+utility_fe,log_median_household_income,-0.11678602040213658,0.16193638328457696,0.4707959659977926,1283,0.21271417594617825
y_chargers,education+housing_structure+housing_value+utility_fe,pct_black,-0.3506293661179742,0.40257928444564045,0.38377746897045995,1283,0.21271417594617825
y_chargers,education+housing_structure+housing_value+utility_fe,pct_hispanic,0.23168451259680667,0.15839035907305168,0.14353750166294382,1283,0.21271417594617825
y_chargers,education+housing_structure+housing_value+utility_fe,pct_asian,-0.02394845642859867,0.1332499449024329,0.8573678172630416,1283,0.21271417594617825
y_chargers,county_fe+education+housing_structure+housing_value,log_median_household_income,0.0841963042952881,0.15511435644735286,0.5872664850302836,1382,0.279641443922503
y_chargers,county_fe+education+housing_structure+housing_value,pct_black,0.09149264281533255,0.4102365211051444,0.8235167271677599,1382,0.279641443922503
y_chargers,county_fe+education+housing_structure+housing_value,pct_hispanic,0.038526558385401234,0.1770241427260088,0.8277139122034931,1382,0.279641443922503
y_chargers,county_fe+education+housing_structure+housing_value,pct_asian,0.19927569621452035,0.1504597457060354,0.18535521334668315,1382,0.279641443922503
y_chargers,education+housing_value+tenure+utility_fe,log_median_household_income,-0.009495559035319241,0.16106785617937602,0.9529889218762423,1283,0.2091813786160105
y_chargers,education+housing_value+tenure+utility_fe,pct_black,-0.3254129971594148,0.38447934353816593,0.3973446062226418,1283,0.2091813786160105
y_chargers,education+housing_value+tenure+utility_fe,pct_hispanic,0.004991498804480216,0.1490228844929425,0.9732799745505812,1283,0.2091813786160105
y_chargers,education+housing_value+tenure+utility_fe,pct_asian,-0.03924074011649201,0.13487628607296973,0.771098152770987,1283,0.2091813786160105
y_chargers,county_fe+education+housing_value+tenure,log_median_household_income,0.06453059719578914,0.1490790122673686,0.6651152336296318,1382,0.26406349483081026
y_chargers,county_fe+education+housing_value+tenure,pct_black,0.0950316323862728,0.4006762773524969,0.8125186365247974,1382,0.26406349483081026
y_chargers,county_fe+education+housing_value+tenure,pct_hispanic,-0.12446643280614163,0.1693218636802109,0.46228603631228526,1382,0.26406349483081026
y_chargers,county_fe+education+housing_value+tenure,pct_asian,0.12842079536911627,0.15489494396177114,0.407057331040242,1382,0.26406349483081026
y_chargers,education+housing_structure+tenure+utility_fe,log_median_household_income,0.008810991530337686,0.14957405851008782,0.9530260096582049,1291,0.21845473229446155
y_chargers,education+housing_structure+tenure+utility_fe,pct_black,-0.4054347201606199,0.4035749922284026,0.31508557867838094,1291,0.21845473229446155
y_chargers,education+housing_structure+tenure+utility_fe,pct_hispanic,0.10222173877146795,0.15287762630527965,0.5037182939718183,1291,0.21845473229446155
y_chargers,education+housing_structure+tenure+utility_fe,pct_asian,-0.03659429862912637,0.13306799748232606,0.7833127780828498,1291,0.21845473229446155
y_chargers,county_fe+education+housing_structure+tenure,log_median_household_income,0.11529025092638415,0.14148037792754714,0.41513808680437336,1390,0.28124165504871745
y_chargers,county_fe+education+housing_structure+tenure,pct_black,0.05670004771530232,0.41390748008085787,0.8910408726209413,1390,0.28124165504871745
y_chargers,county_fe+education+housing_structure+tenure,pct_hispanic,-0.029203558424985964,0.17341918510700505,0.8662696620593099,1390,0.28124165504871745
y_chargers,county_fe+education+housing_structure+tenure,pct_asian,0.21590999501219987,0.1505875868155806,0.15163405930644036,1390,0.28124165504871745
y_chargers,housing_structure+housing_value+tenure+utility_fe,log_median_household_income,0.28080928910314046,0.15417642041975418,0.06855360566594795,1283,0.20713307496222766
y_chargers,housing_structure+housing_value+tenure+utility_fe,pct_black,-0.565986492602505,0.40305049539624027,0.16024232417198847,1283,0.20713307496222766
y_chargers,housing_structure+housing_value+tenure+utility_fe,pct_hispanic,-0.3173530597127589,0.111616368372771,0.004465625300817892,1283,0.20713307496222766
y_chargers,housing_structure+housing_value+tenure+utility_fe,pct_asian,-0.0865198614043324,0.136355006880771,0.5257420812328542,1283,0.20713307496222766
y_chargers,county_fe+housing_structure+housing_value+tenure,log_median_household_income,0.34768511387776235,0.1440888435666014,0.015822200875697513,1382,0.2733310386051877
y_chargers,county_fe+housing_structure+housing_value+tenure,pct_black,-0.12313294436936642,0.415264505650842,0.7668353617558218,1382,0.2733310386051877
y_chargers,county_fe+housing_structure+housing_value+tenure,pct_hispanic,-0.3941962488443141,0.12092221794036355,0.0011144529318306675,1382,0.2733310386051877
y_chargers,county_fe+housing_structure+housing_value+tenure,pct_asian,0.17597814446086887,0.15357061446798326,0.2518322809268285,1382,0.2733310386051877
y_chargers,education+housing_structure+housing_value+tenure+utility_fe,log_median_household_income,0.02111449580659195,0.16507750174251126,0.8982229175235943,1283,0.22007218852802957
y_chargers,education+housing_structure+housing_value+tenure+utility_fe,pct_black,-0.3354079627512577,0.4003486283683778,0.4021488168259172,1283,0.22007218852802957
y_chargers,education+housing_structure+housing_value+tenure+utility_fe,pct_hispanic,0.08013324632067893,0.14607633112532237,0.5832998578450985,1283,0.22007218852802957
y_chargers,education+housing_structure+housing_value+tenure+utility_fe,pct_asian,-0.060823344778540685,0.1334793228236233,0.6486228703155963,1283,0.22007218852802957
y_chargers,county_fe+education+housing_structure+housing_value+tenure,log_median_household_income,0.14326326573220216,0.15419151824638513,0.3528240700172556,1382,0.2813694867614034
y_chargers,county_fe+education+housing_structure+housing_value+tenure,pct_black,0.07159272972176745,0.4122933533540805,0.862144368292838,1382,0.2813694867614034
y_chargers,county_fe+education+housing_structure+housing_value+tenure,pct_hispanic,-0.02681477287030236,0.16707803094720225,0.872493119807261,1382,0.2813694867614034
y_chargers,county_fe+education+housing_structure+housing_value+tenure,pct_asian,0.1796250858749685,0.15197125848598309,0.23721860347466484,1382,0.2813694867614034
y_wind_mw,none,log_median_household_income,-0.10537293828555264,0.07660808775513496,0.1689824970476047,1390,0.019465755567494192
y_wind_mw,none,pct_black,0.5422206412693701,0.4006481726338695,0.17594110364398086,1390,0.019465755567494192
y_wind_mw,none,pct_hispanic,0.07627977994590456,0.09416274310996255,0.417891604279762,1390,0.019465755567494192
y_wind_mw,none,pct_asian,-0.20382020559059089,0.12177153930854594,0.09417152185327321,1390,0.019465755567494192
y_wind_mw,education,log_median_household_income,0.1237681925514018,0.11423886675673439,0.27862390830850836,1390,0.025542883275209483
y_wind_mw,education,pct_black,0.552225366859119,0.39969711594665375,0.16709160904964893,1390,0.025542883275209483
y_wind_mw,education,pct_hispanic,-0.13844235289609072,0.13478527051488143,0.3043580035122815,1390,0.025542883275209483
y_wind_mw,education,pct_asian,-0.12300476164294769,0.1183858558379226,0.2987974394483123,1390,0.025542883275209483
y_wind_mw,housing_value,log_median_household_income,0.12646122081598,0.10651819139478087,0.23513828608553278,1382,0.026914178204979544
y_wind_mw,housing_value,pct_black,0.6936943793826725,0.4256702751710142,0.10317508535509408,1382,0.026914178204979544
y_wind_mw,housing_value,pct_hispanic,0.0318586744058057,0.09826694871906791,0.7457825418703206,1382,0.026914178204979544
y_wind_mw,housing_value,pct_asian,-0.11848453780843018,0.1192332404167048,0.3203588675502973,1382,0.026914178204979544
y_wind_mw,housing_structure,log_median_household_income,-0.029138012716305305,0.09858646345078854,0.7675676930751323,1390,0.02903377071981139
y_wind_mw,housing_structure,pct_black,0.8349254219786112,0.4579918859557989,0.06830133600418505,1390,0.02903377071981139
y_wind_mw,housing_structure,pct_hispanic,0.08855376654285423,0.10618315953011433,0.40429684393067455,1390,0.02903377071981139
y_wind_mw,housing_structure,pct_asian,-0.061924390775110506,0.12155219208512123,0.6104389901153029,1390,0.02903377071981139
y_wind_mw,tenure,log_median_household_income,-0.11579073164086437,0.07677992928947021,0.1315325338517901,1390,0.025443020444007924
y_wind_mw,tenure,pct_black,0.7483329172442146,0.41844834847618834,0.07371924437926068,1390,0.025443020444007924
y_wind_mw,tenure,pct_hispanic,0.12613773120644722,0.09423396399743829,0.1807142444205717,1390,0.025443020444007924
y_wind_mw,tenure,pct_asian,-0.06200297710774074,0.1150795147334995,0.5900360498617216,1390,0.025443020444007924
y_wind_mw,utility_fe,log_median_household_income,-0.1435877558339982,0.08676560154210768,0.0979462764626321,1291,0.030705211846746794
y_wind_mw,utility_fe,pct_black,0.3234556502676068,0.3886811250331061,0.4053030072552214,1291,0.030705211846746794
y_wind_mw,utility_fe,pct_hispanic,0.027663439426323412,0.11352453122897392,0.8074801538958025,1291,0.030705211846746794
y_wind_mw,utility_fe,pct_asian,-0.23254308412457303,0.12839949294219027,0.07012686523744686,1291,0.030705211846746794
y_wind_mw,county_fe,log_median_household_income,-0.09631914803738634,0.08848067479432531,0.2763348768277326,1390,0.07992669240715966
y_wind_mw,county_fe,pct_black,0.03240884094442864,0.4989336426605496,0.9482088619885229,1390,0.07992669240715966
y_wind_mw,county_fe,pct_hispanic,-0.06503785066286949,0.11790769581977545,0.5812226360829351,1390,0.07992669240715966
y_wind_mw,county_fe,pct_asian,-0.23432150019357292,0.15942977794506447,0.141630182310145,1390,0.07992669240715966
y_wind_mw,education+housing_value,log_median_household_income,0.1863516487770952,0.11956732162636823,0.11910292574226179,1382,0.028145316706130963
y_wind_mw,education+housing_value,pct_black,0.6608590925260814,0.4313400583290551,0.12549604994244243,1382,0.028145316706130963
y_wind_mw,education+housing_value,pct_hispanic,-0.07596175022268097,0.14477290719382863,0.5997946108956174,1382,0.028145316706130963
y_wind_mw,education+housing_value,pct_asian,-0.10091979076217207,0.11778976727317353,0.39156707234027444,1382,0.028145316706130963
y_wind_mw,education+housing_structure,log_median_household_income,0.10913878852222292,0.13217768199198537,0.4089756809814832,1390,0.030753190892498727
y_wind_mw,education+housing_structure,pct_black,0.7344108186886036,0.4597937570276274,0.11020745188188487,1390,0.030753190892498727
y_wind_mw,education+housing_structure,pct_hispanic,-0.057348621371777514,0.16314407511667664,0.725197277320943,1390,0.030753190892498727
y_wind_mw,education+housing_structure,pct_asian,-0.06904944743983626,0.12239625722141176,0.5726542823591884,1390,0.030753190892498727
y_wind_mw,education+tenure,log_median_household_income,0.03610122835294888,0.1363875893607233,0.7912437777857368,1390,0.0271729331902113
y_wind_mw,education+tenure,pct_black,0.679042084681861,0.41430380400094335,0.10121418969806899,1390,0.0271729331902113
y_wind_mw,education+tenure,pct_hispanic,-0.03093321115990319,0.1619256704587931,0.8484994266278879,1390,0.0271729331902113
y_wind_mw,education+tenure,pct_asian,-0.06190708731697782,0.1149747433113507,0.5902727979797759,1390,0.0271729331902113
y_wind_mw,education+utility_fe,log_median_household_income,0.14854051001086827,0.12905687269844282,0.24974482879402982,1291,0.03924763401506237
y_wind_mw,education+utility_fe,pct_black,0.2983840920908044,0.38483854063632206,0.438133593750789,1291,0.03924763401506237
y_wind_mw,education+utility_fe,pct_hispanic,-0.2604521447302009,0.17198769288422078,0.12993328786021596,1291,0.03924763401506237
y_wind_mw,education+utility_fe,pct_asian,-0.14763025656593518,0.12455013144707333,0.23589572535281766,1291,0.03924763401506237
y_wind_mw,county_fe+education,log_median_household_income,0.1112743544609648,0.12460029625379926,0.3718301398356223,1390,0.08683839256149029
y_wind_mw,county_fe+education,pct_black,-0.08730106360636541,0.5048421251744307,0.8627084512124557,1390,0.08683839256149029
y_wind_mw,county_fe+education,pct_hispanic,-0.427175167328415,0.22005347600207462,0.05222996812242302,1390,0.08683839256149029
y_wind_mw,county_fe+education,pct_asian,-0.23396079508531548,0.15803168992336558,0.1387485038778169,1390,0.08683839256149029
y_wind_mw,housing_structure+housing_value,log_median_household_income,0.10511194372957441,0.11962519014654871,0.3795762490417287,1382,0.03146002994772812
y_wind_mw,housing_structure+housing_value,pct_black,0.8163806445824628,0.44981015401215546,0.0695323776392749,1382,0.03146002994772812
y_wind_mw,housing_structure+housing_value,pct_hispanic,0.05065094749849182,0.11254446129304882,0.6526723849551508,1382,0.03146002994772812
y_wind_mw,housing_structure+housing_value,pct_asian,-0.06969953862469813,0.12245283243655689,0.569223820853245,1382,0.03146002994772812
y_wind_mw,housing_value+tenure,log_median_household_income,0.058649079940284427,0.11533661152816076,0.6111002286501461,1382,0.02801355879641443
y_wind_mw,housing_value+tenure,pct_black,0.7627243126592729,0.41892423153950226,0.06865647885910532,1382,0.02801355879641443
y_wind_mw,housing_value+tenure,pct_hispanic,0.07152818536521387,0.10288624672109738,0.48691982212442375,1382,0.02801355879641443
y_wind_mw,housing_value+tenure,pct_asian,-0.0645327563540238,0.11582207236967808,0.5774102684211033,1382,0.02801355879641443
y_wind_mw,housing_value+utility_fe,log_median_household_income,0.1728421685298387,0.1236807973074716,0.1622675081992051,1283,0.04253786076196364
y_wind_mw,housing_value+utility_fe,pct_black,0.463981244551071,0.40108979230265107,0.2473534982363269,1283,0.04253786076196364
y_wind_mw,housing_value+utility_fe,pct_hispanic,-0.03975259041962412,0.12427248888245733,0.749057428834704,1283,0.04253786076196364
y_wind_mw,housing_value+utility_fe,pct_asian,-0.13375451941516783,0.12241796786178684,0.27456713858839576,1283,0.04253786076196364
y_wind_mw,county_fe+housing_value,log_median_household_income,0.0838448234791832,0.11627105800579617,0.47083865978063577,1382,0.09035804142474979
y_wind_mw,county_fe+housing_value,pct_black,0.002018434259288382,0.4999591440415719,0.9967787904735189,1382,0.09035804142474979
y_wind_mw,county_fe+housing_value,pct_hispanic,-0.19939065543435874,0.13939457386492496,0.15260089634462556,1382,0.09035804142474979
y_wind_mw,county_fe+housing_value,pct_asian,-0.27507985935053475,0.16429128279437544,0.0940633276871964,1382,0.09035804142474979
y_wind_mw,housing_structure+tenure,log_median_household_income,-0.052775436765507146,0.10305354331445066,0.6085693629302076,1390,0.029631242447846096
y_wind_mw,housing_structure+tenure,pct_black,0.8305870207706407,0.459889710100058,0.07090943973484751,1390,0.029631242447846096
y_wind_mw,housing_structure+tenure,pct_hispanic,0.11894767689580557,0.10693755105136696,0.2660050083904447,1390,0.029631242447846096
y_wind_mw,housing_structure+tenure,pct_asian,-0.05234483649746936,0.11907283934521036,0.660224307964974,1390,0.029631242447846096
y_wind_mw,housing_structure+utility_fe,log_median_household_income,-0.06074037040905527,0.10604799859703129,0.5668051706777957,1291,0.04314155465478886
y_wind_mw,housing_structure+utility_fe,pct_black,0.6580425687889232,0.44059664943646476,0.13529954333628472,1291,0.04314155465478886
y_wind_mw,housing_structure+utility_fe,pct_hispanic,0.04018360705074542,0.1255982924018339,0.7490156894697146,1291,0.04314155465478886
y_wind_mw,housing_structure+utility_fe,pct_asian,-0.07100357114056385,0.1259927518366243,0.5730585003786954,1291,0.04314155465478886
y_wind_mw,county_fe+housing_structure,log_median_household_income,-0.13650300166371523,0.12741881505389266,0.284037293458688,1390,0.08628235794868189
y_wind_mw,county_fe+housing_structure,pct_black,0.11771607884306251,0.5206202928317742,0.8211179220555282,1390,0.08628235794868189
y_wind_mw,county_fe+housing_structure,pct_hispanic,-0.11448113985438103,0.14627296021746525,0.43383023158388734,1390,0.08628235794868189
y_wind_mw,county_fe+housing_structure,pct_asian,-0.2111995365802865,0.16089683918033937,0.18930447370514336,1390,0.08628235794868189
y_wind_mw,tenure+utility_fe,log_median_household_income,-0.1581777679846406,0.08762098878969166,0.07103560927274653,1291,0.03870504987733514
y_wind_mw,tenure+utility_fe,pct_black,0.5508477519381078,0.39947012479023214,0.16791138749129886,1291,0.03870504987733514
y_wind_mw,tenure+utility_fe,pct_hispanic,0.09527380297777063,0.11128693253732945,0.39193720042618385,1291,0.03870504987733514
y_wind_mw,tenure+utility_fe,pct_asian,-0.07413797911238681,0.1214449983716245,0.5415535043424079,1291,0.03870504987733514
y_wind_mw,county_fe+tenure,log_median_household_income,-0.1831338350303925,0.10448873576531961,0.0796593871757202,1390,0.08508544419478781
y_wind_mw,county_fe+tenure,pct_black,0.13823553307469383,0.4890429253766827,0.777433312057827,1390,0.08508544419478781
y_wind_mw,county_fe+tenure,pct_hispanic,-0.059994603282625215,0.11749096217800511,0.6096090129075036,1390,0.08508544419478781
y_wind_mw,county_fe+tenure,pct_asian,-0.20117136375840908,0.1540285054820438,0.1915301808963985,1390,0.08508544419478781
y_wind_mw,education+housing_structure+housing_value,log_median_household_income,0.17290961283073633,0.13567632128939414,0.20251200921712542,1382,0.03216179781518602
y_wind_mw,education+housing_structure+housing_value,pct_black,0.755473095490393,0.46304458979578805,0.10277764449521769,1382,0.03216179781518602
y_wind_mw,education+housing_structure+housing_value,pct_hispanic,-0.04274654269596034,0.16842919054649547,0.7996536782617947,1382,0.03216179781518602
y_wind_mw,education+housing_structure+housing_value,pct_asian,-0.07505449027765063,0.12353158747502249,0.5434705350636628,1382,0.03216179781518602
y_wind_mw,education+housing_value+tenure,log_median_household_income,0.12363098870427766,0.14494966008820515,0.3937016625832963,1382,0.0286294696390631
y_wind_mw,education+housing_value+tenure,pct_black,0.7179013266818325,0.4272373909983146,0.09289243473398154,1382,0.0286294696390631
y_wind_mw,education+housing_value+tenure,pct_hispanic,-0.021664075355706552,0.1696652278666131,0.8983965318815385,1382,0.0286294696390631
y_wind_mw,education+housing_value+tenure,pct_asian,-0.06679402201416539,0.11622188525713142,0.5654866147995408,1382,0.0286294696390631
y_wind_mw,education+housing_value+utility_fe,log_median_household_income,0.24423091905487743,0.14016287521548304,0.08142459756703774,1283,0.044043122772791765
y_wind_mw,education+housing_value+utility_fe,pct_black,0.4217952549132949,0.407020470699502,0.3000622736205312,1283,0.044043122772791765
y_wind_mw,education+housing_value+utility_fe,pct_hispanic,-0.17210210051011166,0.17302835608282652,0.3199080777868797,1283,0.044043122772791765
y_wind_mw,education+housing_value+utility_fe,pct_asian,-0.11627506672496665,0.12173156891496233,0.3394887268988229,1283,0.044043122772791765
y_wind_mw,county_fe+education+housing_value,log_median_household_income,0.1565261199564218,0.13543802578074354,0.24780269918001763,1382,0.09248295124866146
y_wind_mw,county_fe+education+housing_value,pct_black,-0.06400382634853213,0.5078021352481421,0.8996995675936551,1382,0.09248295124866146
y_wind_mw,county_fe+education+housing_value,pct_hispanic,-0.3960257111740406,0.22327096518765938,0.07610537416208683,1382,0.09248295124866146
y_wind_mw,county_fe+education+housing_value,pct_asian,-0.2644391414262815,0.16135649539026517,0.10124443983460431,1382,0.09248295124866146
y_wind_mw,education+housing_structure+tenure,log_median_household_income,0.08230460539689961,0.14526709211734218,0.571003419373669,1390,0.031154270351360425
y_wind_mw,education+housing_structure+tenure,pct_black,0.7361779220385527,0.4603926655985515,0.10981575243006758,1390,0.031154270351360425
y_wind_mw,education+housing_structure+tenure,pct_hispanic,-0.024539887857228007,0.17393831218368117,0.887803696815315,1390,0.031154270351360425
y_wind_mw,education+housing_structure+tenure,pct_asian,-0.060774524558138324,0.11996684900857117,0.6124394930204823,1390,0.031154270351360425
y_wind_mw,education+housing_structure+utility_fe,log_median_household_income,0.10996075156282069,0.14270109526665314,0.4409636414293123,1291,0.04552436835286877
y_wind_mw,education+housing_structure+utility_fe,pct_black,0.5225527781280498,0.4412688004797693,0.23633187112255238,1291,0.04552436835286877
y_wind_mw,education+housing_structure+utility_fe,pct_hispanic,-0.1502038552607981,0.19295811942190885,0.43631718849504897,1291,0.04552436835286877
y_wind_mw,education+housing_structure+utility_fe,pct_asian,-0.08102684808899231,0.1267999897051666,0.5228144427445194,1291,0.04552436835286877
y_wind_mw,county_fe+education+housing_structure,log_median_household_income,0.044943049469329845,0.15721235839861541,0.7749740252885591,1390,0.08943179544300839
y_wind_mw,county_fe+education+housing_structure,pct_black,-0.048732637800957435,0.524267488603585,0.9259402909925012,1390,0.08943179544300839
y_wind_mw,county_fe+education+housing_structure,pct_hispanic,-0.38946942495201337,0.23898892697723248,0.10317449934079456,1390,0.08943179544300839
y_wind_mw,county_fe+education+housing_structure,pct_asian,-0.22925321052280212,0.16321031665907929,0.16012567375104847,1390,0.08943179544300839
y_wind_mw,education+tenure+utility_fe,log_median_household_income,0.042427150068468755,0.15185367219912413,0.7799417415234398,1291,0.041317703412818374
y_wind_mw,education+tenure+utility_fe,pct_black,0.44631906983770464,0.39224558914235985,0.25518053925666695,1291,0.041317703412818374
y_wind_mw,education+tenure+utility_fe,pct_hispanic,-0.12312398967736649,0.19357568855244398,0.5247432508621549,1291,0.041317703412818374
y_wind_mw,education+tenure+utility_fe,pct_asian,-0.07862537831799289,0.12143126874242899,0.5173156843530375,1291,0.041317703412818374
y_wind_mw,county_fe+education+tenure,log_median_household_income,0.01184216095031862,0.16000198861402776,0.9410003705105962,1390,0.08810003044891945
y_wind_mw,county_fe+education+tenure,pct_black,0.001712896174035361,0.4889853634857403,0.9972050480064889,1390,0.08810003044891945
y_wind_mw,county_fe+education+tenure,pct_hispanic,-0.33688022497556636,0.21965149330817565,0.12510265614193736,1390,0.08810003044891945
y_wind_mw,county_fe+education+tenure,pct_asian,-0.21521765361390563,0.15499783890208493,0.16497865226845,1390,0.08810003044891945
y_wind_mw,housing_structure+housing_value+tenure,log_median_household_income,0.08618589005286696,0.13246332047639167,0.5152791212795782,1382,0.03162190763595296
y_wind_mw,housing_structure+housing_value+tenure,pct_black,0.8127469901783896,0.4530225886734855,0.0728045491873922,1382,0.03162190763595296
y_wind_mw,housing_structure+housing_value+tenure,pct_hispanic,0.07155421375996482,0.12178127496892431,0.5568254178894907,1382,0.03162190763595296
y_wind_mw,housing_structure+housing_value+tenure,pct_asian,-0.06310487873557137,0.11877753657986868,0.5952203929029816,1382,0.03162190763595296
y_wind_mw,housing_structure+housing_value+utility_fe,log_median_household_income,0.14164827829651472,0.1321996694472835,0.2839571381839904,1283,0.048071982710714556
y_wind_mw,housing_structure+housing_value+utility_fe,pct_black,0.6019265119980469,0.42451123957594333,0.15621169098476145,1283,0.048071982710714556
y_wind_mw,housing_structure+housing_value+utility_fe,pct_hispanic,-0.022207753547190623,0.13796934748215647,0.8721237213198686,1283,0.048071982710714556
y_wind_mw,housing_structure+housing_value+utility_fe,pct_asian,-0.07620785525915025,0.126180669568669,0.5458714057432571,1283,0.048071982710714556
y_wind_mw,county_fe+housing_structure+housing_value,log_median_household_income,0.012906504772310506,0.13851577406671584,0.925762828697584,1382,0.0943839152815632
y_wind_mw,county_fe+housing_structure+housing_value,pct_black,-0.006703950238694328,0.5199085021945719,0.9897119778846389,1382,0.0943839152815632
y_wind_mw,county_fe+housing_structure+housing_value,pct_hispanic,-0.24663750963559067,0.16959873909326115,0.1458793876685212,1382,0.0943839152815632
y_wind_mw,county_fe+housing_structure+housing_value,pct_asian,-0.2801485587771453,0.16643396176958816,0.09232834151086439,1382,0.0943839152815632
y_wind_mw,housing_value+tenure+utility_fe,log_median_household_income,0.09900950119195902,0.1326026814462303,0.45526707647812825,1283,0.04382679781252952
y_wind_mw,housing_value+tenure+utility_fe,pct_black,0.5433290074126996,0.391482186148262,0.16517459178626215,1283,0.04382679781252952
y_wind_mw,housing_value+tenure+utility_fe,pct_hispanic,0.009186957525754103,0.1293891993991855,0.9433957602946611,1283,0.04382679781252952
y_wind_mw,housing_value+tenure+utility_fe,pct_asian,-0.07488183501122322,0.12164694424521987,0.5381803884328467,1283,0.04382679781252952
y_wind_mw,county_fe+housing_value+tenure,log_median_household_income,0.010569195554340605,0.1302039806779991,0.9353034685993377,1382,0.09135481196785689
y_wind_mw,county_fe+housing_value+tenure,pct_black,0.05780277243498266,0.48296901319263635,0.904734936760058,1382,0.09135481196785689
y_wind_mw,county_fe+housing_value+tenure,pct_hispanic,-0.17385901078857055,0.13163767301883073,0.18658839988251297,1382,0.09135481196785689
y_wind_mw,county_fe+housing_value+tenure,pct_asian,-0.25030220031733874,0.15643064185987945,0.10957990292087762,1382,0.09135481196785689
y_wind_mw,housing_structure+tenure+utility_fe,log_median_household_income,-0.08531697326817606,0.1127097661147895,0.4490728239675572,1291,0.04367674438644864
y_wind_mw,housing_structure+tenure+utility_fe,pct_black,0.6526308325031542,0.44310739106642266,0.1407914188112023,1291,0.04367674438644864
y_wind_mw,housing_structure+tenure+utility_fe,pct_hispanic,0.07364896543852419,0.12597811909862286,0.5588051921644112,1291,0.04367674438644864
y_wind_mw,housing_structure+tenure+utility_fe,pct_asian,-0.061012354293591003,0.12387064547694836,0.6223313384525184,1291,0.04367674438644864
y_wind_mw,county_fe+housing_structure+tenure,log_median_household_income,-0.17087825978879512,0.1404464953016822,0.22372648498830738,1390,0.08698981991871091
y_wind_mw,county_fe+housing_structure+tenure,pct_black,0.1262908151638652,0.520456118529765,0.8082733615239013,1390,0.08698981991871091
y_wind_mw,county_fe+housing_structure+tenure,pct_hispanic,-0.0858004406314646,0.1405491454505249,0.5415533195441582,1390,0.08698981991871091
y_wind_mw,county_fe+housing_structure+tenure,pct_asian,-0.20459363173495274,0.1592651202869493,0.19892845852119456,1390,0.08698981991871091
y_wind_mw,education+housing_structure+housing_value+tenure,log_median_household_income,0.15431378597856482,0.1530842412868256,0.3134391878384991,1382,0.03229932350295772
y_wind_mw,education+housing_structure+housing_value+tenure,pct_black,0.7531445230891758,0.4651606560514354,0.10542440539652324,1382,0.03229932350295772
y_wind_mw,education+housing_structure+housing_value+tenure,pct_hispanic,-0.021896978463163685,0.18244363871239325,0.9044669012086097,1382,0.03229932350295772
y_wind_mw,education+housing_structure+housing_value+tenure,pct_asian,-0.0688817494332288,0.12004907993865582,0.5661167500577409,1382,0.03229932350295772
y_wind_mw,education+housing_structure+housing_value+utility_fe,log_median_household_income,0.20940472268234994,0.1506758714681134,0.1645988984334159,1283,0.048725334570587475
y_wind_mw,education+housing_structure+housing_value+utility_fe,pct_black,0.5365694730853021,0.439627267109111,0.22227160333813278,1283,0.048725334570587475
y_wind_mw,education+housing_structure+housing_value+utility_fe,pct_hispanic,-0.12208509507202515,0.19741052634949288,0.5362902473658795,1283,0.048725334570587475
y_wind_mw,education+housing_structure+housing_value+utility_fe,pct_asian,-0.08261518491173037,0.1271535002358891,0.515867956916785,1283,0.048725334570587475
y_wind_mw,county_fe+education+housing_structure+housing_value,log_median_household_income,0.09587998174135279,0.1617815476459434,0.5534147993774943,1382,0.09541968634706488
y_wind_mw,county_fe+education+housing_structure+housing_value,pct_black,-0.08666322427585396,0.5242107563624624,0.8686910636457956,1382,0.09541968634706488
y_wind_mw,county_fe+education+housing_structure+housing_value,pct_hispanic,-0.39678930498403797,0.24317889763999984,0.10274764237675212,1382,0.09541968634706488
y_wind_mw,county_fe+education+housing_structure+housing_value,pct_asian,-0.281157629552088,0.16657302383728118,0.09143155320014859,1382,0.09541968634706488
y_wind_mw,education+housing_value+tenure+utility_fe,log_median_household_income,0.17618062186617395,0.16729892736530158,0.2923003086320335,1283,0.04455892672044415
y_wind_mw,education+housing_value+tenure+utility_fe,pct_black,0.48649190562108346,0.39870368567234515,0.22239508557293108,1283,0.04455892672044415
y_wind_mw,education+housing_value+tenure+utility_fe,pct_hispanic,-0.10622295097866412,0.20133535744763686,0.5977824534016916,1283,0.04455892672044415
y_wind_mw,education+housing_value+tenure+utility_fe,pct_asian,-0.0801895368409295,0.12217863717338777,0.511611650998937,1283,0.04455892672044415
y_wind_mw,county_fe+education+housing_value+tenure,log_median_household_income,0.1078135800206329,0.16413340273409285,0.5112673627089743,1382,0.09272503288948353
y_wind_mw,county_fe+education+housing_value+tenure,pct_black,-0.025475273008501942,0.48728976892553083,0.958305975286882,1382,0.09272503288948353
y_wind_mw,county_fe+education+housing_value+tenure,pct_hispanic,-0.3559135758312383,0.22323923575258348,0.11086558624050641,1382,0.09272503288948353
y_wind_mw,county_fe+education+housing_value+tenure,pct_asian,-0.25272417538943726,0.15655120758794197,0.10645743875318663,1382,0.09272503288948353
y_wind_mw,education+housing_structure+tenure+utility_fe,log_median_household_income,0.08429723944522227,0.16088937335600845,0.6003165494131648,1291,0.045779524956484186
y_wind_mw,education+housing_structure+tenure+utility_fe,pct_black,0.5255186812003065,0.4410245688712586,0.23342363559711277,1291,0.045779524956484186
y_wind_mw,education+housing_structure+tenure+utility_fe,pct_hispanic,-0.11735211203267161,0.2072031830525984,0.5711473838239725,1291,0.045779524956484186
y_wind_mw,education+housing_structure+tenure+utility_fe,pct_asian,-0.07354972409256666,0.12464011511422712,0.5551258024273926,1291,0.045779524956484186
y_wind_mw,county_fe+education+housing_structure+tenure,log_median_household_income,0.010520375130699589,0.17491792997994135,0.9520404403443339,1390,0.08990474488606903
y_wind_mw,county_fe+education+housing_structure+tenure,pct_black,-0.03600028725896531,0.5231413720285055,0.945136400736716,1390,0.08990474488606903
y_wind_mw,county_fe+education+housing_structure+tenure,pct_hispanic,-0.35652084953377206,0.23999691475294252,0.137405431573822,1390,0.08990474488606903
y_wind_mw,county_fe+education+housing_structure+tenure,pct_asian,-0.22321342335459482,0.16162584117046233,0.16726348220316123,1390,0.08990474488606903
y_wind_mw,housing_structure+housing_value+tenure+utility_fe,log_median_household_income,0.13332598838383264,0.1511339466427918,0.3776843291801756,1283,0.048096875054423505
y_wind_mw,housing_structure+housing_value+tenure+utility_fe,pct_black,0.6007031948906095,0.42767733948167796,0.16014888064892918,1283,0.048096875054423505
y_wind_mw,housing_structure+housing_value+tenure+utility_fe,pct_hispanic,-0.012444811655710777,0.151857865735306,0.934686161985984,1283,0.048096875054423505
y_wind_mw,housing_structure+housing_value+tenure+utility_fe,pct_asian,-0.07333746278883091,0.12317548155000149,0.5515827387854012,1283,0.048096875054423505
y_wind_mw,county_fe+housing_structure+housing_value+tenure,log_median_household_income,0.014989034465954915,0.15084617604469133,0.9208473964670301,1382,0.09438569497481575
y_wind_mw,county_fe+housing_structure+housing_value+tenure,pct_black,-0.007344276569314884,0.5175536941876402,0.988678105687226,1382,0.09438569497481575
y_wind_mw,county_fe+housing_structure+housing_value+tenure,pct_hispanic,-0.24887247420763425,0.1677717111833999,0.1379682974711385,1382,0.09438569497481575
y_wind_mw,county_fe+housing_structure+housing_value+tenure,pct_asian,-0.28087272369766725,0.16307971806483693,0.08501460454635584,1382,0.09438569497481575
y_wind_mw,education+housing_structure+housing_value+tenure+utility_fe,log_median_household_income,0.20384933584839846,0.17577106976146725,0.24615329962810661,1283,0.048733999144698004
y_wind_mw,education+housing_structure+housing_value+tenure+utility_fe,pct_black,0.5364525163960275,0.44030679595768096,0.22308691517249124,1283,0.048733999144698004
y_wind_mw,education+housing_structure+housing_value+tenure+utility_fe,pct_hispanic,-0.11537860184347815,0.21864983473500443,0.5977168309572378,1283,0.048733999144698004
y_wind_mw,education+housing_structure+housing_value+tenure+utility_fe,pct_asian,-0.08085667659610607,0.12433672858210633,0.5154958496556481,1283,0.048733999144698004
y_wind_mw,county_fe+education+housing_structure+housing_value+tenure,log_median_household_income,0.09955867047562678,0.1756957962555828,0.5709494929870567,1382,0.09542474858750005
y_wind_mw,county_fe+education+housing_structure+housing_value+tenure,pct_black,-0.0879025903161835,0.521783050461963,0.8662168598833653,1382,0.09542474858750005
y_wind_mw,county_fe+education+housing_structure+housing_value+tenure,pct_hispanic,-0.4008587612981148,0.24599821971170008,0.1032032060757471,1382,0.09542474858750005
y_wind_mw,county_fe+education+housing_structure+housing_value+tenure,pct_asian,-0.28238146902375094,0.16332934079604866,0.08382549071137563,1382,0.09542474858750005
any_turbines,none,log_median_household_income,-0.01568822187210195,0.013987109453720344,0.2620240391858367,1390,0.02500795770860076
any_turbines,none,pct_black,0.13011888702911065,0.06903541253324226,0.05945500307103336,1390,0.02500795770860076
any_turbines,none,pct_hispanic,0.0425391919096952,0.02049650603713939,0.037946120195037465,1390,0.02500795770860076
any_turbines,none,pct_asian,-0.04464800414076506,0.022739885638160203,0.049597096263477726,1390,0.02500795770860076
any_turbines,education,log_median_household_income,0.03331931716194137,0.02192612140749188,0.12860714432859235,1390,0.032307928794304774
any_turbines,education,pct_black,0.13225864682724747,0.06893877101114258,0.055048350230500136,1390,0.032307928794304774
any_turbines,education,pct_hispanic,-0.0033844852070716016,0.02436981990827131,0.889544825731453,1390,0.032307928794304774
any_turbines,education,pct_asian,-0.027363608234402002,0.022998664143126225,0.2341284687724643,1390,0.032307928794304774
any_turbines,housing_value,log_median_household_income,0.030520945111854422,0.020361161530525473,0.133879187560258,1382,0.03279293280834372
any_turbines,housing_value,pct_black,0.1600906970540591,0.07279379259413309,0.027861177211596998,1382,0.03279293280834372
any_turbines,housing_value,pct_hispanic,0.03388855616241514,0.020840546263450496,0.10393099796212288,1382,0.03279293280834372
any_turbines,housing_value,pct_asian,-0.027643994178984735,0.023066578648368835,0.23074435684860728,1382,0.03279293280834372
any_turbines,housing_structure,log_median_household_income,-0.007203556859500609,0.01708061618902949,0.6732157538870558,1390,0.031294582779057833
any_turbines,housing_structure,pct_black,0.17494078184671855,0.07754132121289904,0.024064524938311252,1390,0.031294582779057833
any_turbines,housing_structure,pct_hispanic,0.04206349828547412,0.021573255043202587,0.05120015169209731,1390,0.031294582779057833
any_turbines,housing_structure,pct_asian,-0.019437101178680007,0.024321458278652692,0.42418895169509097,1390,0.031294582779057833
any_turbines,tenure,log_median_household_income,-0.017501410071747228,0.013928621945531095,0.20893223308894637,1390,0.029762841249251992
any_turbines,tenure,pct_black,0.16599216017376095,0.07451756557559408,0.02591003913127451,1390,0.029762841249251992
any_turbines,tenure,pct_hispanic,0.0512168308108366,0.020767124434932983,0.013653765087820508,1390,0.029762841249251992
any_turbines,tenure,pct_asian,-0.019965106676649635,0.023127610212147497,0.38799534227200183,1390,0.029762841249251992
any_turbines,utility_fe,log_median_household_income,-0.021526666883097654,0.015823478832528465,0.17369525797692154,1291,0.03598492845392598
any_turbines,utility_fe,pct_black,0.0886525194921066,0.06695752827390408,0.18549931449270685,1291,0.03598492845392598
any_turbines,utility_fe,pct_hispanic,0.036899004010840585,0.024477889901066023,0.13169735083337977,1291,0.03598492845392598
any_turbines,utility_fe,pct_asian,-0.0526880191681264,0.02423501050916715,0.029701707059320258,1291,0.03598492845392598
any_turbines,county_fe,log_median_household_income,-0.007477183300682062,0.019353449149029787,0.6992383082305915,1390,0.08502872027690955
any_turbines,county_fe,pct_black,0.04193824710206692,0.07804699730889948,0.591028589635034,1390,0.08502872027690955
any_turbines,county_fe,pct_hispanic,0.01610562429132712,0.02289622352970221,0.4817950601918368,1390,0.08502872027690955
any_turbines,county_fe,pct_asian,-0.03407218468845028,0.031653790624004106,0.2817477744668073,1390,0.08502872027690955
any_turbines,education+housing_value,log_median_household_income,0.044738560022029764,0.02338504554783854,0.055731807012325794,1382,0.03461501735201222
any_turbines,education+housing_value,pct_black,0.15229580428262557,0.07268171699546082,0.036137240487499556,1382,0.03461501735201222
any_turbines,education+housing_value,pct_hispanic,0.00829265830350015,0.025331238676480062,0.7433889287946751,1382,0.03461501735201222
any_turbines,education+housing_value,pct_asian,-0.023474232532591472,0.02310690201631415,0.3096784356608314,1382,0.03461501735201222
any_turbines,education+housing_structure,log_median_household_income,0.02916808850723135,0.02382447875402286,0.22084257233832694,1390,0.03441859235785927
any_turbines,education+housing_structure,pct_black,0.14850191811616759,0.07586131256151565,0.05028344970813732,1390,0.03441859235785927
any_turbines,education+housing_structure,pct_hispanic,0.0036860563439567937,0.02789438925299098,0.8948709563433248,1390,0.03441859235785927
any_turbines,education+housing_structure,pct_asian,-0.021311240816754517,0.024432591027999762,0.38307394359882485,1390,0.03441859235785927
any_turbines,education+tenure,log_median_household_income,0.022667074202519583,0.024939222056352767,0.3634068239938266,1390,0.032939924586749436
any_turbines,education+tenure,pct_black,0.14766790049441303,0.07287957930089568,0.04274528186569188,1390,0.032939924586749436
any_turbines,education+tenure,pct_hispanic,0.009678742299476288,0.028065642567221053,0.7301989588410361,1390,0.032939924586749436
any_turbines,education+tenure,pct_asian,-0.019939748207692592,0.023126408526144716,0.388573692313137,1390,0.032939924586749436
any_turbines,education+utility_fe,log_median_household_income,0.03805333170752911,0.0245743198851018,0.12150198751849889,1291,0.04532180083485726
any_turbines,education+utility_fe,pct_black,0.08353913754490425,0.06591700064293698,0.205034362096562,1291,0.04532180083485726
any_turbines,education+utility_fe,pct_hispanic,-0.021862602122470688,0.03088923200950355,0.47908547756977626,1291,0.04532180083485726
any_turbines,education+utility_fe,pct_asian,-0.0353699204499542,0.024226592997770337,0.14430034448598938,1291,0.04532180083485726
any_turbines,county_fe+education,log_median_household_income,0.03440885465213844,0.02482630811234362,0.1657519265766212,1390,0.09241794768470402
any_turbines,county_fe+education,pct_black,0.017784439083036896,0.07827819453922563,0.8202718703707828,1390,0.09241794768470402
any_turbines,county_fe+education,pct_hispanic,-0.05696264233279849,0.03465059182259749,0.10019367378683756,1390,0.09241794768470402
any_turbines,county_fe+education,pct_asian,-0.033999405397806146,0.031429847069706925,0.27936124885628943,1390,0.09241794768470402
any_turbines,housing_structure+housing_value,log_median_household_income,0.02507170760775302,0.021212344164834755,0.23722970454697745,1382,0.03491080436922678
any_turbines,housing_structure+housing_value,pct_black,0.16983172051753792,0.07589991725838365,0.025248815050750203,1382,0.03491080436922678
any_turbines,housing_structure+housing_value,pct_hispanic,0.033164055203982065,0.02226327424620706,0.13632138409011899,1382,0.03491080436922678
any_turbines,housing_structure+housing_value,pct_asian,-0.021182741834663375,0.024429395848745216,0.3858869359233894,1382,0.03491080436922678
any_turbines,housing_value+tenure,log_median_household_income,0.02224031555201519,0.02094354858360112,0.2882732525118754,1382,0.033223442385774016
any_turbines,housing_value+tenure,pct_black,0.16852003284293718,0.07415096890477726,0.023046602186604172,1382,0.033223442385774016
any_turbines,housing_value+tenure,pct_hispanic,0.03873265223183412,0.02149518259412309,0.07155760646851116,1382,0.033223442385774016
any_turbines,housing_value+tenure,pct_asian,-0.02105587130676517,0.023277296126361598,0.36569488410591444,1382,0.033223442385774016
any_turbines,housing_value+utility_fe,log_median_household_income,0.040067857070043046,0.023441910191621496,0.08740645098384636,1283,0.04777718525662755
any_turbines,housing_value+utility_fe,pct_black,0.11579085048050987,0.0684319453904433,0.09063483234602299,1283,0.04777718525662755
any_turbines,housing_value+utility_fe,pct_hispanic,0.02404600678614742,0.025800453989140243,0.3513368525658648,1283,0.04777718525662755
any_turbines,housing_value+utility_fe,pct_asian,-0.0335720873834234,0.024017988994302897,0.1621763564558062,1283,0.04777718525662755
any_turbines,county_fe+housing_value,log_median_household_income,0.02795998979129985,0.023999589745649554,0.24401110394741843,1382,0.09616667107478838
any_turbines,county_fe+housing_value,pct_black,0.03541358990143954,0.07820434841515693,0.6506682606125052,1382,0.09616667107478838
any_turbines,county_fe+housing_value,pct_hispanic,-0.010287362982350803,0.024899696435902462,0.6794951472370916,1382,0.09616667107478838
any_turbines,county_fe+housing_value,pct_asian,-0.042371568896754655,0.032673112430909215,0.19468866950511232,1382,0.09616667107478838
any_turbines,housing_structure+tenure,log_median_household_income,-0.01061925122682102,0.01762119421454026,0.5467476475698079,1390,0.03162220863306475
any_turbines,housing_structure+tenure,pct_black,0.174313866979075,0.0776297479701972,0.024739135226251822,1390,0.03162220863306475
any_turbines,housing_structure+tenure,pct_hispanic,0.046455529675075706,0.022035592967752503,0.03501333003271613,1390,0.03162220863306475
any_turbines,housing_structure+tenure,pct_asian,-0.018052820492279093,0.02399835420714969,0.4518992635231528,1390,0.03162220863306475
any_turbines,housing_structure+utility_fe,log_median_household_income,-0.011985730045674707,0.018690744899972127,0.5213501941200331,1291,0.04455499202610658
any_turbines,housing_structure+utility_fe,pct_black,0.13900367368019043,0.07477150694566854,0.06302061316558442,1291,0.04455499202610658
any_turbines,housing_structure+utility_fe,pct_hispanic,0.03592822455985672,0.0257510537529838,0.16295138849884794,1291,0.04455499202610658
any_turbines,housing_structure+utility_fe,pct_asian,-0.024664083949954185,0.025429599806735953,0.3320980044474746,1291,0.04455499202610658
any_turbines,county_fe+housing_structure,log_median_household_income,-0.019092015120378343,0.024571818368750446,0.4371656794900338,1390,0.08945687990365125
any_turbines,county_fe+housing_structure,pct_black,0.04750014626816987,0.08063532537173611,0.5558118617344301,1390,0.08945687990365125
any_turbines,county_fe+housing_structure,pct_hispanic,0.004659598857449281,0.02643756246352185,0.860098180900615,1390,0.08945687990365125
any_turbines,county_fe+housing_structure,pct_asian,-0.033177359064896016,0.032179849673451943,0.30254178084032246,1390,0.08945687990365125
any_turbines,tenure+utility_fe,log_median_household_income,-0.024054031357429034,0.01583169252279779,0.1286720475446926,1291,0.04229264568900515
any_turbines,tenure+utility_fe,pct_black,0.1280426662289116,0.07146304038495285,0.0731757939826553,1291,0.04229264568900515
any_turbines,tenure+utility_fe,pct_hispanic,0.04861085381413445,0.024462420050697268,0.046904165436845634,1291,0.04229264568900515
any_turbines,tenure+utility_fe,pct_asian,-0.025248190412198872,0.024339268527078593,0.2995756386630498,1291,0.04229264568900515
any_turbines,county_fe+tenure,log_median_household_income,-0.021374120330332314,0.02037178367861859,0.2940850645970001,1390,0.08850007900931245
any_turbines,county_fe+tenure,pct_black,0.05887854749972764,0.07852108803465568,0.45334881269466776,1390,0.08850007900931245
any_turbines,county_fe+tenure,pct_hispanic,0.01691292653125639,0.02290265865358071,0.4602288857433712,1390,0.08850007900931245
any_turbines,county_fe+tenure,pct_asian,-0.028765647574507152,0.03107210786624046,0.3545651482592569,1390,0.08850007900931245
any_turbines,education+housing_structure+housing_value,log_median_household_income,0.04383868826264067,0.025370579076195273,0.08400004312529928,1382,0.03632293773755424
any_turbines,education+housing_structure+housing_value,pct_black,0.15297198461950973,0.07608755700726902,0.04438114325065077,1382,0.03632293773755424
any_turbines,education+housing_structure+housing_value,pct_hispanic,0.007310822859386421,0.02848519799502597,0.7974463496201869,1382,0.03632293773755424
any_turbines,education+housing_structure+housing_value,pct_asian,-0.02266503872497193,0.02457027143265437,0.3562898284742191,1382,0.03632293773755424
any_turbines,education+housing_value+tenure,log_median_household_income,0.04152732659715125,0.027058223695037378,0.12484781186545538,1382,0.03464834679285966
any_turbines,education+housing_value+tenure,pct_black,0.15521630812837633,0.0740489253873398,0.036070499737048574,1382,0.03464834679285966
any_turbines,education+housing_value+tenure,pct_hispanic,0.011072643530434766,0.029043085077692758,0.7030185852709951,1382,0.03464834679285966
any_turbines,education+housing_value+tenure,pct_asian,-0.021727028196316243,0.023319846394883357,0.3514931978343212,1382,0.03464834679285966
any_turbines,education+housing_value+utility_fe,log_median_household_income,0.05576651305033179,0.02700094808173965,0.03888952840338024,1283,0.04968997472402992
any_turbines,education+housing_value+utility_fe,pct_black,0.10651399196091448,0.06791441073587114,0.11679801040968338,1283,0.04968997472402992
any_turbines,education+housing_value+utility_fe,pct_hispanic,-0.00505815056062668,0.030478525108198855,0.8681901193206272,1283,0.04968997472402992
any_turbines,education+housing_value+utility_fe,pct_asian,-0.029728289691363242,0.024058870351754653,0.21658951686057248,1283,0.04968997472402992
any_turbines,county_fe+education+housing_value,log_median_household_income,0.04276275900028749,0.02666285880918895,0.10875098283266929,1382,0.09848142089595324
any_turbines,county_fe+education+housing_value,pct_black,0.021967045414724898,0.07870260364646767,0.780156882160947,1382,0.09848142089595324
any_turbines,county_fe+education+housing_value,pct_hispanic,-0.05033540133046393,0.03498714233387572,0.1502404031291174,1382,0.09848142089595324
any_turbines,county_fe+education+housing_value,pct_asian,-0.04020440761476063,0.03240450630889382,0.21471503605146558,1382,0.09848142089595324
any_turbines,education+housing_structure+tenure,log_median_household_income,0.026015287238760523,0.025556503688156776,0.3087008942646924,1390,0.03456398751701306
any_turbines,education+housing_structure+tenure,pct_black,0.14870953858507546,0.07597796316794544,0.050315499722802394,1390,0.03456398751701306
any_turbines,education+housing_structure+tenure,pct_hispanic,0.007540819358672065,0.0296713987323661,0.799384015119373,1390,0.03456398751701306
any_turbines,education+housing_structure+tenure,pct_asian,-0.020339003754941534,0.02409392641363167,0.398582905813475,1390,0.03456398751701306
any_turbines,education+housing_structure+utility_fe,log_median_household_income,0.029928794723580877,0.02597296823374183,0.24919554856118575,1291,0.04832995769199255
any_turbines,education+housing_structure+utility_fe,pct_black,0.1057350570417357,0.07224252057031814,0.14329985179892166,1291,0.04832995769199255
any_turbines,education+housing_structure+utility_fe,pct_hispanic,-0.010820150100080608,0.03343294975298092,0.746212633624969,1291,0.04832995769199255
any_turbines,education+housing_structure+utility_fe,pct_asian,-0.027125232916469143,0.025557840260341365,0.2885411953055099,1291,0.04832995769199255
any_turbines,county_fe+education+housing_structure,log_median_household_income,0.025442051888711643,0.029123361541764606,0.38233831020288667,1390,0.09443913270738469
any_turbines,county_fe+education+housing_structure,pct_black,0.006647020756133895,0.0805949854253323,0.9342694975981336,1390,0.09443913270738469
any_turbines,county_fe+education+housing_structure,pct_hispanic,-0.06283344736086272,0.03876632451768378,0.10505506778795885,1390,0.09443913270738469
any_turbines,county_fe+education+housing_structure,pct_asian,-0.03760844764519763,0.03247156783487411,0.24678396400614377,1390,0.09443913270738469
any_turbines,education+tenure+utility_fe,log_median_household_income,0.024146520316214618,0.027605597949383914,0.3817390569425163,1291,0.046256058088564256
any_turbines,education+tenure+utility_fe,pct_black,0.10292693032444862,0.06875206204497764,0.13437398223855934,1291,0.046256058088564256
any_turbines,education+tenure+utility_fe,pct_hispanic,-0.003864898986186603,0.033684530232825985,0.9086527141908831,1291,0.046256058088564256
any_turbines,education+tenure+utility_fe,pct_asian,-0.02632640484178135,0.024314461911184887,0.2789208429610477,1291,0.046256058088564256
any_turbines,county_fe+education+tenure,log_median_household_income,0.023975373701993534,0.02848936537299742,0.40003697229027646,1390,0.0927827371005977
any_turbines,county_fe+education+tenure,pct_black,0.0271247283884955,0.07830870742064601,0.7290556344872805,1390,0.0927827371005977
any_turbines,county_fe+education+tenure,pct_hispanic,-0.047487938741632096,0.035924331234503094,0.1862054825196482,1390,0.0927827371005977
any_turbines,county_fe+education+tenure,pct_asian,-0.03203267608626896,0.03114261109032123,0.303676941713922,1390,0.0927827371005977
any_turbines,housing_structure+housing_value+tenure,log_median_household_income,0.0244805242577138,0.02269934765843733,0.28082487264180767,1382,0.034914952325761694
any_turbines,housing_structure+housing_value+tenure,pct_black,0.16971821793426384,0.07602481191834828,0.025588166239132473,1382,0.034914952325761694
any_turbines,housing_structure+housing_value+tenure,pct_hispanic,0.03381699972090648,0.02374123053166125,0.15433082449832933,1382,0.034914952325761694
any_turbines,housing_structure+housing_value+tenure,pct_asian,-0.020976747854501633,0.023896805631977578,0.3800492692563927,1382,0.034914952325761694
any_turbines,housing_structure+housing_value+utility_fe,log_median_household_income,0.03324748300859473,0.02369030658376338,0.16049121804635547,1283,0.050955158379874854
any_turbines,housing_structure+housing_value+utility_fe,pct_black,0.12611768338096954,0.07180484993884163,0.0790209765671192,1283,0.050955158379874854
any_turbines,housing_structure+housing_value+utility_fe,pct_hispanic,0.02224884513927402,0.027431411010759747,0.4173244133734393,1283,0.050955158379874854
any_turbines,housing_structure+housing_value+utility_fe,pct_asian,-0.02592502857739945,0.025414369837092134,0.30768421061664675,1283,0.050955158379874854
any_turbines,county_fe+housing_structure+housing_value,log_median_household_income,0.015964509706282357,0.02607251691738699,0.5403314854873312,1382,0.10005509959087866
any_turbines,county_fe+housing_structure+housing_value,pct_black,0.018198730611308098,0.08027461018345951,0.8206524112957451,1382,0.10005509959087866
any_turbines,county_fe+housing_structure+housing_value,pct_hispanic,-0.025094387975083628,0.02959805721053294,0.39652762603334946,1382,0.10005509959087866
any_turbines,county_fe+housing_structure+housing_value,pct_asian,-0.04907382046764593,0.03395667555377311,0.14840475170412254,1382,0.10005509959087866
any_turbines,housing_value+tenure+utility_fe,log_median_household_income,0.03080447420532193,0.024111832820945027,0.20140225532884526,1283,0.04831035255793514
any_turbines,housing_value+tenure+utility_fe,pct_black,0.12574618235931995,0.06978520641302595,0.07156064658137631,1283,0.04831035255793514
any_turbines,housing_value+tenure+utility_fe,pct_hispanic,0.030186185465725383,0.026598120863108133,0.25641756499016055,1283,0.04831035255793514
any_turbines,housing_value+tenure+utility_fe,pct_asian,-0.02618565214315349,0.024386244194095165,0.2829177873713804,1283,0.04831035255793514
any_turbines,county_fe+housing_value+tenure,log_median_household_income,0.020978797574315994,0.025139984955447645,0.40401093546012634,1382,0.09640427753213232
any_turbines,county_fe+housing_value+tenure,pct_black,0.040728333678199544,0.07768334469690187,0.6000792423431258,1382,0.09640427753213232
any_turbines,county_fe+housing_value+tenure,pct_hispanic,-0.007854885446016507,0.024515948716599185,0.7486658837214073,1382,0.09640427753213232
any_turbines,county_fe+housing_value+tenure,pct_asian,-0.04001092586582709,0.032101287199194306,0.21261893580103397,1382,0.09640427753213232
any_turbines,housing_structure+tenure+utility_fe,log_median_household_income,-0.015786662561399486,0.019494289103737468,0.41804961130811613,1291,0.04489135715279924
any_turbines,housing_structure+tenure+utility_fe,pct_black,0.1381667132372434,0.07492772270009575,0.06518315461489378,1291,0.04489135715279924
any_turbines,housing_structure+tenure+utility_fe,pct_hispanic,0.041103861305733735,0.026325555121177107,0.11843710925391823,1291,0.04489135715279924
any_turbines,housing_structure+tenure+utility_fe,pct_asian,-0.02311887685998317,0.025094655182815267,0.35691106304864684,1291,0.04489135715279924
any_turbines,county_fe+housing_structure+tenure,log_median_household_income,-0.02547328036124759,0.025356449803980993,0.3150858708490487,1390,0.09009709785691689
any_turbines,county_fe+housing_structure+tenure,pct_black,0.04909192098690757,0.08087145855057987,0.5438267401197092,1390,0.09009709785691689
any_turbines,county_fe+housing_structure+tenure,pct_hispanic,0.009983752304357753,0.026865111038679848,0.7101719227298262,1390,0.09009709785691689
any_turbines,county_fe+housing_structure+tenure,pct_asian,-0.03195106919034101,0.032040145873102915,0.31865781203625043,1390,0.09009709785691689
any_turbines,education+housing_structure+housing_value+tenure,log_median_household_income,0.043649226375501365,0.027537211717526846,0.11294368091705757,1382,0.03632331264106359
any_turbines,education+housing_structure+housing_value+tenure,pct_black,0.15294826017181617,0.07614424944547614,0.044572712812158057,1382,0.03632331264106359
any_turbines,education+housing_structure+housing_value+tenure,pct_hispanic,0.007523246744432097,0.03086458606864699,0.8074243489911493,1382,0.03632331264106359
any_turbines,education+housing_structure+housing_value+tenure,pct_asian,-0.022602148317435775,0.02405945757911169,0.3475106117637129,1382,0.03632331264106359
any_turbines,education+housing_structure+housing_value+utility_fe,log_median_household_income,0.05140848096948136,0.028319386914695432,0.06947620331541475,1283,0.0521885898440706
any_turbines,education+housing_structure+housing_value+utility_fe,pct_black,0.10859980650323782,0.0715386950265426,0.12900006605624822,1283,0.0521885898440706
any_turbines,education+housing_structure+housing_value+utility_fe,pct_hispanic,-0.004521629790642651,0.033815187105238696,0.8936271939710095,1283,0.0521885898440706
any_turbines,education+housing_structure+housing_value+utility_fe,pct_asian,-0.027642407666724385,0.02557281751653333,0.2797285652662336,1283,0.0521885898440706
any_turbines,county_fe+education+housing_structure+housing_value,log_median_household_income,0.03731694895779121,0.029766958570762683,0.2099741190179062,1382,0.10185647046182955
any_turbines,county_fe+education+housing_structure+housing_value,pct_black,-0.0023780320343026184,0.08058201565458475,0.9764572818794225,1382,0.10185647046182955
any_turbines,county_fe+education+housing_structure+housing_value,pct_hispanic,-0.06373453185960286,0.03936791867620403,0.10545889654339902,1382,0.10185647046182955
any_turbines,county_fe+education+housing_structure+housing_value,pct_asian,-0.04933349528434208,0.033948608339029455,0.1461733207031551,1382,0.10185647046182955
any_turbines,education+housing_value+tenure+utility_fe,log_median_household_income,0.051810296623469906,0.030988715086617397,0.09454236344781371,1283,0.04973578621012653
any_turbines,education+housing_value+tenure+utility_fe,pct_black,0.11027523861033518,0.06883617106482137,0.10915659711564618,1283,0.04973578621012653
any_turbines,education+housing_value+tenure+utility_fe,pct_hispanic,-0.0012281573889396553,0.034624280588909345,0.9717041812390429,1283,0.04973578621012653
any_turbines,education+housing_value+tenure+utility_fe,pct_asian,-0.02763039780849079,0.024435358979573177,0.2581583375831872,1283,0.04973578621012653
any_turbines,county_fe+education+housing_value+tenure,log_median_household_income,0.04438193407994796,0.030207782409751423,0.14177262456583864,1382,0.0984884449990393
any_turbines,county_fe+education+housing_value+tenure,pct_black,0.02068637983034549,0.07801678063111532,0.7908916354808011,1382,0.0984884449990393
any_turbines,county_fe+education+housing_value+tenure,pct_hispanic,-0.05166870421355389,0.03644738442349614,0.1563004305717411,1382,0.0984884449990393
any_turbines,county_fe+education+housing_value+tenure,pct_asian,-0.04059380593172332,0.032054294722613674,0.20536715250276294,1382,0.0984884449990393
any_turbines,education+housing_structure+tenure+utility_fe,log_median_household_income,0.027044223908622822,0.02829998635927488,0.3392608433094706,1291,0.04841466163323904
any_turbines,education+housing_structure+tenure+utility_fe,pct_black,0.10606842362862458,0.07228932004585778,0.14230084202189247,1291,0.04841466163323904
any_turbines,education+housing_structure+tenure+utility_fe,pct_hispanic,-0.007127624334234082,0.03574243851440947,0.8419371220852596,1291,0.04841466163323904
any_turbines,education+housing_structure+tenure+utility_fe,pct_asian,-0.026284806494665303,0.025188603899630027,0.2967076229441158,1291,0.04841466163323904
any_turbines,county_fe+education+housing_structure+tenure,log_median_household_income,0.019520952245047195,0.03034785499980409,0.5200684248677956,1390,0.09480661239083277
any_turbines,county_fe+education+housing_structure+tenure,pct_black,0.00883713287570824,0.08084264796275618,0.9129544271981684,1390,0.09480661239083277
any_turbines,county_fe+education+housing_structure+tenure,pct_hispanic,-0.05716590984622914,0.039742586270000484,0.1503193528627967,1390,0.09480661239083277
any_turbines,county_fe+education+housing_structure+tenure,pct_asian,-0.03656953412855228,0.0323381477961186,0.25811901609076104,1390,0.09480661239083277
any_turbines,housing_structure+housing_value+tenure+utility_fe,log_median_household_income,0.03461533694611563,0.026146665782162036,0.18553922940974932,1283,0.05097282889641075
any_turbines,housing_structure+housing_value+tenure+utility_fe,pct_black,0.126318748128749,0.07198170626364976,0.07928104457247619,1283,0.05097282889641075
any_turbines,housing_structure+housing_value+tenure+utility_fe,pct_hispanic,0.020644205232690272,0.029936362612868972,0.4904438851971531,1283,0.05097282889641075
any_turbines,housing_structure+housing_value+tenure+utility_fe,pct_asian,-0.026396807100371886,0.024872933588959503,0.28856887990938396,1283,0.05097282889641075
any_turbines,county_fe+housing_structure+housing_value+tenure,log_median_household_income,0.017899978649201377,0.027566981446332253,0.5161271948258024,1382,0.1000954695316808
any_turbines,county_fe+housing_structure+housing_value+tenure,pct_black,0.017603621821256188,0.08033650472311972,0.8265537896797293,1382,0.1000954695316808
any_turbines,county_fe+housing_structure+housing_value+tenure,pct_hispanic,-0.027171527393989627,0.03139491952144159,0.3867779671178644,1382,0.1000954695316808
any_turbines,county_fe+housing_structure+housing_value+tenure,pct_asian,-0.049746847468180144,0.03375710606238151,0.14057036044263288,1382,0.1000954695316808
any_turbines,education+housing_structure+housing_value+tenure+utility_fe,log_median_household_income,0.054004162917323115,0.03153378623437985,0.08678965264342399,1283,0.05223829612282016
any_turbines,education+housing_structure+housing_value+tenure+utility_fe,pct_black,0.10865445298891079,0.07154518466105945,0.12884231718217048,1283,0.05223829612282016
any_turbines,education+housing_structure+housing_value+tenure+utility_fe,pct_hispanic,-0.007655151168537964,0.03741984153320881,0.8379044590377454,1283,0.05223829612282016
any_turbines,education+housing_structure+housing_value+tenure+utility_fe,pct_asian,-0.028464047712040325,0.02504428705524829,0.2557270658145252,1283,0.05223829612282016
any_turbines,county_fe+education+housing_structure+housing_value+tenure,log_median_household_income,0.03973007355907075,0.03126663878545784,0.2038404533853999,1382,0.10191367613862912
any_turbines,county_fe+education+housing_structure+housing_value+tenure,pct_black,-0.003191024080637747,0.08065944693342011,0.9684425700139394,1382,0.10191367613862912
any_turbines,county_fe+education+housing_structure+housing_value+tenure,pct_hispanic,-0.06640398987974983,0.04103601933623531,0.10562211009990272,1382,0.10191367613862912
any_turbines,county_fe+education+housing_structure+housing_value+tenure,pct_asian,-0.050136302303476696,0.03375508194314887,0.137465320303477,1382,0.10191367613862912
y_level1_chargers,none,log_median_household_income,-0.010010353877674624,0.0105161442695778,0.3411459561398228,1390,0.005608089372228009
y_level1_chargers,none,pct_black,-0.004041477475235436,0.01811874492661051,0.8234926653418861,1390,0.005608089372228009
y_level1_chargers,none,pct_hispanic,-0.018208923520526485,0.011936341317544863,0.1271337060736365,1390,0.005608089372228009
y_level1_chargers,none,pct_asian,0.006156860042750683,0.006405247535564511,0.33644093394077,1390,0.005608089372228009
y_level1_chargers,education,log_median_household_income,-0.025381954117112346,0.013145442262127298,0.053500881104763094,1390,0.01110060260737833
y_level1_chargers,education,pct_black,0.0013247363354622448,0.01910853324206869,0.9447293740585421,1390,0.01110060260737833
y_level1_chargers,education,pct_hispanic,0.002073872818986646,0.006430080557035384,0.747053695461382,1390,0.01110060260737833
y_level1_chargers,education,pct_asian,0.0022376170630823995,0.006474760645801633,0.7296503362361769,1390,0.01110060260737833
y_level1_chargers,housing_value,log_median_household_income,-0.013418552443670923,0.008981044338878653,0.13515023773317406,1382,0.006143283827415802
y_level1_chargers,housing_value,pct_black,-0.0031529778470259315,0.018646174557766872,0.8657217928511846,1382,0.006143283827415802
y_level1_chargers,housing_value,pct_hispanic,-0.01754217425608758,0.012222369200118278,0.15121543059544432,1382,0.006143283827415802
y_level1_chargers,housing_value,pct_asian,0.005513645896070037,0.007028200870585977,0.4327449197860055,1382,0.006143283827415802
y_level1_chargers,housing_structure,log_median_household_income,-0.008609113823909234,0.010831851814237367,0.4267321067659461,1390,0.013097339762720206
y_level1_chargers,housing_structure,pct_black,-0.021528927163424395,0.017625394746457596,0.22190733950186214,1390,0.013097339762720206
y_level1_chargers,housing_structure,pct_hispanic,-0.01670096688836986,0.011189344796447592,0.13554775565400418,1390,0.013097339762720206
y_level1_chargers,housing_structure,pct_asian,-0.004645858750301232,0.009168349952719828,0.612345749132483,1390,0.013097339762720206
y_level1_chargers,tenure,log_median_household_income,-0.005367264279059305,0.01269025395434803,0.6723362623914151,1390,0.00952212714538303
y_level1_chargers,tenure,pct_black,-0.012624988025024512,0.015049386681085531,0.40152328215776667,1390,0.00952212714538303
y_level1_chargers,tenure,pct_hispanic,-0.020318231511987445,0.013001860039200891,0.1181191052996766,1390,0.00952212714538303
y_level1_chargers,tenure,pct_asian,-0.0011961890240908355,0.010432296675345556,0.9087129571127892,1390,0.00952212714538303
y_level1_chargers,utility_fe,log_median_household_income,-0.013081719307194928,0.011545618746975534,0.25719485756440374,1291,0.009052215489611437
y_level1_chargers,utility_fe,pct_black,0.000362400056459624,0.02077611687804492,0.9860831189397634,1291,0.009052215489611437
y_level1_chargers,utility_fe,pct_hispanic,-0.02080354528246126,0.013444047564037276,0.12176276875166904,1291,0.009052215489611437
y_level1_chargers,utility_fe,pct_asian,0.004416571414286398,0.00643643021750076,0.4925974796166257,1291,0.009052215489611437
y_level1_chargers,county_fe,log_median_household_income,-0.010674052220681421,0.012651773929217371,0.39884808782198644,1390,0.03460989137642412
y_level1_chargers,county_fe,pct_black,-0.02124898075091788,0.014794705137287478,0.15092957223126846,1390,0.03460989137642412
y_level1_chargers,county_fe,pct_hispanic,-0.01960300255755417,0.010298549109757155,0.056978949888228284,1390,0.03460989137642412
y_level1_chargers,county_fe,pct_asian,-0.0039659532700231995,0.006737375454554142,0.5560963633918568,1390,0.03460989137642412
y_level1_chargers,education+housing_value,log_median_household_income,-0.023678592814312595,0.011934427145851544,0.04724940104727434,1382,0.012071944996064787
y_level1_chargers,education+housing_value,pct_black,0.003137714021824266,0.019190672892807892,0.8701231730311705,1382,0.012071944996064787
y_level1_chargers,education+housing_value,pct_hispanic,0.0039990420580651425,0.005320166036279193,0.45224582126262514,1382,0.012071944996064787
y_level1_chargers,education+housing_value,pct_asian,0.0023783252795363304,0.006681225877270362,0.7218619891978704,1382,0.012071944996064787
y_level1_chargers,education+housing_structure,log_median_household_income,-0.017020711981608948,0.012974192903994949,0.1895573027220192,1390,0.014148293612286866
y_level1_chargers,education+housing_structure,pct_black,-0.014454434044220203,0.018354031837556104,0.43096901649726016,1390,0.014148293612286866
y_level1_chargers,education+housing_structure,pct_hispanic,-0.006539442566860124,0.010329338300884101,0.5266722308446473,1390,0.014148293612286866
y_level1_chargers,education+housing_structure,pct_asian,-0.004012032586971276,0.00916284447223394,0.6614886036148515,1390,0.014148293612286866
y_level1_chargers,education+tenure,log_median_household_income,-0.019313191342959765,0.016845007186562535,0.25157873835650624,1390,0.011997917022137705
y_level1_chargers,education+tenure,pct_black,-0.004624026055534406,0.014769013215518436,0.7542125070842873,1390,0.011997917022137705
y_level1_chargers,education+tenure,pct_hispanic,-0.003723947289274463,0.009377488489347528,0.6912821913882494,1390,0.011997917022137705
y_level1_chargers,education+tenure,pct_asian,-0.0009112262128672995,0.010420410573604226,0.9303167786206058,1390,0.011997917022137705
y_level1_chargers,education+utility_fe,log_median_household_income,-0.03213736465955558,0.015999031351027822,0.04456822659656377,1291,0.016301222949033134
y_level1_chargers,education+utility_fe,pct_black,0.007984727581158865,0.022545945094319904,0.7232237760320039,1291,0.016301222949033134
y_level1_chargers,education+utility_fe,pct_hispanic,0.0038129564641845954,0.007968816746978153,0.632305299515057,1291,0.016301222949033134
y_level1_chargers,education+utility_fe,pct_asian,0.0008441128247879078,0.0065279629945120135,0.897114549246689,1291,0.016301222949033134
y_level1_chargers,county_fe+education,log_median_household_income,-0.029427677271722442,0.015571450596233273,0.05877827028828997,1390,0.04308249340726544
y_level1_chargers,county_fe+education,pct_black,-0.010434602469211216,0.012773376749813565,0.41398419066805814,1390,0.04308249340726544
y_level1_chargers,county_fe+education,pct_hispanic,0.013111833754770456,0.0139708849995236,0.34798170111034843,1390,0.04308249340726544
y_level1_chargers,county_fe+education,pct_asian,-0.003998538723193921,0.00677031998217613,0.5547896783212469,1390,0.04308249340726544
y_level1_chargers,housing_structure+housing_value,log_median_household_income,-0.0031819060054100097,0.009858923072830796,0.746889300458801,1382,0.014106943582468778
y_level1_chargers,housing_structure+housing_value,pct_black,-0.024015326729892296,0.019801814666790495,0.2252123614810938,1382,0.014106943582468778
y_level1_chargers,housing_structure+housing_value,pct_hispanic,-0.019354258833891167,0.013291393327557896,0.14535123207679235,1382,0.014106943582468778
y_level1_chargers,housing_structure+housing_value,pct_asian,-0.0058239760897881125,0.00953583891199667,0.5413677048445578,1382,0.014106943582468778
y_level1_chargers,housing_value+tenure,log_median_household_income,-0.0022758569614645466,0.012658208565864942,0.8573150998015409,1382,0.010579405935348785
y_level1_chargers,housing_value+tenure,pct_black,-0.012713902004123659,0.01545406000436056,0.4106842526971608,1382,0.010579405935348785
y_level1_chargers,housing_value+tenure,pct_hispanic,-0.02267733507814579,0.014774451422111588,0.12480790150367312,1382,0.010579405935348785
y_level1_chargers,housing_value+tenure,pct_asian,-0.00277201378874105,0.01129769074086283,0.8061768488963084,1382,0.010579405935348785
y_level1_chargers,housing_value+utility_fe,log_median_household_income,-0.017914194654987538,0.010422191199505958,0.08564149078671622,1283,0.009858932948027421
y_level1_chargers,housing_value+utility_fe,pct_black,0.0019690062173044454,0.021922502915313682,0.9284329007190472,1283,0.009858932948027421
y_level1_chargers,housing_value+utility_fe,pct_hispanic,-0.01995417946126973,0.013625228010884814,0.14305672100804204,1283,0.009858932948027421
y_level1_chargers,housing_value+utility_fe,pct_asian,0.0037818002398740894,0.007029575762439024,0.5905880011315883,1283,0.009858932948027421
y_level1_chargers,county_fe+housing_value,log_median_household_income,-0.02001413657106274,0.011168370469025904,0.07312698971186193,1382,0.037774029978170476
y_level1_chargers,county_fe+housing_value,pct_black,-0.01917124896407086,0.014442225869027901,0.18436178676435377,1382,0.037774029978170476
y_level1_chargers,county_fe+housing_value,pct_hispanic,-0.01553880848230382,0.011659423892576022,0.18262198784327577,1382,0.037774029978170476
y_level1_chargers,county_fe+housing_value,pct_asian,-0.0029810169079355782,0.006426037663157409,0.642721841766667,1382,0.037774029978170476
y_level1_chargers,housing_structure+tenure,log_median_household_income,-0.00965026764361938,0.014197020970000468,0.4966697903090459,1390,0.013212194514377718
y_level1_chargers,housing_structure+tenure,pct_black,-0.021850994073416535,0.018462621497685683,0.2366007162423045,1390,0.013212194514377718
y_level1_chargers,housing_structure+tenure,pct_hispanic,-0.015664025948270415,0.010639173363158679,0.1409406189155066,1390,0.013212194514377718
y_level1_chargers,housing_structure+tenure,pct_asian,-0.004362810695191002,0.009911506785435687,0.6598094007940152,1390,0.013212194514377718
y_level1_chargers,housing_structure+utility_fe,log_median_household_income,-0.011943686571129708,0.011637010901771428,0.3047249999339824,1291,0.018727941535093162
y_level1_chargers,housing_structure+utility_fe,pct_black,-0.019397545173093313,0.019579650030366748,0.32183244312833525,1291,0.018727941535093162
y_level1_chargers,housing_structure+utility_fe,pct_hispanic,-0.018976938123502318,0.012565459444640964,0.13098059886663094,1291,0.018727941535093162
y_level1_chargers,housing_structure+utility_fe,pct_asian,-0.007129494967372093,0.009852216154729629,0.46928445459272083,1291,0.018727941535093162
y_level1_chargers,county_fe+housing_structure,log_median_household_income,-0.005131849615979945,0.014682570431726123,0.7266990813898819,1390,0.044771646751890826
y_level1_chargers,county_fe+housing_structure,pct_black,-0.03356989454274771,0.020351989008405506,0.09905239785428481,1390,0.044771646751890826
y_level1_chargers,county_fe+housing_structure,pct_hispanic,-0.013895702467144104,0.009604477787173204,0.14795458014300533,1390,0.044771646751890826
y_level1_chargers,county_fe+housing_structure,pct_asian,-0.00679551177347741,0.007478673254486675,0.363533823072838,1390,0.044771646751890826
y_level1_chargers,tenure+utility_fe,log_median_household_income,-0.008605337655392401,0.013396103604849335,0.5206289719245152,1291,0.012880992587717799
y_level1_chargers,tenure+utility_fe,pct_black,-0.0084830049640401,0.016517392551391917,0.6075455597996611,1291,0.012880992587717799
y_level1_chargers,tenure+utility_fe,pct_hispanic,-0.023343622555002132,0.014838552124408768,0.11567856266048143,1291,0.012880992587717799
y_level1_chargers,tenure+utility_fe,pct_asian,-0.0023928506645239317,0.01051021021891969,0.81990345457143,1291,0.012880992587717799
y_level1_chargers,county_fe+tenure,log_median_household_income,-0.003978365070201344,0.01629397262711896,0.8071055402746427,1390,0.03921921822722463
y_level1_chargers,county_fe+tenure,pct_black,-0.029410991664249382,0.01910517787817282,0.12370053367688218,1390,0.03921921822722463
y_level1_chargers,county_fe+tenure,pct_hispanic,-0.019991969077508775,0.0104472256971266,0.05566935140288511,1390,0.03921921822722463
y_level1_chargers,county_fe+tenure,pct_asian,-0.006522697413827375,0.008228510564541032,0.42795566934910234,1390,0.03921921822722463
y_level1_chargers,education+housing_structure+housing_value,log_median_household_income,-0.012459929069085,0.011896020920378836,0.2949137072377983,1382,0.01617306033613053
y_level1_chargers,education+housing_structure+housing_value,pct_black,-0.01582181033665219,0.01890989180984345,0.40276407767238964,1382,0.01617306033613053
y_level1_chargers,education+housing_structure+housing_value,pct_hispanic,-0.005351243941829415,0.009759366496519938,0.5834730336997184,1382,0.01617306033613053
y_level1_chargers,education+housing_structure+housing_value,pct_asian,-0.005245912565797881,0.00953236186074405,0.5820953631327556,1382,0.01617306033613053
y_level1_chargers,education+housing_value+tenure,log_median_household_income,-0.014093238201249074,0.015801883108441116,0.37246218499420236,1382,0.01377589502144394
y_level1_chargers,education+housing_value+tenure,pct_black,-0.004556891632783555,0.014858067846623904,0.7590757144910067,1382,0.01377589502144394
y_level1_chargers,education+housing_value+tenure,pct_hispanic,-0.0039648124657352315,0.010512347688170068,0.7060564424425857,1382,0.01377589502144394
y_level1_chargers,education+housing_value+tenure,pct_asian,-0.0024786713567201565,0.011280210215971982,0.8260765528704996,1382,0.01377589502144394
y_level1_chargers,education+housing_value+utility_fe,log_median_household_income,-0.03023060529648971,0.014805429408074795,0.04116547947656587,1283,0.01745630572335477
y_level1_chargers,education+housing_value+utility_fe,pct_black,0.009754012072689562,0.02268489254609386,0.667211409117494,1283,0.01745630572335477
y_level1_chargers,education+housing_value+utility_fe,pct_hispanic,0.005368244698478455,0.006774555260938528,0.4281199843249641,1283,0.01745630572335477
y_level1_chargers,education+housing_value+utility_fe,pct_asian,0.0008325195439023881,0.0067263160369004605,0.9014969844871278,1283,0.01745630572335477
y_level1_chargers,county_fe+education+housing_value,log_median_household_income,-0.030374694879760064,0.014859264035893686,0.04093786491192687,1382,0.0442591662966203
y_level1_chargers,county_fe+education+housing_value,pct_black,-0.009759921513222417,0.01273780146393435,0.4435471252104237,1382,0.0442591662966203
y_level1_chargers,county_fe+education+housing_value,pct_hispanic,0.012491084478715374,0.012217515361537349,0.30659561783604694,1382,0.0442591662966203
y_level1_chargers,county_fe+education+housing_value,pct_asian,-0.004497827749842691,0.006791927745276302,0.5078229400304274,1382,0.0442591662966203
y_level1_chargers,education+housing_structure+tenure,log_median_household_income,-0.018709400126441178,0.01667127194114958,0.2617544966727937,1390,0.014339542132243532
y_level1_chargers,education+housing_structure+tenure,pct_black,-0.014586606669085001,0.018587344845750982,0.4325942358138375,1390,0.014339542132243532
y_level1_chargers,education+housing_structure+tenure,pct_hispanic,-0.0047856500662822755,0.009612244834481115,0.6185755466323453,1390,0.014339542132243532
y_level1_chargers,education+housing_structure+tenure,pct_asian,-0.0036196002709898752,0.009960811534391673,0.7163179973251841,1390,0.014339542132243532
y_level1_chargers,education+housing_structure+utility_fe,log_median_household_income,-0.022540824360874602,0.014158833688947934,0.11138532142787418,1291,0.02030093007337841
y_level1_chargers,education+housing_structure+utility_fe,pct_black,-0.009899496288837666,0.02058251017083473,0.6305403630285334,1291,0.02030093007337841
y_level1_chargers,education+housing_structure+utility_fe,pct_hispanic,-0.005865028954211679,0.011683013840550939,0.6156581279913643,1291,0.02030093007337841
y_level1_chargers,education+housing_structure+utility_fe,pct_asian,-0.006152826728855447,0.009770116786563086,0.5288517551318765,1291,0.02030093007337841
y_level1_chargers,county_fe+education+housing_structure,log_median_household_income,-0.017281986753829415,0.015410888535601675,0.26211166312031464,1390,0.04689288419643678
y_level1_chargers,county_fe+education+housing_structure,pct_black,-0.022424021039219998,0.018706256448137743,0.23062732965304134,1390,0.04689288419643678
y_level1_chargers,county_fe+education+housing_structure,pct_hispanic,0.004518285351133243,0.012010198636301117,0.7067652058096844,1390,0.04689288419643678
y_level1_chargers,county_fe+education+housing_structure,pct_asian,-0.005586587066248434,0.0071575696777620304,0.435088083901756,1390,0.04689288419643678
y_level1_chargers,education+tenure+utility_fe,log_median_household_income,-0.027323080115152096,0.01838542446796142,0.13724546845096994,1291,0.01682952075796096
y_level1_chargers,education+tenure+utility_fe,pct_black,0.0030495169435749347,0.016424715473493307,0.8527064195985938,1291,0.01682952075796096
y_level1_chargers,education+tenure+utility_fe,pct_hispanic,-0.0010229966325354962,0.009545592641852195,0.9146544914163798,1291,0.01682952075796096
y_level1_chargers,education+tenure+utility_fe,pct_asian,-0.0015161119015073936,0.01048594111893319,0.8850383825509872,1291,0.01682952075796096
y_level1_chargers,county_fe+education+tenure,log_median_household_income,-0.023496387672093444,0.019895594242063542,0.23760889574109467,1390,0.04375681631610473
y_level1_chargers,county_fe+education+tenure,pct_black,-0.015744427740346716,0.016395972661406015,0.3369234238759523,1390,0.04375681631610473
y_level1_chargers,county_fe+education+tenure,pct_hispanic,0.007725595821487881,0.007697292952979367,0.3155343315371233,1390,0.04375681631610473
y_level1_chargers,county_fe+education+tenure,pct_asian,-0.005116597132132058,0.007991601335679503,0.5220121653846763,1390,0.04375681631610473
y_level1_chargers,housing_structure+housing_value+tenure,log_median_household_income,-0.0037061402052365926,0.012962596774190363,0.7749468085326551,1382,0.014127541207803906
y_level1_chargers,housing_structure+housing_value+tenure,pct_black,-0.02419241740242422,0.021091650043887362,0.2513758442766332,1382,0.014127541207803906
y_level1_chargers,housing_structure+housing_value+tenure,pct_hispanic,-0.018778236193530844,0.012716106778897507,0.13974845244104808,1382,0.014127541207803906
y_level1_chargers,housing_structure+housing_value+tenure,pct_asian,-0.005653054182711199,0.010675929707911555,0.5964489391420188,1382,0.014127541207803906
y_level1_chargers,housing_structure+housing_value+utility_fe,log_median_household_income,-0.007170424845623573,0.009356322312869146,0.4434548991572318,1283,0.019752170244283773
y_level1_chargers,housing_structure+housing_value+utility_fe,pct_black,-0.02143442547951818,0.022591951602368016,0.3427407654307061,1283,0.019752170244283773
y_level1_chargers,housing_structure+housing_value+utility_fe,pct_hispanic,-0.02178397391100217,0.01482317292627514,0.1416730640839213,1283,0.019752170244283773
y_level1_chargers,housing_structure+housing_value+utility_fe,pct_asian,-0.008377354600555404,0.010175941622256728,0.41036524507657357,1283,0.019752170244283773
y_level1_chargers,county_fe+housing_structure+housing_value,log_median_household_income,-0.006840924912155456,0.011208585268202143,0.5416438739878955,1382,0.04595977098285009
y_level1_chargers,county_fe+housing_structure+housing_value,pct_black,-0.03282148477403781,0.021503417344398958,0.1269256893638437,1382,0.04595977098285009
y_level1_chargers,county_fe+housing_structure+housing_value,pct_hispanic,-0.01439642907601664,0.01346141560219723,0.2848629941655796,1382,0.04595977098285009
y_level1_chargers,county_fe+housing_structure+housing_value,pct_asian,-0.007245773575809229,0.00768551215015603,0.34579168425405404,1382,0.04595977098285009
y_level1_chargers,housing_value+tenure+utility_fe,log_median_household_income,-0.006851412557097161,0.011784503314800328,0.5609764820406994,1283,0.014160920727630755
y_level1_chargers,housing_value+tenure+utility_fe,pct_black,-0.008280306746822447,0.01744076262503899,0.6349527216035893,1283,0.014160920727630755
y_level1_chargers,housing_value+tenure+utility_fe,pct_hispanic,-0.025703104046140884,0.016518394805150015,0.11970115775104262,1283,0.014160920727630755
y_level1_chargers,housing_value+tenure+utility_fe,pct_asian,-0.004145696094298131,0.011403780684464532,0.7162037868770044,1283,0.014160920727630755
y_level1_chargers,county_fe+housing_value+tenure,log_median_household_income,-0.008764671428864002,0.013659386082809638,0.5210944533343524,1382,0.04130258963176803
y_level1_chargers,county_fe+housing_value+tenure,pct_black,-0.02773540577255261,0.018600026012233796,0.1359224423252008,1382,0.04130258963176803
y_level1_chargers,county_fe+housing_value+tenure,pct_hispanic,-0.01945849302953706,0.011943288545812907,0.10326205216220473,1382,0.04130258963176803
y_level1_chargers,county_fe+housing_value+tenure,pct_asian,-0.006784947621232046,0.008521130467452856,0.4258869124131367,1382,0.04130258963176803
y_level1_chargers,housing_structure+tenure+utility_fe,log_median_household_income,-0.014957250335085583,0.015335688185971351,0.3294000351354981,1291,0.01950676847257049
y_level1_chargers,housing_structure+tenure+utility_fe,pct_black,-0.020276940596708766,0.020525845357702053,0.3232145598448861,1291,0.01950676847257049
y_level1_chargers,housing_structure+tenure+utility_fe,pct_hispanic,-0.01607525251479569,0.01106356497411432,0.14622644913126967,1291,0.01950676847257049
y_level1_chargers,housing_structure+tenure+utility_fe,pct_asian,-0.006415982499319442,0.010412247016075033,0.5377653242121854,1291,0.01950676847257049
y_level1_chargers,county_fe+housing_structure+tenure,log_median_household_income,-0.007486814627030467,0.018715670462304008,0.6891350121116597,1390,0.045270380841944236
y_level1_chargers,county_fe+housing_structure+tenure,pct_black,-0.032982460291608284,0.019996547741497585,0.09906413345894571,1390,0.045270380841944236
y_level1_chargers,county_fe+housing_structure+tenure,pct_hispanic,-0.011930857783893078,0.00655717971887122,0.06883357225690603,1390,0.045270380841944236
y_level1_chargers,county_fe+housing_structure+tenure,pct_asian,-0.006342957360052569,0.007707691191672885,0.4105428544261652,1390,0.045270380841944236
y_level1_chargers,education+housing_structure+housing_value+tenure,log_median_household_income,-0.013372358025358223,0.015480515724214038,0.38768752699649134,1382,0.016224323123522177
y_level1_chargers,education+housing_structure+housing_value+tenure,pct_black,-0.016027431494659863,0.019800804197175736,0.41826591924101986,1382,0.016224323123522177
y_level1_chargers,education+housing_structure+housing_value+tenure,pct_hispanic,-0.00431418102612725,0.010495724622122737,0.6810419205714213,1382,0.016224323123522177
y_level1_chargers,education+housing_structure+housing_value+tenure,pct_asian,-0.004970587393523353,0.010707276131474638,0.6424864089911744,1382,0.016224323123522177
y_level1_chargers,education+housing_structure+housing_value+utility_fe,log_median_household_income,-0.017796975751335025,0.012444585797269776,0.15268892893035813,1283,0.022385546667169964
y_level1_chargers,education+housing_structure+housing_value+utility_fe,pct_black,-0.011356085620897785,0.021525519680913294,0.5978021025456719,1283,0.022385546667169964
y_level1_chargers,education+housing_structure+housing_value+utility_fe,pct_hispanic,-0.005240986967015903,0.011386621683911623,0.6453182337435377,1283,0.022385546667169964
y_level1_chargers,education+housing_structure+housing_value+utility_fe,pct_asian,-0.007434408106934727,0.010153208031679885,0.46403272891355296,1283,0.022385546667169964
y_level1_chargers,county_fe+education+housing_structure+housing_value,log_median_household_income,-0.016827280529519165,0.013501965159833308,0.2126602209140429,1382,0.04821326738168841
y_level1_chargers,county_fe+education+housing_structure+housing_value,pct_black,-0.02319790655832451,0.019384390647771678,0.23141131234255252,1382,0.04821326738168841
y_level1_chargers,county_fe+education+housing_structure+housing_value,pct_hispanic,0.0036752400851378115,0.011236734314876111,0.7436121554854263,1382,0.04821326738168841
y_level1_chargers,county_fe+education+housing_structure+housing_value,pct_asian,-0.007124325855767772,0.007645355323503219,0.351413949294507,1382,0.04821326738168841
y_level1_chargers,education+housing_value+tenure+utility_fe,log_median_household_income,-0.021832012712313907,0.016297147662500757,0.18036836415077973,1283,0.01866634586897331
y_level1_chargers,education+housing_value+tenure+utility_fe,pct_black,0.0025747739689443317,0.01649519345466966,0.8759602063398504,1283,0.01866634586897331
y_level1_chargers,education+housing_value+tenure+utility_fe,pct_hispanic,-0.0021368043275851395,0.011171753181534284,0.8483152490497664,1283,0.01866634586897331
y_level1_chargers,education+housing_value+tenure+utility_fe,pct_asian,-0.00323145241878441,0.01142906340069331,0.7773762160911166,1283,0.01866634586897331
y_level1_chargers,county_fe+education+housing_value+tenure,log_median_household_income,-0.02226238044674124,0.01763082931861209,0.20669839523193312,1382,0.04526755384297021
y_level1_chargers,county_fe+education+housing_value+tenure,pct_black,-0.0161762516769883,0.016691549605298533,0.332481221642274,1382,0.04526755384297021
y_level1_chargers,county_fe+education+housing_value+tenure,pct_hispanic,0.00581103340953337,0.007340092759062922,0.42854500054482614,1382,0.04526755384297021
y_level1_chargers,county_fe+education+housing_value+tenure,pct_asian,-0.006448772787575852,0.008460754935579433,0.4459416775765719,1382,0.04526755384297021
y_level1_chargers,education+housing_structure+tenure+utility_fe,log_median_household_income,-0.02727237997679031,0.018426077111522877,0.1388473834753237,1291,0.02140026607189449
y_level1_chargers,education+housing_structure+tenure+utility_fe,pct_black,-0.009946490554490523,0.02050540060487809,0.6276289096881704,1291,0.02140026607189449
y_level1_chargers,education+housing_structure+tenure+utility_fe,pct_hispanic,-0.0010010606344012614,0.00943311954873144,0.9154856301070378,1291,0.02140026607189449
y_level1_chargers,education+housing_structure+tenure+utility_fe,pct_asian,-0.0051948794511561,0.010399444258690901,0.6174030060362292,1291,0.02140026607189449
y_level1_chargers,county_fe+education+housing_structure+tenure,log_median_household_income,-0.020702518866712948,0.019956157400193596,0.2995494507970087,1390,0.04759434243401439
y_level1_chargers,county_fe+education+housing_structure+tenure,pct_black,-0.021158825503479584,0.017994994970614384,0.23966791159808454,1390,0.04759434243401439
y_level1_chargers,county_fe+education+housing_structure+tenure,pct_hispanic,0.007792338354197014,0.008407139558231157,0.3539932375405601,1390,0.04759434243401439
y_level1_chargers,county_fe+education+housing_structure+tenure,pct_asian,-0.004986422019201587,0.007390373668837184,0.49985461283022026,1390,0.04759434243401439
y_level1_chargers,housing_structure+housing_value+tenure+utility_fe,log_median_household_income,-0.010133558276898606,0.012547132547365378,0.4192982133661389,1283,0.0202211464323655
y_level1_chargers,housing_structure+housing_value+tenure+utility_fe,pct_black,-0.022146969811348283,0.02370809747193487,0.3502254233725086,1283,0.0202211464323655
y_level1_chargers,housing_structure+housing_value+tenure+utility_fe,pct_hispanic,-0.018694181059890454,0.012747790049410925,0.1425217963695632,1283,0.0202211464323655
y_level1_chargers,housing_structure+housing_value+tenure+utility_fe,pct_asian,-0.007519958981754138,0.011119430318707024,0.49885657186744303,1283,0.0202211464323655
y_level1_chargers,county_fe+housing_structure+housing_value+tenure,log_median_household_income,-0.00967042936619194,0.014997136726729672,0.5190448913504706,1382,0.04645321868447594
y_level1_chargers,county_fe+housing_structure+housing_value+tenure,pct_black,-0.031951482194949685,0.020582390737221932,0.12057376056424791,1382,0.04645321868447594
y_level1_chargers,county_fe+housing_structure+housing_value+tenure,pct_hispanic,-0.011359813449116296,0.00802115125237701,0.15670750324603108,1382,0.04645321868447594
y_level1_chargers,county_fe+housing_structure+housing_value+tenure,pct_asian,-0.006261860657616012,0.007815840129600257,0.42302997605179216,1382,0.04645321868447594
y_level1_chargers,education+housing_structure+housing_value+tenure+utility_fe,log_median_household_income,-0.021790583147641675,0.01629312846995046,0.18108903826038936,1283,0.023056744739987867
y_level1_chargers,education+housing_structure+housing_value+tenure+utility_fe,pct_black,-0.011796898394769885,0.022020190710360116,0.5921444879756266,1283,0.023056744739987867
y_level1_chargers,education+housing_structure+housing_value+tenure+utility_fe,pct_hispanic,-0.000852053012613407,0.010551348405184105,0.9356383883979134,1283,0.023056744739987867
y_level1_chargers,education+housing_structure+housing_value+tenure+utility_fe,pct_asian,-0.00636650908160077,0.011161214674477045,0.5683971808767638,1283,0.023056744739987867
y_level1_chargers,county_fe+education+housing_structure+housing_value+tenure,log_median_household_income,-0.019972163180765688,0.01758047268663152,0.2559388006721228,1382,0.04876894536654841
y_level1_chargers,county_fe+education+housing_structure+housing_value+tenure,pct_black,-0.02213838208090562,0.018489123402615364,0.2311610988379098,1382,0.04876894536654841
y_level1_chargers,county_fe+education+housing_structure+housing_value+tenure,pct_hispanic,0.007154186929133858,0.007247283078242168,0.32356698290122843,1382,0.04876894536654841
y_level1_chargers,county_fe+education+housing_structure+housing_value+tenure,pct_asian,-0.006078074922254406,0.007773971475263222,0.43430308597635237,1382,0.04876894536654841
y_level2_chargers,none,log_median_household_income,0.20251226377224657,0.08827302875569207,0.021781432191015495,1390,0.11723722283993121
y_level2_chargers,none,pct_black,0.08938872099059843,0.3232620372220141,0.7821479819540217,1390,0.11723722283993121
y_level2_chargers,none,pct_hispanic,-0.4779990083188307,0.08866259904983854,6.998343461698404e-08,1390,0.11723722283993121
y_level2_chargers,none,pct_asian,0.34141515428419417,0.14147276324418975,0.015809128047766866,1390,0.11723722283993121
y_level2_chargers,education,log_median_household_income,-0.4263322347899639,0.10172416555065167,2.7765236876603435e-05,1390,0.21370688917194902
y_level2_chargers,education,pct_black,0.3089178513608933,0.31884940773677123,0.33261909222732966,1390,0.21370688917194902
y_level2_chargers,education,pct_hispanic,0.3517600730314296,0.10704516668551801,0.0010158847404766248,1390,0.21370688917194902
y_level2_chargers,education,pct_asian,0.18108087887345206,0.12973324684022064,0.16277655783220468,1390,0.21370688917194902
y_level2_chargers,housing_value,log_median_household_income,-0.2159337149255449,0.11142872197258766,0.05263981045098846,1382,0.1718230031534037
y_level2_chargers,housing_value,pct_black,0.1230915046036485,0.3242853496270633,0.7042588769155773,1382,0.1718230031534037
y_level2_chargers,housing_value,pct_hispanic,-0.29740438858463575,0.08655375014411101,0.000590227405595733,1382,0.1718230031534037
y_level2_chargers,housing_value,pct_asian,0.2569275891393499,0.144410446057845,0.07521546370273414,1382,0.1718230031534037
y_level2_chargers,housing_structure,log_median_household_income,0.3385873651308291,0.09354516001158517,0.0002951647822925815,1390,0.23866030816381156
y_level2_chargers,housing_structure,pct_black,-0.44661112873937486,0.3624860157795569,0.21791986269183516,1390,0.23866030816381156
y_level2_chargers,housing_structure,pct_hispanic,-0.3608458470358524,0.08525215611147276,2.309139142971063e-05,1390,0.23866030816381156
y_level2_chargers,housing_structure,pct_asian,-0.0702671826113574,0.1270115860855744,0.5801028927602271,1390,0.23866030816381156
y_level2_chargers,tenure,log_median_household_income,0.42994348563902285,0.09041319646159295,1.981344500185981e-06,1390,0.21579305936762383
y_level2_chargers,tenure,pct_black,-0.3310550914288519,0.3513709025109579,0.34609982952348894,1390,0.21579305936762383
y_level2_chargers,tenure,pct_hispanic,-0.5813186801887343,0.08375924276584697,3.911224214835386e-12,1390,0.21579305936762383
y_level2_chargers,tenure,pct_asian,-0.018757290851826952,0.13074430445007318,0.8859225935633441,1390,0.21579305936762383
y_level2_chargers,utility_fe,log_median_household_income,0.20335470016120868,0.09404756502298446,0.030598622534424132,1291,0.10774919310553377
y_level2_chargers,utility_fe,pct_black,-0.019044687962297135,0.34111098804859624,0.9554761578632159,1291,0.10774919310553377
y_level2_chargers,utility_fe,pct_hispanic,-0.4643566447472541,0.09569964863623696,1.2208131913023625e-06,1291,0.10774919310553377
y_level2_chargers,utility_fe,pct_asian,0.2915839295388019,0.1455986006932671,0.04521421113484885,1291,0.10774919310553377
y_level2_chargers,county_fe,log_median_household_income,0.08707305176773716,0.0947909969090843,0.3583156401958518,1390,0.19090918149220482
y_level2_chargers,county_fe,pct_black,0.3397087419107091,0.34462962917414547,0.3242699286851489,1390,0.19090918149220482
y_level2_chargers,county_fe,pct_hispanic,-0.6707885774724313,0.10436133758336821,1.296699044835436e-10,1390,0.19090918149220482
y_level2_chargers,county_fe,pct_asian,0.2064132371257221,0.16422355483334808,0.20878841281621807,1390,0.19090918149220482
y_level2_chargers,education+housing_value,log_median_household_income,-0.49991121409595163,0.10893803865076702,4.4548107511430146e-06,1382,0.2204680085434364
y_level2_chargers,education+housing_value,pct_black,0.2972053365607499,0.3196064769806251,0.3524175592951555,1382,0.2204680085434364
y_level2_chargers,education+housing_value,pct_hispanic,0.29881361027303893,0.10493175786754767,0.0044037148451473804,1382,0.2204680085434364
y_level2_chargers,education+housing_value,pct_asian,0.17014815400882405,0.1322119054079403,0.19811687749476792,1382,0.2204680085434364
y_level2_chargers,education+housing_structure,log_median_household_income,-0.0439752597719256,0.12944919962523363,0.7340745103695492,1390,0.2614743894040502
y_level2_chargers,education+housing_structure,pct_black,-0.12486054023046084,0.3538784633488611,0.7242124975679294,1390,0.2614743894040502
y_level2_chargers,education+housing_structure,pct_hispanic,0.10130407317776947,0.1150478437182069,0.37856757608913016,1390,0.2614743894040502
y_level2_chargers,education+housing_structure,pct_asian,-0.04144053204746942,0.12441706392228985,0.7390757378818431,1390,0.2614743894040502
y_level2_chargers,education+tenure,log_median_household_income,-0.06049855149402212,0.12314448358370733,0.6232276791537072,1390,0.2479271248720094
y_level2_chargers,education+tenure,pct_black,-0.04968203753541287,0.3427801102727056,0.8847594229511425,1390,0.2479271248720094
y_level2_chargers,education+tenure,pct_hispanic,0.002259200411297781,0.11412611573258293,0.9842063896207865,1390,0.2479271248720094
y_level2_chargers,education+tenure,pct_asian,-0.008735888832158006,0.12638390645923012,0.9448926325692414,1390,0.2479271248720094
y_level2_chargers,education+utility_fe,log_median_household_income,-0.47851468773969463,0.11093223440118825,1.6063446579294034e-05,1291,0.20904329352932582
y_level2_chargers,education+utility_fe,pct_black,0.2537055499613248,0.3357204449031216,0.44982620859770484,1291,0.20904329352932582
y_level2_chargers,education+utility_fe,pct_hispanic,0.4164972265264193,0.11546839273735338,0.00030972940763418727,1291,0.20904329352932582
y_level2_chargers,education+utility_fe,pct_asian,0.1637504131880187,0.13226085064960424,0.21568387823174684,1291,0.20904329352932582
y_level2_chargers,county_fe+education,log_median_household_income,-0.4807941344254315,0.10655014048307794,6.4105874278965e-06,1390,0.2724380084347017
y_level2_chargers,county_fe+education,pct_black,0.6671723948603264,0.34272665929167706,0.05157546944002143,1390,0.2724380084347017
y_level2_chargers,county_fe+education,pct_hispanic,0.3198296092988073,0.12387060879864306,0.009823947190252874,1390,0.2724380084347017
y_level2_chargers,county_fe+education,pct_asian,0.20542653671167008,0.1513995524011915,0.17482876322374963,1390,0.2724380084347017
y_level2_chargers,housing_structure+housing_value,log_median_household_income,0.1436195137040995,0.12712872667192118,0.2585953921207542,1382,0.2513679669726343
y_level2_chargers,housing_structure+housing_value,pct_black,-0.2742412141784865,0.35514200015557074,0.43999504499948283,1382,0.2513679669726343
y_level2_chargers,housing_structure+housing_value,pct_hispanic,-0.256010157416567,0.08759408394231313,0.0034702431622281524,1382,0.2513679669726343
y_level2_chargers,housing_structure+housing_value,pct_asian,-0.057358443386121546,0.12730679544979076,0.6523118335919519,1382,0.2513679669726343
y_level2_chargers,housing_value+tenure,log_median_household_income,0.18264294697980796,0.1249835519858718,0.14392329210422902,1382,0.23261670698637027
y_level2_chargers,housing_value+tenure,pct_black,-0.21890484999043203,0.34351783427662097,0.5239655968337422,1382,0.23261670698637027
y_level2_chargers,housing_value+tenure,pct_hispanic,-0.4810902177514131,0.08508013665638921,1.562515685374499e-08,1382,0.23261670698637027
y_level2_chargers,housing_value+tenure,pct_asian,-0.03945227551088695,0.13047660916693385,0.7623696523901176,1382,0.23261670698637027
y_level2_chargers,housing_value+utility_fe,log_median_household_income,-0.2784086687767127,0.12360744111860923,0.024299422683799615,1283,0.16534131078204728
y_level2_chargers,housing_value+utility_fe,pct_black,0.061666347605683895,0.3409526992009647,0.8564736851888373,1283,0.16534131078204728
y_level2_chargers,housing_value+utility_fe,pct_hispanic,-0.260992369820293,0.0934687580828586,0.005233557675487904,1283,0.16534131078204728
y_level2_chargers,housing_value+utility_fe,pct_asian,0.2279208571333801,0.1481869899529858,0.12403332577850913,1283,0.16534131078204728
y_level2_chargers,county_fe+housing_value,log_median_household_income,-0.27181294671608625,0.118382209119776,0.02167231013666703,1382,0.22748482337517117
y_level2_chargers,county_fe+housing_value,pct_black,0.4322227032740905,0.3534026741116785,0.2213176914171604,1382,0.22748482337517117
y_level2_chargers,county_fe+housing_value,pct_hispanic,-0.44173474139685565,0.09688160595515276,5.126784839677194e-06,1382,0.22748482337517117
y_level2_chargers,county_fe+housing_value,pct_asian,0.2562623219777451,0.1630140573836129,0.11594454230638461,1382,0.22748482337517117
y_level2_chargers,housing_structure+tenure,log_median_household_income,0.39948207801380853,0.09768254267836027,4.321262940476765e-05,1390,0.2427836528759122
y_level2_chargers,housing_structure+tenure,pct_black,-0.4277741695491677,0.3632919645418174,0.23899832389906028,1390,0.2427836528759122
y_level2_chargers,housing_structure+tenure,pct_hispanic,-0.42149415819606434,0.08755689087081515,1.4797869447960637e-06,1390,0.2427836528759122
y_level2_chargers,housing_structure+tenure,pct_asian,-0.08682201795086339,0.12699206705896476,0.4941768498147986,1390,0.2427836528759122
y_level2_chargers,housing_structure+utility_fe,log_median_household_income,0.2980865042178961,0.09764648343417043,0.0022678415382553713,1291,0.23513664274191437
y_level2_chargers,housing_structure+utility_fe,pct_black,-0.5855152344466703,0.3912540883512345,0.1345210843514722,1291,0.23513664274191437
y_level2_chargers,housing_structure+utility_fe,pct_hispanic,-0.3574670660916092,0.09122116950210242,8.903322805438911e-05,1291,0.23513664274191437
y_level2_chargers,housing_structure+utility_fe,pct_asian,-0.09675087930659351,0.13112972452175606,0.4606203807346064,1291,0.23513664274191437
y_level2_chargers,county_fe+housing_structure,log_median_household_income,0.3358492069372129,0.10044801438073026,0.0008272492180424611,1390,0.32080083186175123
y_level2_chargers,county_fe+housing_structure,pct_black,0.002979015881383509,0.38282908024025203,0.9937912585201688,1390,0.32080083186175123
y_level2_chargers,county_fe+housing_structure,pct_hispanic,-0.42755800110531944,0.09739209759477391,1.1331484570652432e-05,1390,0.32080083186175123
y_level2_chargers,county_fe+housing_structure,pct_asian,0.13646100212879173,0.14720699026201767,0.35392610343393094,1390,0.32080083186175123
y_level2_chargers,tenure+utility_fe,log_median_household_income,0.42812158737172507,0.09671563469432101,9.572928468452106e-06,1291,0.21309592639179664
y_level2_chargers,tenure+utility_fe,pct_black,-0.4631878167714855,0.3733769602767069,0.21477695385435347,1291,0.21309592639179664
y_level2_chargers,tenure+utility_fe,pct_hispanic,-0.5918983304733054,0.09000578184756727,4.825401101456255e-11,1291,0.21309592639179664
y_level2_chargers,tenure+utility_fe,pct_asian,-0.05032896426958312,0.13405032504087402,0.7073271026218844,1291,0.21309592639179664
y_level2_chargers,county_fe+tenure,log_median_household_income,0.38174207521645864,0.09434819413445458,5.207835386632563e-05,1390,0.28459793516569865
y_level2_chargers,county_fe+tenure,pct_black,-0.01949140157818455,0.37547456691625336,0.9585993094294923,1390,0.28459793516569865
y_level2_chargers,county_fe+tenure,pct_hispanic,-0.6879065195168166,0.0955184406442353,5.941453585268317e-13,1390,0.28459793516569865
y_level2_chargers,county_fe+tenure,pct_asian,0.0938940463195973,0.15127126659857937,0.5347971549649886,1390,0.28459793516569865
y_level2_chargers,education+housing_structure+housing_value,log_median_household_income,-0.09012603058395302,0.14166895177991132,0.5246633540717758,1382,0.2654136398587058
y_level2_chargers,education+housing_structure+housing_value,pct_black,-0.06781815014578518,0.35146556854336275,0.846991734073915,1382,0.2654136398587058
y_level2_chargers,education+housing_structure+housing_value,pct_hispanic,0.09677430056062505,0.11144503495347395,0.3851978253527103,1382,0.2654136398587058
y_level2_chargers,education+housing_structure+housing_value,pct_asian,-0.04279502054044283,0.1250005650651508,0.7320810279184922,1382,0.2654136398587058
y_level2_chargers,education+housing_value+tenure,log_median_household_income,-0.10011347947676895,0.13318750919444938,0.4522476189002639,1382,0.2522172275396303
y_level2_chargers,education+housing_value+tenure,pct_black,-0.023730719921351322,0.339251992403653,0.9442333553074177,1382,0.2522172275396303
y_level2_chargers,education+housing_value+tenure,pct_hispanic,-0.033352608503441517,0.10791870045637204,0.7572811375784491,1382,0.2522172275396303
y_level2_chargers,education+housing_value+tenure,pct_asian,-0.03243342284602442,0.1262883986319082,0.7973175080561006,1382,0.2522172275396303
y_level2_chargers,education+housing_value+utility_fe,log_median_household_income,-0.5853761886385699,0.12086339612488975,1.2770822325594328e-06,1283,0.21798085655832533
y_level2_chargers,education+housing_value+utility_fe,pct_black,0.25569559923552365,0.3368462662872781,0.4478005551531622,1283,0.21798085655832533
y_level2_chargers,education+housing_value+utility_fe,pct_hispanic,0.3701299569241033,0.1118685819079681,0.0009375900319642726,1283,0.21798085655832533
y_level2_chargers,education+housing_value+utility_fe,pct_asian,0.15441458919773712,0.1347084206657195,0.25167618122845214,1283,0.21798085655832533
y_level2_chargers,county_fe+education+housing_value,log_median_household_income,-0.5426074778110236,0.11606637067840792,2.9398823892574425e-06,1382,0.274935725475706
y_level2_chargers,county_fe+education+housing_value,pct_black,0.6782071307632925,0.3458584372271846,0.049886195579250725,1382,0.274935725475706
y_level2_chargers,county_fe+education+housing_value,pct_hispanic,0.29088424445920746,0.1241293319843617,0.019109062332209874,1382,0.274935725475706
y_level2_chargers,county_fe+education+housing_value,pct_asian,0.21661734644113334,0.1524612548850356,0.15537415635030827,1382,0.274935725475706
y_level2_chargers,education+housing_structure+tenure,log_median_household_income,0.015887381522765996,0.13180932815883728,0.9040608932707057,1390,0.26399660507509504
y_level2_chargers,education+housing_structure+tenure,pct_black,-0.1201751266119318,0.3547552604299178,0.7347942859201955,1390,0.26399660507509504
y_level2_chargers,education+housing_structure+tenure,pct_hispanic,0.03913353465166084,0.11375268304918555,0.7308290197321865,1390,0.26399660507509504
y_level2_chargers,education+housing_structure+tenure,pct_asian,-0.05535194312446053,0.12440453408730129,0.6563666600353857,1390,0.26399660507509504
y_level2_chargers,education+housing_structure+utility_fe,log_median_household_income,-0.11347592407206172,0.13657072288303668,0.40603297629439616,1291,0.261028927738724
y_level2_chargers,education+housing_structure+utility_fe,pct_black,-0.21663826593143332,0.38242955907019227,0.571068290368083,1291,0.261028927738724
y_level2_chargers,education+housing_structure+utility_fe,pct_hispanic,0.1517618676352806,0.12434760448376032,0.2222887456440934,1291,0.261028927738724
y_level2_chargers,education+housing_structure+utility_fe,pct_asian,-0.05881988700923416,0.12783869091584776,0.6454371154262667,1291,0.261028927738724
y_level2_chargers,county_fe+education+housing_structure,log_median_household_income,0.036254555518661115,0.12935054845072708,0.7792616037138163,1390,0.3343360834354915
y_level2_chargers,county_fe+education+housing_structure,pct_black,0.2778108181202181,0.3797549727818075,0.4644415590672546,1390,0.3343360834354915
y_level2_chargers,county_fe+education+housing_structure,pct_hispanic,0.02648891203256019,0.13765029221531117,0.847400465530741,1390,0.3343360834354915
y_level2_chargers,county_fe+education+housing_structure,pct_asian,0.16627032626602004,0.14529473470933707,0.2524719626324957,1390,0.3343360834354915
y_level2_chargers,education+tenure+utility_fe,log_median_household_income,-0.09148959647076171,0.135847539862746,0.5006466719082594,1291,0.24630339931019285
y_level2_chargers,education+tenure+utility_fe,pct_black,-0.14304090941942943,0.3647314463181211,0.6949241453441001,1291,0.24630339931019285
y_level2_chargers,education+tenure+utility_fe,pct_hispanic,0.027730178926878145,0.12521668013231105,0.82473618789375,1291,0.24630339931019285
y_level2_chargers,education+tenure+utility_fe,pct_asian,-0.02599038457436806,0.12899197252860034,0.8403167084975016,1291,0.24630339931019285
y_level2_chargers,county_fe+education+tenure,log_median_household_income,-0.056664379343990386,0.12315590074281295,0.6454424077346426,1390,0.30862382977844427
y_level2_chargers,county_fe+education+tenure,pct_black,0.2874817974036196,0.37182105193566617,0.43942032248545704,1390,0.30862382977844427
y_level2_chargers,county_fe+education+tenure,pct_hispanic,-0.06532504165541016,0.13417047712968355,0.6263427403992035,1390,0.30862382977844427
y_level2_chargers,county_fe+education+tenure,pct_asian,0.12547733996711782,0.14772948490615764,0.3956741329670779,1390,0.30862382977844427
y_level2_chargers,housing_structure+housing_value+tenure,log_median_household_income,0.20477977763947858,0.1280604147502349,0.10980121523019461,1382,0.25437070234672543
y_level2_chargers,housing_structure+housing_value+tenure,pct_black,-0.25358076837786586,0.35485629831192783,0.4748554476906126,1382,0.25437070234672543
y_level2_chargers,housing_structure+housing_value+tenure,pct_hispanic,-0.32321236728355,0.08924888754168385,0.0002929312600638191,1382,0.25437070234672543
y_level2_chargers,housing_structure+housing_value+tenure,pct_asian,-0.07729920450533707,0.12714864996368797,0.5432248992846449,1382,0.25437070234672543
y_level2_chargers,housing_structure+housing_value+utility_fe,log_median_household_income,0.04500954801990844,0.13383998372918474,0.7366493738533014,1283,0.252706629728487
y_level2_chargers,housing_structure+housing_value+utility_fe,pct_black,-0.35993717257409086,0.38086994885388376,0.34463867484688304,1283,0.252706629728487
y_level2_chargers,housing_structure+housing_value+utility_fe,pct_hispanic,-0.2212684014012333,0.09443968091503939,0.01913143047520536,1283,0.252706629728487
y_level2_chargers,housing_structure+housing_value+utility_fe,pct_asian,-0.07985225269921914,0.1313517274878216,0.5432359363772896,1283,0.252706629728487
y_level2_chargers,county_fe+housing_structure+housing_value,log_median_household_income,0.19705053443365786,0.12973481201603368,0.12879479378586933,1382,0.3248471592708997
y_level2_chargers,county_fe+housing_structure+housing_value,pct_black,0.1358195977755239,0.38171444714435154,0.7219793665247477,1382,0.3248471592708997
y_level2_chargers,county_fe+housing_structure+housing_value,pct_hispanic,-0.31453610294393186,0.09593955369131181,0.0010436700823672216,1382,0.3248471592708997
y_level2_chargers,county_fe+housing_structure+housing_value,pct_asian,0.17277173824300762,0.14738513144512666,0.24109801229874916,1382,0.3248471592708997
y_level2_chargers,housing_value+tenure+utility_fe,log_median_household_income,0.13675072590927811,0.135113649572244,0.31148245382127904,1283,0.23291884838693655
y_level2_chargers,housing_value+tenure+utility_fe,pct_black,-0.3229655224322598,0.36395594836554074,0.3748768718408878,1283,0.23291884838693655
y_level2_chargers,housing_value+tenure+utility_fe,pct_hispanic,-0.47673557344054446,0.09168677494038735,1.9970592092844415e-07,1283,0.23291884838693655
y_level2_chargers,housing_value+tenure+utility_fe,pct_asian,-0.06957886313139858,0.13341339263731974,0.6019987793680917,1283,0.23291884838693655
y_level2_chargers,county_fe+housing_value+tenure,log_median_household_income,0.19255686064786515,0.12992771414797644,0.1383321274782246,1382,0.2918829997110651
y_level2_chargers,county_fe+housing_value+tenure,pct_black,0.07870048714035173,0.3740162134036336,0.8333398936795996,1382,0.2918829997110651
y_level2_chargers,county_fe+housing_value+tenure,pct_hispanic,-0.6035364924239595,0.09330619102332424,9.908307414076798e-11,1382,0.2918829997110651
y_level2_chargers,county_fe+housing_value+tenure,pct_asian,0.09923880572779266,0.15228505353803581,0.5146174486503423,1382,0.2918829997110651
y_level2_chargers,housing_structure+tenure+utility_fe,log_median_household_income,0.3709533433112935,0.10337991647787934,0.000332900577777384,1291,0.2401058898799181
y_level2_chargers,housing_structure+tenure+utility_fe,pct_black,-0.5642517836452146,0.3914961220270137,0.14950829812650576,1291,0.2401058898799181
y_level2_chargers,housing_structure+tenure+utility_fe,pct_hispanic,-0.427628733443061,0.09435110607845236,5.834134928017514e-06,1291,0.2401058898799181
y_level2_chargers,housing_structure+tenure+utility_fe,pct_asian,-0.11400334259350117,0.13079588977002654,0.3834197668970317,1291,0.2401058898799181
y_level2_chargers,county_fe+housing_structure+tenure,log_median_household_income,0.3636326725007261,0.1036806312287102,0.0004527836101539635,1390,0.3215293565354306
y_level2_chargers,county_fe+housing_structure+tenure,pct_black,-0.003951430732902294,0.384501827214735,0.9918004808886847,1390,0.3215293565354306
y_level2_chargers,county_fe+housing_structure+tenure,pct_hispanic,-0.45073889523262395,0.09915754925647174,5.475711067477877e-06,1390,0.3215293565354306
y_level2_chargers,county_fe+housing_structure+tenure,pct_asian,0.13112184426367496,0.14726155816217823,0.3732505851571778,1390,0.3215293565354306
y_level2_chargers,education+housing_structure+housing_value+tenure,log_median_household_income,-0.030930376664850143,0.1401650682065221,0.8253485529202883,1382,0.26772461698730243
y_level2_chargers,education+housing_structure+housing_value+tenure,pct_black,-0.05447806616007899,0.3514614657297418,0.8768178652645049,1382,0.26772461698730243
y_level2_chargers,education+housing_structure+housing_value+tenure,pct_hispanic,0.029492769184599713,0.10601809823868932,0.7808694472518001,1382,0.26772461698730243
y_level2_chargers,education+housing_structure+housing_value+tenure,pct_asian,-0.06065729189991347,0.12470500354051714,0.6266791671198101,1382,0.26772461698730243
y_level2_chargers,education+housing_structure+housing_value+utility_fe,log_median_household_income,-0.1943962944606685,0.149823481907136,0.19445845535739625,1283,0.26761499226525676
y_level2_chargers,education+housing_structure+housing_value+utility_fe,pct_black,-0.1328819910700578,0.3780243814157229,0.7252005317956625,1283,0.26761499226525676
y_level2_chargers,education+housing_structure+housing_value+utility_fe,pct_hispanic,0.15142898287809609,0.1193865913286683,0.20465804036636603,1283,0.26761499226525676
y_level2_chargers,education+housing_structure+housing_value+utility_fe,pct_asian,-0.05860858655356151,0.12861834621437104,0.6486213442550931,1283,0.26761499226525676
y_level2_chargers,county_fe+education+housing_structure+housing_value,log_median_household_income,-0.0008651158705784231,0.1419970841478456,0.9951389260535793,1382,0.33432730455563664
y_level2_chargers,county_fe+education+housing_structure+housing_value,pct_black,0.32654550558367523,0.3792321821741401,0.3891994175548693,1382,0.33432730455563664
y_level2_chargers,county_fe+education+housing_structure+housing_value,pct_hispanic,0.04361919325782416,0.13479529729621562,0.7462440614373541,1382,0.33432730455563664
y_level2_chargers,county_fe+education+housing_structure+housing_value,pct_asian,0.1751786627919784,0.14578895865120217,0.22952213071374372,1382,0.33432730455563664
y_level2_chargers,education+housing_value+tenure+utility_fe,log_median_household_income,-0.1598839342043009,0.14747351529009878,0.27829672570332575,1283,0.2526227989484069
y_level2_chargers,education+housing_value+tenure+utility_fe,pct_black,-0.10802131824403244,0.36040800232186865,0.7643910978037866,1283,0.2526227989484069
y_level2_chargers,education+housing_value+tenure+utility_fe,pct_hispanic,-0.010093300452985548,0.11695135993484866,0.9312252326543089,1283,0.2526227989484069
y_level2_chargers,education+housing_value+tenure+utility_fe,pct_asian,-0.051475692421465144,0.12878866420439294,0.6893839934557502,1283,0.2526227989484069
y_level2_chargers,county_fe+education+housing_value+tenure,log_median_household_income,-0.08307571364417382,0.13634956533402304,0.5423356998093086,1382,0.3095919221260707
y_level2_chargers,county_fe+education+housing_value+tenure,pct_black,0.3147464261792282,0.36960480853277977,0.39444970259696843,1382,0.3095919221260707
y_level2_chargers,county_fe+education+housing_value+tenure,pct_hispanic,-0.08751524657279279,0.12914586011821197,0.4979958236352374,1382,0.3095919221260707
y_level2_chargers,county_fe+education+housing_value+tenure,pct_asian,0.10610372885585946,0.14845843297209366,0.4747924111148687,1382,0.3095919221260707
y_level2_chargers,education+housing_structure+tenure+utility_fe,log_median_household_income,-0.044262964316748976,0.14226147119617766,0.7556956354822137,1291,0.2635960581698329
y_level2_chargers,education+housing_structure+tenure+utility_fe,pct_black,-0.21595083615541846,0.38288686387402987,0.5727494309357071,1291,0.2635960581698329
y_level2_chargers,education+housing_structure+tenure+utility_fe,pct_hispanic,0.08061198144611614,0.12561774019613756,0.5210520790285238,1291,0.2635960581698329
y_level2_chargers,education+housing_structure+tenure+utility_fe,pct_asian,-0.07283269204868488,0.12756222686388885,0.56802801707316,1291,0.2635960581698329
y_level2_chargers,county_fe+education+housing_structure+tenure,log_median_household_income,0.05746649412327636,0.13189720916519115,0.663060566957127,1390,0.3346191877539092
y_level2_chargers,county_fe+education+housing_structure+tenure,pct_black,0.2699648897262746,0.381191079619039,0.47881232381246586,1390,0.3346191877539092
y_level2_chargers,county_fe+education+housing_structure+tenure,pct_hispanic,0.006185342588597094,0.137555912537268,0.964134389749228,1390,0.3346191877539092
y_level2_chargers,county_fe+education+housing_structure+tenure,pct_asian,0.1625484889289085,0.14536160700948245,0.2634664860144297,1390,0.3346191877539092
y_level2_chargers,housing_structure+housing_value+tenure+utility_fe,log_median_household_income,0.1181942466078965,0.13717218073290477,0.3888808014934567,1283,0.2558975879592694
y_level2_chargers,housing_structure+housing_value+tenure+utility_fe,pct_black,-0.3423384571045325,0.3800478434014378,0.36770675765694927,1283,0.2558975879592694
y_level2_chargers,housing_structure+housing_value+tenure+utility_fe,pct_hispanic,-0.29758138687848457,0.09756401488579769,0.0022875436899593704,1283,0.2558975879592694
y_level2_chargers,housing_structure+housing_value+tenure+utility_fe,pct_asian,-0.10102856533864316,0.13069170120854592,0.4395048094532761,1283,0.2558975879592694
y_level2_chargers,county_fe+housing_structure+housing_value+tenure,log_median_household_income,0.20809876488837428,0.13253110199556317,0.11637134727939993,1382,0.32492773750025117
y_level2_chargers,county_fe+housing_structure+housing_value+tenure,pct_black,0.13242254039458812,0.38248550547657983,0.7291805117417598,1382,0.32492773750025117
y_level2_chargers,county_fe+housing_structure+housing_value+tenure,pct_hispanic,-0.32639303047077417,0.09828597792050466,0.0008974362271644365,1382,0.32492773750025117
y_level2_chargers,county_fe+housing_structure+housing_value+tenure,pct_asian,0.16892990061944851,0.14779003294934842,0.25302203615760155,1382,0.32492773750025117
y_level2_chargers,education+housing_structure+housing_value+tenure+utility_fe,log_median_household_income,-0.12619049076469047,0.15108371124830455,0.40358508196144705,1283,0.2697987014120181
y_level2_chargers,education+housing_structure+housing_value+tenure+utility_fe,pct_black,-0.125353461964096,0.3775300678113334,0.7398622987949464,1283,0.2697987014120181
y_level2_chargers,education+housing_structure+housing_value+tenure+utility_fe,pct_hispanic,0.07647149757132764,0.11540399969032016,0.5075600840768363,1283,0.2697987014120181
y_level2_chargers,education+housing_structure+housing_value+tenure+utility_fe,pct_asian,-0.07684696205246071,0.12780860439889935,0.5476628641183833,1283,0.2697987014120181
y_level2_chargers,county_fe+education+housing_structure+housing_value+tenure,log_median_household_income,0.00714137277470773,0.14176412160386817,0.9598235292535832,1382,0.33436587995133904
y_level2_chargers,county_fe+education+housing_structure+housing_value+tenure,pct_black,0.3238480851586006,0.3796139487745378,0.39360469066829484,1382,0.33436587995133904
y_level2_chargers,county_fe+education+housing_structure+housing_value+tenure,pct_hispanic,0.0347622178177427,0.12989976224588412,0.7890010591031408,1382,0.33436587995133904
y_level2_chargers,county_fe+education+housing_structure+housing_value+tenure,pct_asian,0.17251503519492206,0.1460671308947318,0.23757619758026827,1382,0.33436587995133904
y_dc_fast_chargers,none,log_median_household_income,0.04479789312234866,0.055745870969203914,0.42162272528667455,1390,0.01232500765429323
y_dc_fast_chargers,none,pct_black,-0.14778529533837098,0.1547301294029897,0.33951879978458643,1390,0.01232500765429323
y_dc_fast_chargers,none,pct_hispanic,0.013039042311174826,0.07048822678618034,0.8532432746423233,1390,0.01232500765429323
y_dc_fast_chargers,none,pct_asian,0.13503399971775407,0.06783653400566374,0.046527158923158674,1390,0.01232500765429323
y_dc_fast_chargers,education,log_median_household_income,-0.06938647536481875,0.06728150768751957,0.30240673253435024,1390,0.0197589318617718
y_dc_fast_chargers,education,pct_black,-0.10792362019742914,0.15500370164819088,0.48626301755445134,1390,0.0197589318617718
y_dc_fast_chargers,education,pct_hispanic,0.16370509237142386,0.09744282892776189,0.09295503996031117,1390,0.0197589318617718
y_dc_fast_chargers,education,pct_asian,0.10592081191618186,0.0679752217503552,0.11917949532260931,1390,0.0197589318617718
y_dc_fast_chargers,housing_value,log_median_household_income,0.07339406814646286,0.06976317438142615,0.2927784480816217,1382,0.013127146107993704
y_dc_fast_chargers,housing_value,pct_black,-0.13001153690750938,0.15593456374616485,0.4044179204950378,1382,0.013127146107993704
y_dc_fast_chargers,housing_value,pct_hispanic,-0.010488024600966064,0.06924142054463825,0.8796046709238288,1382,0.013127146107993704
y_dc_fast_chargers,housing_value,pct_asian,0.1444717709040585,0.06907067558052514,0.03646971663383976,1382,0.013127146107993704
y_dc_fast_chargers,housing_structure,log_median_household_income,0.10316608744741997,0.058958967453918106,0.08015374942630825,1390,0.043998243605172904
y_dc_fast_chargers,housing_structure,pct_black,-0.29458403427734775,0.15302748361435142,0.05422434834332797,1390,0.043998243605172904
y_dc_fast_chargers,housing_structure,pct_hispanic,0.05934126988617894,0.0699910303654778,0.39652648864186446,1390,0.043998243605172904
y_dc_fast_chargers,housing_structure,pct_asian,0.004837728665764859,0.0673777580148621,0.9427610062018338,1390,0.043998243605172904
y_dc_fast_chargers,tenure,log_median_household_income,0.12938681682953107,0.05470290656068851,0.01801722124547276,1390,0.044189701721896624
y_dc_fast_chargers,tenure,pct_black,-0.30416175623049924,0.15539016454056623,0.050299666071777514,1390,0.044189701721896624
y_dc_fast_chargers,tenure,pct_hispanic,-0.025388838300412428,0.06820614335185375,0.7097165299046124,1390,0.044189701721896624
y_dc_fast_chargers,tenure,pct_asian,0.0010743822432319988,0.06879533202072392,0.9875398790176463,1390,0.044189701721896624
y_dc_fast_chargers,utility_fe,log_median_household_income,0.06600231574093626,0.05918703298264982,0.26478690170531893,1291,0.010239637791242262
y_dc_fast_chargers,utility_fe,pct_black,-0.21975514994101947,0.15057338707093673,0.14443979459847917,1291,0.010239637791242262
y_dc_fast_chargers,utility_fe,pct_hispanic,0.03807949796678384,0.07657275324902064,0.6189787292742344,1291,0.010239637791242262
y_dc_fast_chargers,utility_fe,pct_asian,0.14415861306609948,0.06953510208974381,0.03815575825701533,1291,0.010239637791242262
y_dc_fast_chargers,county_fe,log_median_household_income,0.020934666568931712,0.06925398280009927,0.7624323204251024,1390,0.06260256412157794
y_dc_fast_chargers,county_fe,pct_black,-0.206513703725796,0.17597957370553952,0.24059154452447962,1390,0.06260256412157794
y_dc_fast_chargers,county_fe,pct_hispanic,-0.06186188149715519,0.08642235610891283,0.47410942877984485,1390,0.06260256412157794
y_dc_fast_chargers,county_fe,pct_asian,0.09441938791438934,0.0845692361994403,0.2642191188783224,1390,0.06260256412157794
y_dc_fast_chargers,education+housing_value,log_median_household_income,-0.026490312707656654,0.07105473460678303,0.7092856999169546,1382,0.02696087868826902
y_dc_fast_chargers,education+housing_value,pct_black,-0.06876988095238355,0.15281819307752023,0.6527024473457921,1382,0.02696087868826902
y_dc_fast_chargers,education+housing_value,pct_hispanic,0.19922177932355037,0.10554169321395931,0.05907804173228546,1382,0.02696087868826902
y_dc_fast_chargers,education+housing_value,pct_asian,0.11394854221798409,0.0676910897196343,0.09230522331138133,1382,0.02696087868826902
y_dc_fast_chargers,education+housing_structure,log_median_household_income,0.10926994911595761,0.07504346740407461,0.14536808536957227,1390,0.044011817605252634
y_dc_fast_chargers,education+housing_structure,pct_black,-0.299717627985197,0.15456692718498605,0.05249160484407026,1390,0.044011817605252634
y_dc_fast_chargers,education+housing_structure,pct_hispanic,0.05196757732061082,0.109285271021799,0.6344147822962825,1390,0.044011817605252634
y_dc_fast_chargers,education+housing_structure,pct_asian,0.004377793805486938,0.06739508870654438,0.948208106650048,1390,0.044011817605252634
y_dc_fast_chargers,education+tenure,log_median_household_income,0.13281912150744662,0.07013250035213331,0.058247410959965835,1390,0.04419338015226515
y_dc_fast_chargers,education+tenure,pct_black,-0.30613091461407504,0.15944404537572,0.054859208553053686,1390,0.04419338015226515
y_dc_fast_chargers,education+tenure,pct_hispanic,-0.02947294393959422,0.09918501791659064,0.7663511010215587,1390,0.04419338015226515
y_dc_fast_chargers,education+tenure,pct_asian,0.001004248562964482,0.06881824071162322,0.9883570696110625,1390,0.04419338015226515
y_dc_fast_chargers,education+utility_fe,log_median_household_income,-0.06063718165746362,0.07442671298202583,0.41523067891845966,1291,0.01853390706886926
y_dc_fast_chargers,education+utility_fe,pct_black,-0.1690988898729978,0.1505636156886327,0.2613925072112355,1291,0.01853390706886926
y_dc_fast_chargers,education+utility_fe,pct_hispanic,0.20167518581974322,0.10970730628471777,0.0660178826577954,1291,0.01853390706886926
y_dc_fast_chargers,education+utility_fe,pct_asian,0.12041686347504814,0.06914874633078695,0.08161035572451673,1291,0.01853390706886926
y_dc_fast_chargers,county_fe+education,log_median_household_income,-0.06058778714972456,0.07778254392654887,0.4360161777138012,1390,0.06652967087354122
y_dc_fast_chargers,county_fe+education,pct_black,-0.15950334436503222,0.1786881116416446,0.3720524242329937,1390,0.06652967087354122
y_dc_fast_chargers,county_fe+education,pct_hispanic,0.08035028931921939,0.13041929581327752,0.5378337788646351,1390,0.06652967087354122
y_dc_fast_chargers,county_fe+education,pct_asian,0.09427773817516355,0.08371132009449696,0.2600705130249775,1390,0.06652967087354122
y_dc_fast_chargers,housing_structure+housing_value,log_median_household_income,0.24109386018121184,0.0785207689984771,0.002137386119772737,1382,0.05436415033993325
y_dc_fast_chargers,housing_structure+housing_value,pct_black,-0.3632914567430441,0.15905758348857083,0.02237007665100558,1382,0.05436415033993325
y_dc_fast_chargers,housing_structure+housing_value,pct_hispanic,-0.005073190923665459,0.0684423288793639,0.9409120471205251,1382,0.05436415033993325
y_dc_fast_chargers,housing_structure+housing_value,pct_asian,-0.01449675577383977,0.06716587923395446,0.8291162696917245,1382,0.05436415033993325
y_dc_fast_chargers,housing_value+tenure,log_median_household_income,0.30957595871281457,0.08741168694221126,0.000397730009336953,1382,0.0621955440251285
y_dc_fast_chargers,housing_value+tenure,pct_black,-0.33266601549302843,0.15908902626428487,0.03652194424163021,1382,0.0621955440251285
y_dc_fast_chargers,housing_value+tenure,pct_hispanic,-0.11933350038841758,0.06672021700806872,0.07368476480568882,1382,0.0621955440251285
y_dc_fast_chargers,housing_value+tenure,pct_asian,-0.03115205118383682,0.0700478677550888,0.6565183641210788,1382,0.0621955440251285
y_dc_fast_chargers,housing_value+utility_fe,log_median_household_income,0.11261165712022608,0.0763365961795503,0.14015909681175337,1283,0.011731850409335554
y_dc_fast_chargers,housing_value+utility_fe,pct_black,-0.20803486596356838,0.1510171389441176,0.16833979978631775,1283,0.011731850409335554
y_dc_fast_chargers,housing_value+utility_fe,pct_hispanic,0.006985115853988183,0.07678618835017048,0.9275177087829891,1283,0.011731850409335554
y_dc_fast_chargers,housing_value+utility_fe,pct_asian,0.1547063026152799,0.07021651451299014,0.02757536028351969,1283,0.011731850409335554
y_dc_fast_chargers,county_fe+housing_value,log_median_household_income,0.061535713681404126,0.07580828251010971,0.4169476624519822,1382,0.06597013410652863
y_dc_fast_chargers,county_fe+housing_value,pct_black,-0.19761731122336484,0.17898823580929435,0.26955848505878854,1382,0.06597013410652863
y_dc_fast_chargers,county_fe+housing_value,pct_hispanic,-0.10986579986881762,0.0940670877859066,0.24282631345404548,1382,0.06597013410652863
y_dc_fast_chargers,county_fe+housing_value,pct_asian,0.09816884857809655,0.084574423157117,0.24574797373136048,1382,0.06597013410652863
y_dc_fast_chargers,housing_structure+tenure,log_median_household_income,0.14968464664982253,0.061507963926773046,0.014950266963496875,1390,0.04962222085095547
y_dc_fast_chargers,housing_structure+tenure,pct_black,-0.28019414458413977,0.1507550450125753,0.0630830875105714,1390,0.04962222085095547
y_dc_fast_chargers,housing_structure+tenure,pct_hispanic,0.013010941362338603,0.06259384353790445,0.8353359739989836,1390,0.04962222085095547
y_dc_fast_chargers,housing_structure+tenure,pct_asian,-0.007808805842198391,0.0678333964240538,0.908352049541808,1390,0.04962222085095547
y_dc_fast_chargers,housing_structure+utility_fe,log_median_household_income,0.10963422094791747,0.06188406449756413,0.07645987302066647,1291,0.044089708674597716
y_dc_fast_chargers,housing_structure+utility_fe,pct_black,-0.3763471140535254,0.15265058894957256,0.013685448565737777,1291,0.044089708674597716
y_dc_fast_chargers,housing_structure+utility_fe,pct_hispanic,0.08178537261533016,0.07606996799120408,0.2823149530817295,1291,0.044089708674597716
y_dc_fast_chargers,housing_structure+utility_fe,pct_asian,0.020878182777336562,0.06882839473168724,0.7616332288152987,1291,0.044089708674597716
y_dc_fast_chargers,county_fe+housing_structure,log_median_household_income,0.11769530318426688,0.07259057290901144,0.1049408913840661,1390,0.09429003869339558
y_dc_fast_chargers,county_fe+housing_structure,pct_black,-0.2867529218679694,0.17194572236759917,0.0953764035321076,1390,0.09429003869339558
y_dc_fast_chargers,county_fe+housing_structure,pct_hispanic,0.02736513092314894,0.08400429016572691,0.7446069051860724,1390,0.09429003869339558
y_dc_fast_chargers,county_fe+housing_structure,pct_asian,0.08162572801561316,0.07975217451682495,0.30607518914252607,1390,0.09429003869339558
y_dc_fast_chargers,tenure+utility_fe,log_median_household_income,0.15264323756057457,0.058090081089192565,0.008596458951728659,1291,0.04739834097706064
y_dc_fast_chargers,tenure+utility_fe,pct_black,-0.39095906070146974,0.1528580766109428,0.010537892421175534,1291,0.04739834097706064
y_dc_fast_chargers,tenure+utility_fe,pct_hispanic,-0.011084012543506095,0.07376017846496272,0.8805508464071312,1291,0.04739834097706064
y_dc_fast_chargers,tenure+utility_fe,pct_asian,0.01236140454827739,0.07034147457906088,0.8605027457392094,1291,0.04739834097706064
y_dc_fast_chargers,county_fe+tenure,log_median_household_income,0.12853697528845395,0.06771017070560201,0.0576512110544354,1390,0.09180117893588358
y_dc_fast_chargers,county_fe+tenure,pct_black,-0.33768040825222384,0.17356245658068326,0.05170468219828614,1390,0.09180117893588358
y_dc_fast_chargers,county_fe+tenure,pct_hispanic,-0.06811272545403081,0.08537552985293032,0.42498569292621924,1390,0.09180117893588358
y_dc_fast_chargers,county_fe+tenure,pct_asian,0.05333151052472845,0.08245792086181998,0.5177792329118873,1390,0.09180117893588358
y_dc_fast_chargers,education+housing_structure+housing_value,log_median_household_income,0.19260666080998623,0.0827419599830055,0.019922773366592265,1382,0.05575341146915358
y_dc_fast_chargers,education+housing_structure+housing_value,pct_black,-0.320471918552216,0.1552146414334048,0.03895124308488712,1382,0.05575341146915358
y_dc_fast_chargers,education+housing_structure+housing_value,pct_hispanic,0.06810694348761018,0.11180452497553248,0.5424178035662457,1382,0.05575341146915358
y_dc_fast_chargers,education+housing_structure+housing_value,pct_asian,-0.011475780168847786,0.06717281294885606,0.8643498474729577,1382,0.05575341146915358
y_dc_fast_chargers,education+housing_value+tenure,log_median_household_income,0.2573072888779978,0.08638071354083927,0.00289418742114218,1382,0.06373511370650964
y_dc_fast_chargers,education+housing_value+tenure,pct_black,-0.29658728761852954,0.15751356937569377,0.05970962916830495,1382,0.06373511370650964
y_dc_fast_chargers,education+housing_value+tenure,pct_hispanic,-0.036567391183620554,0.1003646721020211,0.7156002166057973,1382,0.06373511370650964
y_dc_fast_chargers,education+housing_value+tenure,pct_asian,-0.02985458786121599,0.06975834264559547,0.6686718144441561,1382,0.06373511370650964
y_dc_fast_chargers,education+housing_value+utility_fe,log_median_household_income,0.0015362692254850526,0.07911788452235022,0.984508073221684,1283,0.027804727897193127
y_dc_fast_chargers,education+housing_value+utility_fe,pct_black,-0.1378258927230153,0.1476285599488163,0.35051072268833905,1283,0.027804727897193127
y_dc_fast_chargers,education+housing_value+utility_fe,pct_hispanic,0.23535506614610105,0.11520433080962364,0.04105878143234925,1283,0.027804727897193127
y_dc_fast_chargers,education+housing_value+utility_fe,pct_asian,0.12810825332548118,0.06881861906732172,0.06266869294500349,1283,0.027804727897193127
y_dc_fast_chargers,county_fe+education+housing_value,log_median_household_income,-0.019476702188409224,0.08048344891876652,0.8087829788116496,1382,0.07573219874103887
y_dc_fast_chargers,county_fe+education+housing_value,pct_black,-0.12402722557179513,0.17587829807930155,0.4806933885411967,1382,0.07573219874103887
y_dc_fast_chargers,county_fe+education+housing_value,pct_hispanic,0.10930861889182386,0.132347208913667,0.40884770800145687,1382,0.07573219874103887
y_dc_fast_chargers,county_fe+education+housing_value,pct_asian,0.0863084345869623,0.0832148253816346,0.29965375775922043,1382,0.07573219874103887
y_dc_fast_chargers,education+housing_structure+tenure,log_median_household_income,0.16827256544812672,0.07396828285339414,0.022910210682507207,1390,0.04973863828800962
y_dc_fast_chargers,education+housing_structure+tenure,pct_black,-0.29509952801309497,0.15386189724184368,0.05511726716425619,1390,0.04973863828800962
y_dc_fast_chargers,education+housing_structure+tenure,pct_hispanic,-0.009309779516430222,0.09964597674903165,0.9255631069358077,1390,0.04973863828800962
y_dc_fast_chargers,education+housing_structure+tenure,pct_asian,-0.009333757049342098,0.06780610789177666,0.8905141664309554,1390,0.04973863828800962
y_dc_fast_chargers,education+housing_structure+utility_fe,log_median_household_income,0.1057592174617482,0.0811014527399124,0.1922212937672665,1291,0.044095157478035496
y_dc_fast_chargers,education+housing_structure+utility_fe,pct_black,-0.37287400902569473,0.1564762622004578,0.017174854805707362,1291,0.044095157478035496
y_dc_fast_chargers,education+housing_structure+utility_fe,pct_hispanic,0.08657994023813795,0.12172416906716667,0.4769108787219257,1291,0.044095157478035496
y_dc_fast_chargers,education+housing_structure+utility_fe,pct_asian,0.021235316269804762,0.06893684087495196,0.7580517652933842,1291,0.044095157478035496
y_dc_fast_chargers,county_fe+education+housing_structure,log_median_household_income,0.169526620067378,0.0862619939196789,0.049384992317237086,1390,0.0952368932698755
y_dc_fast_chargers,county_fe+education+housing_structure,pct_black,-0.334300146639702,0.17831685751192333,0.060826647702608753,1390,0.0952368932698755
y_dc_fast_chargers,county_fe+education+housing_structure,pct_hispanic,-0.051187170739161014,0.14058274998440273,0.7157780705926216,1390,0.0952368932698755
y_dc_fast_chargers,county_fe+education+housing_structure,pct_asian,0.07646857144387331,0.07998731508988421,0.33906782437760086,1390,0.0952368932698755
y_dc_fast_chargers,education+tenure+utility_fe,log_median_household_income,0.16052248051244017,0.07683525818081906,0.036691762190605305,1291,0.04741646713836056
y_dc_fast_chargers,education+tenure+utility_fe,pct_black,-0.3958136815059442,0.15691600180312335,0.011653858917244188,1291,0.04741646713836056
y_dc_fast_chargers,education+tenure+utility_fe,pct_hispanic,-0.020479891072075446,0.11173060588620487,0.8545649446033695,1291,0.04741646713836056
y_dc_fast_chargers,education+tenure+utility_fe,pct_asian,0.011992340932083175,0.07042265784745853,0.864781332346779,1291,0.04741646713836056
y_dc_fast_chargers,county_fe+education+tenure,log_median_household_income,0.174010553098949,0.0791116587352474,0.027838385410398823,1390,0.09240532856748629
y_dc_fast_chargers,county_fe+education+tenure,pct_black,-0.36952111110782154,0.1818669420349351,0.04217175868209134,1390,0.09240532856748629
y_dc_fast_chargers,county_fe+education+tenure,pct_hispanic,-0.13268980223381652,0.1338424430667621,0.32149612001754757,1390,0.09240532856748629
y_dc_fast_chargers,county_fe+education+tenure,pct_asian,0.050055542878148306,0.08293816224478075,0.5461571760702331,1390,0.09240532856748629
y_dc_fast_chargers,housing_structure+housing_value+tenure,log_median_household_income,0.31728451871986796,0.09126950510502971,0.0005082931528757447,1382,0.06507578199452879
y_dc_fast_chargers,housing_structure+housing_value+tenure,pct_black,-0.3375536186441221,0.1543699641122399,0.028767830327770676,1382,0.06507578199452879
y_dc_fast_chargers,housing_structure+housing_value+tenure,pct_hispanic,-0.08879062926612863,0.06691690605335493,0.18454875224882572,1382,0.06507578199452879
y_dc_fast_chargers,housing_structure+housing_value+tenure,pct_asian,-0.039338043624409715,0.06870129212531147,0.5669186772086718,1382,0.06507578199452879
y_dc_fast_chargers,housing_structure+housing_value+utility_fe,log_median_household_income,0.26019787650408366,0.08427115257362727,0.002017616162402624,1283,0.05526069852929549
y_dc_fast_chargers,housing_structure+housing_value+utility_fe,pct_black,-0.4586737832853154,0.15645878657394915,0.0033722629855415668,1283,0.05526069852929549
y_dc_fast_chargers,housing_structure+housing_value+utility_fe,pct_hispanic,0.008129285183670534,0.07582267271671914,0.9146188622051975,1283,0.05526069852929549
y_dc_fast_chargers,housing_structure+housing_value+utility_fe,pct_asian,0.001754821248577879,0.06876324238718108,0.9796403896684377,1283,0.05526069852929549
y_dc_fast_chargers,county_fe+housing_structure+housing_value,log_median_household_income,0.2547922730344305,0.08216605160372356,0.0019290517870707827,1382,0.10860235563426535
y_dc_fast_chargers,county_fe+housing_structure+housing_value,pct_black,-0.3872607508111035,0.18161315173511744,0.032979013259601245,1382,0.10860235563426535
y_dc_fast_chargers,county_fe+housing_structure+housing_value,pct_hispanic,-0.08699031292990332,0.09183877634188707,0.34353341391102454,1382,0.10860235563426535
y_dc_fast_chargers,county_fe+housing_structure+housing_value,pct_asian,0.03884933986780848,0.08060158465417117,0.6298114453300867,1382,0.10860235563426535
y_dc_fast_chargers,housing_value+tenure+utility_fe,log_median_household_income,0.3641875656139094,0.09339751467877731,9.645993945631e-05,1283,0.06960024004998533
y_dc_fast_chargers,housing_value+tenure+utility_fe,pct_black,-0.44111188018749165,0.15424100741852698,0.004237917408385193,1283,0.06960024004998533
y_dc_fast_chargers,housing_value+tenure+utility_fe,pct_hispanic,-0.12374971309805659,0.07457372218612068,0.09702960379974976,1283,0.06960024004998533
y_dc_fast_chargers,housing_value+tenure+utility_fe,pct_asian,-0.02557087130933504,0.07202421340600622,0.7225659222526517,1283,0.06960024004998533
y_dc_fast_chargers,county_fe+housing_value+tenure,log_median_household_income,0.32838146223604586,0.08630412451939004,0.00014184224233118497,1382,0.11485112623427618
y_dc_fast_chargers,county_fe+housing_value+tenure,pct_black,-0.4007655325308846,0.17913831694971644,0.025274259731290098,1382,0.11485112623427618
y_dc_fast_chargers,county_fe+housing_value+tenure,pct_hispanic,-0.20284365649428032,0.09243542491858059,0.02820405506872883,1382,0.11485112623427618
y_dc_fast_chargers,county_fe+housing_value+tenure,pct_asian,0.007936759691321404,0.0838035331980966,0.924547761818984,1382,0.11485112623427618
y_dc_fast_chargers,housing_structure+tenure+utility_fe,log_median_household_income,0.1692033546166096,0.06513293544027637,0.009381886587945984,1291,0.05197343087722106
y_dc_fast_chargers,housing_structure+tenure+utility_fe,pct_black,-0.3589640992444631,0.15098581204549785,0.01743190450740976,1291,0.05197343087722106
y_dc_fast_chargers,housing_structure+tenure+utility_fe,pct_hispanic,0.024427735137454547,0.06861102664834007,0.721816446869576,1291,0.05197343087722106
y_dc_fast_chargers,housing_structure+tenure+utility_fe,pct_asian,0.006774177382837893,0.06943288691981374,0.922278200796615,1291,0.05197343087722106
y_dc_fast_chargers,county_fe+housing_structure+tenure,log_median_household_income,0.15578418131942387,0.07493646376862112,0.03762805565777206,1390,0.09749017421319806
y_dc_fast_chargers,county_fe+housing_structure+tenure,pct_black,-0.2962540021384515,0.1729996009459169,0.08681288212866467,1390,0.09749017421319806
y_dc_fast_chargers,county_fe+housing_structure+tenure,pct_hispanic,-0.00441399502719245,0.07892936262651147,0.9554028627064624,1390,0.09749017421319806
y_dc_fast_chargers,county_fe+housing_structure+tenure,pct_asian,0.0743061755715194,0.08057988741297024,0.35645401317919645,1390,0.09749017421319806
y_dc_fast_chargers,education+housing_structure+housing_value+tenure,log_median_household_income,0.2750634711624994,0.08828926438550541,0.0018364556375154973,1382,0.06606066317185388
y_dc_fast_chargers,education+housing_structure+housing_value+tenure,pct_black,-0.301889798033749,0.15310916578311629,0.048640539540334544,1382,0.06606066317185388
y_dc_fast_chargers,education+housing_structure+housing_value+tenure,pct_hispanic,-0.025613120496748663,0.0989235084458319,0.7956981700734864,1382,0.06606066317185388
y_dc_fast_chargers,education+housing_structure+housing_value+tenure,pct_asian,-0.0363570987191607,0.068489992677612,0.5955309639543925,1382,0.06606066317185388
y_dc_fast_chargers,education+housing_structure+housing_value+utility_fe,log_median_household_income,0.20396326797393352,0.09078735286055502,0.02466531962272219,1283,0.057178918830647296
y_dc_fast_chargers,education+housing_structure+housing_value+utility_fe,pct_black,-0.40534025092737014,0.1554524644362265,0.009120958390105295,1283,0.057178918830647296
y_dc_fast_chargers,education+housing_structure+housing_value+utility_fe,pct_hispanic,0.09567306142570156,0.12277972066467263,0.4358470246953803,1283,0.057178918830647296
y_dc_fast_chargers,education+housing_structure+housing_value+utility_fe,pct_asian,0.006744796585331996,0.06877894440354715,0.9218808018334229,1283,0.057178918830647296
y_dc_fast_chargers,county_fe+education+housing_structure+housing_value,log_median_household_income,0.2396410368521434,0.0920580936575989,0.009237149918913935,1382,0.10873006556547093
y_dc_fast_chargers,county_fe+education+housing_structure+housing_value,pct_black,-0.37265991822994404,0.18037205322411592,0.038822587413042633,1382,0.10873006556547093
y_dc_fast_chargers,county_fe+education+housing_structure+housing_value,pct_hispanic,-0.059572089690110484,0.14062532018482046,0.671840936096972,1382,0.10873006556547093
y_dc_fast_chargers,county_fe+education+housing_structure+housing_value,pct_asian,0.03903359958783663,0.08066065396708816,0.6284400420947955,1382,0.10873006556547093
y_dc_fast_chargers,education+housing_value+tenure+utility_fe,log_median_household_income,0.3126260979908282,0.09476953349699802,0.0009709774743301251,1283,0.07098856374431961
y_dc_fast_chargers,education+housing_value+tenure+utility_fe,pct_black,-0.40374996630743054,0.15372533332393037,0.008628385931354447,1283,0.07098856374431961
y_dc_fast_chargers,education+housing_value+tenure+utility_fe,pct_hispanic,-0.042637275188771466,0.1111248376437274,0.7012096511681563,1283,0.07098856374431961
y_dc_fast_chargers,education+housing_value+tenure+utility_fe,pct_asian,-0.022424151873111503,0.07163298108150266,0.7542485388399931,1283,0.07098856374431961
y_dc_fast_chargers,county_fe+education+housing_value+tenure,log_median_household_income,0.30386518915646804,0.08985608753144353,0.0007204210378142708,1382,0.11517316916486808
y_dc_fast_chargers,county_fe+education+housing_value+tenure,pct_black,-0.379770311934528,0.17932220432447027,0.03419118364100721,1382,0.11517316916486808
y_dc_fast_chargers,county_fe+education+housing_value+tenure,pct_hispanic,-0.15694589636688328,0.1328423735179834,0.2374261745458658,1382,0.11517316916486808
y_dc_fast_chargers,county_fe+education+housing_value+tenure,pct_asian,0.00854736361036053,0.08374715660794016,0.9187078297379505,1382,0.11517316916486808
y_dc_fast_chargers,education+housing_structure+tenure+utility_fe,log_median_household_income,0.18484918304627332,0.07987556860556251,0.020655969978353,1291,0.052052606677269075
y_dc_fast_chargers,education+housing_structure+tenure+utility_fe,pct_black,-0.37208847987740595,0.15627807065934263,0.017268593263122408,1291,0.052052606677269075
y_dc_fast_chargers,education+housing_structure+tenure+utility_fe,pct_hispanic,0.005276639961168502,0.1111913010004364,0.9621501877720692,1291,0.052052606677269075
y_dc_fast_chargers,education+housing_structure+tenure+utility_fe,pct_asian,0.005222819878512719,0.06954450689035122,0.9401348342248809,1291,0.052052606677269075
y_dc_fast_chargers,county_fe+education+housing_structure+tenure,log_median_household_income,0.21859693312486073,0.08423294867858515,0.009455031052564488,1390,0.09877787759434242
y_dc_fast_chargers,county_fe+education+housing_structure+tenure,pct_black,-0.35245040483597373,0.18008763856986226,0.05033513322222308,1390,0.09877787759434242
y_dc_fast_chargers,county_fe+education+housing_structure+tenure,pct_hispanic,-0.09815612192133523,0.1323680709290438,0.45836653389978976,1390,0.09877787759434242
y_dc_fast_chargers,county_fe+education+housing_structure+tenure,pct_asian,0.0678587160843354,0.08082462840292803,0.4011440933339656,1390,0.09877787759434242
y_dc_fast_chargers,housing_structure+housing_value+tenure+utility_fe,log_median_household_income,0.3665394016415088,0.099143187705668,0.00021810138001980504,1283,0.07097217453268734
y_dc_fast_chargers,housing_structure+housing_value+tenure+utility_fe,pct_black,-0.43310184981281713,0.15194621156080504,0.0043669367299156445,1283,0.07097217453268734
y_dc_fast_chargers,housing_structure+housing_value+tenure+utility_fe,pct_hispanic,-0.10275781854175968,0.0753892009857856,0.1728727386405593,1283,0.07097217453268734
y_dc_fast_chargers,housing_structure+housing_value+tenure+utility_fe,pct_asian,-0.029015564177743338,0.07081608021671382,0.6820030713239051,1283,0.07097217453268734
y_dc_fast_chargers,county_fe+housing_structure+housing_value+tenure,log_median_household_income,0.32969955206513696,0.09051605310067912,0.0002700629289429514,1382,0.11711675724387915
y_dc_fast_chargers,county_fe+housing_structure+housing_value+tenure,pct_black,-0.41029288488540233,0.184044113417333,0.0257927429724374,1382,0.11711675724387915
y_dc_fast_chargers,county_fe+housing_structure+housing_value+tenure,pct_hispanic,-0.16738057835208248,0.09147521736152522,0.06728111714621055,1382,0.11711675724387915
y_dc_fast_chargers,county_fe+housing_structure+housing_value+tenure,pct_asian,0.012801584615158767,0.08320130610928085,0.8777179284443525,1382,0.11711675724387915
y_dc_fast_chargers,education+housing_structure+housing_value+tenure+utility_fe,log_median_household_income,0.32075315452461733,0.09760976415462591,0.001015934059029261,1283,0.0721100695609741
y_dc_fast_chargers,education+housing_structure+housing_value+tenure+utility_fe,pct_black,-0.3924490303488019,0.15387732209004606,0.010759876930380654,1283,0.0721100695609741
y_dc_fast_chargers,education+housing_structure+housing_value+tenure+utility_fe,pct_hispanic,-0.03267783733527949,0.10919220499781582,0.7647348382783238,1283,0.0721100695609741
y_dc_fast_chargers,education+housing_structure+housing_value+tenure+utility_fe,pct_asian,-0.024485064950797056,0.07053445618954086,0.7284889789859146,1283,0.0721100695609741
y_dc_fast_chargers,county_fe+education+housing_structure+housing_value+tenure,log_median_household_income,0.3178556378669716,0.09280734797227616,0.0006150318043371518,1382,0.11719211758882653
y_dc_fast_chargers,county_fe+education+housing_structure+housing_value+tenure,pct_black,-0.39901075336649955,0.18263652667175334,0.028908948673896477,1382,0.11719211758882653
y_dc_fast_chargers,county_fe+education+housing_structure+housing_value+tenure,pct_hispanic,-0.14609501265103736,0.13047676385760884,0.2628410364510049,1382,0.11719211758882653
y_dc_fast_chargers,county_fe+education+housing_structure+housing_value+tenure,pct_asian,0.01301288326834148,0.08321386302891491,0.8757344540798182,1382,0.11719211758882653
energy_burden_pct,none,log_median_household_income,-0.00962450845986906,0.0007568779564851962,4.815110127209974e-37,1374,0.7365736102788766
energy_burden_pct,none,pct_black,-0.0009694816261420895,0.0019027311895099415,0.6103870353523977,1374,0.7365736102788766
energy_burden_pct,none,pct_hispanic,0.0035272568785881787,0.000842025598230318,2.8016932346009202e-05,1374,0.7365736102788766
energy_burden_pct,none,pct_asian,-0.007676151628712016,0.0009164581946448769,5.4808797016429656e-17,1374,0.7365736102788766
energy_burden_pct,education,log_median_household_income,-0.00465507562882984,0.0009893147189150027,2.534262456494804e-06,1374,0.7631587301991396
energy_burden_pct,education,pct_black,-0.002737794056462221,0.0018108986562115153,0.13057386374195343,1374,0.7631587301991396
energy_burden_pct,education,pct_hispanic,-0.0028897974192662033,0.001142583800208091,0.011433013944047086,1374,0.7631587301991396
energy_burden_pct,education,pct_asian,-0.006592669146213028,0.0008502286929883734,8.904574302457816e-15,1374,0.7631587301991396
energy_burden_pct,housing_value,log_median_household_income,-0.003454769172418835,0.0007863745020076236,1.1164938277826547e-05,1366,0.7862565231446571
energy_burden_pct,housing_value,pct_black,-0.00046487817667431944,0.0017864167186856894,0.7946868161965601,1366,0.7862565231446571
energy_burden_pct,housing_value,pct_hispanic,0.001527267358957539,0.0008077949841665353,0.05866946513060962,1366,0.7862565231446571
energy_burden_pct,housing_value,pct_asian,-0.007113928041232777,0.0008545986784815954,8.483500586699403e-17,1366,0.7862565231446571
energy_burden_pct,housing_structure,log_median_household_income,-0.010599313078032418,0.0006771607345595436,3.1901570614441413e-55,1374,0.8089812443325761
energy_burden_pct,housing_structure,pct_black,0.005782177855201315,0.0018325361963702905,0.0016034022941925996,1374,0.8089812443325761
energy_burden_pct,housing_structure,pct_hispanic,0.002529510054906374,0.0007466016004458924,0.0007039607091344239,1374,0.8089812443325761
energy_burden_pct,housing_structure,pct_asian,-0.0030782110217619446,0.0006650861451271537,3.686989035102715e-06,1374,0.8089812443325761
energy_burden_pct,tenure,log_median_household_income,-0.011912210587887752,0.0007019912379799143,1.3887459910388297e-64,1374,0.7830896443784274
energy_burden_pct,tenure,pct_black,0.003091991130025422,0.0018520751366215287,0.09502349566299172,1374,0.7830896443784274
energy_burden_pct,tenure,pct_hispanic,0.00460748395156435,0.0008080296088138478,1.1832462324038232e-08,1374,0.7830896443784274
energy_burden_pct,tenure,pct_asian,-0.004164960950534215,0.0007573231371084943,3.806919028966531e-08,1374,0.7830896443784274
energy_burden_pct,utility_fe,log_median_household_income,-0.010383503807763539,0.0007660075419853892,7.365541129619477e-42,1279,0.7522578943272193
energy_burden_pct,utility_fe,pct_black,-0.0008558723986890882,0.001828143471426695,0.639666751672164,1279,0.7522578943272193
energy_burden_pct,utility_fe,pct_hispanic,0.0026357555842366786,0.0008725183582000743,0.0025205808717640387,1279,0.7522578943272193
energy_burden_pct,utility_fe,pct_asian,-0.006630525197440826,0.0008839041043945315,6.313600254247442e-14,1279,0.7522578943272193
energy_burden_pct,county_fe,log_median_household_income,-0.009160368343801404,0.0008119309249724205,1.6067386222261582e-29,1374,0.7797699317293578
energy_burden_pct,county_fe,pct_black,-0.000119437363336742,0.00210221570963828,0.9546925733818153,1374,0.7797699317293578
energy_burden_pct,county_fe,pct_hispanic,0.004528165197812695,0.0008840708797150415,3.0239506730232227e-07,1374,0.7797699317293578
energy_burden_pct,county_fe,pct_asian,-0.0037987153232630715,0.0010788558172538524,0.0004298264602475393,1374,0.7797699317293578
energy_burden_pct,education+housing_value,log_median_household_income,-0.0020648668895843943,0.0007978586611320446,0.009653193376727211,1366,0.791237057173759
energy_burden_pct,education+housing_value,pct_black,-0.0013022476433528283,0.0017738112399238652,0.46285590698415535,1366,0.791237057173759
energy_burden_pct,education+housing_value,pct_hispanic,-0.0013154135579565955,0.001167992587867967,0.26007351661509237,1366,0.791237057173759
energy_burden_pct,education+housing_value,pct_asian,-0.006780762770482034,0.0008020984118456223,2.820227157814842e-17,1366,0.791237057173759
energy_burden_pct,education+housing_structure,log_median_household_income,-0.009977452066711178,0.0009728213239568076,1.1098637964607325e-24,1374,0.8092445298918964
energy_burden_pct,education+housing_structure,pct_black,0.005270980515456122,0.0018533546607946085,0.004454804081651857,1374,0.8092445298918964
energy_burden_pct,education+housing_structure,pct_hispanic,0.0017899917269266184,0.0011730557786040722,0.1270292682656812,1374,0.8092445298918964
energy_burden_pct,education+housing_structure,pct_asian,-0.003136860250583095,0.0006885195209255349,5.214943531792976e-06,1374,0.8092445298918964
energy_burden_pct,education+tenure,log_median_household_income,-0.009286244960427455,0.001027692569600754,1.6248814445511375e-19,1374,0.787118549497385
energy_burden_pct,education+tenure,pct_black,0.0016037972190760207,0.0018535755991968513,0.3869042721215874,1374,0.787118549497385
energy_burden_pct,education+tenure,pct_hispanic,0.0015361121886489388,0.001327209502594455,0.2471090016436367,1374,0.787118549497385
energy_burden_pct,education+tenure,pct_asian,-0.004276236032591511,0.0007645184832805714,2.2270183503116877e-08,1374,0.787118549497385
energy_burden_pct,education+utility_fe,log_median_household_income,-0.005710828944076126,0.0010201434055503989,2.1675767145846884e-08,1279,0.7731689986193069
energy_burden_pct,education+utility_fe,pct_black,-0.0028973756116563074,0.0017529966456475365,0.09836893136480146,1279,0.7731689986193069
energy_burden_pct,education+utility_fe,pct_hispanic,-0.0031663917706987676,0.0011893170831567918,0.007759454185111398,1279,0.7731689986193069
energy_burden_pct,education+utility_fe,pct_asian,-0.005925458837326758,0.0008498305419295538,3.1131758616786075e-12,1279,0.7731689986193069
energy_burden_pct,county_fe+education,log_median_household_income,-0.004771974030585682,0.0010579577042990605,6.465892012587398e-06,1374,0.8011952801619464
energy_burden_pct,county_fe+education,pct_black,-0.0025691506685423977,0.0019420135233629472,0.18585819213301258,1374,0.8011952801619464
energy_burden_pct,county_fe+education,pct_hispanic,-0.0028905682647603977,0.0011814352769695111,0.014418751881649107,1374,0.8011952801619464
energy_burden_pct,county_fe+education,pct_asian,-0.003915405955822774,0.0010439237414279802,0.0001763677413473683,1374,0.8011952801619464
energy_burden_pct,housing_structure+housing_value,log_median_household_income,-0.007127986896339943,0.0007122433728485928,1.408544603236636e-23,1366,0.8253868118049856
energy_burden_pct,housing_structure+housing_value,pct_black,0.004524105159676362,0.001657055644622987,0.006329454105074732,1366,0.8253868118049856
energy_burden_pct,housing_structure+housing_value,pct_hispanic,0.0014268735105457799,0.0007512746932157623,0.05752898098901602,1366,0.8253868118049856
energy_burden_pct,housing_structure+housing_value,pct_asian,-0.003801923483747627,0.0005975758624989664,1.9882716977739366e-10,1366,0.8253868118049856
energy_burden_pct,housing_value+tenure,log_median_household_income,-0.007301670730129049,0.0007938909665788683,3.6698197014560045e-20,1366,0.811342665447069
energy_burden_pct,housing_value+tenure,pct_black,0.0026885492389606054,0.001694506730826311,0.11259726787052368,1366,0.811342665447069
energy_burden_pct,housing_value+tenure,pct_hispanic,0.0033026178034339694,0.0008067007429976352,4.24028418468902e-05,1366,0.811342665447069
energy_burden_pct,housing_value+tenure,pct_asian,-0.004394508476068495,0.0006949845748549144,2.5624428232128436e-10,1366,0.811342665447069
energy_burden_pct,housing_value+utility_fe,log_median_household_income,-0.004271557122398036,0.0008135927803806625,1.5190140860515486e-07,1271,0.7925586562944108
energy_burden_pct,housing_value+utility_fe,pct_black,-0.0008256309802090522,0.0017886901846150445,0.6443795864296058,1271,0.7925586562944108
energy_burden_pct,housing_value+utility_fe,pct_hispanic,0.0008523821426024335,0.0008369934780070459,0.30849472162649527,1271,0.7925586562944108
energy_burden_pct,housing_value+utility_fe,pct_asian,-0.006485586310383032,0.0008364933631408281,8.953280284443262e-15,1271,0.7925586562944108
energy_burden_pct,county_fe+housing_value,log_median_household_income,-0.003377066901489126,0.0008378121420488518,5.558345622551269e-05,1366,0.8195522894710501
energy_burden_pct,county_fe+housing_value,pct_black,-0.0007068224670737682,0.0019456655041666785,0.7163953086512876,1366,0.8195522894710501
energy_burden_pct,county_fe+housing_value,pct_hispanic,0.001798862111973362,0.0008546928382706957,0.03531843990300048,1366,0.8195522894710501
energy_burden_pct,county_fe+housing_value,pct_asian,-0.005322552210626195,0.0009419089335805661,1.5968979065368288e-08,1366,0.8195522894710501
energy_burden_pct,housing_structure+tenure,log_median_household_income,-0.010471549506960961,0.000631771031904293,1.058170219900504e-61,1374,0.8090616969648905
energy_burden_pct,housing_structure+tenure,pct_black,0.005819428284060846,0.0018175901376591484,0.0013660616936725471,1374,0.8090616969648905
energy_burden_pct,housing_structure+tenure,pct_hispanic,0.0024048889652066342,0.0008539310655290629,0.00485868493163458,1374,0.8090616969648905
energy_burden_pct,housing_structure+tenure,pct_asian,-0.003113019383510916,0.0006496519395270353,1.6526979112986028e-06,1374,0.8090616969648905
energy_burden_pct,housing_structure+utility_fe,log_median_household_income,-0.010825469793864336,0.0007024882597333692,1.3982411107439099e-53,1279,0.814679423494803
energy_burden_pct,housing_structure+utility_fe,pct_black,0.005150946186794571,0.0017499862090389513,0.0032460664022504154,1279,0.814679423494803
energy_burden_pct,housing_structure+utility_fe,pct_hispanic,0.0019199089179854918,0.0007727937449264697,0.012977931756677913,1279,0.814679423494803
energy_burden_pct,housing_structure+utility_fe,pct_asian,-0.0026705775877690213,0.0006864907146630332,0.00010016680114931914,1279,0.814679423494803
energy_burden_pct,county_fe+housing_structure,log_median_household_income,-0.010826440843185623,0.0007370226752843941,7.534816053911654e-49,1374,0.8438411608467458
energy_burden_pct,county_fe+housing_structure,pct_black,0.004569313323882669,0.0018666123912008247,0.014368451157740528,1374,0.8438411608467458
energy_burden_pct,county_fe+housing_structure,pct_hispanic,0.0026024289588363492,0.0007495299609816506,0.0005164399181371471,1374,0.8438411608467458
energy_burden_pct,county_fe+housing_structure,pct_asian,-0.0028849750309461373,0.0008406559897038676,0.0005995585140504408,1374,0.8438411608467458
energy_burden_pct,tenure+utility_fe,log_median_household_income,-0.01228643256357084,0.0007182288986332045,1.3258168525831051e-65,1279,0.7923115705879965
energy_burden_pct,tenure+utility_fe,pct_black,0.002834602551004896,0.001754952357833494,0.10626695849334358,1279,0.7923115705879965
energy_burden_pct,tenure+utility_fe,pct_hispanic,0.0038588126244562325,0.000852921135098845,6.061536336873389e-06,1279,0.7923115705879965
energy_burden_pct,tenure+utility_fe,pct_asian,-0.003627735553410128,0.0007603663358324449,1.832803068483187e-06,1279,0.7923115705879965
energy_burden_pct,county_fe+tenure,log_median_household_income,-0.012009999890354402,0.0007867710099078669,1.3097978238089271e-52,1374,0.8202711443112788
energy_burden_pct,county_fe+tenure,pct_black,0.003286056102455867,0.0018499559234162596,0.07568531803233897,1374,0.8202711443112788
energy_burden_pct,county_fe+tenure,pct_hispanic,0.004642405325738893,0.000799317345996128,6.3237602230543845e-09,1374,0.8202711443112788
energy_burden_pct,county_fe+tenure,pct_asian,-0.0028849152036432967,0.0009812566739314098,0.003281900288938571,1374,0.8202711443112788
energy_burden_pct,education+housing_structure+housing_value,log_median_household_income,-0.0075761892420555515,0.0007881035543466304,7.033542104082369e-22,1366,0.8256049239092609
energy_burden_pct,education+housing_structure+housing_value,pct_black,0.004908630783699846,0.001747094253802547,0.004960356813004068,1366,0.8256049239092609
energy_burden_pct,education+housing_structure+housing_value,pct_hispanic,0.002087242703962227,0.0011718634028808701,0.07489098708500368,1366,0.8256049239092609
energy_burden_pct,education+housing_structure+housing_value,pct_asian,-0.0037601465171182625,0.0005992576757606643,3.5036776479879785e-10,1366,0.8256049239092609
energy_burden_pct,education+housing_value+tenure,log_median_household_income,-0.006927710494708586,0.0009501369371075595,3.070334058121271e-13,1366,0.8114874782947609
energy_burden_pct,education+housing_value+tenure,pct_black,0.002437551212368555,0.0017741378730404933,0.16946167122155165,1366,0.8114874782947609
energy_burden_pct,education+housing_value+tenure,pct_hispanic,0.0027251146576623255,0.0013289242155866705,0.04030425443145656,1366,0.8114874782947609
energy_burden_pct,education+housing_value+tenure,pct_asian,-0.004416840462506728,0.0007002515641752579,2.8356884527766045e-10,1366,0.8114874782947609
energy_burden_pct,education+housing_value+utility_fe,log_median_household_income,-0.0028021574375597966,0.0008042936942896532,0.0004939836032393626,1271,0.7976682574749939
energy_burden_pct,education+housing_value+utility_fe,pct_black,-0.0017804802953117148,0.0017643883252409223,0.3129168838985388,1271,0.7976682574749939
energy_burden_pct,education+housing_value+utility_fe,pct_hispanic,-0.002046157574905346,0.0011999442689618212,0.08815517117206248,1271,0.7976682574749939
energy_burden_pct,education+housing_value+utility_fe,pct_asian,-0.006221173776068443,0.000793536403775713,4.512325453572626e-15,1271,0.7976682574749939
energy_burden_pct,county_fe+education+housing_value,log_median_household_income,-0.002053729024894062,0.0008474212192214184,0.01537156847617249,1366,0.8244238856421314
energy_burden_pct,county_fe+education+housing_value,pct_black,-0.001866579810061115,0.0019004424658071884,0.3260103418848195,1366,0.8244238856421314
energy_burden_pct,county_fe+education+housing_value,pct_hispanic,-0.0016653103027720617,0.001143948955389865,0.14546014419099376,1366,0.8244238856421314
energy_burden_pct,county_fe+education+housing_value,pct_asian,-0.005214287512253475,0.0008877605981428659,4.266146669354364e-09,1366,0.8244238856421314
energy_burden_pct,education+housing_structure+tenure,log_median_household_income,-0.009789336757489686,0.0009416752472518478,2.594811753464671e-25,1374,0.8093552290685557
energy_burden_pct,education+housing_structure+tenure,pct_black,0.005283958641367313,0.0018444273394155298,0.004172418338609556,1374,0.8093552290685557
energy_burden_pct,education+housing_structure+tenure,pct_hispanic,0.0015984651089532903,0.001281883208804457,0.21240986972408438,1374,0.8093552290685557
energy_burden_pct,education+housing_structure+tenure,pct_asian,-0.003181413824385847,0.0006728617163040777,2.2653714338201553e-06,1374,0.8093552290685557
energy_burden_pct,education+housing_structure+utility_fe,log_median_household_income,-0.01027482010741629,0.001014005695839966,3.947573588576872e-24,1279,0.8148859095258825
energy_burden_pct,education+housing_structure+utility_fe,pct_black,0.004662323873909472,0.001807146651602851,0.009881844191999242,1279,0.8148859095258825
energy_burden_pct,education+housing_structure+utility_fe,pct_hispanic,0.0012524230802525007,0.0012196886682497088,0.30449659533683127,1279,0.8148859095258825
energy_burden_pct,education+housing_structure+utility_fe,pct_asian,-0.0027340233090383174,0.0007147221108762082,0.00013061529470974011,1279,0.8148859095258825
energy_burden_pct,county_fe+education+housing_structure,log_median_household_income,-0.010622142198970766,0.0010881868162982557,1.6498984087988032e-22,1374,0.8438681808439454
energy_burden_pct,county_fe+education+housing_structure,pct_black,0.004388267092773954,0.0018494358954701023,0.01765574292658723,1374,0.8438681808439454
energy_burden_pct,county_fe+education+housing_structure,pct_hispanic,0.0023042906661320224,0.0011276629641652231,0.04101073791769848,1374,0.8438681808439454
energy_burden_pct,county_fe+education+housing_structure,pct_asian,-0.0029067743594124846,0.0008638935658997956,0.0007661674386604088,1374,0.8438681808439454
energy_burden_pct,education+tenure+utility_fe,log_median_household_income,-0.010062637687304704,0.0010652709658504377,3.517486229640978e-21,1279,0.7950286311031383
energy_burden_pct,education+tenure+utility_fe,pct_black,0.0014371377992143605,0.0018060950716485254,0.4261974297025404,1279,0.7950286311031383
energy_burden_pct,education+tenure+utility_fe,pct_hispanic,0.001267274298068408,0.0014109927480631505,0.36910892474977286,1279,0.7950286311031383
energy_burden_pct,education+tenure+utility_fe,pct_asian,-0.003782245129437061,0.0007784400551121774,1.1812955497768057e-06,1279,0.7950286311031383
energy_burden_pct,county_fe+education+tenure,log_median_household_income,-0.009783200590518156,0.0011387262713434055,8.595031943455682e-18,1374,0.822947401644851
energy_burden_pct,county_fe+education+tenure,pct_black,0.0017696691848735186,0.0018195892561383513,0.3307694465177198,1374,0.822947401644851
energy_burden_pct,county_fe+education+tenure,pct_hispanic,0.001586293653509966,0.0012395255429016466,0.20062999705996465,1374,0.822947401644851
energy_burden_pct,county_fe+education+tenure,pct_asian,-0.0030703473897905715,0.000994334287869483,0.0020161548759440417,1374,0.822947401644851
energy_burden_pct,housing_structure+housing_value+tenure,log_median_household_income,-0.007084543220495648,0.0007434021126259181,1.5744413695162198e-21,1366,0.8253934424031428
energy_burden_pct,housing_structure+housing_value+tenure,pct_black,0.004538278541156338,0.00164672987482586,0.005852483856420384,1366,0.8253934424031428
energy_burden_pct,housing_structure+housing_value+tenure,pct_hispanic,0.0013796807361947077,0.0008695262403691622,0.11257970714734608,1366,0.8253934424031428
energy_burden_pct,housing_structure+housing_value+tenure,pct_asian,-0.0038160774811443455,0.0006026532836740891,2.4180340390894733e-10,1366,0.8253934424031428
energy_burden_pct,housing_structure+housing_value+utility_fe,log_median_household_income,-0.007297167721953824,0.0006844917868915486,1.5540822591354504e-26,1271,0.8308143066596096
energy_burden_pct,housing_structure+housing_value+utility_fe,pct_black,0.003920660081732666,0.00165105821162273,0.017566326610891442,1271,0.8308143066596096
energy_burden_pct,housing_structure+housing_value+utility_fe,pct_hispanic,0.0008132020925075177,0.0007698155937675072,0.29080395620779054,1271,0.8308143066596096
energy_burden_pct,housing_structure+housing_value+utility_fe,pct_asian,-0.003388969245184621,0.0006117081288284162,3.02171894688988e-08,1271,0.8308143066596096
energy_burden_pct,county_fe+housing_structure+housing_value,log_median_household_income,-0.0076110451294939775,0.0007456974111149808,1.8521704587822727e-24,1366,0.8581883676861423
energy_burden_pct,county_fe+housing_structure+housing_value,pct_black,0.0031516477308822515,0.0017786258666750302,0.07640177228693179,1366,0.8581883676861423
energy_burden_pct,county_fe+housing_structure+housing_value,pct_hispanic,0.0012044109320438463,0.0007450461977573784,0.1059735673535387,1366,0.8581883676861423
energy_burden_pct,county_fe+housing_structure+housing_value,pct_asian,-0.00433389789096355,0.0006852226391792914,2.5355660309395204e-10,1366,0.8581883676861423
energy_burden_pct,housing_value+tenure+utility_fe,log_median_household_income,-0.007921737233309576,0.0007551966692531048,9.640030848463722e-26,1271,0.8174543313166232
energy_burden_pct,housing_value+tenure+utility_fe,pct_black,0.0024410463698378865,0.0016684824956118718,0.1434581166759955,1271,0.8174543313166232
energy_burden_pct,housing_value+tenure+utility_fe,pct_hispanic,0.0027884076941904943,0.0008433432008011429,0.0009451198118112491,1271,0.8174543313166232
energy_burden_pct,housing_value+tenure+utility_fe,pct_asian,-0.003880002168167628,0.0006981573124547279,2.7368191495143716e-08,1271,0.8174543313166232
energy_burden_pct,county_fe+housing_value+tenure,log_median_household_income,-0.007744278566998059,0.0008676966150726945,4.452990094080632e-19,1366,0.8443393766967947
energy_burden_pct,county_fe+housing_value+tenure,pct_black,0.002497521976849426,0.00179099613080443,0.16317039780839704,1366,0.8443393766967947
energy_burden_pct,county_fe+housing_value+tenure,pct_hispanic,0.0032388495194108128,0.0008021960037294637,5.402867941247368e-05,1366,0.8443393766967947
energy_burden_pct,county_fe+housing_value+tenure,pct_asian,-0.004034645497953953,0.0007889674846491214,3.156916910806701e-07,1366,0.8443393766967947
energy_burden_pct,housing_structure+tenure+utility_fe,log_median_household_income,-0.010740794448759581,0.0006490020476622141,1.6088076948254187e-61,1279,0.8147112945410276
energy_burden_pct,housing_structure+tenure+utility_fe,pct_black,0.005170824075555229,0.0017354237390071858,0.0028864916170389817,1279,0.8147112945410276
energy_burden_pct,housing_structure+tenure+utility_fe,pct_hispanic,0.0018391135293863903,0.0008995948634412262,0.0409160454125647,1279,0.8147112945410276
energy_burden_pct,housing_structure+tenure+utility_fe,pct_asian,-0.002690586622284139,0.0006746489580322861,6.659663771697925e-05,1279,0.8147112945410276
energy_burden_pct,county_fe+housing_structure+tenure,log_median_household_income,-0.010631954715896624,0.0006889017173043972,9.790081328571271e-54,1374,0.8439989741664922
energy_burden_pct,county_fe+housing_structure+tenure,pct_black,0.004524117566951994,0.001863944915734757,0.015216979830676998,1374,0.8439989741664922
energy_burden_pct,county_fe+housing_structure+tenure,pct_hispanic,0.002446277684693979,0.0008283405152149518,0.0031447048762682475,1374,0.8439989741664922
energy_burden_pct,county_fe+housing_structure+tenure,pct_asian,-0.0029207581670637308,0.0008180642664050138,0.00035653381957872826,1374,0.8439989741664922
energy_burden_pct,education+housing_structure+housing_value+tenure,log_median_household_income,-0.007543552940678694,0.0008726320640323853,5.3995301940784754e-18,1366,0.8256080061469899
energy_burden_pct,education+housing_structure+housing_value+tenure,pct_black,0.004915760780771603,0.001734948859515387,0.00460593132586725,1366,0.8256080061469899
energy_burden_pct,education+housing_structure+housing_value+tenure,pct_hispanic,0.0020506401800261644,0.001324447348046906,0.12155038407632636,1366,0.8256080061469899
energy_burden_pct,education+housing_structure+housing_value+tenure,pct_asian,-0.0037700885653727,0.0006075204022701454,5.445442273282673e-10,1366,0.8256080061469899
energy_burden_pct,education+housing_structure+housing_value+utility_fe,log_median_household_income,-0.007674155354789806,0.0007756257098013997,4.413536060891335e-23,1271,0.8309737446678763
energy_burden_pct,education+housing_structure+housing_value+utility_fe,pct_black,0.004273187324124016,0.001758980426245992,0.015125727363565144,1271,0.8309737446678763
energy_burden_pct,education+housing_structure+housing_value+utility_fe,pct_hispanic,0.001386335974466984,0.0012074555668883412,0.2509080595153135,1271,0.8309737446678763
energy_burden_pct,education+housing_structure+housing_value+utility_fe,pct_asian,-0.0033430779073047754,0.0006169996581116915,6.017457972056104e-08,1271,0.8309737446678763
energy_burden_pct,county_fe+education+housing_structure+housing_value,log_median_household_income,-0.008243073765387634,0.0008571910532264607,6.818964315524147e-22,1366,0.8585895494520239
energy_burden_pct,county_fe+education+housing_structure+housing_value,pct_black,0.00373920315189109,0.0017950387039018265,0.03724424032684758,1366,0.8585895494520239
energy_burden_pct,county_fe+education+housing_structure+housing_value,pct_hispanic,0.002298300671945655,0.0010754515108071122,0.03259339416186476,1366,0.8585895494520239
energy_burden_pct,county_fe+education+housing_structure+housing_value,pct_asian,-0.004310254994250556,0.0006850311839011078,3.1328716493814183e-10,1366,0.8585895494520239
energy_burden_pct,education+housing_value+tenure+utility_fe,log_median_household_income,-0.007580479673063364,0.0009443470134274216,9.970753531204267e-16,1271,0.8175668701800078
energy_burden_pct,education+housing_value+tenure+utility_fe,pct_black,0.0021937223430701105,0.0017703285857058428,0.21528583800314138,1271,0.8175668701800078
energy_burden_pct,education+housing_value+tenure+utility_fe,pct_hispanic,0.002265675632111592,0.0013992244597744944,0.10539633899732984,1271,0.8175668701800078
energy_burden_pct,education+housing_value+tenure+utility_fe,pct_asian,-0.003911820961678476,0.0007099219973869394,3.5840104718486084e-08,1271,0.8175668701800078
energy_burden_pct,county_fe+education+housing_value+tenure,log_median_household_income,-0.007427443012701035,0.0010165058715466413,2.7350339909861036e-13,1366,0.8444365595430342
energy_burden_pct,county_fe+education+housing_value+tenure,pct_black,0.0022361522217678965,0.0018079929377503585,0.2161558877354307,1366,0.8444365595430342
energy_burden_pct,county_fe+education+housing_value+tenure,pct_hispanic,0.0026708940690163725,0.001177265433345314,0.023284922587611764,1366,0.8444365595430342
energy_burden_pct,county_fe+education+housing_value+tenure,pct_asian,-0.004051770092917464,0.000788573537797446,2.775294472127121e-07,1366,0.8444365595430342
energy_burden_pct,education+housing_structure+tenure+utility_fe,log_median_household_income,-0.010124308489457147,0.000982219989663468,6.512225728267215e-25,1279,0.8149425091184539
energy_burden_pct,education+housing_structure+tenure+utility_fe,pct_black,0.004656411119774328,0.0018080992930224187,0.010015109248991622,1279,0.8149425091184539
energy_burden_pct,education+housing_structure+tenure+utility_fe,pct_hispanic,0.0010993246900474955,0.001362303968312806,0.419689579708709,1279,0.8149425091184539
energy_burden_pct,education+housing_structure+tenure+utility_fe,pct_asian,-0.0027651389318874993,0.0007030874581330081,8.394391762733251e-05,1279,0.8149425091184539
energy_burden_pct,county_fe+education+housing_structure+tenure,log_median_household_income,-0.010372878387201863,0.0010362575748824692,1.3783310122360042e-23,1374,0.8440392066488154
energy_burden_pct,county_fe+education+housing_structure+tenure,pct_black,0.004300272933187566,0.0018426641010570346,0.019610079131312297,1374,0.8440392066488154
energy_burden_pct,county_fe+education+housing_structure+tenure,pct_hispanic,0.0020739687749014688,0.0011920472338574513,0.08188751215012262,1374,0.8440392066488154
energy_burden_pct,county_fe+education+housing_structure+tenure,pct_asian,-0.0029490815292189236,0.0008402061903913465,0.00044819134252078096,1374,0.8440392066488154
energy_burden_pct,housing_structure+housing_value+tenure+utility_fe,log_median_household_income,-0.007279752675894512,0.0007183456305506964,3.901354721224892e-24,1271,0.830815139366279
energy_burden_pct,housing_structure+housing_value+tenure+utility_fe,pct_black,0.003924011903949502,0.0016420798406666887,0.01686399354004286,1271,0.830815139366279
energy_burden_pct,housing_structure+housing_value+tenure+utility_fe,pct_hispanic,0.0007952130417895016,0.0009038980438098021,0.37898951856329666,1271,0.830815139366279
energy_burden_pct,housing_structure+housing_value+tenure+utility_fe,pct_asian,-0.0033940344680048187,0.0006184358087645613,4.062915589429484e-08,1271,0.830815139366279
energy_burden_pct,county_fe+housing_structure+housing_value+tenure,log_median_household_income,-0.007461351296777018,0.0007980193674432756,8.778260347383096e-21,1366,0.8582520743967856
energy_burden_pct,county_fe+housing_structure+housing_value+tenure,pct_black,0.003108288923979241,0.0017807509877227777,0.08089903712623882,1366,0.8582520743967856
energy_burden_pct,county_fe+housing_structure+housing_value+tenure,pct_hispanic,0.0010491834439659425,0.0008398858534057323,0.21159278712797458,1366,0.8582520743967856
energy_burden_pct,county_fe+housing_structure+housing_value+tenure,pct_asian,-0.004384188182423976,0.0006875784651832486,1.8144905438880168e-10,1366,0.8582520743967856
energy_burden_pct,education+housing_structure+housing_value+tenure+utility_fe,log_median_household_income,-0.007676530981620882,0.0008840148743191305,3.830564007971017e-18,1271,0.8309737567950453
energy_burden_pct,education+housing_structure+housing_value+tenure+utility_fe,pct_black,0.004273031232246787,0.0017540027821285424,0.0148441213246879,1271,0.8309737567950453
energy_burden_pct,education+housing_structure+housing_value+tenure+utility_fe,pct_hispanic,0.001388920053673362,0.0013977909099473493,0.3203915103624343,1271,0.8309737567950453
energy_burden_pct,education+housing_structure+housing_value+tenure+utility_fe,pct_asian,-0.003342432114955961,0.0006286828407686199,1.0574544973113528e-07,1271,0.8309737567950453
energy_burden_pct,county_fe+education+housing_structure+housing_value+tenure,log_median_household_income,-0.008097311307340127,0.0009258091977368902,2.206601814327503e-18,1366,0.8586444978252833
energy_burden_pct,county_fe+education+housing_structure+housing_value+tenure,pct_black,0.0036927066440104635,0.0018004679702705905,0.04026982232684467,1366,0.8586444978252833
energy_burden_pct,county_fe+education+housing_structure+housing_value+tenure,pct_hispanic,0.0021425139082849186,0.0011787965658057807,0.06913395048973876,1366,0.8586444978252833
energy_burden_pct,county_fe+education+housing_structure+housing_value+tenure,pct_asian,-0.004357229613809485,0.0006880152631650638,2.4037396910369704e-10,1366,0.8586444978252833
log_energy_gap_per_capita,none,log_median_household_income,-2.1787935080938334,0.28128467396227025,9.493227761992934e-15,1374,0.3169091344642493
log_energy_gap_per_capita,none,pct_black,1.3846944069837328,0.9085569765825537,0.1274939817282091,1374,0.3169091344642493
log_energy_gap_per_capita,none,pct_hispanic,1.5143478526456637,0.2897768007215805,1.7329944279286308e-07,1374,0.3169091344642493
log_energy_gap_per_capita,none,pct_asian,1.7568588381166104,0.6684209009471603,0.008579461487586842,1374,0.3169091344642493
log_energy_gap_per_capita,education,log_median_household_income,-1.913516319314837,0.3483561088927728,3.951871264903587e-08,1374,0.3178422189334785
log_energy_gap_per_capita,education,pct_black,1.2902987352145303,0.9104810969049013,0.1564357221512903,1374,0.3178422189334785
log_energy_gap_per_capita,education,pct_hispanic,1.1717940477650524,0.3564921507143105,0.0010125644774078432,1374,0.3178422189334785
log_energy_gap_per_capita,education,pct_asian,1.8146970657013304,0.6717166878781883,0.006901066100670542,1374,0.3178422189334785
log_energy_gap_per_capita,housing_value,log_median_household_income,-1.3095922074965356,0.36356305606588263,0.0003156511272857861,1366,0.3266038625672738
log_energy_gap_per_capita,housing_value,pct_black,1.4172320050440712,0.9097528068243115,0.11927569224544395,1366,0.3266038625672738
log_energy_gap_per_capita,housing_value,pct_hispanic,1.2906853501709568,0.295974254512391,1.2958613213493735e-05,1366,0.3266038625672738
log_energy_gap_per_capita,housing_value,pct_asian,1.8587271295118335,0.6627592018607223,0.005039021855043337,1366,0.3266038625672738
log_energy_gap_per_capita,housing_structure,log_median_household_income,-1.8862811486056508,0.30305174081297787,4.837494436886405e-10,1374,0.32394051031005433
log_energy_gap_per_capita,housing_structure,pct_black,1.5472187596643048,0.9318341165760706,0.09683370972488556,1374,0.32394051031005433
log_energy_gap_per_capita,housing_structure,pct_hispanic,1.7297566541670875,0.2978243805113748,6.323283143973171e-09,1374,0.32394051031005433
log_energy_gap_per_capita,housing_structure,pct_asian,1.6028517944319036,0.6564152715896762,0.014613193024506392,1374,0.32394051031005433
log_energy_gap_per_capita,tenure,log_median_household_income,-2.0554105160914404,0.2970500121032478,4.535318271696467e-12,1374,0.3185756543368734
log_energy_gap_per_capita,tenure,pct_black,1.1656463698914665,0.9282579402342895,0.20921191450059784,1374,0.3185756543368734
log_energy_gap_per_capita,tenure,pct_hispanic,1.456087799173924,0.2975316730185216,9.886123197978617e-07,1374,0.3185756543368734
log_energy_gap_per_capita,tenure,pct_asian,1.567489249279366,0.651974500342652,0.016207076604697314,1374,0.3185756543368734
log_energy_gap_per_capita,utility_fe,log_median_household_income,-2.1770824368179147,0.2905618884138635,6.748980872579362e-14,1279,0.3321773183624146
log_energy_gap_per_capita,utility_fe,pct_black,1.1228267575610027,0.9418920017081989,0.23322315991744402,1279,0.3321773183624146
log_energy_gap_per_capita,utility_fe,pct_hispanic,1.6312967689423854,0.30683404816535415,1.0575656114778584e-07,1279,0.3321773183624146
log_energy_gap_per_capita,utility_fe,pct_asian,2.204716575365515,0.6861583503181358,0.001312964498866692,1279,0.3321773183624146
log_energy_gap_per_capita,county_fe,log_median_household_income,-1.9161827211727334,0.33231542019510685,8.109975370719502e-09,1374,0.3559304436591
log_energy_gap_per_capita,county_fe,pct_black,1.4754961261614565,0.9951868555522974,0.1381721440351049,1374,0.3559304436591
log_energy_gap_per_capita,county_fe,pct_hispanic,1.587357743477843,0.339175067921343,2.867989127905572e-06,1374,0.3559304436591
log_energy_gap_per_capita,county_fe,pct_asian,1.5639862981734627,0.7930984556819919,0.04861016160665218,1374,0.3559304436591
log_energy_gap_per_capita,education+housing_value,log_median_household_income,-1.4387028023346196,0.36677403311650925,8.760349444050706e-05,1366,0.32713561714589545
log_energy_gap_per_capita,education+housing_value,pct_black,1.4950168042177931,0.9197203825765378,0.10405344288622521,1366,0.32713561714589545
log_energy_gap_per_capita,education+housing_value,pct_hispanic,1.5547472404564162,0.3740083658287916,3.2247487622476026e-05,1366,0.32713561714589545
log_energy_gap_per_capita,education+housing_value,pct_asian,1.8277787910442815,0.6548915094884498,0.005255127621757239,1366,0.32713561714589545
log_energy_gap_per_capita,education+housing_structure,log_median_household_income,-1.2346987187288254,0.4208674688581179,0.003349482287821301,1374,0.32750071760406163
log_energy_gap_per_capita,education+housing_structure,pct_black,1.0115890953018092,0.9666229368443294,0.29532156042003777,1374,0.32750071760406163
log_energy_gap_per_capita,education+housing_structure,pct_hispanic,0.9548935572520303,0.39298209558714026,0.015104435234380945,1374,0.32750071760406163
log_energy_gap_per_capita,education+housing_structure,pct_asian,1.541399466129208,0.661341400420815,0.019768301430440064,1374,0.32750071760406163
log_energy_gap_per_capita,education+tenure,log_median_household_income,-1.3604014451040929,0.42261046659381707,0.0012861900437944065,1374,0.32205170490057256
log_energy_gap_per_capita,education+tenure,pct_black,0.7717690636989674,0.9471402480079399,0.41516311309245113,1374,0.32205170490057256
log_energy_gap_per_capita,education+tenure,pct_hispanic,0.6431939770766606,0.4188969447399583,0.12467411323633656,1374,0.32205170490057256
log_energy_gap_per_capita,education+tenure,pct_asian,1.5380382958488723,0.6559443962890246,0.01903885484336347,1374,0.32205170490057256
log_energy_gap_per_capita,education+utility_fe,log_median_household_income,-2.048319259250558,0.35894599825889006,1.153343781930449e-08,1279,0.33236562714893747
log_energy_gap_per_capita,education+utility_fe,pct_black,1.0665698065896785,0.9486398573491488,0.2608795130757222,1279,0.33236562714893747
log_energy_gap_per_capita,education+utility_fe,pct_hispanic,1.4714091345732303,0.3819398554031923,0.0001169356836345894,1279,0.33236562714893747
log_energy_gap_per_capita,education+utility_fe,pct_asian,2.224145828966825,0.6881871803387736,0.001229740333101102,1279,0.33236562714893747
log_energy_gap_per_capita,county_fe+education,log_median_household_income,-1.6855874457089586,0.38115254667665066,9.763611651434882e-06,1374,0.35665908463419693
log_energy_gap_per_capita,county_fe+education,pct_black,1.3467719792177768,0.9982230038295625,0.17728254559241508,1374,0.35665908463419693
log_energy_gap_per_capita,county_fe+education,pct_hispanic,1.1975283971853905,0.4373284832955817,0.006176122778938883,1374,0.35665908463419693
log_energy_gap_per_capita,county_fe+education,pct_asian,1.5578546001904183,0.795409438507289,0.05016470773166966,1374,0.35665908463419693
log_energy_gap_per_capita,housing_structure+housing_value,log_median_household_income,-0.7235871394511613,0.41264790506593885,0.07951246336064624,1366,0.33857006056944294
log_energy_gap_per_capita,housing_structure+housing_value,pct_black,0.9771304147454735,0.9850947555193983,0.32123891681456673,1366,0.33857006056944294
log_energy_gap_per_capita,housing_structure+housing_value,pct_hispanic,1.419553233227161,0.31034641290445025,4.782882658001324e-06,1366,0.33857006056944294
log_energy_gap_per_capita,housing_structure+housing_value,pct_asian,1.4206988970774133,0.6417271604188807,0.02683789579136865,1366,0.33857006056944294
log_energy_gap_per_capita,housing_value+tenure,log_median_household_income,-0.7116634590009111,0.4363530416442436,0.10290403025124041,1366,0.3341026441535526
log_energy_gap_per_capita,housing_value+tenure,pct_black,0.9270908148379509,0.961188359608373,0.3347824615037356,1366,0.3341026441535526
log_energy_gap_per_capita,housing_value+tenure,pct_hispanic,1.0147403972056208,0.3223881022654821,0.0016463144888121252,1366,0.3341026441535526
log_energy_gap_per_capita,housing_value+tenure,pct_asian,1.4360443254837554,0.6327403072189611,0.023234078486848053,1366,0.3341026441535526
log_energy_gap_per_capita,housing_value+utility_fe,log_median_household_income,-1.3474357228869212,0.4006928986394333,0.0007716625468515644,1271,0.33817715171517604
log_energy_gap_per_capita,housing_value+utility_fe,pct_black,1.07853552165617,0.9412625694587213,0.25186170439419286,1271,0.33817715171517604
log_energy_gap_per_capita,housing_value+utility_fe,pct_hispanic,1.46469472950834,0.3141733837239949,3.1306199535959245e-06,1271,0.33817715171517604
log_energy_gap_per_capita,housing_value+utility_fe,pct_asian,2.2549759592037426,0.6803629485367076,0.0009184919628701498,1271,0.33817715171517604
log_energy_gap_per_capita,county_fe+housing_value,log_median_household_income,-0.92013848345964,0.414573207722294,0.02645383387851317,1366,0.3678695596053251
log_energy_gap_per_capita,county_fe+housing_value,pct_black,1.3182450545838043,0.967320226593307,0.17295172701788086,1366,0.3678695596053251
log_energy_gap_per_capita,county_fe+housing_value,pct_hispanic,1.2488543144112805,0.3362814439105713,0.00020423670048858348,1366,0.3678695596053251
log_energy_gap_per_capita,county_fe+housing_value,pct_asian,1.269843967083078,0.7756119849727989,0.1015854485953281,1366,0.3678695596053251
log_energy_gap_per_capita,housing_structure+tenure,log_median_household_income,-1.8271567928436234,0.31616449121958384,7.508634383369816e-09,1374,0.3241527151040664
log_energy_gap_per_capita,housing_structure+tenure,pct_black,1.5644569097084589,0.9331159963174681,0.09362185283616695,1374,0.3241527151040664
log_energy_gap_per_capita,housing_structure+tenure,pct_hispanic,1.6720865250280645,0.3254629841054932,2.783244484038735e-07,1374,0.3241527151040664
log_energy_gap_per_capita,housing_structure+tenure,pct_asian,1.586743744645989,0.6526759890622251,0.015051585839026022,1374,0.3241527151040664
log_energy_gap_per_capita,housing_structure+utility_fe,log_median_household_income,-1.9288802138262906,0.30779442183828815,3.6858811390519373e-10,1279,0.34211105970103506
log_energy_gap_per_capita,housing_structure+utility_fe,pct_black,1.0814167046375216,0.9870436018399007,0.2732486568006691,1279,0.34211105970103506
log_energy_gap_per_capita,housing_structure+utility_fe,pct_hispanic,1.8472386886343044,0.31557993976920096,4.81412147042397e-09,1279,0.34211105970103506
log_energy_gap_per_capita,housing_structure+utility_fe,pct_asian,1.9312058762234787,0.6705577005049576,0.003976757376061545,1279,0.34211105970103506
log_energy_gap_per_capita,county_fe+housing_structure,log_median_household_income,-1.4704565713469395,0.3753179336565935,8.932528589271464e-05,1374,0.36267433337129074
log_energy_gap_per_capita,county_fe+housing_structure,pct_black,1.866040335386546,1.0151494238380736,0.06603400421241676,1374,0.36267433337129074
log_energy_gap_per_capita,county_fe+housing_structure,pct_hispanic,1.9358817460248436,0.35736099816427697,6.055311066595934e-08,1374,0.36267433337129074
log_energy_gap_per_capita,county_fe+housing_structure,pct_asian,1.7313571928128466,0.7915358288897909,0.02871778526937975,1374,0.36267433337129074
log_energy_gap_per_capita,tenure+utility_fe,log_median_household_income,-1.9740918164571026,0.3058428414257207,1.0850836148606529e-10,1279,0.3375822553891539
log_energy_gap_per_capita,tenure+utility_fe,pct_black,0.7291536906230748,0.9754729609167218,0.45476944080098647,1279,0.3375822553891539
log_energy_gap_per_capita,tenure+utility_fe,pct_hispanic,1.5008299258866784,0.31731466833129507,2.247585441173714e-06,1279,0.3375822553891539
log_energy_gap_per_capita,tenure+utility_fe,pct_asian,1.8844007827777793,0.6668098305683356,0.004713410224401335,1279,0.3375822553891539
log_energy_gap_per_capita,county_fe+tenure,log_median_household_income,-1.7698005033652942,0.3520986207250188,4.996841618639369e-07,1374,0.35724676955559476
log_energy_gap_per_capita,county_fe+tenure,pct_black,1.3005599359531423,1.015054963316005,0.20009868620306803,1374,0.35724676955559476
log_energy_gap_per_capita,county_fe+tenure,pct_hispanic,1.5814893625958495,0.34098348538300083,3.517570774675613e-06,1374,0.35724676955559476
log_energy_gap_per_capita,county_fe+tenure,pct_asian,1.5170454618030687,0.7873099526565529,0.05399559028424831,1374,0.35724676955559476
log_energy_gap_per_capita,education+housing_structure+housing_value,log_median_household_income,-0.5398653363378889,0.4560315274068451,0.23647903295522688,1366,0.33902351433675093
log_energy_gap_per_capita,education+housing_structure+housing_value,pct_black,0.8195102200622366,1.0002635315717625,0.4126185180907095,1366,0.33902351433675093
log_energy_gap_per_capita,education+housing_structure+housing_value,pct_hispanic,1.148862505934818,0.3983599348428445,0.003926823738265184,1366,0.33902351433675093
log_energy_gap_per_capita,education+housing_structure+housing_value,pct_asian,1.4035741771565609,0.6454206759108658,0.029655180373744285,1366,0.33902351433675093
log_energy_gap_per_capita,education+housing_value+tenure,log_median_household_income,-0.6218266366399869,0.4689493832683211,0.1848398708380501,1366,0.3342060500032419
log_energy_gap_per_capita,education+housing_value+tenure,pct_black,0.8667933206343563,0.9702280887743314,0.37164766716722053,1366,0.3342060500032419
log_energy_gap_per_capita,education+housing_value+tenure,pct_hispanic,0.876006268265261,0.4186885129455549,0.03641504169510342,1366,0.3342060500032419
log_energy_gap_per_capita,education+housing_value+tenure,pct_asian,1.4306794911814091,0.6343434604484607,0.02411008640745606,1366,0.3342060500032419
log_energy_gap_per_capita,education+housing_value+utility_fe,log_median_household_income,-1.507463460960711,0.3949663114934819,0.0001352546379087874,1271,0.33889909561875076
log_energy_gap_per_capita,education+housing_value+utility_fe,pct_black,1.1825251833353636,0.9538509890587357,0.21507236905828275,1271,0.33889909561875076
log_energy_gap_per_capita,education+housing_value+utility_fe,pct_hispanic,1.7803656524683849,0.39955906527327617,8.357081377160193e-06,1271,0.33889909561875076
log_energy_gap_per_capita,education+housing_value+utility_fe,pct_asian,2.226179614532402,0.6714224576240426,0.0009144110370797563,1271,0.33889909561875076
log_energy_gap_per_capita,county_fe+education+housing_value,log_median_household_income,-1.0513357187965355,0.4064179794341261,0.009686233293810591,1366,0.3684620199132581
log_energy_gap_per_capita,county_fe+education+housing_value,pct_black,1.433224728144688,0.9871469792306924,0.14653334843554947,1366,0.3684620199132581
log_energy_gap_per_capita,county_fe+education+housing_value,pct_hispanic,1.5922963420168619,0.4458927836278369,0.00035558066288360606,1366,0.3684620199132581
log_energy_gap_per_capita,county_fe+education+housing_value,pct_asian,1.2591104806755335,0.7720729410691034,0.10292871968848401,1366,0.3684620199132581
log_energy_gap_per_capita,education+housing_structure+tenure,log_median_household_income,-1.1318206288116208,0.43675034150711406,0.009556991245407924,1374,0.3279085090088333
log_energy_gap_per_capita,education+housing_structure+tenure,pct_black,1.0186866824654295,0.9668731338829963,0.29207122974967525,1374,0.3279085090088333
log_energy_gap_per_capita,education+housing_structure+tenure,pct_hispanic,0.8501498619764278,0.42540147884612267,0.04566629738213425,1374,0.3279085090088333
log_energy_gap_per_capita,education+housing_structure+tenure,pct_asian,1.5170336312010142,0.6573593815124729,0.021011985567039333,1374,0.3279085090088333
log_energy_gap_per_capita,education+housing_structure+utility_fe,log_median_household_income,-1.3236146237116333,0.4264214665940755,0.0019091971206046953,1279,0.3450695709480993
log_energy_gap_per_capita,education+housing_structure+utility_fe,pct_black,0.5443306409750464,1.028717545853306,0.5967116804115526,1279,0.3450695709480993
log_energy_gap_per_capita,education+housing_structure+utility_fe,pct_hispanic,1.1135486141426252,0.4213543304063386,0.008222739763263766,1279,0.3450695709480993
log_energy_gap_per_capita,education+housing_structure+utility_fe,pct_asian,1.8614673239834998,0.6763321474928902,0.0059178721009570875,1279,0.3450695709480993
log_energy_gap_per_capita,county_fe+education+housing_structure,log_median_household_income,-0.9489773274026114,0.4652038927769854,0.041358593661885365,1374,0.3648426592786487
log_energy_gap_per_capita,county_fe+education+housing_structure,pct_black,1.4039136674382238,1.046500808816199,0.1797479905801862,1374,0.3648426592786487
log_energy_gap_per_capita,county_fe+education+housing_structure,pct_hispanic,1.1748736048892798,0.4860761809316128,0.015646587144421485,1374,0.3648426592786487
log_energy_gap_per_capita,county_fe+education+housing_structure,pct_asian,1.6757136648259414,0.7931035521920226,0.03461308773151256,1374,0.3648426592786487
log_energy_gap_per_capita,education+tenure+utility_fe,log_median_household_income,-1.2573465110163602,0.436369846114488,0.0039594037693229545,1279,0.34092944986570584
log_energy_gap_per_capita,education+tenure+utility_fe,pct_black,0.2787406102374533,0.9994066481829142,0.7803168873551949,1279,0.34092944986570584
log_energy_gap_per_capita,education+tenure+utility_fe,pct_hispanic,0.6655582247365374,0.4528144410521621,0.1416090134644443,1279,0.34092944986570584
log_energy_gap_per_capita,education+tenure+utility_fe,pct_asian,1.8346012196776014,0.6716781657200007,0.006307172433363314,1279,0.34092944986570584
log_energy_gap_per_capita,county_fe+education+tenure,log_median_household_income,-1.1253514209818793,0.44925029368034836,0.012246724211025612,1374,0.36000759603277455
log_energy_gap_per_capita,county_fe+education+tenure,pct_black,0.8617084608129819,1.030904355589291,0.4032245280190553,1374,0.36000759603277455
log_energy_gap_per_capita,county_fe+education+tenure,pct_hispanic,0.6970323021978945,0.4965771926651647,0.16041606343038983,1374,0.36000759603277455
log_energy_gap_per_capita,county_fe+education+tenure,pct_asian,1.4633802741879365,0.7889689576623037,0.06362467409169924,1374,0.36000759603277455
log_energy_gap_per_capita,housing_structure+housing_value+tenure,log_median_household_income,-0.6639686106320514,0.43144640599046646,0.12381980571449891,1366,0.3387245654448352
log_energy_gap_per_capita,housing_structure+housing_value+tenure,pct_black,0.9965807981583593,0.9849369718069247,0.3116232168578551,1366,0.3387245654448352
log_energy_gap_per_capita,housing_structure+housing_value+tenure,pct_hispanic,1.3547897498681427,0.34010612457291217,6.792700508494359e-05,1366,0.3387245654448352
log_energy_gap_per_capita,housing_structure+housing_value+tenure,pct_asian,1.4012751147847342,0.6364535827981506,0.027687032991415988,1366,0.3387245654448352
log_energy_gap_per_capita,housing_structure+housing_value+utility_fe,log_median_household_income,-0.8095487196671611,0.4374422049106105,0.06422113816101603,1271,0.3529950000152122
log_energy_gap_per_capita,housing_structure+housing_value+utility_fe,pct_black,0.5238548378612601,1.0396362847370821,0.6143437408747392,1271,0.3529950000152122
log_energy_gap_per_capita,housing_structure+housing_value+utility_fe,pct_hispanic,1.5713969855225798,0.332285094485108,2.255589262462425e-06,1271,0.3529950000152122
log_energy_gap_per_capita,housing_structure+housing_value+utility_fe,pct_asian,1.7656912438324508,0.6563689882255793,0.007143288426823529,1271,0.3529950000152122
log_energy_gap_per_capita,county_fe+housing_structure+housing_value,log_median_household_income,-0.32360201695475177,0.47857109365980377,0.4989239616474196,1366,0.3763790801556943
log_energy_gap_per_capita,county_fe+housing_structure+housing_value,pct_black,1.2246585815680129,1.0336554619849896,0.2361028110279182,1366,0.3763790801556943
log_energy_gap_per_capita,county_fe+housing_structure+housing_value,pct_hispanic,1.5303854414011056,0.35718211798366273,1.83061480033795e-05,1366,0.3763790801556943
log_energy_gap_per_capita,county_fe+housing_structure+housing_value,pct_asian,1.2932731052535067,0.7710472180134615,0.09348494627413835,1366,0.3763790801556943
log_energy_gap_per_capita,housing_value+tenure+utility_fe,log_median_household_income,-0.6100545074487908,0.4727109808219588,0.19686170756356747,1271,0.35027993504595367
log_energy_gap_per_capita,housing_value+tenure+utility_fe,pct_black,0.41862657425330335,1.0062205335108472,0.6773817636493049,1271,0.35027993504595367
log_energy_gap_per_capita,housing_value+tenure+utility_fe,pct_hispanic,1.0735937890145453,0.34824464598259974,0.002050130768137204,1271,0.35027993504595367
log_energy_gap_per_capita,housing_value+tenure+utility_fe,pct_asian,1.7286159596056623,0.6470355034685185,0.007549199805121722,1271,0.35027993504595367
log_energy_gap_per_capita,county_fe+housing_value+tenure,log_median_household_income,-0.3302926451018288,0.5028390657364796,0.5112737838034538,1366,0.37346422542383395
log_energy_gap_per_capita,county_fe+housing_value+tenure,pct_black,0.8854587873551415,1.017486236687686,0.38416842033247856,1366,0.37346422542383395
log_energy_gap_per_capita,county_fe+housing_value+tenure,pct_hispanic,1.0543662417875694,0.35837555734087334,0.003260254397664757,1366,0.37346422542383395
log_energy_gap_per_capita,county_fe+housing_value+tenure,pct_asian,1.0958962693649563,0.7629516375372442,0.15089133491948079,1366,0.37346422542383395
log_energy_gap_per_capita,housing_structure+tenure+utility_fe,log_median_household_income,-1.797901350748762,0.3199889033702846,1.92470240166663e-08,1279,0.34301538810866716
log_energy_gap_per_capita,housing_structure+tenure+utility_fe,pct_black,1.1121645364536565,0.9855886896103027,0.2591397810484837,1279,0.34301538810866716
log_energy_gap_per_capita,housing_structure+tenure+utility_fe,pct_hispanic,1.7222614815431407,0.3464333593156665,6.646849553703528e-07,1279,0.34301538810866716
log_energy_gap_per_capita,housing_structure+tenure+utility_fe,pct_asian,1.9002551834469419,0.6666578105094261,0.004366144441801646,1279,0.34301538810866716
log_energy_gap_per_capita,county_fe+housing_structure+tenure,log_median_household_income,-1.3836511020860878,0.3817571313614723,0.00028960207498249094,1374,0.36306155245315264
log_energy_gap_per_capita,county_fe+housing_structure+tenure,pct_black,1.8458680025644154,1.0139239138107452,0.06867996754258998,1374,0.36306155245315264
log_energy_gap_per_capita,county_fe+housing_structure+tenure,pct_hispanic,1.8661863656059396,0.3837042410799596,1.152660737504846e-06,1374,0.36306155245315264
log_energy_gap_per_capita,county_fe+housing_structure+tenure,pct_asian,1.7153860180785776,0.7896838870515164,0.029837269923780097,1374,0.36306155245315264
log_energy_gap_per_capita,education+housing_structure+housing_value+tenure,log_median_household_income,-0.4677993614309783,0.4758721564442079,0.32558982409764436,1366,0.33920946806644314
log_energy_gap_per_capita,education+housing_structure+housing_value+tenure,pct_black,0.8352543506391472,1.0002031538269698,0.40367002055241463,1366,0.33920946806644314
log_energy_gap_per_capita,education+housing_structure+housing_value+tenure,pct_hispanic,1.068038501359752,0.42574986972875517,0.01212087377403981,1366,0.33920946806644314
log_energy_gap_per_capita,education+housing_structure+housing_value+tenure,pct_asian,1.3816206049094655,0.6401021192146302,0.030893810103837464,1366,0.33920946806644314
log_energy_gap_per_capita,education+housing_structure+housing_value+utility_fe,log_median_household_income,-0.6067588513333179,0.47755026625088626,0.2038832979536419,1271,0.3535445863953206
log_energy_gap_per_capita,education+housing_structure+housing_value+utility_fe,pct_black,0.334222746932823,1.0585282903235371,0.7521976940261268,1271,0.3535445863953206
log_energy_gap_per_capita,education+housing_structure+housing_value+utility_fe,pct_hispanic,1.2630957725988992,0.42752860226465617,0.0031326514927702037,1271,0.3535445863953206
log_energy_gap_per_capita,education+housing_structure+housing_value+utility_fe,pct_asian,1.7410052924754107,0.6614079910558737,0.008481609681632517,1271,0.3535445863953206
log_energy_gap_per_capita,county_fe+education+housing_structure+housing_value,log_median_household_income,-0.20859086921862185,0.5034877082896977,0.6786603598624473,1366,0.3765434520831915
log_energy_gap_per_capita,county_fe+education+housing_structure+housing_value,pct_black,1.1177402878529807,1.052533040360657,0.2882571657325784,1366,0.3765434520831915
log_energy_gap_per_capita,county_fe+education+housing_structure+housing_value,pct_hispanic,1.331328773177527,0.48282754023203645,0.005827037118950761,1366,0.3765434520831915
log_energy_gap_per_capita,county_fe+education+housing_structure+housing_value,pct_asian,1.2889707737888059,0.7724483944362905,0.09518040746650251,1366,0.3765434520831915
log_energy_gap_per_capita,education+housing_value+tenure+utility_fe,log_median_household_income,-0.4463664327961359,0.5075018509299952,0.3791104184651245,1271,0.35058838012332394
log_energy_gap_per_capita,education+housing_value+tenure+utility_fe,pct_black,0.2999947885492906,1.0194126444484837,0.7685424283859827,1271,0.35058838012332394
log_energy_gap_per_capita,education+housing_value+tenure+utility_fe,pct_hispanic,0.8228594031169855,0.45671195859270025,0.07159211234804908,1271,0.35058838012332394
log_energy_gap_per_capita,education+housing_value+tenure+utility_fe,pct_asian,1.7133537129794374,0.6501168685233093,0.008402458102884805,1271,0.35058838012332394
log_energy_gap_per_capita,county_fe+education+housing_value+tenure,log_median_household_income,-0.28575360447399945,0.5183388303027169,0.5814367559833205,1366,0.3734879874575394
log_energy_gap_per_capita,county_fe+education+housing_value+tenure,pct_black,0.8487168308965951,1.0318479695678597,0.4107803256127731,1366,0.3734879874575394
log_energy_gap_per_capita,county_fe+education+housing_value+tenure,pct_hispanic,0.9745261148293668,0.48841733379210117,0.04601306926653415,1366,0.3734879874575394
log_energy_gap_per_capita,county_fe+education+housing_value+tenure,pct_asian,1.0934889857742487,0.7634519678451458,0.152059207540588,1366,0.3734879874575394
log_energy_gap_per_capita,education+housing_structure+tenure+utility_fe,log_median_household_income,-1.1072059433709944,0.4431648426341654,0.012475303155499998,1279,0.34645716995725373
log_energy_gap_per_capita,education+housing_structure+tenure+utility_fe,pct_black,0.5358291622386796,1.0260679482968245,0.6015199046482451,1279,0.34645716995725373
log_energy_gap_per_capita,education+housing_structure+tenure+utility_fe,pct_hispanic,0.893420619801144,0.46159500765150846,0.052928043759304745,1279,0.34645716995725373
log_energy_gap_per_capita,education+housing_structure+tenure+utility_fe,pct_asian,1.8167286455342722,0.6723656420604424,0.006892478576118709,1279,0.34645716995725373
log_energy_gap_per_capita,county_fe+education+housing_structure+tenure,log_median_household_income,-0.8190508235886375,0.4717329132946275,0.08251793409951781,1374,0.36541497392087685
log_energy_gap_per_capita,county_fe+education+housing_structure+tenure,pct_black,1.3580475088893407,1.0441226271265427,0.19337519658999092,1374,0.36541497392087685
log_energy_gap_per_capita,county_fe+education+housing_structure+tenure,pct_hispanic,1.0548204055618184,0.5152221064926612,0.04062745960660075,1374,0.36541497392087685
log_energy_gap_per_capita,county_fe+education+housing_structure+tenure,pct_asian,1.6536614358228772,0.7909091093857669,0.036542745423815075,1374,0.36541497392087685
log_energy_gap_per_capita,housing_structure+housing_value+tenure+utility_fe,log_median_household_income,-0.6360025031886501,0.46067740622479175,0.16740780924231347,1271,0.3539800967718597
log_energy_gap_per_capita,housing_structure+housing_value+tenure+utility_fe,pct_black,0.5572567629514289,1.0360692919452674,0.5906760154127457,1271,0.3539800967718597
log_energy_gap_per_capita,housing_structure+housing_value+tenure+utility_fe,pct_hispanic,1.3921306385070562,0.3702454492784803,0.00016989914188029543,1271,0.3539800967718597
log_energy_gap_per_capita,housing_structure+housing_value+tenure+utility_fe,pct_asian,1.7152147619967735,0.6501102100269194,0.008331187460483891,1271,0.3539800967718597
log_energy_gap_per_capita,county_fe+housing_structure+housing_value+tenure,log_median_household_income,-0.24591157320335502,0.5011274881135322,0.6236269095533806,1366,0.3765914010175988
log_energy_gap_per_capita,county_fe+housing_structure+housing_value+tenure,pct_black,1.2021555506303039,1.0349059100950408,0.2453945086661331,1366,0.3765914010175988
log_energy_gap_per_capita,county_fe+housing_structure+housing_value+tenure,pct_hispanic,1.4498230547461826,0.38598612858165926,0.00017254505265124355,1366,0.3765914010175988
log_energy_gap_per_capita,county_fe+housing_structure+housing_value+tenure,pct_asian,1.267172664179731,0.7655907322422973,0.09789270684993948,1366,0.3765914010175988
log_energy_gap_per_capita,education+housing_structure+housing_value+tenure+utility_fe,log_median_household_income,-0.3980396450483372,0.5049119889239558,0.4305009513575456,1271,0.3546597372278093
log_energy_gap_per_capita,education+housing_structure+housing_value+tenure+utility_fe,pct_black,0.34793675802934915,1.0559797235309714,0.7417839206614232,1271,0.3546597372278093
log_energy_gap_per_capita,education+housing_structure+housing_value+tenure+utility_fe,pct_hispanic,1.0360622360593919,0.466644568806059,0.02640258236227692,1271,0.3546597372278093
log_energy_gap_per_capita,education+housing_structure+housing_value+tenure+utility_fe,pct_asian,1.684266892012488,0.6552805615833384,0.010161080864475052,1271,0.3546597372278093
log_energy_gap_per_capita,county_fe+education+housing_structure+housing_value+tenure,log_median_household_income,-0.1250539291432405,0.5266142844803706,0.812293906198395,1366,0.3767667582404478
log_energy_gap_per_capita,county_fe+education+housing_structure+housing_value+tenure,pct_black,1.0910929875497128,1.0539509581028272,0.30055648926394185,1366,0.3767667582404478
log_energy_gap_per_capita,county_fe+education+housing_structure+housing_value+tenure,pct_hispanic,1.24204687086343,0.506428361643478,0.014184299911927992,1366,0.3767667582404478
log_energy_gap_per_capita,county_fe+education+housing_structure+housing_value+tenure,pct_asian,1.2620494661234274,0.766984750498796,0.0998731745810499,1366,0.3767667582404478
