FIPS,County,t_cap,t_hh,t_rd,t_rsa,t_ttlh,t_retrofit,t_retro_yr,t_offshore,t_conf_atr,t_conf_loc,GEO_ID,STATE,COUNTY,NAME,LSAD,CENSUSAREA,geometry,Nameplate Capacity (in KW AC),Capacity_Latest,VIN,DC Fast,Level 1,Level 2,Number of Chargers,Matched CSI Application Number,Service Zip,System Size DC,System Size AC,Storage Capacity (kWh),Storage Size (kW AC),Inverter Size (kW AC),Installer Zip,CSLB Number,Electric Vehicle Count,Total System Cost,Itc Cost Basis,Generator Quantity 1,Generator Quantity 2,Generator Quantity 3,Generator Quantity 4,Generator Quantity 5,Generator Quantity 6,Generator Quantity 7,Generator Quantity 8,Generator Quantity 9,Generator Quantity 10,Generator Quantity 11,Generator Quantity 12,Generator Quantity 13,Generator Quantity 14,Generator Quantity 15,Generator Quantity 16,Generator Quantity 17,Generator Quantity 18,Inverter Quantity 1,Inverter Quantity 2,Inverter Quantity 3,Inverter Quantity 4,Inverter Quantity 5,Inverter Quantity 6,Inverter Quantity 7,Inverter Quantity 8,Inverter Quantity 9,Inverter Quantity 10,Inverter Quantity 11,Inverter Quantity 12,Inverter Quantity 13,Inverter Quantity 14,Inverter Quantity 15,Inverter Quantity 16,Inverter Quantity 17,Inverter Quantity 18,Inverter Quantity 19,Inverter Quantity 20,Inverter Quantity 21,Inverter Quantity 22,Inverter Quantity 23,Inverter Quantity 24,Previous Application,Previous Application Ids,VNEM ID,Generator Model 7,Generator Manufacturer 7,Generator Model 8,Generator Manufacturer 8,Generator Model 9,Generator Manufacturer 9,Generator Model 10,Generator Manufacturer 10,Generator Model 11,Generator Manufacturer 11,Generator Model 12,Generator Manufacturer 12,Generator Model 13,Generator Manufacturer 13,Generator Model 14,Generator Manufacturer 14,Generator Model 15,Generator Manufacturer 15,Generator Model 16,Generator Manufacturer 16,Generator Model 17,Generator Manufacturer 17,Generator Model 18,Generator Manufacturer 18,Inverter Model 10,Inverter Manufacturer 10,Inverter Model 11,Inverter Manufacturer 11,Inverter Model 12,Inverter Manufacturer 12,Inverter Model 13,Inverter Manufacturer 13,Inverter Model 14,Inverter Manufacturer 14,Inverter Model 15,Inverter Manufacturer 15,Inverter Model 16,Inverter Manufacturer 16,Inverter Model 17,Inverter Manufacturer 17,Inverter Model 18,Inverter Manufacturer 18,Inverter Model 19,Inverter Manufacturer 19,Inverter Model 20,Inverter Manufacturer 20,Inverter Model 21,Inverter Manufacturer 21,Inverter Model 22,Inverter Manufacturer 22,Inverter Model 23,Inverter Manufacturer 23,Inverter Model 24,Inverter Manufacturer 24,Installer Phone,Generator Model 6,Generator Manufacturer 6,Latitude,Longitude,GHI (kWh/m²/day),Wind Speed (10m) (m/s),Wind Speed (50m) (m/s)
06001,alameda,225785.0,14449.2,14626.0,934441.09,21771.3,0.0,0.0,0.0,984.0,984.0,0500000US06001,06,001,Alameda,County,739.017,"POLYGON ((-121.855762 37.484537, -122.045271 37.460276, -122.052648 37.459656, -122.081473 37.477838, -122.109574 37.497637, -122.116112 37.505386, -122.111344 37.50758, -122.111998 37.528851, -122.128688 37.560594, -122.133924 37.562885, -122.137524 37.567467, -122.144396 37.581866, -122.147014 37.588411, -122.145378 37.600846, -122.14636 37.607391, -122.152905 37.640771, -122.163049 37.667933, -122.170904 37.676114, -122.179085 37.680041, -122.197411 37.692804, -122.203971 37.697769, -122.213774 37.698695, -122.221628 37.705567, -122.246826 37.72193, -122.255989 37.735674, -122.257953 37.739601, -122.257134 37.745001, -122.252226 37.747619, -122.244938 37.750294, -122.242638 37.753744, -122.253753 37.761218, -122.264101 37.764667, -122.275408 37.76735, -122.286139 37.769458, -122.293996 37.770416, -122.304345 37.774632, -122.318909 37.77904, -122.329159 37.783173, -122.33079 37.78383, -122.330963 37.786035, -122.331748 37.796052, -122.33555 37.799538, -122.335675 37.799652, -122.333711 37.809797, -122.323567 37.823214, -122.317676 37.826814, -122.306222 37.827469, -122.303931 37.830087, -122.301313 37.847758, -122.310477 37.873938, -122.309986 37.892755, -122.313258 37.89701, -122.313496 37.897211, -122.310881 37.897825, -122.30618 37.898225, -122.185977 37.820726, -122.004228 37.770058, -122.010771 37.755127, -122.001071 37.739028, -121.977999 37.729579, -121.96077 37.718629, -121.910138 37.73046, -121.881567 37.737328, -121.623724 37.799291, -121.55916 37.818927, -121.556936 37.817218, -121.556655 37.542732, -121.471925 37.481783, -121.472648 37.48217, -121.855762 37.484537))",88567.747,2320.19,22318.0,1000.0,76.0,6662.0,7662.0,0.0,6785600374.0,574380.45,582034.726,374690.023,95588.194,610608.241,6031603829.0,57996285951.0,10754.0,1575890789.46,310368960.84,1676640.0,1547805.0,71628.0,69933.0,5486.0,5312.0,651.0,641.0,291.0,267.0,251.0,251.0,202.0,202.0,0.0,0.0,0.0,0.0,613645.0,570991.0,67454.0,66780.0,14033.0,13891.0,4836.0,4802.0,783.0,762.0,130.0,130.0,-78.0,-78.0,-2400.0,-2400.0,-5.0,-5.0,-12.0,-12.0,0.0,0.0,0.0,0.0,,,,,,,,,,,,,,,,,,,,,,,,,,,,,,,,,,,,,,,,,,,,,,,,,,,,,,,,,,,,,37.65051111478244,-121.9180429846114,5.235081967213115,3.443688524590164,4.7837978142076505
06003,,,,,,,,,,,,0500000US06003,06,003,Alpine,County,738.332,"POLYGON ((-120.072392 38.702767, -119.880303 38.864776, -119.904315 38.933324, -119.587679 38.714734, -119.587066 38.714345, -119.585437 38.713212, -119.619066 38.603529, -119.542862 38.499694, -119.639205 38.32688, -119.753481 38.416759, -119.884749 38.356185, -120.019951 38.433521, -120.072484 38.509869, -120.072392 38.702767))",230.0,,7.0,0.0,0.0,22.0,22.0,,,,,,,,,,,,,,,,,,,,,,,,,,,,,,,,,,,,,,,,,,,,,,,,,,,,,,,,,,,,,,,,,,,,,,,,,,,,,,,,,,,,,,,,,,,,,,,,,,,,,,,,,,,,,,,,,,,38.597250633187514,-119.8206530303875,5.263989071038251,2.564398907103825,4.098306010928962
06005,,,,,,,,,,,,0500000US06005,06,005,Amador,County,594.583,"POLYGON ((-120.995497 38.225405, -121.027084 38.300252, -121.027507 38.508292, -120.813554 38.562193, -120.627604 38.503143, -120.510596 38.511467, -120.301721 38.549109, -120.098322 38.709029, -120.072392 38.702767, -120.072484 38.509869, -120.380707 38.461042, -120.423215 38.473322, -120.893792 38.221277, -120.995497 38.225405))",5180.083,289.55,140.0,8.0,0.0,59.0,67.0,0.0,397439944.0,39515.43,38592.441,12882.81,5889.661,40157.601,361827080.0,3573762095.0,133.0,105324690.762,41888549.12,116607.0,105920.0,1452.0,1174.0,71.0,209.0,0.0,0.0,0.0,0.0,0.0,0.0,0.0,0.0,0.0,0.0,0.0,0.0,38842.0,34134.0,5527.0,5346.0,881.0,869.0,355.0,353.0,25.0,25.0,172.0,172.0,1.0,1.0,-1.0,-1.0,0.0,0.0,0.0,0.0,0.0,0.0,0.0,0.0,,,,,,,,,,,,,,,,,,,,,,,,,,,,,,,,,,,,,,,,,,,,,,,,,,,,,,,,,,,,,38.44638950387103,-120.65111561975515,5.207732240437158,2.5956830601092897,4.032513661202186
06007,,,,,,,,,,,,0500000US06007,06,007,Butte,County,1636.464,"POLYGON ((-121.076695 39.597264, -121.149907 39.526446, -121.305122 39.519585, -121.333427 39.468729, -121.407527 39.339754, -121.62376 39.295621, -121.908269 39.303878, -121.890013 39.383864, -121.856532 39.536904, -121.994021 39.533926, -121.950951 39.715004, -122.046471 39.797648, -122.044865 39.883771, -121.804041 39.884344, -121.703241 39.98423, -121.646032 39.982527, -121.586407 40.100522, -121.436886 40.151905, -121.366818 40.086054, -121.430012 39.914833, -121.360516 39.84074, -121.076695 39.597264))",,,,,,,,,,,,,,,,,,,,,,,,,,,,,,,,,,,,,,,,,,,,,,,,,,,,,,,,,,,,,,,,,,,,,,,,,,,,,,,,,,,,,,,,,,,,,,,,,,,,,,,,,,,,,,,,,,,,,,,,,,,,,,
06009,,,,,,,,,,,,0500000US06009,06,009,Calaveras,County,1020.012,"POLYGON ((-120.652673 37.831422, -120.926449 38.077421, -120.93885 38.088321, -120.995497 38.225405, -120.893792 38.221277, -120.423215 38.473322, -120.380707 38.461042, -120.072484 38.509869, -120.019951 38.433521, -120.176177 38.374014, -120.504516 37.991144, -120.534814 37.991174, -120.514952 37.95339, -120.652673 37.831422))",5463.424,536.4,177.0,21.0,2.0,25.0,46.0,0.0,504585480.0,44534.879,43360.782,32306.506,7699.18,46059.986,450023244.0,4360978825.0,206.0,119283801.0,52022760.3,141379.0,131287.0,2729.0,2523.0,118.0,96.0,1.0,1.0,0.0,0.0,0.0,0.0,0.0,0.0,0.0,0.0,0.0,0.0,60295.0,56077.0,7408.0,7224.0,1045.0,1037.0,190.0,189.0,83.0,83.0,24.0,24.0,0.0,0.0,0.0,0.0,0.0,0.0,0.0,0.0,0.0,0.0,0.0,0.0,,,,,,,,,,,,,,,,,,,,,,,,,,,,,,,,,,,,,,,,,,,,,,,,,,,,,,,,,,,,,38.20460680302323,-120.55413209680692,5.207732240437158,2.474453551912568,3.607158469945355
06011,,,,,,,,,,,,0500000US06011,06,011,Colusa,County,1150.731,"POLYGON ((-121.908269 39.303878, -121.945509 39.180959, -121.847964 39.070817, -121.835488 38.924481, -122.337967 38.923945, -122.340172 38.924246, -122.492215 39.054092, -122.476083 39.172609, -122.680927 39.238726, -122.775043 39.311778, -122.78509 39.382975, -122.739062 39.383266, -122.136006 39.385494, -122.136161 39.414499, -121.890013 39.383864, -121.908269 39.303878))",80547.091,724.0,32.0,19.0,0.0,28.0,47.0,0.0,217792734.0,48870.959,63362.172,4341.7,1384.208,45062.337,175789575.0,1803500740.0,53.0,87419845.66,22361786.06,159245.0,146171.0,4252.0,4090.0,251.0,251.0,0.0,0.0,0.0,0.0,0.0,0.0,0.0,0.0,0.0,0.0,0.0,0.0,43985.0,38201.0,3971.0,3894.0,505.0,504.0,27.0,27.0,0.0,0.0,0.0,0.0,0.0,0.0,0.0,0.0,0.0,0.0,0.0,0.0,0.0,0.0,0.0,0.0,,,,,,,,,,,,,,,,,,,,,,,,,,,,,,,,,,,,,,,,,,,,,,,,,,,,,,,,,,,,,39.17757310996472,-122.237029613264,5.100792349726777,3.0203278688524593,4.575901639344262
06013,contra costa,113900.0,4730.0,5666.2,376906.01,7559.3,0.0,0.0,0.0,213.0,213.0,0500000US06013,06,013,Contra Costa,County,715.937,"POLYGON ((-121.910138 37.73046, -121.96077 37.718629, -121.977999 37.729579, -122.001071 37.739028, -122.010771 37.755127, -122.004228 37.770058, -122.185977 37.820726, -122.30618 37.898225, -122.310881 37.897825, -122.313496 37.897211, -122.32373 37.905845, -122.33453 37.908791, -122.35711 37.908791, -122.362346 37.904209, -122.367582 37.903882, -122.378709 37.905191, -122.385908 37.908136, -122.389181 37.9101, -122.39049 37.922535, -122.395071 37.927117, -122.401289 37.928426, -122.413725 37.937262, -122.417371 37.943513, -122.430087 37.963115, -122.42976 37.965405, -122.415361 37.963115, -122.411761 37.960497, -122.408383 37.957544, -122.399832 37.956009, -122.367582 37.978168, -122.361905 37.989991, -122.363001 37.994375, -122.366928 37.998458, -122.368891 38.007948, -122.367909 38.01253, -122.363655 38.014166, -122.359493 38.009941, -122.340093 38.003694, -122.331912 38.00533, -122.321112 38.012857, -122.315549 38.013511, -122.300823 38.010893, -122.283478 38.022674, -122.262861 38.0446, -122.262861 38.051473, -122.266669 38.06007, -122.123973 38.035717, -122.050386 38.060198, -121.869469 38.054519, -121.865189 38.059909, -121.862462 38.06603, -121.737824 38.02663, -121.679265 38.089319, -121.580022 38.094414, -121.579943 37.976113, -121.574823 37.973025, -121.569889 37.957495, -121.56364 37.94611, -121.561937 37.937612, -121.55987 37.920862, -121.569113 37.901521, -121.574849 37.885021, -121.575463 37.863118, -121.56937 37.858881, -121.561813 37.857135, -121.549517 37.856986, -121.538026 37.849622, -121.536595 37.844723, -121.538931 37.839563, -121.550971 37.831155, -121.556936 37.817218, -121.55916 37.818927, -121.623724 37.799291, -121.881567 37.737328, -121.910138 37.73046))",279897.33900000004,6827.4400000000005,14732.0,455.0,4.0,2111.0,2566.0,0.0,7917568197.0,676441.156,658703.113,428460.869,109254.594,689011.34,6655494420.0,68676429637.0,8070.0,1788659840.139,548562046.48,2042992.0,1894420.0,55519.0,48937.0,5527.0,5322.0,327.0,293.0,19.0,15.0,0.0,0.0,0.0,0.0,0.0,0.0,0.0,0.0,819140.0,768027.0,125379.0,122390.0,24621.0,24431.0,3912.0,3908.0,312.0,305.0,133.0,132.0,-6.0,-6.0,2.0,2.0,1.0,1.0,0.0,0.0,0.0,0.0,0.0,0.0,,,,,,,,,,,,,,,,,,,,,,,,,,,,,,,,,,,,,,,,,,,,,,,,,,,,,,,,,,,,,37.92341313264448,-121.95103461298392,5.235081967213115,4.062431693989071,5.647295081967212
06015,,,,,,,,,,,,0500000US06015,06,015,Del Norte,County,1006.373,"POLYGON ((-124.065521 41.464739, -124.066057 41.470258, -124.075917 41.501757, -124.081427 41.511228, -124.081987 41.547761, -124.092404 41.553615, -124.101123 41.569192, -124.101403 41.578524, -124.097385 41.585251, -124.100961 41.602499, -124.114413 41.616768, -124.116037 41.628849, -124.120225 41.640354, -124.135552 41.657307, -124.139354 41.671652, -124.138373 41.678881, -124.143479 41.709284, -124.147412 41.717955, -124.154246 41.728801, -124.164716 41.740126, -124.17739 41.745756, -124.185363 41.739351, -124.19104 41.736079, -124.194953 41.736778, -124.203843 41.747035, -124.23972 41.7708, -124.242288 41.772034, -124.248704 41.771459, -124.255994 41.783014, -124.245027 41.7923, -124.230678 41.818681, -124.219592 41.846432, -124.208439 41.888192, -124.203402 41.940964, -124.204948 41.983441, -124.211605 41.99846, -124.100921 41.996956, -124.100216 41.996842, -124.087827 41.996891, -124.086661 41.996869, -123.821472 41.995473, -123.624554 41.999837, -123.518075 42.000436, -123.565442 41.903141, -123.642812 41.889353, -123.703768 41.829117, -123.660205 41.714055, -123.719089 41.595258, -123.612395 41.448954, -123.661363 41.38209, -123.770239 41.380776, -123.770551 41.464193, -124.065521 41.464739))",131.76,,35.0,30.0,0.0,31.0,61.0,,,,,,,,,,,,,,,,,,,,,,,,,,,,,,,,,,,,,,,,,,,,,,,,,,,,,,,,,,,,,,,,,,,,,,,,,,,,,,,,,,,,,,,,,,,,,,,,,,,,,,,,,,,,,,,,,,,41.74494236553362,-123.95780135582768,1.8999180327868852,2.13,3.5339344262295085
06017,,,,,,,,,,,,0500000US06017,06,017,El Dorado,County,1707.883,"POLYGON ((-121.141009 38.71198, -121.040406 38.915651, -120.746395 39.010352, -120.642458 38.944404, -120.556321 38.915164, -120.470985 38.965507, -120.43524 39.028397, -120.184098 39.031014, -120.143663 39.067285, -120.002461 39.067489, -120.001014 38.999574, -119.904315 38.933324, -119.880303 38.864776, -120.072392 38.702767, -120.098322 38.709029, -120.301721 38.549109, -120.510596 38.511467, -120.627604 38.503143, -120.813554 38.562193, -121.027507 38.508292, -121.118617 38.717118, -121.133264 38.705427, -121.141009 38.71198))",30925.361,895.4,1566.0,108.0,1.0,239.0,347.0,0.0,2071883851.0,185480.893,184935.184,82997.103,35316.612,189101.01,1856689055.0,2938273658744.0,1228.0,505111181.62,180383081.65,551094.0,512060.0,14754.0,9238.0,377.0,303.0,35.0,23.0,1.0,2.0,1.0,1.0,0.0,0.0,0.0,0.0,0.0,0.0,255777.0,234198.0,47315.0,41960.0,9064.0,9023.0,1862.0,1838.0,174.0,175.0,34.0,34.0,17.0,17.0,17.0,17.0,10.0,10.0,1.0,1.0,0.0,0.0,0.0,0.0,,,,,,,,,,,,,,,,,,,,,,,,,,,,,,,,,,,,,,,,,,,,,,,,,,,,,,,,,,,,,38.77873704298154,-120.52465107035418,5.154426229508196,2.350655737704918,4.026775956284153
06019,,,,,,,,,,,,0500000US06019,06,019,Fresno,County,5957.991,"POLYGON ((-119.573194 36.488835, -119.66629 36.41896, -119.905119 36.401741, -119.959227 36.400975, -119.95921 36.181403, -120.315068 35.907186, -120.648784 36.10799, -120.62691 36.203227, -120.678582 36.267319, -120.596562 36.328488, -120.603706 36.488242, -120.918731 36.740381, -120.65595 36.952832, -120.590566 36.952641, -120.541696 37.044505, -120.422187 36.840139, -120.229179 36.769687, -120.132898 36.809841, -120.079458 36.825345, -120.027775 36.814505, -120.013334 36.828228, -119.932551 36.84299, -119.823421 36.848333, -119.733852 36.948558, -119.537677 37.104019, -119.559412 37.143619, -119.470844 37.110548, -119.43306 37.161516, -119.361916 37.167849, -119.330573 37.205791, -119.335189 37.310774, -119.286658 37.374943, -119.022363 37.585737, -118.775014 37.463052, -118.786736 37.34338, -118.716016 37.328208, -118.665167 37.261009, -118.654593 37.141826, -118.437137 37.059818, -118.360586 36.744773, -118.982441 36.741646, -118.984779 36.657147, -119.304625 36.660606, -119.305102 36.573725, -119.466322 36.575238, -119.573194 36.488835))",612536.019,4844.34,3677.0,434.0,23.0,1465.0,1899.0,0.0,8625913981.0,1110974.245,1084627.643,567436.304,75185.25,1010662.553,7228574921.0,73060021431.0,2133.0,2344626281.385,911586872.38,3137676.0,2858741.0,67816.0,59003.0,11761.0,11189.0,5037.0,5023.0,17.0,17.0,15.0,15.0,12.0,12.0,0.0,0.0,0.0,0.0,1201410.0,1101342.0,190843.0,185735.0,35896.0,35795.0,9711.0,9702.0,771.0,771.0,396.0,395.0,2056.0,2056.0,11.0,11.0,0.0,0.0,0.0,0.0,0.0,0.0,0.0,0.0,,,,,,,,,,,,,,,,,,,,,,,,,,,,,,,,,,,,,,,,,,,,,,,,,,,,,,,,,,,,,36.758180126437395,-119.6493226292865,5.387622950819672,2.197814207650273,3.191065573770492
06019,,,,,,,,,,,,0500000US06019,06,019,Fresno,County,5957.991,"POLYGON ((-119.573194 36.488835, -119.66629 36.41896, -119.905119 36.401741, -119.959227 36.400975, -119.95921 36.181403, -120.315068 35.907186, -120.648784 36.10799, -120.62691 36.203227, -120.678582 36.267319, -120.596562 36.328488, -120.603706 36.488242, -120.918731 36.740381, -120.65595 36.952832, -120.590566 36.952641, -120.541696 37.044505, -120.422187 36.840139, -120.229179 36.769687, -120.132898 36.809841, -120.079458 36.825345, -120.027775 36.814505, -120.013334 36.828228, -119.932551 36.84299, -119.823421 36.848333, -119.733852 36.948558, -119.537677 37.104019, -119.559412 37.143619, -119.470844 37.110548, -119.43306 37.161516, -119.361916 37.167849, -119.330573 37.205791, -119.335189 37.310774, -119.286658 37.374943, -119.022363 37.585737, -118.775014 37.463052, -118.786736 37.34338, -118.716016 37.328208, -118.665167 37.261009, -118.654593 37.141826, -118.437137 37.059818, -118.360586 36.744773, -118.982441 36.741646, -118.984779 36.657147, -119.304625 36.660606, -119.305102 36.573725, -119.466322 36.575238, -119.573194 36.488835))",612536.019,4844.34,3677.0,434.0,23.0,1465.0,1899.0,0.0,1966535.0,4403.55353877551,4349.143,175.5,65.0,0.0,1775700.0,14871166.0,2.0,1429471.53,0.0,1555.0,1.0,0.0,0.0,0.0,0.0,0.0,0.0,0.0,0.0,0.0,0.0,0.0,0.0,0.0,0.0,0.0,0.0,370.0,0.0,0.0,0.0,0.0,0.0,0.0,0.0,0.0,0.0,0.0,0.0,0.0,0.0,0.0,0.0,0.0,0.0,0.0,0.0,0.0,0.0,0.0,0.0,0.0,0.0,0.0,0.0,0.0,0.0,0.0,0.0,0.0,0.0,0.0,0.0,0.0,0.0,0.0,0.0,0.0,0.0,0.0,0.0,0.0,0.0,0.0,0.0,0.0,0.0,0.0,0.0,0.0,0.0,0.0,0.0,0.0,0.0,0.0,0.0,0.0,0.0,0.0,0.0,0.0,0.0,0.0,0.0,0.0,0.0,0.0,0.0,0.0,0.0,0.0,0.0,0.0,0.0,0.0,0.0,0.0,,,,36.758180126437395,-119.6493226292865,5.387622950819672,2.197814207650273,3.191065573770492
06021,,,,,,,,,,,,0500000US06021,06,021,Glenn,County,1313.947,"POLYGON ((-122.937654 39.798156, -122.046471 39.797648, -121.950951 39.715004, -121.994021 39.533926, -121.856532 39.536904, -121.890013 39.383864, -122.136161 39.414499, -122.136006 39.385494, -122.739062 39.383266, -122.735639 39.580668, -122.885352 39.580108, -122.892676 39.708898, -122.937654 39.798156))",976.766,7.0,38.0,22.0,0.0,14.0,36.0,0.0,328011195.0,53431.392,52004.779,10428.52,1557.278,49062.725,259631228.0,2635338563.0,22.0,117521959.78,30304573.96,158396.0,147112.0,3535.0,3104.0,741.0,491.0,490.0,-952.0,0.0,0.0,0.0,0.0,0.0,0.0,0.0,0.0,0.0,0.0,61302.0,58253.0,7155.0,7111.0,1343.0,1299.0,254.0,254.0,144.0,144.0,19.0,16.0,1.0,1.0,0.0,0.0,0.0,0.0,0.0,0.0,0.0,0.0,0.0,0.0,,,,,,,,,,,,,,,,,,,,,,,,,,,,,,,,,,,,,,,,,,,,,,,,,,,,,,,,,,,,,39.59840476576622,-122.39220681011682,2.288688524590164,2.9943169398907106,4.494945355191257
06023,,,,,,,,,,,,0500000US06023,06,023,Humboldt,County,3567.987,"POLYGON ((-123.544458 40.001923, -124.023938 40.001284, -124.035904 40.013319, -124.056408 40.024305, -124.065069 40.024785, -124.068908 40.021307, -124.072509 40.022657, -124.079983 40.029773, -124.080709 40.06611, -124.087086 40.078442, -124.110549 40.103765, -124.139952 40.11635, -124.170767 40.124207, -124.187874 40.130542, -124.214895 40.160902, -124.231095 40.171581, -124.258405 40.184277, -124.296497 40.208816, -124.320912 40.226617, -124.327691 40.23737, -124.34307 40.243979, -124.352715 40.250453, -124.363414 40.260974, -124.363634 40.276212, -124.347853 40.314634, -124.353124 40.331425, -124.356595 40.335016, -124.362796 40.350046, -124.365357 40.374855, -124.373599 40.392923, -124.379082 40.398828, -124.391496 40.407047, -124.402623 40.422105, -124.409591 40.438076, -124.408601 40.443201, -124.396642 40.462119, -124.38494 40.48982, -124.383224 40.499852, -124.387023 40.504954, -124.382816 40.519, -124.379096 40.522865, -124.363545 40.548698, -124.329404 40.61643, -124.315141 40.639526, -124.312558 40.641333, -124.289119 40.67963, -124.248406 40.735166, -124.228244 40.76939, -124.201921 40.805111, -124.176715 40.843618, -124.158322 40.876069, -124.137066 40.925732, -124.118147 40.989263, -124.112165 41.028173, -124.125448 41.048504, -124.132946 41.052482, -124.138217 41.054342, -124.142867 41.054032, -124.147216 41.052884, -124.148939 41.051467, -124.151266 41.051101, -124.153622 41.05355, -124.154028 41.059923, -124.154513 41.087159, -124.160556 41.099011, -124.159065 41.121957, -124.165414 41.129822, -124.163988 41.138675, -124.158539 41.143021, -124.149674 41.140845, -124.1438 41.144686, -124.122677 41.189726, -124.106986 41.229678, -124.106389 41.240682, -124.092284 41.287695, -124.079015 41.347135, -124.072294 41.374844, -124.063076 41.439579, -124.065521 41.464739, -123.770551 41.464193, -123.770239 41.380776, -123.661363 41.38209, -123.474085 41.366193, -123.408291 41.179944, -123.481457 40.914957, -123.560163 40.950257, -123.623826 40.929421, -123.55985 40.829584, -123.544059 40.739386, -123.544458 40.001923))",,,,,,,,,,,,,,,,,,,,,,,,,,,,,,,,,,,,,,,,,,,,,,,,,,,,,,,,,,,,,,,,,,,,,,,,,,,,,,,,,,,,,,,,,,,,,,,,,,,,,,,,,,,,,,,,,,,,,,,,,,,,,,
06025,imperial,264180.0,8960.0,12096.0,1026018.5599999999,15019.199999999999,0.0,0.0,0.0,336.0,336.0,0500000US06025,06,025,Imperial,County,4176.603,"POLYGON ((-116.103137 32.904115, -116.08109 33.074833, -116.085165 33.425932, -115.467506 33.426992, -114.627125 33.433554, -114.665278 33.415358, -114.721233 33.396912, -114.700103 33.341045, -114.672088 33.258499, -114.67536 33.185489, -114.679359 33.159519, -114.687074 33.142196, -114.696829 33.131209, -114.706175 33.105335, -114.707819 33.091102, -114.675104 33.047532, -114.62387 33.02872, -114.606282 33.025703, -114.589778 33.026228, -114.584765 33.028231, -114.578287 33.035375, -114.571653 33.036624, -114.523578 33.030961, -114.516912 33.026871, -114.511343 33.023455, -114.468605 32.971649, -114.46289 32.905797, -114.465715 32.87942, -114.465715 32.879191, -114.496284 32.822326, -114.496827 32.822119, -114.615733 32.729427, -114.615585 32.728446, -114.65826 32.733799, -114.65884 32.73383, -114.677091 32.736218, -114.678632 32.736614, -114.719633 32.718763, -115.465164 32.6671, -115.875842 32.636424, -116.106159 32.618328, -116.103137 32.904115))",1022000.0,3907.39,667.0,77.0,0.0,78.0,155.0,0.0,2398916.0,215.95304081632653,201.947,27.2,10.0,0.0,1011101.0,19370668.0,0.0,473172.0,63948.0,371.0,2.0,0.0,0.0,0.0,0.0,0.0,0.0,0.0,0.0,0.0,0.0,0.0,0.0,0.0,0.0,0.0,0.0,146.0,1.0,0.0,0.0,0.0,0.0,0.0,0.0,0.0,0.0,0.0,0.0,0.0,0.0,0.0,0.0,0.0,0.0,0.0,0.0,0.0,0.0,0.0,0.0,0.0,0.0,0.0,0.0,0.0,0.0,0.0,0.0,0.0,0.0,0.0,0.0,0.0,0.0,0.0,0.0,0.0,0.0,0.0,0.0,0.0,0.0,0.0,0.0,0.0,0.0,0.0,0.0,0.0,0.0,0.0,0.0,0.0,0.0,0.0,0.0,0.0,0.0,0.0,0.0,0.0,0.0,0.0,0.0,0.0,0.0,0.0,0.0,0.0,0.0,0.0,0.0,0.0,0.0,0.0,0.0,0.0,,,,33.03959043277629,-115.36533696120782,5.887404371584699,3.624754098360656,4.954754098360656
06027,,,,,,,,,,,,0500000US06027,06,027,Inyo,County,10180.879,"POLYGON ((-117.832726 37.464929, -117.500909 37.220282, -117.166187 36.970862, -117.000895 36.847694, -116.488233 36.459097, -116.097216 36.158346, -116.093601 36.155805, -115.912858 36.015359, -115.892975 35.999967, -115.84608 35.963596, -115.689302 35.842003, -115.648029 35.809629, -115.648925 35.809128, -115.735745 35.809097, -115.735891 35.79362, -117.632996 35.797251, -118.008043 35.789161, -117.998258 35.868782, -117.980761 35.867515, -118.003577 35.983718, -118.033611 36.008944, -118.127147 36.279656, -118.100317 36.346137, -118.21482 36.435036, -118.274624 36.597334, -118.366328 36.691635, -118.360586 36.744773, -118.437137 37.059818, -118.654593 37.141826, -118.665167 37.261009, -118.716016 37.328208, -118.786736 37.34338, -118.775014 37.463052, -117.832726 37.464929))",60752.88,460.65,53.0,86.0,0.0,53.0,139.0,0.0,81591613.0,25327.944900204082,24629.824,5230.1,3029.78,0.0,65442264.0,573881550.0,24.0,17972729.01,651442.73,18588.0,556.0,13.0,0.0,0.0,0.0,0.0,0.0,0.0,0.0,0.0,0.0,0.0,0.0,0.0,0.0,0.0,0.0,11540.0,170.0,2.0,0.0,0.0,0.0,0.0,0.0,0.0,0.0,0.0,0.0,0.0,0.0,0.0,0.0,0.0,0.0,0.0,0.0,0.0,0.0,0.0,0.0,0.0,0.0,0.0,0.0,0.0,0.0,0.0,0.0,0.0,0.0,0.0,0.0,0.0,0.0,0.0,0.0,0.0,0.0,0.0,0.0,0.0,0.0,0.0,0.0,0.0,0.0,0.0,0.0,0.0,0.0,0.0,0.0,0.0,0.0,0.0,0.0,0.0,0.0,0.0,0.0,0.0,0.0,0.0,0.0,0.0,0.0,0.0,0.0,0.0,0.0,0.0,0.0,0.0,0.0,0.0,0.0,0.0,,,,36.51111417983259,-117.41079872700396,5.605546448087432,2.625,3.236502732240437
06029,kern,3257901.0,108542.0,126946.5,9186700.3,171649.8,0.0,0.0,0.0,6661.0,10359.0,0500000US06029,06,029,Kern,County,8131.916,"POLYGON ((-117.667292 34.822526, -118.140074 34.82078, -118.854253 34.817772, -118.881364 34.790629, -118.976721 34.812199, -119.243645 34.814178, -119.276946 34.879675, -119.442352 34.901274, -119.472754 34.901174, -119.472719 35.076885, -119.560975 35.087673, -119.553641 35.179975, -119.667056 35.174809, -119.666663 35.262527, -119.809449 35.263584, -119.809346 35.350865, -119.880172 35.351211, -119.880045 35.439133, -119.997392 35.439495, -119.997382 35.468702, -120.086674 35.526554, -120.085922 35.614524, -120.193918 35.614359, -120.193892 35.726513, -120.193934 35.749393, -120.194053 35.749964, -120.194146 35.789204, -119.538116 35.789567, -119.534559 35.789758, -119.214033 35.790489, -118.270456 35.790009, -118.008043 35.789161, -117.632996 35.797251, -117.651986 35.709934, -117.616195 35.680856, -117.630126 35.564071, -117.632011 34.82227, -117.667292 34.822526))",4592711.426,13737.34,3065.0,525.0,6.0,919.0,1444.0,0.0,6528527148.0,890832.272,874911.76,425280.235,52632.896,801919.76,5397457887.0,58876861059.0,1018.0,1727729152.589,994599567.67,2463915.0,2226385.0,82356.0,76076.0,703.0,622.0,37.0,36.0,2017.0,2017.0,1927.0,1927.0,12.0,12.0,0.0,0.0,0.0,0.0,1039569.0,987534.0,181995.0,177235.0,21729.0,21586.0,6320.0,6303.0,279.0,278.0,1877.0,1877.0,155.0,155.0,2.0,2.0,13.0,13.0,13.0,13.0,0.0,0.0,0.0,0.0,,,,,,,,,,,,,,,,,,,,,,,,,,,,,,,,,,,,,,,,,,,,,,,,,,,,,,,,,,,,,35.342621500444935,-118.73002806577928,5.590491803278688,2.75844262295082,3.5342349726775955
06029,kern,3257901.0,108542.0,126946.5,9186700.3,171649.8,0.0,0.0,0.0,6661.0,10359.0,0500000US06029,06,029,Kern,County,8131.916,"POLYGON ((-117.667292 34.822526, -118.140074 34.82078, -118.854253 34.817772, -118.881364 34.790629, -118.976721 34.812199, -119.243645 34.814178, -119.276946 34.879675, -119.442352 34.901274, -119.472754 34.901174, -119.472719 35.076885, -119.560975 35.087673, -119.553641 35.179975, -119.667056 35.174809, -119.666663 35.262527, -119.809449 35.263584, -119.809346 35.350865, -119.880172 35.351211, -119.880045 35.439133, -119.997392 35.439495, -119.997382 35.468702, -120.086674 35.526554, -120.085922 35.614524, -120.193918 35.614359, -120.193892 35.726513, -120.193934 35.749393, -120.194053 35.749964, -120.194146 35.789204, -119.538116 35.789567, -119.534559 35.789758, -119.214033 35.790489, -118.270456 35.790009, -118.008043 35.789161, -117.632996 35.797251, -117.651986 35.709934, -117.616195 35.680856, -117.630126 35.564071, -117.632011 34.82227, -117.667292 34.822526))",4592711.426,13737.34,3065.0,525.0,6.0,919.0,1444.0,0.0,1356787288.0,491116.1435528025,477699.8076085,125660.64,25418.5,0.0,1102861296.0,12371376578.0,124.0,295803058.34,113358783.299,295813.0,28870.0,669.0,23.0,1.0,1.0,0.0,0.0,0.0,0.0,0.0,0.0,0.0,0.0,0.0,0.0,0.0,0.0,127573.0,1693.0,25.0,10.0,1.0,1.0,1.0,1.0,1.0,0.0,0.0,0.0,0.0,0.0,0.0,0.0,0.0,0.0,0.0,0.0,0.0,0.0,0.0,0.0,0.0,0.0,9959912750.0,0.0,0.0,0.0,0.0,0.0,0.0,0.0,0.0,0.0,0.0,0.0,0.0,0.0,0.0,0.0,0.0,0.0,0.0,0.0,0.0,0.0,0.0,0.0,0.0,0.0,0.0,0.0,0.0,0.0,0.0,0.0,0.0,0.0,0.0,0.0,0.0,0.0,0.0,0.0,0.0,0.0,0.0,0.0,0.0,0.0,0.0,0.0,0.0,0.0,0.0,0.0,0.0,0.0,0.0,,,,35.342621500444935,-118.73002806577928,5.590491803278688,2.75844262295082,3.5342349726775955
06031,,,,,,,,,,,,0500000US06031,06,031,Kings,County,1389.42,"POLYGON ((-119.905119 36.401741, -119.66629 36.41896, -119.573194 36.488835, -119.528792 36.401465, -119.474892 36.400953, -119.474607 36.269025, -119.529358 36.26985, -119.538116 35.789567, -120.194146 35.789204, -120.213979 35.789276, -120.243275 35.877669, -120.315068 35.907186, -119.95921 36.181403, -119.959227 36.400975, -119.905119 36.401741))",,,,,,,,,,,,,,,,,,,,,,,,,,,,,,,,,,,,,,,,,,,,,,,,,,,,,,,,,,,,,,,,,,,,,,,,,,,,,,,,,,,,,,,,,,,,,,,,,,,,,,,,,,,,,,,,,,,,,,,,,,,,,,
06033,,,,,,,,,,,,0500000US06033,06,033,Lake,County,1256.464,"POLYGON ((-122.627396 38.667506, -122.821592 38.85014, -122.948865 38.90022, -122.98664 38.997283, -123.028035 38.996593, -123.093013 39.071994, -123.077812 39.173791, -122.994839 39.235924, -123.075114 39.407683, -123.063181 39.503539, -122.89031 39.529014, -122.885352 39.580108, -122.735639 39.580668, -122.739062 39.383266, -122.78509 39.382975, -122.775043 39.311778, -122.680927 39.238726, -122.476083 39.172609, -122.492215 39.054092, -122.340172 38.924246, -122.395056 38.864245, -122.46389 38.705203, -122.627396 38.667506))",,,,,,,,,,,,,,,,,,,,,,,,,,,,,,,,,,,,,,,,,,,,,,,,,,,,,,,,,,,,,,,,,,,,,,,,,,,,,,,,,,,,,,,,,,,,,,,,,,,,,,,,,,,,,,,,,,,,,,,,,,,,,,
06035,,,,,,,,,,,,0500000US06035,06,035,Lassen,County,4541.184,"POLYGON ((-120.001319 39.72242, -120.001319 39.722416, -120.147149 39.707658, -120.110627 39.765779, -120.108761 39.93951, -120.201264 40.013474, -120.209641 40.086008, -120.341385 40.115243, -120.445892 40.176854, -120.510817 40.248945, -120.652158 40.307656, -120.764403 40.31601, -120.928582 40.191931, -121.061493 40.256417, -121.061417 40.446536, -121.327826 40.445367, -121.319972 40.905886, -121.331786 41.183886, -119.999866 41.183974, -119.999358 40.873101, -119.999232 40.867454, -119.999231 40.865899, -119.995926 40.499901, -119.996155 40.321838, -119.996155 40.32125, -119.996182 40.263532, -119.996183 40.262461, -119.997124 40.126363, -119.997234 40.091591, -119.997175 40.077245, -119.997291 40.071803, -120.000607 39.780779, -120.000502 39.779956, -120.001319 39.72242))",41.933,113.11999999999999,15.0,8.0,1.0,14.0,22.0,0.0,9126623.0,2185.937,2128.809,27.0,76.18599999999999,2038.8509999999999,7982218.0,71108533.0,1.0,4613299.12,74874.8,7271.0,7152.0,31.0,31.0,0.0,0.0,0.0,0.0,0.0,0.0,0.0,0.0,0.0,0.0,0.0,0.0,0.0,0.0,1028.0,990.0,41.0,40.0,1.0,1.0,0.0,0.0,0.0,0.0,0.0,0.0,0.0,0.0,0.0,0.0,0.0,0.0,0.0,0.0,0.0,0.0,0.0,0.0,,,,,,,,,,,,,,,,,,,,,,,,,,,,,,,,,,,,,,,,,,,,,,,,,,,,,,,,,,,,,40.673590379085994,-120.59433283411664,2.2077868852459015,2.786775956284153,4.324262295081968
06037,los angeles,3475.0,170.0,172.5,7466.2,256.3,0.0,0.0,0.0,14.0,15.0,0500000US06037,06,037,Los Angeles,County,4057.884,"MULTIPOLYGON (((-118.524531 32.895488, -118.535823 32.90628, -118.551134 32.945155, -118.560887 32.957891, -118.573522 32.969183, -118.586928 33.008281, -118.596037 33.015357, -118.606559 33.01469, -118.605534 33.030999, -118.594033 33.035951, -118.57516 33.033961, -118.569013 33.029151, -118.564445 33.024914, -118.564527 33.018637, -118.559171 33.006291, -118.540069 32.980933, -118.529228 32.970921, -118.496811 32.933847, -118.485288 32.923545, -118.479039 32.920363, -118.460623 32.90951, -118.446771 32.895424, -118.369984 32.839273, -118.353504 32.821962, -118.356541 32.817311, -118.36053 32.819921, -118.379968 32.824545, -118.387375 32.825327, -118.394565 32.823978, -118.401268 32.820338, -118.425634 32.800595, -118.42943 32.805429, -118.428372 32.806872, -118.44492 32.820593, -118.476074 32.841754, -118.487908 32.84459, -118.496298 32.851572, -118.506902 32.868503, -118.508095 32.871321, -118.507193 32.876264, -118.524641 32.893175, -118.524531 32.895488)), ((-118.500212 33.449592, -118.499669 33.447879, -118.48557 33.446213, -118.477646 33.448392, -118.445812 33.428907, -118.423576 33.427258, -118.382037 33.409883, -118.370323 33.409285, -118.368301 33.40711, -118.365094 33.388374, -118.32446 33.348782, -118.316083 33.342928, -118.310213 33.335795, -118.303174 33.320264, -118.305084 33.310323, -118.316787 33.301137, -118.325244 33.299075, -118.343249 33.305234, -118.360332 33.31533, -118.374768 33.320065, -118.402941 33.320901, -118.440047 33.318638, -118.456309 33.32182, -118.465368 33.326056, -118.481886 33.344123, -118.48877 33.356649, -118.482609 33.369914, -118.478465 33.38632, -118.484949 33.412131, -118.48875 33.419826, -118.503952 33.424234, -118.515914 33.422417, -118.516267 33.425075, -118.52323 33.430733, -118.53738 33.434608, -118.558715 33.433419, -118.563442 33.434381, -118.570927 33.439351, -118.575901 33.448261, -118.593969 33.467198, -118.601185 33.469853, -118.60403 33.47654, -118.603375 33.478098, -118.598783 33.477939, -118.585936 33.473819, -118.54453 33.474119, -118.530702 33.468071, -118.500212 33.449592)), ((-118.796692 34.616559, -118.881364 34.790629, -118.854253 34.817772, -118.140074 34.82078, -117.667292 34.822526, -117.658798 34.44058, -117.650459 34.339025, -117.711067 34.079536, -117.719481 34.059731, -117.72601 34.041128, -117.735846 34.018554, -117.767752 34.019429, -117.783287 33.946411, -117.97653 33.928034, -117.976498 33.919171, -117.976571 33.911205, -117.976692 33.910614, -117.976588 33.909757, -117.976586 33.906225, -118.063268 33.82422, -118.063162 33.81961, -118.072597 33.815115, -118.084597 33.803216, -118.093008 33.786289, -118.099107 33.776518, -118.09197 33.758472, -118.116703 33.743549, -118.132698 33.753217, -118.1569 33.760317, -118.1755 33.763617, -118.180831 33.763072, -118.187701 33.749218, -118.1837 33.736118, -118.181367 33.717367, -118.207476 33.716905, -118.258687 33.703741, -118.277208 33.707091, -118.297104 33.708319, -118.317205 33.712818, -118.354705 33.732317, -118.360505 33.736817, -118.385006 33.741417, -118.396606 33.735917, -118.411211 33.741985, -118.428407 33.774715, -118.423407 33.782015, -118.405007 33.800215, -118.394376 33.804289, -118.394307 33.804315, -118.391507 33.815415, -118.392107 33.840915, -118.412708 33.883913, -118.44241 33.940312, -118.460611 33.969111, -118.482729 33.995912, -118.484212 33.99771, -118.502813 34.015509, -118.519514 34.027509, -118.543115 34.038508, -118.569235 34.04164, -118.603572 34.039048, -118.609652 34.036424, -118.668358 34.038887, -118.67543 34.037479, -118.679366 34.033255, -118.706215 34.029383, -118.732391 34.032743, -118.744952 34.032103, -118.783433 34.021543, -118.787094 34.019545, -118.805114 34.001239, -118.821579 34.013959, -118.84038 34.027527, -118.854653 34.034215, -118.896159 34.039207, -118.928048 34.045847, -118.938081 34.043383, -118.944887 34.04534, -118.940965 34.07483, -118.788889 34.168214, -118.668152 34.168195, -118.633473 34.269626, -118.636789 34.291804, -118.650859 34.320484, -118.796692 34.616559)))",1467268.193,15995.99,128321.0,3159.0,162.0,69673.0,72832.0,0.0,16363008944.0,46837217.109637775,46694371.819644,5596041.269,657466.895,0.0,14092279392.0,161950681040.0,5297.0,3528601800.61,1331402956.8707,3094619.0,177306.0,9568.0,561.0,39.0,39.0,0.0,0.0,0.0,0.0,0.0,0.0,0.0,0.0,0.0,0.0,0.0,0.0,1444034.0,17679.0,207.0,108.0,1.0,0.0,0.0,0.0,0.0,0.0,0.0,0.0,0.0,0.0,0.0,0.0,0.0,0.0,0.0,0.0,0.0,0.0,0.0,0.0,0.0,0.0,19908299824.0,0.0,0.0,0.0,0.0,0.0,0.0,0.0,0.0,0.0,0.0,0.0,0.0,0.0,0.0,0.0,0.0,0.0,0.0,0.0,0.0,0.0,0.0,0.0,0.0,0.0,0.0,0.0,0.0,0.0,0.0,0.0,0.0,0.0,0.0,0.0,0.0,0.0,0.0,0.0,0.0,0.0,0.0,0.0,0.0,0.0,0.0,0.0,0.0,0.0,0.0,0.0,0.0,0.0,0.0,,,,34.198181922187416,-118.26105627665684,5.6014207650273224,2.5886612021857927,3.237021857923497
06039,,,,,,,,,,,,0500000US06039,06,039,Madera,County,2137.069,"POLYGON ((-119.733852 36.948558, -119.823421 36.848333, -119.932551 36.84299, -120.013334 36.828228, -120.027775 36.814505, -120.079458 36.825345, -120.132898 36.809841, -120.229179 36.769687, -120.422187 36.840139, -120.541696 37.044505, -120.400758 37.117764, -120.052055 37.183108, -119.761809 37.417114, -119.651191 37.417832, -119.651172 37.461351, -119.58422 37.494696, -119.583585 37.560335, -119.308995 37.777986, -119.293382 37.767929, -119.288381 37.74503, -119.268979 37.73923, -119.124312 37.733944, -119.022363 37.585737, -119.286658 37.374943, -119.335189 37.310774, -119.330573 37.205791, -119.361916 37.167849, -119.43306 37.161516, -119.470844 37.110548, -119.559412 37.143619, -119.537677 37.104019, -119.733852 36.948558))",10127.632,513.7,491.0,88.0,1.0,187.0,275.0,0.0,1505136116.0,258502.113,252747.486,80624.312,15862.068,235546.511,1304861909.0,12482779548.0,312.0,532342261.69,150138436.08,738748.0,660517.0,13516.0,12434.0,1343.0,1338.0,0.0,0.0,0.0,0.0,0.0,0.0,0.0,0.0,0.0,0.0,0.0,0.0,197937.0,174913.0,28446.0,27846.0,4393.0,4389.0,897.0,897.0,203.0,203.0,48.0,48.0,17.0,17.0,11.0,11.0,0.0,0.0,0.0,0.0,0.0,0.0,0.0,0.0,,,,,,,,,,,,,,,,,,,,,,,,,,,,,,,,,,,,,,,,,,,,,,,,,,,,,,,,,,,,,37.21804405551595,-119.76264450698709,5.280573770491803,2.8450819672131145,4.026202185792349
06041,marin,225.0,30.0,29.1,665.08,44.5,0.0,0.0,0.0,3.0,3.0,0500000US06041,06,041,Marin,County,520.306,"POLYGON ((-122.490727 38.109755, -122.491283 38.108087, -122.489974 38.096961, -122.486702 38.090088, -122.483757 38.071762, -122.492265 38.056381, -122.499465 38.032165, -122.497828 38.019402, -122.494556 38.015148, -122.481466 38.007621, -122.462812 38.003367, -122.452995 37.996167, -122.448413 37.988313, -122.448413 37.984713, -122.456595 37.978823, -122.462485 37.981441, -122.471975 37.981768, -122.488665 37.966714, -122.490302 37.964751, -122.490302 37.959188, -122.487684 37.948716, -122.480484 37.945443, -122.479175 37.941516, -122.48572 37.937589, -122.499465 37.939225, -122.503064 37.936607, -122.503064 37.928753, -122.493574 37.921881, -122.486375 37.921881, -122.478193 37.918608, -122.471975 37.910427, -122.472303 37.902573, -122.458558 37.894064, -122.448413 37.89341, -122.43925 37.88392, -122.438268 37.880974, -122.45005 37.871157, -122.462158 37.868866, -122.474266 37.874429, -122.480811 37.873448, -122.483429 37.868866, -122.483102 37.863957, -122.476536 37.832812, -122.476473 37.832513, -122.479151 37.825428, -122.47986 37.825641, -122.483483 37.826728, -122.492474 37.82484, -122.505383 37.822128, -122.522836 37.824717, -122.523585 37.824828, -122.537285 37.830328, -122.548986 37.836227, -122.561487 37.851827, -122.584289 37.859227, -122.60129 37.875126, -122.627113 37.88608, -122.639977 37.897349, -122.656519 37.904519, -122.678474 37.906604, -122.682171 37.90645, -122.693569 37.901171, -122.70264 37.89382, -122.727297 37.904626, -122.732898 37.920225, -122.736898 37.925825, -122.754606 37.935527, -122.766138 37.938004, -122.783244 37.951334, -122.791739 37.969422, -122.797405 37.976657, -122.821383 37.996735, -122.856573 38.016717, -122.882114 38.025273, -122.939711 38.031908, -122.956811 38.02872, -122.972378 38.020247, -122.981776 38.009119, -122.982386 38.004274, -122.980147 38.000831, -122.976764 37.99568, -122.97439 37.992429, -123.024066 37.994878, -123.020562 37.999544, -123.016303 38.001691, -123.011533 38.003438, -122.99242 38.041758, -122.960889 38.112962, -122.952086 38.138562, -122.949074 38.15406, -122.949626 38.164041, -122.953629 38.17567, -122.965408 38.187113, -122.96637 38.198514, -122.968112 38.202428, -122.991953 38.233185, -122.993959 38.237602, -122.993235 38.239686, -122.987149 38.237538, -122.968569 38.242879, -122.967203 38.250691, -122.977082 38.267902, -122.986319 38.273164, -122.994603 38.283096, -122.997106 38.289458, -123.002911 38.295708, -122.901726 38.316943, -122.7399 38.207018, -122.648986 38.181077, -122.565093 38.182217, -122.490727 38.109755))",43308.07,6.42,4929.0,124.0,1.0,1247.0,1371.0,0.0,1360273586.0,124321.705,123697.463,432471.326,43405.246,148226.088,1304418833.0,10888200105.0,2490.0,408309241.502,50763824.68,372201.0,344586.0,22072.0,21202.0,937.0,940.0,38.0,15.0,2.0,0.0,0.0,0.0,0.0,0.0,0.0,0.0,0.0,0.0,162076.0,151033.0,37469.0,36491.0,8231.0,8282.0,1345.0,1342.0,165.0,163.0,8.0,8.0,-28.0,-28.0,1.0,1.0,0.0,0.0,0.0,0.0,0.0,0.0,0.0,0.0,,,,,,,,,,,,,,,,,,,,,,,,,,,,,,,,,,,,,,,,,,,,,,,,,,,,,,,,,,,,,38.05518751867254,-122.7488624224165,5.165792349726776,3.683497267759563,5.067267759562842
06043,,,,,,,,,,,,0500000US06043,06,043,Mariposa,County,1448.816,"POLYGON ((-120.38767 37.633364, -120.387329 37.633499, -120.387613 37.633704, -120.391931 37.683559, -120.325943 37.648966, -120.345437 37.724787, -120.127226 37.781566, -120.079508 37.828808, -119.907013 37.757926, -119.809409 37.755025, -119.667203 37.801224, -119.646203 37.846823, -119.535699 37.904122, -119.308995 37.777986, -119.583585 37.560335, -119.58422 37.494696, -119.651172 37.461351, -119.651191 37.417832, -119.761809 37.417114, -120.052055 37.183108, -120.143826 37.239192, -120.26601 37.400607, -120.38767 37.633364))",1442.583,103.5,40.0,32.0,0.0,109.0,141.0,0.0,115236591.0,11975.94,11642.807999999999,21573.892,2014.876,12309.432,96741274.0,906250018.0,77.0,34470306.46,7162084.42,36589.0,33902.0,577.0,556.0,28.0,27.0,0.0,0.0,0.0,0.0,0.0,0.0,0.0,0.0,0.0,0.0,0.0,0.0,12016.0,10488.0,1265.0,1243.0,170.0,166.0,21.0,21.0,133.0,133.0,12.0,12.0,1.0,1.0,0.0,0.0,0.0,0.0,0.0,0.0,0.0,0.0,0.0,0.0,,,,,,,,,,,,,,,,,,,,,,,,,,,,,,,,,,,,,,,,,,,,,,,,,,,,,,,,,,,,,37.58152230913977,-119.90551702920826,5.277513661202185,2.4199726775956285,3.5019672131147543
06045,,,,,,,,,,,,0500000US06045,06,045,Mendocino,County,3506.343,"POLYGON ((-122.821592 38.85014, -123.080997 38.852438, -123.136253 38.809136, -123.26871 38.808369, -123.533535 38.768408, -123.541837 38.776764, -123.571987 38.798189, -123.579856 38.802835, -123.58638 38.802857, -123.600221 38.814115, -123.601569 38.81899, -123.605317 38.822765, -123.638637 38.843865, -123.642676 38.844005, -123.647387 38.845472, -123.652212 38.854582, -123.654696 38.865638, -123.659846 38.872529, -123.688099 38.893594, -123.71054 38.91323, -123.725367 38.917438, -123.72763 38.9295, -123.726315 38.936367, -123.738886 38.95412, -123.732892 38.954994, -123.729053 38.956667, -123.721347 38.963879, -123.711149 38.977316, -123.6969 39.004401, -123.69074 39.021293, -123.690095 39.031157, -123.693969 39.057363, -123.713392 39.108422, -123.721505 39.125327, -123.735936 39.139644, -123.737913 39.143442, -123.742221 39.164885, -123.76101 39.191595, -123.765891 39.193657, -123.774998 39.212083, -123.777368 39.237214, -123.787893 39.264327, -123.798991 39.271355, -123.803848 39.278771, -123.801757 39.28353, -123.803081 39.291747, -123.811387 39.312825, -123.808772 39.324368, -123.817369 39.3388, -123.822085 39.343857, -123.825331 39.360814, -123.826306 39.36871, -123.822325 39.379987, -123.821887 39.406809, -123.81469 39.446538, -123.795639 39.492215, -123.78417 39.509419, -123.778521 39.521478, -123.766475 39.552803, -123.76721 39.559852, -123.787417 39.604552, -123.78354 39.609517, -123.782322 39.621486, -123.78636 39.659932, -123.792659 39.684122, -123.808208 39.710715, -123.824744 39.718128, -123.829545 39.723071, -123.831599 39.730629, -123.835092 39.738768, -123.838089 39.752409, -123.83715 39.776232, -123.839797 39.795637, -123.851714 39.832041, -123.853764 39.8341, -123.881458 39.845422, -123.907664 39.863028, -123.915142 39.875313, -123.915853 39.881114, -123.930047 39.909697, -123.954952 39.922373, -123.962655 39.937635, -123.980031 39.962458, -123.99586 39.973045, -124.023938 40.001284, -123.544458 40.001923, -123.544563 39.977015, -122.934013 39.978131, -122.937654 39.798156, -122.892676 39.708898, -122.885352 39.580108, -122.89031 39.529014, -123.063181 39.503539, -123.075114 39.407683, -122.994839 39.235924, -123.077812 39.173791, -123.093013 39.071994, -123.028035 38.996593, -122.98664 38.997283, -122.948865 38.90022, -122.821592 38.85014))",3806.279,36.26,266.0,63.0,0.0,276.0,339.0,0.0,301938395.0,33311.77,32878.057,15362.380000000001,4027.926,34627.512,255158820.0,1913460801.0,294.0,84744899.17,9385469.72,112189.0,104411.0,4126.0,1626.0,189.0,188.0,2.0,2.0,2.0,1.0,0.0,0.0,0.0,0.0,0.0,0.0,0.0,0.0,36828.0,34207.0,2223.0,2046.0,1131.0,1129.0,296.0,296.0,9.0,8.0,34.0,34.0,120.0,120.0,1.0,1.0,0.0,0.0,0.0,0.0,0.0,0.0,0.0,0.0,,,,,,,,,,,,,,,,,,,,,,,,,,,,,,,,,,,,,,,,,,,,,,,,,,,,,,,,,,,,,39.433623815289,-123.43155390465292,5.0224043715847,1.8759836065573772,3.304726775956284
06047,merced,17010.0,0.0,0.0,0.0,0.0,0.0,0.0,0.0,163.0,486.0,0500000US06047,06,047,Merced,County,1934.972,"POLYGON ((-120.931374 37.421753, -120.38767 37.633364, -120.26601 37.400607, -120.143826 37.239192, -120.052055 37.183108, -120.400758 37.117764, -120.541696 37.044505, -120.590566 36.952641, -120.65595 36.952832, -120.918731 36.740381, -121.141523 36.836656, -121.215406 36.961248, -121.226804 37.134774, -120.964223 37.345782, -120.931374 37.421753))",9337.136,848.08,700.0,83.0,10.0,187.0,270.0,0.0,1482079572.0,252922.308,245229.112,319697.78,13366.234,234724.578,1178261824.0,13136346750.0,257.0,532001098.393,190249642.37,736393.0,696260.0,9066.0,7940.0,308.0,290.0,200.0,200.0,0.0,0.0,0.0,0.0,0.0,0.0,0.0,0.0,0.0,0.0,156205.0,146022.0,22109.0,21401.0,2859.0,2831.0,664.0,663.0,179.0,178.0,109.0,109.0,-21.0,-21.0,-1.0,-1.0,0.0,0.0,0.0,0.0,0.0,0.0,0.0,0.0,,,,,,,,,,,,,,,,,,,,,,,,,,,,,,,,,,,,,,,,,,,,,,,,,,,,,,,,,,,,,37.19187046953258,-120.7176880005726,5.31035519125683,3.544945355191257,5.049180327868853
06049,,,,,,,,,,,,0500000US06049,06,049,Modoc,County,3917.77,"POLYGON ((-121.44754 41.997169, -121.43961 41.99708, -121.434977 41.997022, -121.376101 41.997026, -121.360253 41.99668, -121.340517 41.99622, -121.335734 41.996518, -121.334385 41.996655, -121.154347 41.996352, -121.035195 41.993323, -120.879481 41.993781, -120.693941 41.993676, -120.692219 41.993677, -120.326005 41.993122, -120.286424 41.993058, -119.999168 41.99454, -119.999866 41.183974, -121.331786 41.183886, -121.446495 41.183484, -121.44754 41.997169))",15.870000000000001,,6.0,9.0,0.0,6.0,15.0,,,,,,,,,,,,,,,,,,,,,,,,,,,,,,,,,,,,,,,,,,,,,,,,,,,,,,,,,,,,,,,,,,,,,,,,,,,,,,,,,,,,,,,,,,,,,,,,,,,,,,,,,,,,,,,,,,,41.58983356895571,-120.72502895411392,1.994426229508197,3.935245901639344,5.564453551912568
06051,,,,,,,,,,,,0500000US06051,06,051,Mono,County,3048.982,"POLYGON ((-119.156863 38.414743, -119.125982 38.39317, -118.746598 38.124926, -118.428581 37.895613, -118.039798 37.615273, -118.039849 37.615245, -117.832726 37.464929, -118.775014 37.463052, -119.022363 37.585737, -119.124312 37.733944, -119.268979 37.73923, -119.20128 37.804329, -119.200283 37.885827, -119.308389 37.946824, -119.30459 38.023891, -119.345922 38.083113, -119.632671 38.198858, -119.639205 38.32688, -119.542862 38.499694, -119.619066 38.603529, -119.585437 38.713212, -119.494183 38.649852, -119.494022 38.649734, -119.450612 38.619964, -119.450623 38.619965, -119.328498 38.534648, -119.156863 38.414743))",1458.56,106.4,39.0,40.0,0.0,52.0,92.0,0.0,27591560.0,24014.31395918396,23770.793999999998,4452.24,1381.78,0.0,19848446.0,170008849.0,8.0,10469883.8,62556.47,5496.0,387.0,0.0,0.0,0.0,0.0,0.0,0.0,0.0,0.0,0.0,0.0,0.0,0.0,0.0,0.0,0.0,0.0,3972.0,33.0,1.0,0.0,0.0,0.0,0.0,0.0,0.0,0.0,0.0,0.0,0.0,0.0,0.0,0.0,0.0,0.0,0.0,0.0,0.0,0.0,0.0,0.0,0.0,0.0,0.0,0.0,0.0,0.0,0.0,0.0,0.0,0.0,0.0,0.0,0.0,0.0,0.0,0.0,0.0,0.0,0.0,0.0,0.0,0.0,0.0,0.0,0.0,0.0,0.0,0.0,0.0,0.0,0.0,0.0,0.0,0.0,0.0,0.0,0.0,0.0,0.0,0.0,0.0,0.0,0.0,0.0,0.0,0.0,0.0,0.0,0.0,0.0,0.0,0.0,0.0,0.0,0.0,0.0,0.0,,,,37.93897584878701,-118.886699402009,5.3177595628415295,3.4190437158469944,4.5484153005464485
06053,monterey,16290.0,658.0,801.5,64934.18,1059.0,0.0,0.0,0.0,24.0,24.0,0500000US06053,06,053,Monterey,County,3280.595,"POLYGON ((-120.213979 35.789276, -121.175695 35.794102, -121.346363 35.795183, -121.356737 35.804187, -121.388053 35.823483, -121.406823 35.844623, -121.413146 35.855316, -121.426955 35.860103, -121.439584 35.86695, -121.462264 35.885618, -121.461227 35.896906, -121.463452 35.904416, -121.472435 35.91989, -121.4862 35.970348, -121.503112 36.000299, -121.51159 36.006598, -121.531876 36.014368, -121.553716 36.019798, -121.569612 36.021539, -121.574602 36.025156, -121.590395 36.050363, -121.589183 36.053775, -121.592853 36.065062, -121.606845 36.072065, -121.618672 36.087767, -121.622009 36.099695, -121.629634 36.114452, -121.680145 36.165818, -121.717176 36.195146, -121.779851 36.227407, -121.797059 36.234211, -121.806979 36.232907, -121.813734 36.234235, -121.826425 36.24186, -121.835785 36.250748, -121.83935 36.260478, -121.851967 36.277831, -121.874797 36.289064, -121.888491 36.30281, -121.894714 36.317806, -121.892917 36.340428, -121.905446 36.358269, -121.902669 36.363901, -121.901813 36.381879, -121.903195 36.393603, -121.905657 36.398206, -121.914378 36.404344, -121.917463 36.414809, -121.91474 36.42589, -121.9255 36.453918, -121.937205 36.472488, -121.9416 36.485602, -121.939216 36.496896, -121.938763 36.506423, -121.943678 36.511802, -121.944666 36.521861, -121.928769 36.523147, -121.925937 36.525173, -121.932508 36.559935, -121.942533 36.566435, -121.949659 36.567602, -121.95146 36.564009, -121.957335 36.564482, -121.972594 36.57337, -121.978592 36.580488, -121.970427 36.582754, -121.941666 36.618059, -121.938551 36.633908, -121.93643 36.636746, -121.929666 36.636959, -121.923866 36.634559, -121.890164 36.609259, -121.889064 36.601759, -121.886764 36.601459, -121.871364 36.604559, -121.860604 36.611136, -121.842263 36.630059, -121.831995 36.644856, -121.825052 36.657207, -121.814462 36.682858, -121.807062 36.714157, -121.805643 36.750239, -121.788278 36.803994, -121.791544 36.815186, -121.809363 36.848654, -121.810552 36.850648, -121.745288 36.909341, -121.644001 36.893996, -121.597698 36.83735, -121.45134 36.724793, -121.468086 36.685518, -121.350092 36.648357, -121.318373 36.610026, -121.311788 36.502736, -121.244091 36.506911, -121.193465 36.445751, -121.040797 36.323969, -121.02724 36.259893, -120.920551 36.311012, -120.86508 36.292578, -120.761483 36.20358, -120.718169 36.196848, -120.75834 36.308604, -120.678582 36.267319, -120.62691 36.203227, -120.648784 36.10799, -120.315068 35.907186, -120.243275 35.877669, -120.213979 35.789276))",951974.442,1525.5,2054.0,241.0,2.0,544.0,785.0,0.0,1602213582.0,163238.808,167825.497,62813.009999999995,19729.301,169461.092,1292101201.0,13591443785.0,1150.0,375609064.476,129195809.15,503987.0,470309.0,21604.0,20859.0,640.0,629.0,46.0,45.0,14.0,0.0,0.0,0.0,0.0,0.0,0.0,0.0,0.0,0.0,122233.0,114446.0,14376.0,13817.0,3070.0,3050.0,1122.0,1121.0,111.0,97.0,24.0,24.0,25.0,25.0,1.0,1.0,0.0,0.0,0.0,0.0,0.0,0.0,0.0,0.0,,,,,,,,,,,,,,,,,,,,,,,,,,,,,,,,,,,,,,,,,,,,,,,,,,,,,,,,,,,,,36.23977439525209,-121.30890155384223,5.326502732240437,3.2723497267759565,4.454153005464481
06055,,,,,,,,,,,,0500000US06055,06,055,Napa,County,748.362,"POLYGON ((-122.103281 38.513348, -122.088835 38.384151, -122.064779 38.315912, -122.205982 38.315713, -122.19538 38.155017, -122.406786 38.155632, -122.378987 38.250714, -122.543893 38.519966, -122.646268 38.59912, -122.627396 38.667506, -122.46389 38.705203, -122.395056 38.864245, -122.287999 38.839932, -122.164944 38.642462, -122.168349 38.619297, -122.151772 38.625297, -122.128123 38.583697, -122.111563 38.524051, -122.103281 38.513348))",18387.127,9.3,1399.0,70.0,0.0,695.0,765.0,0.0,811506178.0,111295.317,111450.79,62039.259,17511.96,106690.689,724425448.0,6688909628.0,787.0,270372913.032,53683408.54,300314.0,275375.0,26264.0,13261.0,116.0,103.0,4.0,3.0,1.0,0.0,0.0,0.0,0.0,0.0,0.0,0.0,0.0,0.0,107564.0,98926.0,22576.0,21974.0,5258.0,5263.0,1513.0,1511.0,456.0,455.0,167.0,167.0,6.0,6.0,5.0,5.0,4.0,4.0,2.0,2.0,-1.0,-1.0,0.0,0.0,,,,,,,,,,,,,,,,,,,,,,,,,,,,,,,,,,,,,,,,,,,,,,,,,,,,,,,,,,,,,38.506494135728474,-122.33053757383438,5.129426229508196,3.100464480874317,4.618770491803279
06057,,,,,,,,,,,,0500000US06057,06,057,Nevada,County,957.772,"POLYGON ((-121.279533 39.034618, -121.266911 39.271609, -121.127481 39.380237, -121.022085 39.391558, -120.755729 39.452663, -120.654332 39.526889, -120.575059 39.52228, -120.505445 39.446117, -120.003117 39.445045, -120.005318 39.316479, -120.645795 39.315155, -120.691606 39.303981, -120.857909 39.206235, -120.986348 39.102234, -121.068788 39.005177, -121.137397 39.037858, -121.279533 39.034618))",,,,,,,,,,,,,,,,,,,,,,,,,,,,,,,,,,,,,,,,,,,,,,,,,,,,,,,,,,,,,,,,,,,,,,,,,,,,,,,,,,,,,,,,,,,,,,,,,,,,,,,,,,,,,,,,,,,,,,,,,,,,,,
06059,,,,,,,,,,,,0500000US06059,06,059,Orange,County,790.568,"POLYGON ((-118.093008 33.786289, -118.084597 33.803216, -118.072597 33.815115, -118.063162 33.81961, -118.063268 33.82422, -117.976586 33.906225, -117.976588 33.909757, -117.976692 33.910614, -117.976571 33.911205, -117.976498 33.919171, -117.97653 33.928034, -117.783287 33.946411, -117.680289 33.877412, -117.673749 33.870831, -117.533999 33.710355, -117.474573 33.703811, -117.459817 33.691714, -117.412987 33.659045, -117.509722 33.505019, -117.59588 33.386629, -117.607905 33.406317, -117.631682 33.430528, -117.645582 33.440728, -117.645592 33.440733, -117.684584 33.461927, -117.689284 33.460155, -117.691984 33.456627, -117.691384 33.454028, -117.715349 33.460556, -117.726486 33.483427, -117.761387 33.516326, -117.784888 33.541525, -117.801288 33.546324, -117.814188 33.552224, -117.840289 33.573523, -117.87679 33.592322, -117.89979 33.599622, -117.927091 33.605521, -117.940591 33.620021, -117.957114 33.629466, -118.000593 33.654319, -118.029694 33.676418, -118.064895 33.711018, -118.088896 33.729817, -118.101097 33.734117, -118.116703 33.743549, -118.09197 33.758472, -118.099107 33.776518, -118.093008 33.786289))",,,,,,,,,,,,,,,,,,,,,,,,,,,,,,,,,,,,,,,,,,,,,,,,,,,,,,,,,,,,,,,,,,,,,,,,,,,,,,,,,,,,,,,,,,,,,,,,,,,,,,,,,,,,,,,,,,,,,,,,,,,,,,
06061,,,,,,,,,,,,0500000US06061,06,061,Placer,County,1407.009,"POLYGON ((-120.005318 39.316479, -120.00532 39.31635, -120.005413 39.313848, -120.005414 39.313345, -120.005743 39.228664, -120.005746 39.22521, -120.004504 39.165599, -120.003402 39.112687, -120.002461 39.067489, -120.143663 39.067285, -120.184098 39.031014, -120.43524 39.028397, -120.470985 38.965507, -120.556321 38.915164, -120.642458 38.944404, -120.746395 39.010352, -121.040406 38.915651, -121.141009 38.71198, -121.151857 38.711502, -121.188571 38.714308, -121.242795 38.718241, -121.484396 38.734598, -121.469356 38.925992, -121.414885 38.996429, -121.279533 39.034618, -121.137397 39.037858, -121.068788 39.005177, -120.986348 39.102234, -120.857909 39.206235, -120.691606 39.303981, -120.645795 39.315155, -120.005318 39.316479))",25322.227,779.39,5160.0,286.0,1.0,568.0,854.0,0.0,3485914889.0,296901.473,288975.56,94503.075,30474.676,289082.036,2941631780.0,28119999238.0,1939.0,762476418.199,237285785.62,915803.0,859102.0,13106.0,11023.0,832.0,765.0,26.0,25.0,2.0,-2.0,0.0,0.0,0.0,0.0,0.0,0.0,0.0,0.0,411656.0,382871.0,57431.0,55795.0,11390.0,11333.0,3150.0,3144.0,846.0,842.0,182.0,182.0,81.0,81.0,10.0,10.0,0.0,0.0,0.0,0.0,0.0,0.0,0.0,0.0,,,,,,,,,,,,,,,,,,,,,,,,,,,,,,,,,,,,,,,,,,,,,,,,,,,,,,,,,,,,,39.063431388633845,-120.71764593282478,5.09724043715847,2.350655737704918,4.026775956284153
06063,,,,,,,,,,,,0500000US06063,06,063,Plumas,County,2553.043,"POLYGON ((-121.076695 39.597264, -121.360516 39.84074, -121.430012 39.914833, -121.366818 40.086054, -121.436886 40.151905, -121.368395 40.21223, -121.345571 40.312667, -121.470395 40.350213, -121.497635 40.445591, -121.327826 40.445367, -121.061417 40.446536, -121.061493 40.256417, -120.928582 40.191931, -120.764403 40.31601, -120.652158 40.307656, -120.510817 40.248945, -120.445892 40.176854, -120.341385 40.115243, -120.209641 40.086008, -120.201264 40.013474, -120.108761 39.93951, -120.110627 39.765779, -120.147149 39.707658, -120.792484 39.709794, -120.873618 39.775875, -121.009477 39.639459, -121.050922 39.613801, -121.05267 39.612334, -121.076695 39.597264))",281.548,608.2,31.0,8.0,0.0,24.0,32.0,0.0,32638509.0,2847.221,2766.377,92.4,382.914,2971.121,29583513.0,262484296.0,17.0,8668992.95,807183.02,8744.0,7382.0,118.0,94.0,2.0,2.0,1.0,1.0,0.0,0.0,0.0,0.0,0.0,0.0,0.0,0.0,0.0,0.0,3163.0,2647.0,246.0,243.0,14.0,14.0,25.0,25.0,25.0,25.0,-23.0,-23.0,0.0,0.0,0.0,0.0,0.0,0.0,0.0,0.0,0.0,0.0,0.0,0.0,,,,,,,,,,,,,,,,,,,,,,,,,,,,,,,,,,,,,,,,,,,,,,,,,,,,,,,,,,,,,40.00468247199937,-120.83859760055998,2.286174863387978,2.3393169398907103,4.005136612021858
06065,riverside,655630.0,35825.5,34179.6,1765208.97,52946.6,0.0,0.0,0.0,1762.0,2001.0,0500000US06065,06,065,Riverside,County,7206.48,"POLYGON ((-117.284475 34.019015, -117.225372 34.004314, -116.929357 34.004914, -116.929558 34.034113, -116.457775 34.032881, -115.316212 34.03411, -115.316065 34.077843, -114.435429 34.079727, -114.434949 34.037784, -114.438266 34.022609, -114.46361 33.993431, -114.499883 33.961789, -114.518434 33.917518, -114.525539 33.838614, -114.523365 33.80612, -114.50434 33.756381, -114.494197 33.707922, -114.496489 33.696901, -114.519113 33.688473, -114.523959 33.685879, -114.530348 33.679245, -114.540617 33.591412, -114.5403 33.580615, -114.535965 33.569154, -114.535664 33.568788, -114.558898 33.531819, -114.594534 33.495059, -114.622918 33.456561, -114.627125 33.433554, -115.467506 33.426992, -116.085165 33.425932, -116.197591 33.428893, -116.617687 33.427354, -117.079721 33.43033, -117.241271 33.431993, -117.370925 33.490549, -117.509722 33.505019, -117.412987 33.659045, -117.459817 33.691714, -117.474573 33.703811, -117.533999 33.710355, -117.673749 33.870831, -117.600066 33.975316, -117.558312 34.033451, -117.336161 34.019378, -117.284475 34.019015))",3897683.224507945,7731.45,22195.0,738.0,1.0,2279.0,3017.0,0.0,17394462289.0,2321073.3838900174,2188654.590770011,678584.081,221199.136,0.0,14706212438.0,172879472959.0,3012.0,2944270026.83,1859592768.6841,3332037.0,177467.0,11595.0,850.0,33.0,16.0,0.0,0.0,0.0,0.0,0.0,0.0,0.0,0.0,0.0,0.0,0.0,0.0,1757118.0,31125.0,342.0,185.0,0.0,0.0,0.0,0.0,0.0,0.0,0.0,0.0,0.0,0.0,0.0,0.0,0.0,0.0,0.0,0.0,0.0,0.0,0.0,0.0,0.0,0.0,39834663136.0,0.0,0.0,0.0,0.0,0.0,0.0,0.0,0.0,0.0,0.0,0.0,0.0,0.0,0.0,0.0,0.0,0.0,0.0,0.0,0.0,0.0,0.0,0.0,0.0,0.0,0.0,0.0,0.0,0.0,0.0,0.0,0.0,0.0,0.0,0.0,0.0,0.0,0.0,0.0,0.0,0.0,0.0,0.0,0.0,0.0,0.0,0.0,0.0,0.0,0.0,0.0,0.0,0.0,0.0,,,,33.7436771122326,-115.99383349973998,5.870300546448088,3.1960928961748634,4.242103825136612
06067,,,,,,,,,,,,0500000US06067,06,067,Sacramento,County,964.644,"POLYGON ((-121.242795 38.718241, -121.188571 38.714308, -121.151857 38.711502, -121.141009 38.71198, -121.133264 38.705427, -121.118617 38.717118, -121.027507 38.508292, -121.027084 38.300252, -121.344024 38.22826, -121.484317 38.241509, -121.580022 38.094414, -121.679265 38.089319, -121.737824 38.02663, -121.862462 38.06603, -121.713926 38.084542, -121.688233 38.145421, -121.602763 38.230219, -121.603208 38.237283, -121.602121 38.241674, -121.601993 38.252426, -121.600249 38.257817, -121.60401 38.270103, -121.60073 38.278375, -121.605258 38.295352, -121.593273 38.313089, -121.521641 38.360104, -121.504139 38.466563, -121.538766 38.474707, -121.559167 38.498007, -121.51129 38.54629, -121.520965 38.566205, -121.506269 38.586305, -121.527667 38.604604, -121.549869 38.599405, -121.576068 38.648604, -121.594069 38.644106, -121.62576 38.673133, -121.630446 38.697571, -121.605774 38.718319, -121.602894 38.735838, -121.521767 38.736401, -121.484396 38.734598, -121.242795 38.718241))",18325.868,1616.73,13321.0,483.0,98.0,3123.0,3606.0,0.0,31945592.0,5729.075,5574.191,148.4,357.414,5418.284,25343898.0,233967659.0,13.0,11634862.81,2486928.01,18860.0,17476.0,116.0,110.0,1.0,1.0,0.0,0.0,0.0,0.0,0.0,0.0,0.0,0.0,0.0,0.0,0.0,0.0,3176.0,2688.0,211.0,204.0,123.0,123.0,1.0,1.0,1.0,1.0,0.0,0.0,0.0,0.0,0.0,0.0,0.0,0.0,0.0,0.0,0.0,0.0,0.0,0.0,,,,,,,,,,,,,,,,,,,,,,,,,,,,,,,,,,,,,,,,,,,,,,,,,,,,,,,,,,,,,38.44932148014255,-121.34425533063106,5.230846994535519,3.0848360655737705,4.360355191256831
06069,,,,,,,,,,,,0500000US06069,06,069,San Benito,County,1388.71,"POLYGON ((-121.581354 36.899152, -121.501488 36.971895, -121.215406 36.961248, -121.141523 36.836656, -120.918731 36.740381, -120.603706 36.488242, -120.596562 36.328488, -120.678582 36.267319, -120.75834 36.308604, -120.718169 36.196848, -120.761483 36.20358, -120.86508 36.292578, -120.920551 36.311012, -121.02724 36.259893, -121.040797 36.323969, -121.193465 36.445751, -121.244091 36.506911, -121.311788 36.502736, -121.318373 36.610026, -121.350092 36.648357, -121.468086 36.685518, -121.45134 36.724793, -121.597698 36.83735, -121.644001 36.893996, -121.629489 36.911681, -121.607354 36.899452, -121.581354 36.899152))",3047.018,146.0,453.0,27.0,0.0,34.0,61.0,0.0,508190361.0,58610.042,57610.316,11349.1,3233.31,55086.959,428418638.0,4223321000.0,310.0,129092703.942,41202444.83,135635.0,125751.0,3683.0,1244.0,31.0,29.0,1.0,1.0,0.0,0.0,0.0,0.0,0.0,0.0,0.0,0.0,0.0,0.0,54016.0,50296.0,4231.0,4024.0,941.0,940.0,225.0,225.0,59.0,59.0,2.0,2.0,0.0,0.0,0.0,0.0,0.0,0.0,0.0,0.0,0.0,0.0,0.0,0.0,,,,,,,,,,,,,,,,,,,,,,,,,,,,,,,,,,,,,,,,,,,,,,,,,,,,,,,,,,,,,36.60570589635096,-121.07499552385444,5.256612021857924,3.0182786885245902,3.901120218579235
06071,san bernardino,9450.0,510.0,505.4,29431.61,762.9,0.0,0.0,0.0,19.0,21.0,0500000US06071,06,071,San Bernardino,County,20056.938,"POLYGON ((-115.648029 35.809629, -115.647683 35.809358, -115.647202 35.808995, -115.406079 35.618613, -115.404537 35.617605, -115.393996 35.609344, -115.391535 35.607271, -115.388866 35.605171, -115.303743 35.538207, -115.271342 35.51266, -115.225273 35.475907, -115.160599 35.424313, -115.160068 35.424129, -115.146788 35.413662, -115.145813 35.413182, -114.92548 35.237054, -114.925381 35.237039, -114.80503 35.140284, -114.804249 35.139689, -114.633013 35.002085, -114.62919 34.991887, -114.629015 34.986148, -114.630877 34.907263, -114.636725 34.889107, -114.635176 34.875003, -114.633051 34.869971, -114.552682 34.766871, -114.465607 34.69226, -114.452547 34.653494, -114.339627 34.451435, -114.264317 34.401329, -114.199482 34.361373, -114.176909 34.349306, -114.138282 34.30323, -114.131489 34.260387, -114.133264 34.258462, -114.164476 34.251667, -114.225861 34.201774, -114.244191 34.179625, -114.312592 34.144453, -114.321618 34.138093, -114.366521 34.118575, -114.390565 34.110084, -114.401352 34.111652, -114.411681 34.110031, -114.420499 34.103466, -114.43338 34.088413, -114.435429 34.079727, -115.316065 34.077843, -115.316212 34.03411, -116.457775 34.032881, -116.929558 34.034113, -116.929357 34.004914, -117.225372 34.004314, -117.284475 34.019015, -117.336161 34.019378, -117.558312 34.033451, -117.600066 33.975316, -117.673749 33.870831, -117.680289 33.877412, -117.783287 33.946411, -117.767752 34.019429, -117.735846 34.018554, -117.72601 34.041128, -117.719481 34.059731, -117.711067 34.079536, -117.650459 34.339025, -117.658798 34.44058, -117.667292 34.822526, -117.632011 34.82227, -117.630126 35.564071, -117.616195 35.680856, -117.651986 35.709934, -117.632996 35.797251, -115.735891 35.79362, -115.735745 35.809097, -115.648925 35.809128, -115.648029 35.809629))",1315952.6469999999,8036.53,16813.0,1203.0,10.0,2014.0,3217.0,0.0,12403132202.0,6521948.569248739,6424107.438405983,689115.576,261070.741,0.0,10358794614.0,121514940642.0,1928.0,2191716654.14,1388926265.6595,2427833.0,152785.0,12105.0,318.0,3.0,2.0,0.0,0.0,0.0,0.0,0.0,0.0,0.0,0.0,0.0,0.0,0.0,0.0,1086943.0,20122.0,280.0,117.0,1.0,0.0,0.0,0.0,0.0,0.0,0.0,0.0,0.0,0.0,0.0,0.0,0.0,0.0,0.0,0.0,0.0,0.0,0.0,0.0,0.0,0.0,10864381809.0,0.0,0.0,0.0,0.0,0.0,0.0,0.0,0.0,0.0,0.0,0.0,0.0,0.0,0.0,0.0,0.0,0.0,0.0,0.0,0.0,0.0,0.0,0.0,0.0,0.0,0.0,0.0,0.0,0.0,0.0,0.0,0.0,0.0,0.0,0.0,0.0,0.0,0.0,0.0,0.0,0.0,0.0,0.0,0.0,0.0,0.0,0.0,0.0,0.0,0.0,0.0,0.0,0.0,0.0,,,,34.84144093212648,-116.17847516048379,5.788907103825136,3.4543715846994534,4.768825136612022
06073,san diego,182950.0,6315.0,8356.5,666507.76,10495.8,0.0,0.0,0.0,249.0,249.0,0500000US06073,06,073,San Diego,County,4206.63,"POLYGON ((-116.106159 32.618328, -116.390091 32.59602, -117.118865 32.534661, -117.124862 32.534156, -117.133363 32.575625, -117.132963 32.597054, -117.136664 32.618754, -117.139464 32.627054, -117.159865 32.660652, -117.168866 32.671952, -117.180366 32.681652, -117.192967 32.687751, -117.196767 32.688851, -117.213068 32.687751, -117.223868 32.683051, -117.236239 32.671353, -117.246069 32.669352, -117.255169 32.700051, -117.25757 32.72605, -117.25537 32.745449, -117.25257 32.752949, -117.25497 32.786948, -117.26107 32.803148, -117.280971 32.822247, -117.28217 32.839547, -117.28117 32.843047, -117.27387 32.851447, -117.26497 32.848947, -117.26067 32.852647, -117.25617 32.859447, -117.25167 32.874346, -117.25447 32.900146, -117.26047 32.931245, -117.262547 32.939542, -117.28077 33.012343, -117.29337 33.034642, -117.309771 33.07454, -117.315278 33.093504, -117.328359 33.121842, -117.359484 33.164231, -117.362572 33.168437, -117.39148 33.202762, -117.401926 33.213598, -117.445583 33.268517, -117.469794 33.296417, -117.50565 33.334063, -117.547693 33.365491, -117.571722 33.378988, -117.59588 33.386629, -117.509722 33.505019, -117.370925 33.490549, -117.241271 33.431993, -117.079721 33.43033, -116.617687 33.427354, -116.197591 33.428893, -116.085165 33.425932, -116.08109 33.074833, -116.103137 32.904115, -116.106159 32.618328))",1805138.117,7759.45,38484.0,1167.0,17.0,10411.0,11578.0,0.0,25997974951.0,2620822.0556,2567158.672,355683.512,303613.492,694060.1509,27483124744.0,213005187673.0,1215.0,6597813605.0,2123308033.0,6056782.0,42125.0,1441.0,13.0,42.0,0.0,0.0,0.0,0.0,0.0,0.0,0.0,0.0,0.0,0.0,0.0,0.0,0.0,2487402.0,181474.0,65685.0,65270.0,2338.0,2314.0,219.0,219.0,16.0,16.0,7.0,7.0,2.0,2.0,0.0,0.0,0.0,0.0,0.0,0.0,0.0,0.0,0.0,0.0,,,112000339624.0,0.0,0.0,0.0,0.0,0.0,0.0,0.0,0.0,0.0,0.0,0.0,0.0,0.0,0.0,0.0,0.0,0.0,0.0,0.0,0.0,0.0,0.0,0.0,0.0,,,,,,,,,,,0.0,0.0,0.0,0.0,0.0,0.0,0.0,0.0,0.0,0.0,0.0,0.0,0.0,0.0,0.0,0.0,0.0,0.0,0.0,0.0,2176352660009178.0,0.0,0.0,33.02818612476284,-116.77020425010002,5.802431693989071,3.153032786885246,3.9453551912568305
06075,,,,,,,,,,,,0500000US06075,06,075,San Francisco,County,46.873,"MULTIPOLYGON (((-122.418698 37.852717, -122.434403 37.852434, -122.443302 37.855448, -122.446316 37.861046, -122.438565 37.868367, -122.430958 37.872242, -122.421439 37.869969, -122.421341 37.869946, -122.41847 37.861764, -122.41847 37.852721, -122.418698 37.852717)), ((-123.013916 37.700355, -123.013897 37.704478, -123.012194 37.706749, -123.004489 37.706262, -123.00019 37.702937, -122.997189 37.697909, -123.000677 37.690203, -123.005543 37.689392, -123.011464 37.691907, -123.014303 37.696205, -123.013916 37.700355)), ((-122.3785 37.826505, -122.377879 37.830648, -122.369941 37.832137, -122.363244 37.823951, -122.358779 37.814278, -122.362661 37.807577, -122.372422 37.811301, -122.37267 37.81651, -122.3785 37.826505)), ((-122.502427 37.708133, -122.506483 37.723731, -122.509397 37.748841, -122.511983 37.77113, -122.514483 37.780829, -122.50531 37.788312, -122.492883 37.787929, -122.485783 37.790629, -122.478083 37.810828, -122.470336 37.808671, -122.463793 37.804653, -122.425942 37.810979, -122.407452 37.811441, -122.398139 37.80563, -122.385323 37.790724, -122.375854 37.734979, -122.370094 37.732331, -122.367697 37.734943, -122.365478 37.734621, -122.356784 37.729505, -122.361749 37.71501, -122.370411 37.717572, -122.391374 37.708331, -122.393782 37.708231, -122.471319 37.708305, -122.471837 37.708332, -122.481083 37.708232, -122.484883 37.708332, -122.485382 37.708231, -122.502427 37.708133)))",8257.933,604.6,9143.0,240.0,15.0,3225.0,3465.0,0.0,1186368949.0,73672.061,72993.906,62718.525,8715.77,79865.845,1073007062.0,27886052907.0,1569.0,203340738.7,16383328.65,242208.0,228494.0,4529.0,4424.0,215.0,213.0,-2.0,13.0,0.0,0.0,0.0,0.0,0.0,0.0,0.0,0.0,0.0,0.0,92850.0,87190.0,6416.0,6274.0,1177.0,1170.0,227.0,226.0,64.0,64.0,2.0,2.0,12.0,12.0,0.0,0.0,0.0,0.0,0.0,0.0,0.0,0.0,0.0,0.0,,,,,,,,,,,,,,,,,,,,,,,,,,,,,,,,,,,,,,,,,,,,,,,,,,,,,,,,,,,,,37.75971701329254,-122.69395742644552,4.972513661202186,3.683497267759563,5.067267759562842
06077,san joaquin,3500.0,190.0,199.8,10578.470000000001,289.7,0.0,0.0,0.0,9.0,9.0,0500000US06077,06,077,San Joaquin,County,1391.322,"POLYGON ((-120.926449 38.077421, -120.920665 37.738392, -120.995754 37.760152, -121.155849 37.719844, -121.258171 37.653495, -121.273751 37.63833, -121.333388 37.59105, -121.471925 37.481783, -121.556655 37.542732, -121.556936 37.817218, -121.550971 37.831155, -121.538931 37.839563, -121.536595 37.844723, -121.538026 37.849622, -121.549517 37.856986, -121.561813 37.857135, -121.56937 37.858881, -121.575463 37.863118, -121.574849 37.885021, -121.569113 37.901521, -121.55987 37.920862, -121.561937 37.937612, -121.56364 37.94611, -121.569889 37.957495, -121.574823 37.973025, -121.579943 37.976113, -121.580022 38.094414, -121.484317 38.241509, -121.344024 38.22826, -121.027084 38.300252, -120.995497 38.225405, -120.93885 38.088321, -120.926449 38.077421))",709902.8570000001,1155.41,5533.0,225.0,0.0,939.0,1164.0,0.0,5456350609.0,554829.493,548260.122,211245.835,48963.515,524470.66,4377694385.0,48552701712.0,1919.0,1260284371.153,606136101.58,1606823.0,1486685.0,35677.0,27904.0,1194.0,1143.0,656.0,655.0,403.0,402.0,1320.0,1319.0,152.0,152.0,1480.0,1480.0,0.0,0.0,561897.0,509392.0,66793.0,61458.0,8926.0,8791.0,1986.0,1983.0,404.0,403.0,156.0,156.0,2.0,2.0,-114.0,-114.0,0.0,0.0,0.0,0.0,0.0,0.0,0.0,0.0,,,,,,,,,,,,,,,,,,,,,,,,,,,,,,,,,,,,,,,,,,,,,,,,,,,,,,,,,,,,,37.93474703226154,-121.27140327522564,5.263306010928962,3.3589890710382515,4.710546448087432
06079,,,,,,,,,,,,0500000US06079,06,079,San Luis Obispo,County,3298.567,"POLYGON ((-120.194146 35.789204, -120.194053 35.749964, -120.193934 35.749393, -120.193892 35.726513, -120.193918 35.614359, -120.085922 35.614524, -120.086674 35.526554, -119.997382 35.468702, -119.997392 35.439495, -119.880045 35.439133, -119.880172 35.351211, -119.809346 35.350865, -119.809449 35.263584, -119.666663 35.262527, -119.667056 35.174809, -119.553641 35.179975, -119.560975 35.087673, -119.472719 35.076885, -119.472754 34.901174, -119.535757 34.897576, -119.672963 34.973375, -119.745566 34.973676, -119.928419 35.059794, -119.980122 35.057573, -120.093376 35.114102, -120.188383 35.030378, -120.334548 35.006315, -120.311498 34.903764, -120.355343 34.941265, -120.513924 34.989276, -120.648905 34.974393, -120.63999 35.002963, -120.63357 35.033085, -120.629931 35.061515, -120.629583 35.078362, -120.630957 35.101941, -120.635787 35.123805, -120.644311 35.139616, -120.651134 35.147768, -120.662475 35.153357, -120.667994 35.15203, -120.675074 35.153061, -120.686974 35.160708, -120.698906 35.171192, -120.704203 35.173206, -120.714185 35.175998, -120.734231 35.178472, -120.74887 35.177795, -120.754823 35.174701, -120.756862 35.169208, -120.756086 35.160459, -120.760492 35.15971, -120.778998 35.168897, -120.786076 35.177666, -120.805258 35.184973, -120.846674 35.204429, -120.856047 35.206487, -120.873046 35.225688, -120.89679 35.247877, -120.896876 35.25399, -120.889354 35.277819, -120.87957 35.294184, -120.8672 35.327154, -120.862684 35.346776, -120.862133 35.360763, -120.866099 35.393045, -120.869209 35.403276, -120.884757 35.430196, -120.896862 35.442243, -120.907937 35.449069, -120.946546 35.446715, -120.950742 35.44802, -120.955863 35.453743, -120.969436 35.460197, -120.976122 35.459028, -121.003359 35.46071, -121.025621 35.484598, -121.05308 35.50753, -121.059913 35.509671, -121.101595 35.548814, -121.126027 35.593058, -121.133556 35.600455, -121.143561 35.606046, -121.166712 35.635399, -121.188897 35.643138, -121.195291 35.640734, -121.251034 35.656641, -121.272322 35.666711, -121.284973 35.674109, -121.289794 35.689428, -121.296473 35.696824, -121.304583 35.701794, -121.314632 35.71331, -121.315786 35.75252, -121.324918 35.769347, -121.332449 35.783106, -121.346363 35.795183, -121.175695 35.794102, -120.213979 35.789276, -120.194146 35.789204))",196164.70799999998,4202.65,1917.0,203.0,1.0,998.0,1201.0,0.0,2277082667.0,204253.198,200664.546,241644.06,35612.261,216352.18,1853760855.0,18747052034.0,1755.0,489300755.504,149089397.41,627201.0,579462.0,14741.0,12498.0,928.0,887.0,1193.0,1180.0,3.0,0.0,0.0,0.0,0.0,0.0,0.0,0.0,0.0,0.0,156182.0,137664.0,20928.0,19681.0,4927.0,4862.0,1476.0,1494.0,198.0,195.0,18.0,18.0,1.0,1.0,0.0,0.0,0.0,0.0,0.0,0.0,0.0,0.0,0.0,0.0,,,,,,,,,,,,,,,,,,,,,,,,,,,,,,,,,,,,,,,,,,,,,,,,,,,,,,,,,,,,,35.38744905262926,-120.45219084564245,5.509153005464481,3.250546448087432,4.4021857923497265
06081,,,,,,,,,,,,0500000US06081,06,081,San Mateo,County,448.408,"POLYGON ((-122.292974 37.107318, -122.306139 37.116383, -122.313907 37.118161, -122.322971 37.11546, -122.330463 37.115338, -122.337071 37.117382, -122.338856 37.120854, -122.337085 37.130795, -122.337833 37.135936, -122.344029 37.144099, -122.359791 37.155574, -122.36179 37.163593, -122.367085 37.172817, -122.37927 37.181128, -122.390599 37.182988, -122.397065 37.187249, -122.405073 37.195791, -122.407181 37.219465, -122.408982 37.225258, -122.415822 37.232839, -122.419113 37.24147, -122.418452 37.248521, -122.411686 37.265844, -122.401323 37.337009, -122.40085 37.359225, -122.409258 37.374805, -122.423286 37.392542, -122.443687 37.435941, -122.445987 37.461541, -122.452087 37.48054, -122.467888 37.49814, -122.472388 37.50054, -122.476443 37.498768, -122.482351 37.496187, -122.485888 37.494641, -122.486749 37.49439, -122.487139 37.494277, -122.493789 37.492341, -122.494429 37.49269, -122.499289 37.495341, -122.516689 37.52134, -122.519533 37.537302, -122.516589 37.544939, -122.514789 37.546139, -122.513688 37.552239, -122.518088 37.576138, -122.517187 37.590637, -122.501386 37.599637, -122.496786 37.612136, -122.494085 37.644035, -122.496784 37.686433, -122.502427 37.708133, -122.485382 37.708231, -122.484883 37.708332, -122.481083 37.708232, -122.471837 37.708332, -122.471319 37.708305, -122.393782 37.708231, -122.391374 37.708331, -122.39319 37.707531, -122.387626 37.67906, -122.374291 37.662206, -122.3756 37.652389, -122.37789 37.650425, -122.387381 37.648462, -122.386072 37.637662, -122.365455 37.626208, -122.35531 37.615736, -122.358583 37.611155, -122.370364 37.614427, -122.373309 37.613773, -122.378545 37.605592, -122.360219 37.592501, -122.317676 37.590865, -122.315385 37.587265, -122.315713 37.583666, -122.305895 37.575484, -122.262698 37.572866, -122.251898 37.566321, -122.244372 37.55814, -122.242832 37.557136, -122.236323 37.552891, -122.225135 37.545594, -122.214264 37.538505, -122.196593 37.537196, -122.194957 37.522469, -122.168449 37.504143, -122.155686 37.501198, -122.149632 37.502671, -122.140142 37.507907, -122.130979 37.503652, -122.127706 37.500053, -122.116112 37.505386, -122.109574 37.497637, -122.081473 37.477838, -122.190402 37.431472, -122.152278 37.286055, -122.152774 37.215444, -122.317682 37.186945, -122.292974 37.107318))",56621.722,50.46,13167.0,580.0,137.0,7030.0,7610.0,0.0,2302056424.0,225536.923,220713.75,600934.51,60400.34,258371.547,2115414068.0,19513680598.0,5095.0,700418742.24,96970841.78,677739.0,607871.0,39953.0,38846.0,5232.0,5011.0,19.0,39.0,134.0,110.0,110.0,0.0,0.0,0.0,0.0,0.0,0.0,0.0,251993.0,224811.0,44864.0,43460.0,11635.0,11443.0,2072.0,2054.0,1856.0,1849.0,-475.0,-475.0,-130.0,-130.0,-83.0,-83.0,14.0,14.0,14.0,14.0,0.0,0.0,0.0,0.0,,,,,,,,,,,,,,,,,,,,,,,,,,,,,,,,,,,,,,,,,,,,,,,,,,,,,,,,,,,,,37.43620643421898,-122.35566182651738,5.027841530054645,4.517622950819672,5.56620218579235
06083,santa barbara,95250.0,2194.5,3551.0,370462.14,3970.4,0.0,0.0,0.0,81.0,81.0,0500000US06083,06,083,Santa Barbara,County,2735.085,"MULTIPOLYGON (((-120.248484 33.999329, -120.247393 34.001911, -120.238657 34.007592, -120.230001 34.010136, -120.221287 34.010367, -120.208478 34.005655, -120.19578 34.004284, -120.167306 34.008219, -120.151663 34.018126, -120.147647 34.024831, -120.140362 34.025974, -120.135853 34.026087, -120.115058 34.019866, -120.090182 34.019806, -120.073609 34.024477, -120.062778 34.031161, -120.061953 34.033976, -120.057637 34.03734, -120.055107 34.037729, -120.043259 34.035806, -120.044004 34.02482, -120.047798 34.021227, -120.050382 34.013331, -120.048926 34.009898, -120.046575 34.000002, -120.041311 33.994507, -120.025653 33.985553, -120.011123 33.979894, -120.003815 33.979547, -119.984316 33.983948, -119.978876 33.983081, -119.979913 33.969623, -119.976857 33.956693, -119.971141 33.950401, -119.97026 33.944359, -119.973691 33.942481, -120.00096 33.941554, -120.017715 33.936366, -120.046881 33.919597, -120.048315 33.917625, -120.048611 33.915775, -120.049682 33.914563, -120.077793 33.908886, -120.098601 33.907853, -120.105489 33.90428, -120.109137 33.899129, -120.121817 33.895712, -120.168974 33.91909, -120.179049 33.927994, -120.18984 33.947703, -120.192339 33.950266, -120.198602 33.952211, -120.200085 33.956904, -120.209372 33.972376, -120.224461 33.989059, -120.248484 33.999329)), ((-119.789798 34.05726, -119.770729 34.055051, -119.766081 34.05537, -119.763688 34.057155, -119.755521 34.056716, -119.739472 34.049299, -119.726437 34.047908, -119.712576 34.043265, -119.704628 34.037681, -119.686507 34.019805, -119.637742 34.013178, -119.619343 34.016468, -119.612226 34.021256, -119.604287 34.031561, -119.608798 34.035245, -119.609239 34.03735, -119.59324 34.049625, -119.57341 34.05011, -119.5667 34.053452, -119.529603 34.041155, -119.52064 34.034262, -119.52177 34.032247, -119.532413 34.024949, -119.538847 34.023988, -119.542449 34.021082, -119.54828 34.009819, -119.547072 34.005469, -119.554472 33.99782, -119.560464 33.99553, -119.575636 33.996009, -119.5902 33.989712, -119.596877 33.988611, -119.619082 33.987228, -119.621117 33.98899, -119.64771 33.987786, -119.662825 33.985889, -119.69011 33.972225, -119.706952 33.969178, -119.712363 33.965422, -119.714696 33.961439, -119.721206 33.959583, -119.742966 33.963877, -119.750438 33.963759, -119.758141 33.959212, -119.795938 33.962929, -119.842748 33.97034, -119.873358 33.980375, -119.877057 33.985757, -119.883033 34.000802, -119.884896 34.008814, -119.882531 34.011674, -119.876916 34.023527, -119.876329 34.032087, -119.892821 34.045529, -119.916216 34.058351, -119.923337 34.069361, -119.919155 34.07728, -119.912857 34.077508, -119.89113 34.072856, -119.857304 34.071298, -119.825865 34.059794, -119.818742 34.052997, -119.807825 34.052127, -119.789798 34.05726)), ((-120.46258 34.042627, -120.440248 34.036918, -120.418768 34.052093, -120.415287 34.05496, -120.411314 34.052869, -120.403613 34.050442, -120.396188 34.050187, -120.390906 34.051994, -120.374211 34.062658, -120.368813 34.06778, -120.368584 34.071214, -120.370176 34.074907, -120.368278 34.076465, -120.362251 34.073056, -120.354982 34.059256, -120.36029 34.05582, -120.358608 34.050235, -120.346946 34.046576, -120.331161 34.049097, -120.319032 34.041979, -120.313175 34.036576, -120.302122 34.023574, -120.304543 34.021171, -120.317052 34.018837, -120.347706 34.020114, -120.35532 34.017914, -120.35793 34.015029, -120.375143 34.018775, -120.409368 34.032198, -120.415225 34.032245, -120.419021 34.028949, -120.427408 34.025425, -120.454134 34.028081, -120.459635 34.031537, -120.465329 34.038448, -120.46258 34.042627)), ((-120.355343 34.941265, -120.311498 34.903764, -120.334548 35.006315, -120.188383 35.030378, -120.093376 35.114102, -119.980122 35.057573, -119.928419 35.059794, -119.745566 34.973676, -119.672963 34.973375, -119.535757 34.897576, -119.472754 34.901174, -119.442352 34.901274, -119.442278 34.465509, -119.440414 34.441842, -119.444717 34.42951, -119.453423 34.42861, -119.454277 34.418166, -119.445411 34.408881, -119.454101 34.395568, -119.472481 34.38383, -119.473793 34.379115, -119.478265 34.377197, -119.510655 34.386295, -119.536957 34.395495, -119.559459 34.413395, -119.616862 34.420995, -119.638864 34.415696, -119.648664 34.417396, -119.671866 34.416096, -119.688167 34.412497, -119.684666 34.408297, -119.691749 34.403154, -119.709067 34.395397, -119.729369 34.395897, -119.74547 34.402898, -119.785871 34.415997, -119.794771 34.417597, -119.835771 34.415796, -119.853771 34.407996, -119.873971 34.408795, -119.925227 34.433931, -119.956433 34.435288, -119.971951 34.444641, -120.008077 34.460447, -120.038828 34.463434, -120.050682 34.461651, -120.088591 34.460208, -120.097212 34.461809, -120.118411 34.469927, -120.141165 34.473405, -120.183505 34.470372, -120.225498 34.470587, -120.238002 34.468098, -120.25777 34.467451, -120.283001 34.468354, -120.295051 34.470623, -120.299169 34.469731, -120.301822 34.467077, -120.341369 34.458789, -120.441975 34.451512, -120.451425 34.447094, -120.471376 34.447846, -120.47661 34.475131, -120.480372 34.481059, -120.490523 34.490075, -120.511421 34.522953, -120.524776 34.531291, -120.581293 34.556959, -120.608355 34.556656, -120.612005 34.553564, -120.622575 34.554017, -120.637805 34.56622, -120.645739 34.581035, -120.640244 34.604406, -120.625127 34.634489, -120.60197 34.692095, -120.60045 34.70464, -120.601672 34.709721, -120.614852 34.730709, -120.62632 34.738072, -120.637415 34.755895, -120.62297 34.7933, -120.616296 34.816308, -120.609898 34.842751, -120.610266 34.85818, -120.616325 34.866739, -120.639283 34.880413, -120.642212 34.894145, -120.647328 34.901133, -120.662889 34.901183, -120.670835 34.904115, -120.648905 34.974393, -120.513924 34.989276, -120.355343 34.941265)))",104847.583,306.51,3080.0,253.0,0.0,1063.0,1316.0,0.0,912636679.0,85468.457,83458.164,117016.111,11046.402,87258.587,678835541.0,7680112183.0,435.0,193547029.54,81537883.74,271089.0,243519.0,5114.0,4717.0,199.0,181.0,32.0,32.0,12.0,12.0,0.0,0.0,0.0,0.0,0.0,0.0,0.0,0.0,48528.0,43689.0,4116.0,3901.0,950.0,944.0,163.0,161.0,41.0,41.0,3.0,3.0,1.0,1.0,0.0,0.0,0.0,0.0,0.0,0.0,0.0,0.0,0.0,0.0,,,,,,,,,,,,,,,,,,,,,,,,,,,,,,,,,,,,,,,,,,,,,,,,,,,,,,,,,,,,,34.538251257861944,-120.03101114136744,5.232650273224044,3.792267759562842,4.855081967213115
06083,santa barbara,95250.0,2194.5,3551.0,370462.14,3970.4,0.0,0.0,0.0,81.0,81.0,0500000US06083,06,083,Santa Barbara,County,2735.085,"MULTIPOLYGON (((-120.248484 33.999329, -120.247393 34.001911, -120.238657 34.007592, -120.230001 34.010136, -120.221287 34.010367, -120.208478 34.005655, -120.19578 34.004284, -120.167306 34.008219, -120.151663 34.018126, -120.147647 34.024831, -120.140362 34.025974, -120.135853 34.026087, -120.115058 34.019866, -120.090182 34.019806, -120.073609 34.024477, -120.062778 34.031161, -120.061953 34.033976, -120.057637 34.03734, -120.055107 34.037729, -120.043259 34.035806, -120.044004 34.02482, -120.047798 34.021227, -120.050382 34.013331, -120.048926 34.009898, -120.046575 34.000002, -120.041311 33.994507, -120.025653 33.985553, -120.011123 33.979894, -120.003815 33.979547, -119.984316 33.983948, -119.978876 33.983081, -119.979913 33.969623, -119.976857 33.956693, -119.971141 33.950401, -119.97026 33.944359, -119.973691 33.942481, -120.00096 33.941554, -120.017715 33.936366, -120.046881 33.919597, -120.048315 33.917625, -120.048611 33.915775, -120.049682 33.914563, -120.077793 33.908886, -120.098601 33.907853, -120.105489 33.90428, -120.109137 33.899129, -120.121817 33.895712, -120.168974 33.91909, -120.179049 33.927994, -120.18984 33.947703, -120.192339 33.950266, -120.198602 33.952211, -120.200085 33.956904, -120.209372 33.972376, -120.224461 33.989059, -120.248484 33.999329)), ((-119.789798 34.05726, -119.770729 34.055051, -119.766081 34.05537, -119.763688 34.057155, -119.755521 34.056716, -119.739472 34.049299, -119.726437 34.047908, -119.712576 34.043265, -119.704628 34.037681, -119.686507 34.019805, -119.637742 34.013178, -119.619343 34.016468, -119.612226 34.021256, -119.604287 34.031561, -119.608798 34.035245, -119.609239 34.03735, -119.59324 34.049625, -119.57341 34.05011, -119.5667 34.053452, -119.529603 34.041155, -119.52064 34.034262, -119.52177 34.032247, -119.532413 34.024949, -119.538847 34.023988, -119.542449 34.021082, -119.54828 34.009819, -119.547072 34.005469, -119.554472 33.99782, -119.560464 33.99553, -119.575636 33.996009, -119.5902 33.989712, -119.596877 33.988611, -119.619082 33.987228, -119.621117 33.98899, -119.64771 33.987786, -119.662825 33.985889, -119.69011 33.972225, -119.706952 33.969178, -119.712363 33.965422, -119.714696 33.961439, -119.721206 33.959583, -119.742966 33.963877, -119.750438 33.963759, -119.758141 33.959212, -119.795938 33.962929, -119.842748 33.97034, -119.873358 33.980375, -119.877057 33.985757, -119.883033 34.000802, -119.884896 34.008814, -119.882531 34.011674, -119.876916 34.023527, -119.876329 34.032087, -119.892821 34.045529, -119.916216 34.058351, -119.923337 34.069361, -119.919155 34.07728, -119.912857 34.077508, -119.89113 34.072856, -119.857304 34.071298, -119.825865 34.059794, -119.818742 34.052997, -119.807825 34.052127, -119.789798 34.05726)), ((-120.46258 34.042627, -120.440248 34.036918, -120.418768 34.052093, -120.415287 34.05496, -120.411314 34.052869, -120.403613 34.050442, -120.396188 34.050187, -120.390906 34.051994, -120.374211 34.062658, -120.368813 34.06778, -120.368584 34.071214, -120.370176 34.074907, -120.368278 34.076465, -120.362251 34.073056, -120.354982 34.059256, -120.36029 34.05582, -120.358608 34.050235, -120.346946 34.046576, -120.331161 34.049097, -120.319032 34.041979, -120.313175 34.036576, -120.302122 34.023574, -120.304543 34.021171, -120.317052 34.018837, -120.347706 34.020114, -120.35532 34.017914, -120.35793 34.015029, -120.375143 34.018775, -120.409368 34.032198, -120.415225 34.032245, -120.419021 34.028949, -120.427408 34.025425, -120.454134 34.028081, -120.459635 34.031537, -120.465329 34.038448, -120.46258 34.042627)), ((-120.355343 34.941265, -120.311498 34.903764, -120.334548 35.006315, -120.188383 35.030378, -120.093376 35.114102, -119.980122 35.057573, -119.928419 35.059794, -119.745566 34.973676, -119.672963 34.973375, -119.535757 34.897576, -119.472754 34.901174, -119.442352 34.901274, -119.442278 34.465509, -119.440414 34.441842, -119.444717 34.42951, -119.453423 34.42861, -119.454277 34.418166, -119.445411 34.408881, -119.454101 34.395568, -119.472481 34.38383, -119.473793 34.379115, -119.478265 34.377197, -119.510655 34.386295, -119.536957 34.395495, -119.559459 34.413395, -119.616862 34.420995, -119.638864 34.415696, -119.648664 34.417396, -119.671866 34.416096, -119.688167 34.412497, -119.684666 34.408297, -119.691749 34.403154, -119.709067 34.395397, -119.729369 34.395897, -119.74547 34.402898, -119.785871 34.415997, -119.794771 34.417597, -119.835771 34.415796, -119.853771 34.407996, -119.873971 34.408795, -119.925227 34.433931, -119.956433 34.435288, -119.971951 34.444641, -120.008077 34.460447, -120.038828 34.463434, -120.050682 34.461651, -120.088591 34.460208, -120.097212 34.461809, -120.118411 34.469927, -120.141165 34.473405, -120.183505 34.470372, -120.225498 34.470587, -120.238002 34.468098, -120.25777 34.467451, -120.283001 34.468354, -120.295051 34.470623, -120.299169 34.469731, -120.301822 34.467077, -120.341369 34.458789, -120.441975 34.451512, -120.451425 34.447094, -120.471376 34.447846, -120.47661 34.475131, -120.480372 34.481059, -120.490523 34.490075, -120.511421 34.522953, -120.524776 34.531291, -120.581293 34.556959, -120.608355 34.556656, -120.612005 34.553564, -120.622575 34.554017, -120.637805 34.56622, -120.645739 34.581035, -120.640244 34.604406, -120.625127 34.634489, -120.60197 34.692095, -120.60045 34.70464, -120.601672 34.709721, -120.614852 34.730709, -120.62632 34.738072, -120.637415 34.755895, -120.62297 34.7933, -120.616296 34.816308, -120.609898 34.842751, -120.610266 34.85818, -120.616325 34.866739, -120.639283 34.880413, -120.642212 34.894145, -120.647328 34.901133, -120.662889 34.901183, -120.670835 34.904115, -120.648905 34.974393, -120.513924 34.989276, -120.355343 34.941265)))",104847.583,306.51,3080.0,253.0,0.0,1063.0,1316.0,0.0,755809666.0,175538.0056073614,170604.7745164,72677.21,28370.388,0.0,621643384.0,6799635156.0,619.0,153625043.15,53843663.51,114521.0,9129.0,463.0,116.0,10.0,0.0,0.0,0.0,0.0,0.0,0.0,0.0,0.0,0.0,0.0,0.0,0.0,0.0,53994.0,958.0,21.0,3.0,0.0,0.0,0.0,0.0,0.0,0.0,0.0,0.0,0.0,0.0,0.0,0.0,0.0,0.0,0.0,0.0,0.0,0.0,0.0,0.0,0.0,0.0,0.0,0.0,0.0,0.0,0.0,0.0,0.0,0.0,0.0,0.0,0.0,0.0,0.0,0.0,0.0,0.0,0.0,0.0,0.0,0.0,0.0,0.0,0.0,0.0,0.0,0.0,0.0,0.0,0.0,0.0,0.0,0.0,0.0,0.0,0.0,0.0,0.0,0.0,0.0,0.0,0.0,0.0,0.0,0.0,0.0,0.0,0.0,0.0,0.0,0.0,0.0,0.0,0.0,0.0,0.0,,,,34.538251257861944,-120.03101114136744,5.232650273224044,3.792267759562842,4.855081967213115
06085,,,,,,,,,,,,0500000US06085,06,085,Santa Clara,County,1290.1,"POLYGON ((-121.654038 36.950584, -121.7576 37.04963, -122.015966 37.165658, -122.152278 37.286055, -122.190402 37.431472, -122.081473 37.477838, -122.052648 37.459656, -122.045271 37.460276, -121.855762 37.484537, -121.472648 37.48217, -121.405753 37.31099, -121.459051 37.282739, -121.404636 37.155989, -121.282271 37.183675, -121.226804 37.134774, -121.215406 36.961248, -121.501488 36.971895, -121.581354 36.899152, -121.654038 36.950584))",192411.993925931,1621.82,38516.0,1080.0,77.0,28204.0,29284.0,0.0,7786260981.0,754121.491,746727.469,559438.136,122322.456,791387.346,6641627935.0,64107589528.0,14051.0,1962759749.531,395020780.32,2221493.0,2024781.0,125980.0,120196.0,8091.0,7988.0,2197.0,2175.0,39.0,11.0,16.0,16.0,13.0,13.0,12.0,11.0,0.0,-1.0,824371.0,758649.0,116545.0,112899.0,26418.0,26317.0,6687.0,6600.0,1434.0,1427.0,3672.0,3672.0,-83.0,-83.0,116.0,115.0,13.0,12.0,3.0,3.0,145.0,144.0,0.0,0.0,,,,,,,,,,,,,,,,,,,,,,,,,,,,,,,,,,,,,,,,,,,,,,,,,,,,,,,,,,,,,37.232484182433694,-121.69627914815592,5.279371584699454,2.559453551912568,3.986639344262295
06087,,,,,,,,,,,,0500000US06087,06,087,Santa Cruz,County,445.17,"POLYGON ((-122.015966 37.165658, -121.7576 37.04963, -121.654038 36.950584, -121.581354 36.899152, -121.607354 36.899452, -121.629489 36.911681, -121.644001 36.893996, -121.745288 36.909341, -121.810552 36.850648, -121.827664 36.879353, -121.862266 36.931552, -121.880167 36.950151, -121.894667 36.961851, -121.906468 36.96895, -121.930069 36.97815, -121.93947 36.97805, -121.95167 36.97145, -121.972771 36.954151, -121.975871 36.954051, -121.983896 36.958727, -122.012373 36.96455, -122.023373 36.96215, -122.027174 36.95115, -122.050122 36.948523, -122.066421 36.948271, -122.079356 36.950783, -122.105976 36.955951, -122.140578 36.97495, -122.155078 36.98085, -122.186879 37.00345, -122.20618 37.013949, -122.252181 37.059448, -122.260481 37.072548, -122.284882 37.101747, -122.292974 37.107318, -122.317682 37.186945, -122.152774 37.215444, -122.152278 37.286055, -122.015966 37.165658))",18346.312,42.480000000000004,1890.0,106.0,0.0,413.0,519.0,0.0,1190720016.0,107918.929,109406.506,96848.966,23073.697,116401.075,1114353951.0,9551513340.0,1527.0,279616870.423,49525783.2,318649.0,289776.0,16820.0,13516.0,549.0,489.0,59.0,59.0,32.0,15.0,1.0,1.0,0.0,0.0,0.0,0.0,0.0,0.0,136263.0,126272.0,25364.0,24533.0,5674.0,5676.0,2335.0,2331.0,194.0,177.0,358.0,358.0,46.0,46.0,2.0,2.0,0.0,0.0,0.0,0.0,0.0,0.0,0.0,0.0,,,,,,,,,,,,,,,,,,,,,,,,,,,,,,,,,,,,,,,,,,,,,,,,,,,,,,,,,,,,,37.02160590962701,-122.0097874006225,5.027841530054645,2.559453551912568,3.986639344262295
06089,shasta,101200.0,3520.0,4092.0,298888.04,5566.0,0.0,0.0,0.0,132.0,132.0,0500000US06089,06,089,Shasta,County,3775.402,"POLYGON ((-123.065426 40.286971, -123.068789 40.332233, -122.998682 40.418142, -122.903738 40.445071, -122.845954 40.505181, -122.695298 40.572514, -122.752266 40.689642, -122.445453 41.15793, -122.498376 41.182675, -122.376123 41.182904, -121.446495 41.183484, -121.331786 41.183886, -121.319972 40.905886, -121.327826 40.445367, -121.497635 40.445591, -121.64633 40.434726, -121.806539 40.44495, -121.940989 40.415331, -122.010316 40.426558, -122.310412 40.371064, -122.445021 40.373398, -122.523997 40.3945, -122.651341 40.328288, -122.872769 40.348848, -122.918472 40.306758, -123.065426 40.286971))",5073.498,2508.59,465.0,108.0,0.0,218.0,326.0,0.0,686268969.0,74881.12,72808.303,2768.333,6533.501,72707.457,556929658.0,5825317884.0,118.0,206375430.441,29111017.35,240605.0,226572.0,5815.0,5452.0,2334.0,2334.0,1353.0,1353.0,16.0,16.0,17.0,17.0,14.0,14.0,1.0,1.0,1.0,0.0,126585.0,119593.0,12251.0,12009.0,2411.0,2405.0,350.0,348.0,48.0,48.0,3.0,3.0,3.0,3.0,0.0,0.0,0.0,0.0,0.0,0.0,0.0,0.0,0.0,0.0,,,,,,,,,,,,,,,,,,,,,,,,,,,,,,,,,,,,,,,,,,,,,,,,,,,,,,,,,,,,,40.76376660115652,-122.04052152825979,2.1264480874316942,2.259207650273224,4.158934426229508
06091,,,,,,,,,,,,0500000US06091,06,091,Sierra,County,953.214,"POLYGON ((-120.001319 39.722416, -120.003116 39.445113, -120.003117 39.445045, -120.505445 39.446117, -120.575059 39.52228, -120.654332 39.526889, -120.755729 39.452663, -121.022085 39.391558, -121.034406 39.514509, -121.009477 39.639459, -120.873618 39.775875, -120.792484 39.709794, -120.147149 39.707658, -120.001319 39.722416))",,,,,,,,,,,,,,,,,,,,,,,,,,,,,,,,,,,,,,,,,,,,,,,,,,,,,,,,,,,,,,,,,,,,,,,,,,,,,,,,,,,,,,,,,,,,,,,,,,,,,,,,,,,,,,,,,,,,,,,,,,,,,,
06093,,,,,,,,,,,,0500000US06093,06,093,Siskiyou,County,6277.887,"POLYGON ((-122.289533 42.007764, -122.289527 42.007764, -122.161328 42.007637, -122.160438 42.007637, -122.156666 42.007384, -122.155408 42.007429, -122.001119 42.004017, -121.708199 42.000815, -121.705045 42.000766, -121.689159 42.000584, -121.675348 42.000351, -121.580865 41.998668, -121.52025 41.997983, -121.44754 41.997169, -121.446495 41.183484, -122.376123 41.182904, -122.498376 41.182675, -122.522636 41.213525, -122.50389 41.342985, -122.585241 41.359008, -122.653686 41.289237, -122.811342 41.202451, -122.961347 41.181525, -122.966949 41.08205, -122.897411 41.028475, -122.917529 40.99399, -123.036808 41.004058, -123.141338 41.079178, -123.23948 41.075763, -123.273402 41.122891, -123.408291 41.179944, -123.474085 41.366193, -123.661363 41.38209, -123.612395 41.448954, -123.719089 41.595258, -123.660205 41.714055, -123.703768 41.829117, -123.642812 41.889353, -123.565442 41.903141, -123.518075 42.000436, -123.501997 42.000527, -123.498896 42.000474, -123.49883 42.000525, -123.347562 41.999108, -123.230764 42.003845, -123.230762 42.003845, -123.154908 42.008036, -123.045254 42.003049, -123.001152 42.003, -122.634739 42.004858, -122.501135 42.00846, -122.378193 42.009518, -122.289533 42.007764))",506.4,90.59,68.0,95.0,1.0,53.0,148.0,,,,,,,,,,,,,,,,,,,,,,,,,,,,,,,,,,,,,,,,,,,,,,,,,,,,,,,,,,,,,,,,,,,,,,,,,,,,,,,,,,,,,,,,,,,,,,,,,,,,,,,,,,,,,,,,,,,41.59268663166754,-122.54036776323375,1.9804918032786885,2.2978688524590165,3.6260109289617484
06095,solano,1095650.0,39815.5,46830.4,3344754.5100000002,63230.3,0.0,0.0,0.0,1489.0,1587.0,0500000US06095,06,095,Solano,County,821.765,"POLYGON ((-122.088835 38.384151, -122.103281 38.513348, -122.011673 38.488991, -121.940285 38.533384, -121.694679 38.52705, -121.693697 38.313732, -121.593273 38.313089, -121.605258 38.295352, -121.60073 38.278375, -121.60401 38.270103, -121.600249 38.257817, -121.601993 38.252426, -121.602121 38.241674, -121.603208 38.237283, -121.602763 38.230219, -121.688233 38.145421, -121.713926 38.084542, -121.862462 38.06603, -121.865189 38.059909, -121.869469 38.054519, -122.050386 38.060198, -122.123973 38.035717, -122.266669 38.06007, -122.273006 38.07438, -122.282824 38.082889, -122.301804 38.105142, -122.314567 38.115287, -122.366273 38.141467, -122.39638 38.149976, -122.403514 38.150624, -122.406978 38.155663, -122.406786 38.155632, -122.19538 38.155017, -122.205982 38.315713, -122.064779 38.315912, -122.088835 38.384151))",28792.58,1458.6000000000001,3252.0,278.0,2.0,646.0,924.0,0.0,3475301861.0,293700.14,294305.395,92325.155,37941.077,294011.776,2867145878.0,30404915858.0,1741.0,756515577.052,295229873.82,835976.0,774547.0,22206.0,19046.0,22043.0,21949.0,313.0,300.0,13.0,13.0,0.0,0.0,0.0,0.0,0.0,0.0,0.0,0.0,368779.0,347999.0,48586.0,46126.0,8973.0,8878.0,1939.0,1925.0,261.0,259.0,354.0,354.0,19.0,19.0,1.0,1.0,0.0,0.0,0.0,0.0,0.0,0.0,0.0,0.0,,,,,,,,,,,,,,,,,,,,,,,,,,,,,,,,,,,,,,,,,,,,,,,,,,,,,,,,,,,,,38.26691341766364,-121.94002291897432,5.202622950819673,3.5737704918032787,5.151065573770492
06097,,,,,,,,,,,,0500000US06097,06,097,Sonoma,County,1575.849,"POLYGON ((-123.26871 38.808369, -123.136253 38.809136, -123.080997 38.852438, -122.821592 38.85014, -122.627396 38.667506, -122.646268 38.59912, -122.543893 38.519966, -122.378987 38.250714, -122.406786 38.155632, -122.406978 38.155663, -122.403514 38.150624, -122.40358 38.15063, -122.409798 38.136231, -122.439577 38.116923, -122.450377 38.116269, -122.454958 38.118887, -122.484411 38.11496, -122.489974 38.112014, -122.490727 38.109755, -122.565093 38.182217, -122.648986 38.181077, -122.7399 38.207018, -122.901726 38.316943, -123.002911 38.295708, -123.004122 38.297012, -123.024333 38.310573, -123.038742 38.313576, -123.051061 38.310693, -123.053476 38.305722, -123.052021 38.302246, -123.053504 38.299385, -123.058239 38.298355, -123.063671 38.302178, -123.074684 38.322574, -123.068437 38.33521, -123.068265 38.359865, -123.085572 38.390525, -123.103706 38.415541, -123.122379 38.437314, -123.128825 38.450418, -123.145325 38.459422, -123.166428 38.474947, -123.202277 38.494314, -123.249797 38.511045, -123.287156 38.540223, -123.297151 38.543452, -123.331899 38.565542, -123.343338 38.590008, -123.349612 38.596805, -123.371876 38.607235, -123.379303 38.621953, -123.398166 38.647044, -123.40301 38.649449, -123.405663 38.656729, -123.43272 38.687131, -123.441774 38.699744, -123.461291 38.717001, -123.490021 38.732213, -123.514784 38.741966, -123.525152 38.753801, -123.533535 38.768408, -123.26871 38.808369))",58733.648,1388.19,3936.0,203.0,1.0,1357.0,1560.0,0.0,2931053204.0,300218.217,301286.531,794106.101,61492.212999999996,315975.766,2543757783.0,22280892646.0,3459.0,793957526.364,145485531.05,866709.0,797390.0,37793.0,36428.0,2793.0,2666.0,282.0,246.0,-4.0,-3.0,0.0,0.0,0.0,0.0,0.0,0.0,0.0,0.0,360546.0,335958.0,75361.0,73313.0,14082.0,14004.0,4429.0,4450.0,1000.0,1017.0,122.0,122.0,319.0,319.0,120.0,120.0,135.0,135.0,11.0,11.0,0.0,0.0,0.0,0.0,,,,,,,,,,,,,,,,,,,,,,,,,,,,,,,,,,,,,,,,,,,,,,,,,,,,,,,,,,,,,38.52529257327967,-122.92254465312696,5.1403278688524585,3.958060109289618,5.588387978142077
06099,,,,,,,,,,,,0500000US06099,06,099,Stanislaus,County,1494.827,"POLYGON ((-120.931374 37.421753, -120.964223 37.345782, -121.226804 37.134774, -121.282271 37.183675, -121.404636 37.155989, -121.459051 37.282739, -121.405753 37.31099, -121.472648 37.48217, -121.471925 37.481783, -121.333388 37.59105, -121.273751 37.63833, -121.258171 37.653495, -121.155849 37.719844, -120.995754 37.760152, -120.920665 37.738392, -120.926449 38.077421, -120.652673 37.831422, -120.387613 37.633704, -120.387329 37.633499, -120.38767 37.633364, -120.931374 37.421753))",182794.65399999998,1031.91,2058.0,119.0,1.0,310.0,429.0,0.0,576363633.0,76547.745,73361.22,2264.2019999999998,3731.379,71112.469,466530380.0,4962068876.0,119.0,170597009.651,60491661.72,244321.0,231286.0,9654.0,9166.0,12.0,10.0,0.0,0.0,0.0,0.0,0.0,0.0,0.0,0.0,0.0,0.0,0.0,0.0,68307.0,63084.0,6421.0,6138.0,623.0,600.0,138.0,138.0,22.0,22.0,1.0,1.0,0.0,0.0,0.0,0.0,0.0,0.0,0.0,0.0,0.0,0.0,0.0,0.0,,,,,,,,,,,,,,,,,,,,,,,,,,,,,,,,,,,,,,,,,,,,,,,,,,,,,,,,,,,,,37.55913744414885,-120.99768288379798,5.282622950819673,3.523360655737705,4.921530054644808
06101,,,,,,,,,,,,0500000US06101,06,101,Sutter,County,602.41,"POLYGON ((-121.484396 38.734598, -121.521767 38.736401, -121.602894 38.735838, -121.685998 38.763371, -121.723149 38.851306, -121.835488 38.924481, -121.847964 39.070817, -121.945509 39.180959, -121.908269 39.303878, -121.62376 39.295621, -121.571297 38.938918, -121.414885 38.996429, -121.469356 38.925992, -121.484396 38.734598))",10282.789,810.1999999999999,318.0,18.0,0.0,39.0,57.0,0.0,949210147.0,113333.14,110472.07,2951.18,6969.077,104698.737,758560125.0,11992790853.0,182.0,269063609.162,78432931.35,339619.0,320356.0,10509.0,10101.0,105.0,72.0,2.0,2.0,1.0,1.0,1.0,0.0,0.0,0.0,0.0,0.0,0.0,0.0,117863.0,112529.0,19568.0,19242.0,2491.0,2486.0,916.0,915.0,-73.0,-84.0,2.0,1.0,0.0,0.0,0.0,0.0,0.0,0.0,0.0,0.0,0.0,0.0,0.0,0.0,,,,,,,,,,,,,,,,,,,,,,,,,,,,,,,,,,,,,,,,,,,,,,,,,,,,,,,,,,,,,39.03455952170395,-121.69484967181106,5.072459016393442,3.151338797814208,4.675409836065574
06103,tehama,1500.0,65.0,77.0,4656.63,103.6,0.0,0.0,0.0,3.0,3.0,0500000US06103,06,103,Tehama,County,2949.709,"POLYGON ((-122.934013 39.978131, -122.989623 40.145496, -122.989015 40.250145, -123.065426 40.286971, -122.918472 40.306758, -122.872769 40.348848, -122.651341 40.328288, -122.523997 40.3945, -122.445021 40.373398, -122.310412 40.371064, -122.010316 40.426558, -121.940989 40.415331, -121.806539 40.44495, -121.64633 40.434726, -121.497635 40.445591, -121.470395 40.350213, -121.345571 40.312667, -121.368395 40.21223, -121.436886 40.151905, -121.586407 40.100522, -121.646032 39.982527, -121.703241 39.98423, -121.804041 39.884344, -122.044865 39.883771, -122.046471 39.797648, -122.937654 39.798156, -122.934013 39.978131))",4176.543,84.0,93.0,33.0,0.0,156.0,189.0,0.0,550589911.0,78796.33499999999,76845.901,23274.194,5406.432,72637.683,460307959.0,4715514697.0,46.0,181753136.581,47063379.51,237094.0,223936.0,3896.0,3664.0,430.0,430.0,1.0,-2.0,0.0,0.0,0.0,0.0,0.0,0.0,0.0,0.0,0.0,0.0,91280.0,87712.0,10733.0,10550.0,2172.0,2166.0,393.0,388.0,16.0,16.0,3.0,3.0,1.0,1.0,1.0,1.0,0.0,0.0,0.0,0.0,0.0,0.0,0.0,0.0,,,,,,,,,,,,,,,,,,,,,,,,,,,,,,,,,,,,,,,,,,,,,,,,,,,,,,,,,,,,,40.12573618337958,-122.2338848517603,2.180655737704918,3.0956830601092897,4.554289617486338
06105,,,,,,,,,,,,0500000US06105,06,105,Trinity,County,3179.254,"POLYGON ((-123.065426 40.286971, -122.989015 40.250145, -122.989623 40.145496, -122.934013 39.978131, -123.544563 39.977015, -123.544458 40.001923, -123.544059 40.739386, -123.55985 40.829584, -123.623826 40.929421, -123.560163 40.950257, -123.481457 40.914957, -123.408291 41.179944, -123.273402 41.122891, -123.23948 41.075763, -123.141338 41.079178, -123.036808 41.004058, -122.917529 40.99399, -122.897411 41.028475, -122.966949 41.08205, -122.961347 41.181525, -122.811342 41.202451, -122.653686 41.289237, -122.585241 41.359008, -122.50389 41.342985, -122.522636 41.213525, -122.498376 41.182675, -122.445453 41.15793, -122.752266 40.689642, -122.695298 40.572514, -122.845954 40.505181, -122.903738 40.445071, -122.998682 40.418142, -123.068789 40.332233, -123.065426 40.286971))",,,,,,,,,,,,,,,,,,,,,,,,,,,,,,,,,,,,,,,,,,,,,,,,,,,,,,,,,,,,,,,,,,,,,,,,,,,,,,,,,,,,,,,,,,,,,,,,,,,,,,,,,,,,,,,,,,,,,,,,,,,,,,
06107,tulare,0.0,0.0,0.0,0.0,0.0,0.0,0.0,0.0,1.0,3.0,0500000US06107,06,107,Tulare,County,4824.215,"POLYGON ((-119.214033 35.790489, -119.534559 35.789758, -119.538116 35.789567, -119.529358 36.26985, -119.474607 36.269025, -119.474892 36.400953, -119.528792 36.401465, -119.573194 36.488835, -119.466322 36.575238, -119.305102 36.573725, -119.304625 36.660606, -118.984779 36.657147, -118.982441 36.741646, -118.360586 36.744773, -118.366328 36.691635, -118.274624 36.597334, -118.21482 36.435036, -118.100317 36.346137, -118.127147 36.279656, -118.033611 36.008944, -118.003577 35.983718, -117.980761 35.867515, -117.998258 35.868782, -118.008043 35.789161, -118.270456 35.790009, -119.214033 35.790489))",420384.497,517.3,1092.0,108.0,3.0,278.0,386.0,0.0,311599505.0,59133.192,57535.268,40230.700000000004,2369.552,53264.418,260658764.0,2754586277.0,46.0,123470426.373,31785177.32,163051.0,142298.0,2918.0,2628.0,167.0,167.0,0.0,0.0,0.0,0.0,0.0,0.0,0.0,0.0,0.0,0.0,0.0,0.0,38836.0,35781.0,4934.0,4789.0,743.0,742.0,280.0,280.0,0.0,0.0,0.0,0.0,0.0,0.0,0.0,0.0,0.0,0.0,0.0,0.0,0.0,0.0,0.0,0.0,,,,,,,,,,,,,,,,,,,,,,,,,,,,,,,,,,,,,,,,,,,,,,,,,,,,,,,,,,,,,36.2201906024098,-118.80046141511971,5.41,2.5284699453551913,3.2008196721311477
06107,tulare,0.0,0.0,0.0,0.0,0.0,0.0,0.0,0.0,1.0,3.0,0500000US06107,06,107,Tulare,County,4824.215,"POLYGON ((-119.214033 35.790489, -119.534559 35.789758, -119.538116 35.789567, -119.529358 36.26985, -119.474607 36.269025, -119.474892 36.400953, -119.528792 36.401465, -119.573194 36.488835, -119.466322 36.575238, -119.305102 36.573725, -119.304625 36.660606, -118.984779 36.657147, -118.982441 36.741646, -118.360586 36.744773, -118.366328 36.691635, -118.274624 36.597334, -118.21482 36.435036, -118.100317 36.346137, -118.127147 36.279656, -118.033611 36.008944, -118.003577 35.983718, -117.980761 35.867515, -117.998258 35.868782, -118.008043 35.789161, -118.270456 35.790009, -119.214033 35.790489))",420384.497,517.3,1092.0,108.0,3.0,278.0,386.0,0.0,3284938395.0,898101.0120701708,858625.0070372,115677.984,44998.84,0.0,2625397750.0,30869521404.0,284.0,837308031.202,417888211.8498,1130857.0,45887.0,2596.0,50.0,15.0,15.0,0.0,0.0,0.0,0.0,0.0,0.0,0.0,0.0,0.0,0.0,0.0,0.0,311140.0,4609.0,20.0,3.0,0.0,0.0,0.0,0.0,0.0,0.0,0.0,0.0,0.0,0.0,0.0,0.0,0.0,0.0,0.0,0.0,0.0,0.0,0.0,0.0,0.0,0.0,10865305603.0,0.0,0.0,0.0,0.0,0.0,0.0,0.0,0.0,0.0,0.0,0.0,0.0,0.0,0.0,0.0,0.0,0.0,0.0,0.0,0.0,0.0,0.0,0.0,0.0,0.0,0.0,0.0,0.0,0.0,0.0,0.0,0.0,0.0,0.0,0.0,0.0,0.0,0.0,0.0,0.0,0.0,0.0,0.0,0.0,0.0,0.0,0.0,0.0,0.0,0.0,0.0,0.0,0.0,0.0,,,,36.2201906024098,-118.80046141511971,5.41,2.5284699453551913,3.2008196721311477
06109,,,,,,,,,,,,0500000US06109,06,109,Tuolumne,County,2220.884,"POLYGON ((-120.652673 37.831422, -120.514952 37.95339, -120.534814 37.991174, -120.504516 37.991144, -120.176177 38.374014, -120.019951 38.433521, -119.884749 38.356185, -119.753481 38.416759, -119.639205 38.32688, -119.632671 38.198858, -119.345922 38.083113, -119.30459 38.023891, -119.308389 37.946824, -119.200283 37.885827, -119.20128 37.804329, -119.268979 37.73923, -119.288381 37.74503, -119.293382 37.767929, -119.308995 37.777986, -119.535699 37.904122, -119.646203 37.846823, -119.667203 37.801224, -119.809409 37.755025, -119.907013 37.757926, -120.079508 37.828808, -120.127226 37.781566, -120.345437 37.724787, -120.325943 37.648966, -120.391931 37.683559, -120.387613 37.633704, -120.652673 37.831422))",16433.076,1133.12,149.0,33.0,0.0,68.0,101.0,0.0,401456742.0,42979.968,41941.058,5296.04,8946.862,44638.42,378750660.0,3819814093.0,156.0,133074751.485,28902313.35,126146.0,116729.0,3289.0,3132.0,39.0,39.0,3.0,3.0,0.0,0.0,0.0,0.0,0.0,0.0,0.0,0.0,0.0,0.0,53619.0,48881.0,5957.0,5800.0,797.0,796.0,141.0,139.0,-58.0,-58.0,0.0,0.0,0.0,0.0,0.0,0.0,0.0,0.0,0.0,0.0,0.0,0.0,0.0,0.0,,,,,,,,,,,,,,,,,,,,,,,,,,,,,,,,,,,,,,,,,,,,,,,,,,,,,,,,,,,,,38.027601404869166,-119.9547535800744,5.333551912568306,2.3780054644808746,3.760081967213115
06111,ventura,0.0,0.0,0.0,0.0,0.0,0.0,0.0,0.0,7.0,21.0,0500000US06111,06,111,Ventura,County,1843.133,"MULTIPOLYGON (((-119.543842 33.280329, -119.532941 33.284728, -119.528141 33.284929, -119.50504 33.272829, -119.48278 33.263973, -119.465717 33.259239, -119.458466 33.254661, -119.429559 33.228167, -119.444269 33.21919, -119.464725 33.215432, -119.476029 33.21552, -119.500684 33.220569, -119.511659 33.223027, -119.517514 33.226737, -119.545872 33.233406, -119.564971 33.24744, -119.565641 33.250029, -119.566014 33.252639, -119.570642 33.257729, -119.578942 33.278628, -119.562042 33.271129, -119.555242 33.273429, -119.547642 33.280328, -119.543842 33.280329)), ((-119.422972 34.004368, -119.427589 34.006445, -119.437734 34.01, -119.441116 34.012426, -119.441226 34.014075, -119.433912 34.015975, -119.421376 34.015012, -119.411317 34.008005, -119.396251 34.005918, -119.389983 34.006099, -119.366591 34.016785, -119.357462 34.015919, -119.376396 34.010551, -119.391551 34.002505, -119.414528 34.004994, -119.422972 34.004368)), ((-118.881364 34.790629, -118.796692 34.616559, -118.650859 34.320484, -118.636789 34.291804, -118.633473 34.269626, -118.668152 34.168195, -118.788889 34.168214, -118.940965 34.07483, -118.944887 34.04534, -118.954722 34.048167, -118.977751 34.059822, -118.99698 34.065943, -119.004644 34.066231, -119.037494 34.083111, -119.069959 34.09047, -119.088536 34.09831, -119.098216 34.099334, -119.109784 34.094566, -119.130169 34.100102, -119.159554 34.119653, -119.18864 34.139005, -119.20314 34.144505, -119.211241 34.144905, -119.216441 34.146105, -119.227743 34.161728, -119.237142 34.175804, -119.257043 34.213304, -119.265927 34.234609, -119.270144 34.252903, -119.278644 34.266902, -119.290945 34.274902, -119.302131 34.272761, -119.313034 34.275689, -119.337475 34.290576, -119.349187 34.304383, -119.370356 34.319486, -119.37578 34.321118, -119.388249 34.317398, -119.390449 34.318198, -119.42777 34.353016, -119.431066 34.355297, -119.435888 34.355839, -119.461036 34.374064, -119.472678 34.375628, -119.478265 34.377197, -119.473793 34.379115, -119.472481 34.38383, -119.454101 34.395568, -119.445411 34.408881, -119.454277 34.418166, -119.453423 34.42861, -119.444717 34.42951, -119.440414 34.441842, -119.442278 34.465509, -119.442352 34.901274, -119.276946 34.879675, -119.243645 34.814178, -118.976721 34.812199, -118.881364 34.790629)))",211856.122,2481.5,9866.0,244.0,4.0,1034.0,1278.0,0.0,3675670773.0,880739.2038590814,854062.80677214,568994.876,184639.782,0.0,3119172920.0,34251240639.0,1191.0,765221403.101,293659427.6244,651890.0,47279.0,2431.0,51.0,26.0,26.0,0.0,0.0,0.0,0.0,0.0,0.0,0.0,0.0,0.0,0.0,0.0,0.0,311749.0,4577.0,41.0,9.0,0.0,0.0,0.0,0.0,0.0,0.0,0.0,0.0,0.0,0.0,0.0,0.0,0.0,0.0,0.0,0.0,0.0,0.0,0.0,0.0,0.0,0.0,11770781820.0,0.0,0.0,0.0,0.0,0.0,0.0,0.0,0.0,0.0,0.0,0.0,0.0,0.0,0.0,0.0,0.0,0.0,0.0,0.0,0.0,0.0,0.0,0.0,0.0,0.0,0.0,0.0,0.0,0.0,0.0,0.0,0.0,0.0,0.0,0.0,0.0,0.0,0.0,0.0,0.0,0.0,0.0,0.0,0.0,0.0,0.0,0.0,0.0,0.0,0.0,0.0,0.0,0.0,0.0,,,,34.35706889210372,-119.12601381181408,5.4769672131147535,2.3668579234972675,3.717540983606557
06113,yolo,1500.0,80.0,77.0,4656.63,118.6,0.0,0.0,0.0,3.0,3.0,0500000US06113,06,113,Yolo,County,1014.689,"POLYGON ((-121.504139 38.466563, -121.521641 38.360104, -121.593273 38.313089, -121.693697 38.313732, -121.694679 38.52705, -121.940285 38.533384, -122.011673 38.488991, -122.103281 38.513348, -122.111563 38.524051, -122.128123 38.583697, -122.151772 38.625297, -122.168349 38.619297, -122.164944 38.642462, -122.287999 38.839932, -122.395056 38.864245, -122.340172 38.924246, -122.337967 38.923945, -121.835488 38.924481, -121.723149 38.851306, -121.685998 38.763371, -121.602894 38.735838, -121.605774 38.718319, -121.630446 38.697571, -121.62576 38.673133, -121.594069 38.644106, -121.576068 38.648604, -121.549869 38.599405, -121.527667 38.604604, -121.506269 38.586305, -121.520965 38.566205, -121.51129 38.54629, -121.559167 38.498007, -121.538766 38.474707, -121.504139 38.466563))",16504.27,61.45,1709.0,129.0,14.0,627.0,756.0,0.0,1876317534.0,198385.192,220568.133,123769.94,16246.914,189220.675,1587525429.0,14695248104.0,1107.0,497863802.806,140542821.88,594254.0,556618.0,23363.0,21407.0,1488.0,105.0,2.0,1.0,0.0,0.0,0.0,0.0,0.0,0.0,0.0,0.0,0.0,0.0,201520.0,183490.0,24712.0,24172.0,5474.0,4087.0,716.0,710.0,148.0,148.0,33.0,33.0,12.0,12.0,-6.0,-6.0,0.0,0.0,0.0,0.0,0.0,0.0,0.0,0.0,,,,,,,,,,,,,,,,,,,,,,,,,,,,,,,,,,,,,,,,,,,,,,,,,,,,,,,,,,,,,38.68666040092163,-121.90161702430125,5.1552185792349725,3.5737704918032787,5.151065573770492
06115,,,,,,,,,,,,0500000US06115,06,115,Yuba,County,631.839,"POLYGON ((-121.333427 39.468729, -121.305122 39.519585, -121.149907 39.526446, -121.076695 39.597264, -121.05267 39.612334, -121.050922 39.613801, -121.009477 39.639459, -121.034406 39.514509, -121.022085 39.391558, -121.127481 39.380237, -121.266911 39.271609, -121.279533 39.034618, -121.414885 38.996429, -121.571297 38.938918, -121.62376 39.295621, -121.407527 39.339754, -121.333427 39.468729))",4593.428,377.65,290.0,13.0,0.0,82.0,95.0,0.0,873611559.0,80553.933,78528.497,18045.418,7113.03,76686.845,747523631.0,8071874045.0,206.0,217318398.591,79053404.37,235166.0,218860.0,6932.0,6053.0,73.0,70.0,0.0,0.0,0.0,0.0,0.0,0.0,0.0,0.0,0.0,0.0,0.0,0.0,98614.0,89961.0,11022.0,10653.0,1946.0,1925.0,393.0,393.0,164.0,164.0,21.0,21.0,0.0,0.0,0.0,0.0,0.0,0.0,0.0,0.0,0.0,0.0,0.0,0.0,,,,,,,,,,,,,,,,,,,,,,,,,,,,,,,,,,,,,,,,,,,,,,,,,,,,,,,,,,,,,39.26900765371811,-121.3512627386563,5.0947814207650275,2.6946448087431696,4.390273224043716
