Unnamed: 0,zip_code,median_household_income,poverty_rate,pct_bachelors_plus,pct_black,pct_hispanic,pct_asian,median_housing_value,total_population,pct_single_family_units,pct_multifamily_units,pct_mobile_home_units
30595,90001,60751.0,0.2052536973428963,0.0699538287307256,0.0686311011825612,0.9122918993670548,0.0046628725422406,513300.0,56403,,,
30596,90002,56158.0,0.2337481656534085,0.0805846716030387,0.1499952593154451,0.8195505831042003,0.0136531715179671,502600.0,52735,,,
30597,90003,54781.0,0.2632850580848164,0.0713790050489339,0.1627294025771183,0.8097562336141017,0.0035979249177218,547600.0,71708,,,
30598,90004,62655.0,0.1875565109098043,0.4001959686450168,0.0431819726735096,0.4597749983005914,0.2507477397865543,1457200.0,58844,,,
30599,90005,52755.0,0.2464579643712886,0.3797955754690563,0.0534751077502774,0.4774047022995328,0.3231992154231295,1084400.0,38747,,,
30600,90006,49847.0,0.2443712144921666,0.2213311745806876,0.0333925206551674,0.7085084794897811,0.1884512248151906,841900.0,55192,,,
30601,90007,36032.0,0.3874000805106676,0.2858202680646916,0.0806307798130079,0.5258961098514763,0.1828650039487427,852900.0,39253,,,
30602,90008,61822.0,0.1633539435982506,0.3321959052589321,0.6053583709595431,0.2697425470203032,0.0352839159166342,1003000.0,33443,,,
30603,90010,100901.0,0.1085305940151853,0.6056064390785456,0.051138901295221,0.0873157659669495,0.6502903081732917,863500.0,4478,,,
30604,90011,53781.0,0.2656926141437136,0.0618435836060768,0.0589099470734744,0.9173801369863014,0.006246108343711,575200.0,102784,,,
30605,90012,67635.0,0.2273666092943201,0.3947514081984827,0.1210794650722045,0.2851880522115154,0.3527213517337106,686400.0,37463,,,
30606,90013,32848.0,0.4090541087572527,0.3850236277717194,0.2233563897656302,0.2458531999194144,0.1883016587200322,786600.0,14891,,,
30607,90014,33822.0,0.3372824491507654,0.4321234975253358,0.2029350104821803,0.2277777777777777,0.2210691823899371,644700.0,9540,,,
30608,90015,63211.0,0.2805666400638468,0.4782886674836166,0.0909450845310211,0.4530229243378073,0.2415567961357247,1000800.0,25257,,,
30609,90016,71067.0,0.1554178893598521,0.3193966420255589,0.2723526094312611,0.516246583662314,0.03960782612468,919800.0,46102,,,
30610,90017,51317.0,0.3538397732771134,0.3622394049133796,0.125599530727028,0.5641972326696801,0.1793588903074428,675500.0,28981,,,
30611,90018,63671.0,0.1920171477327118,0.2438129348560021,0.2360075391297222,0.5711710235188069,0.056502499385397,886800.0,48812,,,
30612,90019,71395.0,0.1776127049180328,0.3911446462947802,0.1722102280394009,0.4269160707057077,0.171366887059776,1178100.0,59288,,,
30613,90020,55832.0,0.1835236328482219,0.4603570087716304,0.0547170303172492,0.3460285185474831,0.4389875133599228,826500.0,38361,,,
30614,90021,32250.0,0.4338046272493573,0.2019908751555371,0.2112944162436548,0.4831852791878173,0.049492385786802,1075800.0,3152,,,
30615,90022,67829.0,0.163206196303046,0.0957989014795388,0.0043479671631136,0.966092345630942,0.0111781693111392,603500.0,61638,,,
30616,90023,56623.0,0.2192936928805145,0.1015326395458845,0.0058285509325681,0.9606124461979914,0.0097964490674318,617600.0,44608,,,
30617,90024,79994.0,0.2605181703542359,0.7413846357499008,0.0419830808577611,0.1341333857957899,0.2704111745032461,1434000.0,50830,,,
30618,90025,104627.0,0.1141897751784562,0.6964076532604452,0.0364295503780007,0.1499845262832132,0.2079004376851319,1081400.0,45238,,,
30619,90026,85835.0,0.1660162497600921,0.4740218869916553,0.0364217353979205,0.4620202855235127,0.1333661886744459,1143400.0,62902,,,
30620,90027,90532.0,0.1419758507135016,0.5819276794326981,0.0407174965797302,0.2258898130252557,0.119112249994571,1747200.0,46049,,,
30621,90028,59393.0,0.1868081929431622,0.4895041070885306,0.0813587354091791,0.3025667122546993,0.1322158964409528,970800.0,31441,,,
30622,90029,60793.0,0.2306997470793689,0.3633456242004665,0.0422997339639373,0.4891516405557198,0.1714454626071534,1066200.0,33830,,,
30623,90031,62119.0,0.196741992101799,0.2424379573055744,0.0172988801822076,0.5746861527615845,0.2938911634717063,758500.0,36881,,,
30624,90032,81563.0,0.142270958613371,0.2478376689578057,0.025935413045467,0.7388390815112982,0.1179672491080413,780100.0,43724,,,
30625,90033,56001.0,0.2590925141242938,0.1399758245553445,0.0140524280189084,0.8978942844864632,0.0446282767511817,669500.0,46540,,,
30626,90034,103082.0,0.0922311236100575,0.6428487039531202,0.0922169811320754,0.256277213352685,0.1810050798258345,1395000.0,55120,,,
30627,90035,108224.0,0.0775581142733,0.6802040320621812,0.0672507270834081,0.1365839646691321,0.0699795339485117,1844000.0,27851,,,
30628,90036,102877.0,0.1194628441316497,0.6826305686105779,0.0713180693069306,0.130414603960396,0.1937654702970297,1958600.0,38784,,,
30629,90037,56417.0,0.2626412849494348,0.0905518144836937,0.1470505928271595,0.7976434199867443,0.0114441416893732,632600.0,67895,,,
30630,90038,61566.0,0.1954679372931291,0.4089622641509434,0.0676807997986118,0.486640054662495,0.073830330492322,1089200.0,27807,,,
30631,90039,105578.0,0.0870717997666772,0.566332073176031,0.0182696346073078,0.3141537169256614,0.1897662046759065,1202000.0,28572,,,
30632,90040,70909.0,0.1547117945193712,0.1173731928448909,0.007446717452709,0.9423093383548746,0.0190875631259094,576900.0,11683,,,
30633,90041,111834.0,0.0972011956057606,0.5164021700552655,0.0149903111403604,0.3346129940404372,0.2519469123615224,1135200.0,27351,,,
30634,90042,94401.0,0.1058323944882572,0.4038172898138399,0.0172254216371863,0.5649252708076238,0.1336555601261483,940600.0,58344,,,
30635,90043,65496.0,0.1691604611779989,0.3078659657496694,0.5847340865252135,0.2633186369064021,0.0205290713695232,867800.0,43548,,,
30636,90044,51433.0,0.2657557697184884,0.110620976257792,0.2917931545290478,0.6719869808781648,0.005487226029898,588200.0,95859,,,
30637,90045,132577.0,0.0879672536299042,0.6395304281185773,0.0821212693615413,0.1907820173781639,0.159543823196071,1322700.0,42352,,,
30638,90046,94259.0,0.1129622021364009,0.6335205425182354,0.0523463858501175,0.163746038237399,0.0677231366935896,1411500.0,48905,,,
30639,90047,70187.0,0.1587564603306111,0.2078202574962834,0.5227098674521355,0.386980854197349,0.0072852233676975,648200.0,50925,,,
30640,90048,104227.0,0.1156526005888125,0.6924061196105702,0.0452971725331794,0.0755433737257164,0.0773225620311598,1847500.0,20796,,,
30641,90049,169898.0,0.0559644914950514,0.8081805359661495,0.014618211514904,0.0825643119640669,0.0905675786035116,2000001.0,36735,,,
30643,90056,127252.0,0.100633914421553,0.5229568411386594,0.5913785361472833,0.1535698248765155,0.0442299057027391,1510300.0,8908,,,
30644,90057,44876.0,0.2723424376843574,0.2320205754701816,0.0657328532537103,0.6830815842627558,0.1795468516729604,694500.0,45548,,,
30645,90058,36680.0,0.2886476972719272,0.2232960325534079,0.1111762980346142,0.7568201818715166,0.0067468465825755,456500.0,3409,,,
30646,90059,53840.0,0.2441554995356242,0.1179418939897981,0.2502170195975273,0.704642904116796,0.0102854136525055,566200.0,38015,,,
30647,90061,60114.0,0.2398144485598187,0.1227285592980469,0.2586558044806517,0.6982934194817052,0.0074092281761359,576400.0,28478,,,
30648,90062,63652.0,0.1820316168414462,0.1651116515586999,0.2568358766739333,0.6328869511055746,0.0198691996262846,672700.0,32110,,,
30649,90063,71725.0,0.1671726452025245,0.1281896785466815,0.0026713629887604,0.9365798638594268,0.0202825708405888,619100.0,50536,,,
30650,90064,129703.0,0.0712010919017288,0.7057267427619655,0.0357439420246093,0.1397297501321054,0.188495508417,1746800.0,26494,,,
30651,90065,92903.0,0.1384940966807752,0.4032979976442874,0.0149972268441486,0.5247254575707154,0.1346644481419855,1043900.0,45075,,,
30652,90066,107786.0,0.0737421063353025,0.6136128120584079,0.04587539790814,0.2473851750795816,0.1551978171896316,1636600.0,54975,,,
30653,90067,135328.0,0.1045958795562599,0.6727969348659004,0.031911532385466,0.0492890995260663,0.1946287519747235,1585900.0,3165,,,
30654,90068,101720.0,0.1044035079578673,0.6419206817436905,0.0716769437618804,0.128935045667393,0.0522509156660021,1840200.0,21569,,,
30655,90069,110705.0,0.1241913979556565,0.716636197440585,0.03253272959937,0.0828821734422679,0.0606851068018505,1085900.0,20318,,,
30656,90071,,0.8552631578947368,0.0,0.2828947368421052,0.4276315789473684,0.0,,304,,,
30657,90073,,0.6962209302325582,0.132495164410058,0.1329534662867996,0.2241215574548908,0.0474833808167141,,1053,,,
30658,90077,220464.0,0.0559153175591531,0.768957946292856,0.0113998529051238,0.0659475361608237,0.0999019367492032,2000001.0,8158,,,
30660,90089,,1.0,0.7163461538461539,0.0699183588025957,0.2070337031609797,0.3301235084781243,,4777,,,
30661,90094,159904.0,0.0845588235294117,0.850293020777837,0.0837799950523625,0.1261647563288529,0.1691267419807042,1234400.0,12127,,,
30663,90201,56824.0,0.2363997850617947,0.074081745374206,0.013328641651472,0.9432839640446564,0.0049902434343111,542800.0,93783,,,
30664,90210,190382.0,0.0842662324445349,0.6838907804259297,0.020252391614085,0.0578567066965194,0.0658966008548748,2000001.0,19652,,,
30665,90211,118125.0,0.1101156724880925,0.6650878533231475,0.0134144966745575,0.0555743433660241,0.1960320144290384,2000001.0,8871,,,
30666,90212,116238.0,0.0745800258445634,0.744241461477363,0.0251061473140114,0.0854716632822595,0.1170389514491415,2000001.0,10834,,,
30667,90220,77535.0,0.1754657752048595,0.1333526085839116,0.2778297664578077,0.668117828952722,0.0118398567824884,514600.0,49156,,,
30668,90221,68191.0,0.1759946188695669,0.0784381587641191,0.1826040723090859,0.7889015792997519,0.010318616832736,541800.0,50782,,,
30669,90222,76467.0,0.1433389544688027,0.1203821656050955,0.2385229851117396,0.7288098716314922,0.0115314083237497,552000.0,32173,,,
30670,90230,106827.0,0.0962655601659751,0.5845173512442952,0.0777953753563509,0.2997149192271143,0.1664554957237884,1025200.0,31570,,,
30671,90232,125490.0,0.0940564458263573,0.6378086170727771,0.0377291121161628,0.1882885027374434,0.2106641275886693,1491800.0,16804,,,
30672,90240,108860.0,0.084394714914891,0.2954350682740101,0.0363657900971333,0.7149964463397299,0.0946063334123035,764200.0,25326,,,
30673,90241,84375.0,0.0942025776163691,0.2462076264391777,0.0255914167619382,0.7530999912056987,0.0665069035265148,770100.0,45484,,,
30674,90242,83238.0,0.0927317061156129,0.2421502663302495,0.0389917770783007,0.7752482736744504,0.0626113266476343,676100.0,40983,,,
30675,90245,149149.0,0.0436437150671899,0.6254770992366412,0.0280495759947814,0.2076143035047144,0.1155191840123347,1521600.0,16863,,,
30676,90247,73851.0,0.120782479998284,0.2677130044843049,0.1489757520664651,0.496818383612033,0.2471724837748134,640500.0,47303,,,
30677,90248,81777.0,0.0957002902757619,0.3330609385944431,0.2089913854989231,0.3061737257717157,0.3238513998564249,646900.0,11144,,,
30678,90249,84921.0,0.1066692516479255,0.2569129948319036,0.2271729502830515,0.4560788693341548,0.1521546578349443,709900.0,25967,,,
30679,90250,74923.0,0.1528846765472934,0.2594539650270794,0.2263898685138592,0.5459780400248445,0.072901643313577,827600.0,94991,,,
30680,90254,152019.0,0.0532263944586219,0.7649845520082389,0.0055070656691604,0.0986076475477971,0.0730465502909393,2000001.0,19248,,,
30681,90255,61376.0,0.1705158860841053,0.0879563668744434,0.0054147776530278,0.9697426204112956,0.0058979861574975,562600.0,70363,,,
30682,90260,86736.0,0.1121963358113782,0.2318492685357126,0.0526884709225115,0.6531084962475678,0.0990147935390222,745700.0,32379,,,
30683,90262,70507.0,0.1734432936964582,0.104003470799489,0.0809328691580147,0.88195877876706,0.0065313164299577,569400.0,64918,,,
30684,90263,,,1.0,0.0849604221635883,0.1725593667546174,0.2496042216358839,,1895,,,
30685,90265,191080.0,0.1066026568459818,0.7135439203807875,0.01124795777303,0.0949478446650747,0.0468769636797788,2000001.0,15914,,,
30686,90266,193904.0,0.0364426419466975,0.7897585345545379,0.0066504742077261,0.0763069627573444,0.1375491556789266,2000001.0,34584,,,
30687,90270,61753.0,0.1840293523518984,0.0826512813632094,0.0024467824810374,0.9756952940216947,0.006606312698801,595000.0,24522,,,
30688,90272,200985.0,0.0490594221164169,0.7894526568118259,0.0085362440526168,0.0418882358428957,0.0643250303199925,2000001.0,21438,,,
30689,90274,222273.0,0.0306778027626084,0.7559666871611425,0.0324955978869857,0.0646710421002081,0.2390747558828237,2000001.0,24988,,,
30690,90275,175212.0,0.0409190371991247,0.6918571761339057,0.0206686489230546,0.1200232069040539,0.3172335436459013,1543300.0,41367,,,
30691,90277,131985.0,0.0543607785280599,0.6978260077928699,0.0235653132152242,0.1204826085728009,0.1487666355853183,1403800.0,35391,,,
30692,90278,148581.0,0.0457670213767774,0.6246118536519508,0.0193012977242806,0.1484624788414519,0.2042975362046266,1195700.0,42536,,,
30693,90280,71379.0,0.131699210635646,0.1150603894503327,0.0090275733490334,0.94944340867214,0.0074248519935891,608500.0,91719,,,
30694,90290,142148.0,0.0628782784129119,0.6549786468869409,0.0149630127774041,0.0574983187626092,0.0383322125084061,1414900.0,5948,,,
30695,90291,119043.0,0.1052815805849408,0.7181105285137581,0.0559095500815914,0.1430181055249048,0.0583961457766726,2000001.0,25738,,,
30696,90292,136964.0,0.0666073471463073,0.7288856981693247,0.05860496537747,0.1179277149130214,0.092551933794967,1233700.0,23684,,,
30697,90293,130699.0,0.0576089526361415,0.7223368931167549,0.0422403003754693,0.1921151439299123,0.1005162703379224,971800.0,12784,,,
30698,90301,62991.0,0.1747256089132177,0.1961943032738447,0.2969693642253211,0.5735423300757659,0.0284945646206215,698300.0,36428,,,
30699,90302,72461.0,0.1317961756817944,0.2976481749637988,0.4187246718160091,0.4201794187939455,0.0154133905995635,731300.0,28871,,,
30700,90303,70853.0,0.1636107193229901,0.1770699820558831,0.3116664508610643,0.6154775777979197,0.0106607967542837,764200.0,23169,,,
30701,90304,63317.0,0.1744270574281669,0.1420924007913417,0.0383368300591264,0.8610337592981118,0.0483692542437535,696200.0,26215,,,
30702,90305,89030.0,0.0860754276293192,0.3644851341551849,0.7566383794141801,0.1398850260060224,0.0108814672871612,785000.0,14612,,,
30703,90401,106704.0,0.1923857868020304,0.7553925165077036,0.0439116719242902,0.1024605678233438,0.0625867507886435,1129700.0,7925,,,
30704,90402,182688.0,0.0698862109130006,0.7948717948717948,0.0063517623904097,0.0972445875827518,0.0901771336553945,2000001.0,11178,,,
30705,90403,121512.0,0.1175059952038369,0.7154376191174314,0.0239566309243831,0.1198628771873878,0.1070674054291067,1553500.0,25087,,,
30706,90404,85081.0,0.1354657484595868,0.5857720026206595,0.0990341331235522,0.2711419955421529,0.1055460862724531,1159500.0,22881,,,
30707,90405,114489.0,0.0914851336657793,0.69833364364178,0.0406206870826961,0.1482711029878026,0.0768025663023611,1940700.0,26809,,,
30708,90501,92815.0,0.1161497170338344,0.3869731800766283,0.0522519906096468,0.4311333768968271,0.2737965584839904,887300.0,41319,,,
30709,90502,98867.0,0.0704201002708465,0.365081608139617,0.0786132273379706,0.3620956166501048,0.3714806227227559,655200.0,18114,,,
30710,90503,119685.0,0.064735195271758,0.5538055325289368,0.0386619139018371,0.1512201809706608,0.4089205739877525,1058100.0,43764,,,
30711,90504,105474.0,0.0866997759069711,0.4534971803720226,0.0405149905465022,0.2600462171003271,0.3937756970078929,897100.0,33321,,,
30712,90505,110690.0,0.061503610363868,0.587489133011934,0.0277489116697093,0.1432944811122033,0.4093526190141834,1144000.0,35605,,,
30714,90601,102267.0,0.0895894909688013,0.311254662906014,0.0103373588868469,0.7078957731688107,0.0538855342609608,729000.0,30472,,,
30715,90602,67259.0,0.1300949861728988,0.2156753407682775,0.0182395538860705,0.7324090926693257,0.027378693412849,729300.0,25823,,,
30716,90603,121222.0,0.0369393139841688,0.3274792668478639,0.0044693286184372,0.5811600609007416,0.0559893914837188,781000.0,20361,,,
30717,90604,101104.0,0.0591154315960912,0.2336630638200359,0.0102341408908527,0.6818528112143837,0.0828381329676469,684400.0,39378,,,
30718,90605,100825.0,0.0915997228139516,0.2291674611952252,0.0113960840301856,0.7561696920252906,0.0502243524372832,662000.0,39224,,,
30719,90606,94904.0,0.1060692541856925,0.1757185681537647,0.0112292588061855,0.847087607038675,0.0488692324582039,623500.0,31881,,,
30720,90620,122582.0,0.0681759821963536,0.3258392550845381,0.0175987402110997,0.3887257405515832,0.2901344909771876,782000.0,46992,,,
30721,90621,94679.0,0.1071730195371882,0.3149606299212598,0.0205400867496851,0.4724499790121729,0.3544144396250175,734400.0,35735,,,
30722,90623,112366.0,0.0515463917525773,0.4881758241758241,0.0340295399830828,0.1722298132604593,0.5038063634589108,920200.0,15369,,,
30723,90630,124360.0,0.0664405547816607,0.4889573251209855,0.031433471199435,0.2184404317562796,0.3741349742762029,866400.0,49565,,,
30724,90631,102208.0,0.0910252081100524,0.3196992419417795,0.0206660351235152,0.5629818552794579,0.1224513590322815,757900.0,68615,,,
30725,90638,110606.0,0.0645604395604395,0.3957899252359357,0.0201688760554753,0.4596403727523297,0.2270639191494947,765100.0,45714,,,
30726,90639,,,0.6375,0.0449241540256709,0.2123687281213535,0.23512252042007,,1714,,,
30727,90640,74833.0,0.1276920551543007,0.2199995438060263,0.0043820498255294,0.7880873164002272,0.1323541345451594,660600.0,61615,,,
30728,90650,98709.0,0.097533801078021,0.2130797990419441,0.0396198714387747,0.6945182921990318,0.1323605269423061,616600.0,100808,,,
30729,90660,86956.0,0.0961096109610961,0.1575408031398076,0.0168362900971703,0.9052629848243204,0.0334095131615724,621400.0,60821,,,
30730,90670,87830.0,0.1079617658434167,0.2337621587700031,0.0172555464256368,0.7600109559024925,0.0816762530813475,624000.0,18255,,,
30731,90680,83150.0,0.1222348628491973,0.2258224649126765,0.0157751416319759,0.5025822404457103,0.2705874988262543,571300.0,31949,,,
30732,90701,97712.0,0.0887646227021468,0.3177855274629468,0.0506108202443281,0.3436798803290949,0.4293193717277487,763700.0,16044,,,
30733,90703,133300.0,0.0605454657898534,0.5687155174803848,0.06412656613245,0.1506161663957866,0.615405188553089,906500.0,48607,,,
30734,90704,91644.0,0.097986577181208,0.1988416988416988,0.0026567481402763,0.6030818278427205,0.0079702444208289,902800.0,3764,,,
30735,90706,77602.0,0.1318259051104431,0.2005745923628684,0.1126931624373352,0.6079254741847124,0.1173833273037366,661100.0,77396,,,
30736,90710,77486.0,0.1190975080446007,0.3217048061023097,0.1135302685140232,0.4790678567427269,0.2044291742913694,648600.0,26777,,,
30737,90712,119246.0,0.0429588039433309,0.3691759677036333,0.1012976004173187,0.3407668231611893,0.1700247782994262,779600.0,30672,,,
30738,90713,129397.0,0.0568575932737782,0.3220470155751185,0.0419480110555225,0.3326452786621418,0.119336668649197,808600.0,28583,,,
30739,90715,94796.0,0.0784788078188504,0.276577957363801,0.0815753822334043,0.43400425778982,0.2617089220050319,660900.0,20668,,,
30740,90716,76235.0,0.1804330392943063,0.1682507354605114,0.0426398893982391,0.7560212471803828,0.114312741031798,525100.0,13743,,,
30741,90717,92984.0,0.1286875945537065,0.371924269410911,0.0385102490735963,0.3405882077020498,0.1547445940241099,793600.0,21319,,,
30742,90720,134232.0,0.0680237915724218,0.5232911700316225,0.0355938553765455,0.244910703134757,0.1403355397360642,1166200.0,24021,,,
30743,90723,70912.0,0.1329662289653048,0.1312880869876926,0.0855821565866098,0.823240589198036,0.0282228904198226,500400.0,52546,,,
30744,90731,71936.0,0.1598905779059101,0.2537068286646416,0.0505508230320886,0.5689489527957471,0.0519599052071991,808800.0,62452,,,
30745,90732,118658.0,0.0784580897542965,0.482726853984339,0.039733379501385,0.3412828947368421,0.0970827562326869,785000.0,23104,,,
30746,90740,82427.0,0.0554729450640231,0.5099832792367464,0.0108686736116807,0.1245591009761299,0.1433844639488147,488400.0,24382,,,
30747,90742,119115.0,0.0,0.6979472140762464,0.0,0.1922077922077922,0.0207792207792207,1625000.0,385,,,
30748,90743,166023.0,0.0502092050209205,0.5702005730659025,0.0,0.0627615062761506,0.0606694560669456,2000001.0,478,,,
30749,90744,61440.0,0.1903346975388238,0.0944471096186135,0.0375945452513133,0.880714631692686,0.0299936659339021,596100.0,53678,,,
30750,90745,106457.0,0.0932532796557229,0.2763623153305885,0.0672280508006626,0.4415205687465489,0.3616786305908337,628400.0,57952,,,
30751,90746,113545.0,0.0904725246526632,0.3463115766589258,0.6029492080830148,0.1967595121063171,0.0921900600764609,682000.0,27465,,,
30752,90747,,,,0.2941176470588235,0.2941176470588235,0.0,,17,,,
30753,90755,102684.0,0.0902352839782814,0.3827889867350351,0.0753389394199416,0.3753217779303243,0.2482409473142268,730200.0,11654,,,
30754,90802,72152.0,0.1657493757325587,0.4378354345962082,0.1524875185027221,0.374720891141273,0.0753656639654783,546700.0,39859,,,
30755,90803,111500.0,0.0614941072107464,0.6110344313052561,0.0336750094327757,0.1851025028298327,0.0644258583825933,1138300.0,31804,,,
30756,90804,68940.0,0.191258591065292,0.298875990418279,0.1246802067561217,0.4798203936720096,0.1247324178979794,673600.0,38306,,,
30757,90805,68615.0,0.1942880856361527,0.175008721364852,0.1796874174424871,0.5882533207933975,0.1149200579091418,588500.0,94631,,,
30758,90806,73674.0,0.1631791716457755,0.2194759890150671,0.1381467026918843,0.5270189132392675,0.1755478835184629,699800.0,39972,,,
30759,90807,95079.0,0.08019585183383,0.4523031080577743,0.1430372148859544,0.28484393757503,0.1486794717887155,832200.0,33320,,,
30760,90808,131959.0,0.0485261578371779,0.4632539458850056,0.0408884145256791,0.2644151355746995,0.1116108866356636,900100.0,39351,,,
30761,90810,82222.0,0.1485156888726001,0.2121603617425007,0.0748990125673249,0.5476043536804309,0.2598743267504488,594200.0,35648,,,
30762,90813,50302.0,0.2450074108744832,0.1589583333333333,0.1082628799164232,0.6412002553734837,0.1187099769776935,543700.0,51689,,,
30763,90814,98070.0,0.1168602948354974,0.5586407766990291,0.0592958018959179,0.3037821628941768,0.0627781002128071,898700.0,20676,,,
30764,90815,116567.0,0.0794530672579453,0.5347461460834464,0.0667034812820689,0.2436897448286969,0.1158509928441591,890500.0,43461,,,
30765,90822,,0.6666666666666666,0.5444444444444444,0.1935483870967742,0.1827956989247312,0.1397849462365591,,93,,,
30768,91001,133840.0,0.0715491710260455,0.5209758238542848,0.2028459974726663,0.2943244876655129,0.0558485797483654,1085000.0,36402,,,
30769,91006,127511.0,0.0767285781176837,0.5573528774014485,0.009499781972217,0.2004298262007101,0.563788699931477,1187600.0,32106,,,
30770,91007,101762.0,0.0699560453166594,0.5350468253640827,0.0145740925138046,0.1608279774297697,0.5485350472224737,1231100.0,33141,,,
30771,91008,137500.0,0.0490716180371352,0.593167701863354,0.0318302387267904,0.1445623342175066,0.3700265251989389,1704200.0,754,,,
30772,91010,98189.0,0.0746931313658918,0.3093859779328088,0.0477885850614791,0.5621214901816847,0.1554780693705267,691600.0,27245,,,
30773,91011,221451.0,0.0358672910232141,0.7547268907563025,0.0081118741913008,0.0891808500049766,0.3097442022494276,2000001.0,20094,,,
30774,91016,99555.0,0.1012051096649795,0.4390138119703743,0.0561496044114121,0.4320306880843922,0.1549988012467034,874100.0,41710,,,
30775,91020,60899.0,0.1465022935779816,0.5090875023421397,0.0105987611837577,0.1829318651066758,0.1973847212663455,880700.0,7265,,,
30776,91024,141094.0,0.0483709044446472,0.6541440295919547,0.0519963702359346,0.1683303085299455,0.1704174228675136,1172200.0,11020,,,
30777,91030,128105.0,0.0511731159337084,0.726824405854887,0.0336920561280754,0.2055747803932007,0.3224322166026543,1545100.0,26297,,,
30778,91040,104719.0,0.0791241013999243,0.313511176979128,0.0341015114760216,0.2219630528083597,0.0881227841015114,787000.0,21436,,,
30779,91042,81707.0,0.1141813029048737,0.2906687478659577,0.0153021622620587,0.2688227684346701,0.0864535206061726,801800.0,27055,,,
30780,91046,,0.0,0.1338028169014084,0.0,0.0,0.176056338028169,,142,,,
30781,91101,94180.0,0.1829321663019693,0.6266310966769124,0.0703853175747093,0.2743826270779283,0.2203324685307965,687300.0,20814,,,
30782,91103,84683.0,0.1851098285097371,0.3765520272497528,0.1436772380570052,0.4505820955439582,0.1240465676435166,960000.0,24910,,,
30783,91104,103052.0,0.1237323664381621,0.5134774486255671,0.0640539401601348,0.3885939036381514,0.0989464812473662,1022600.0,35595,,,
30784,91105,156835.0,0.0757946210268948,0.7330201605010765,0.026781444285031,0.1563845050215208,0.1855571496891439,1615700.0,12546,,,
30785,91106,89213.0,0.12612533869417,0.6320387269085244,0.0490588792695007,0.3140801998535555,0.2061420510832579,966700.0,23217,,,
30786,91107,124880.0,0.0677779476984248,0.5891799189273464,0.0447729480330257,0.2879431762991744,0.2485126274890723,1106600.0,32944,,,
30787,91108,186023.0,0.0584082156611039,0.801729873586161,0.0032092426187419,0.0722079589216944,0.6831675224646984,2000001.0,12464,,,
30788,91125,,0.2679738562091503,0.2788461538461538,0.0227272727272727,0.1126033057851239,0.2324380165289256,,968,,,
30789,91201,74980.0,0.1515713316753335,0.3442509150574277,0.0078163604510129,0.1881317101657607,0.0569606037464624,1060500.0,22261,,,
30790,91202,92343.0,0.1076957797336944,0.4857576465094559,0.021520352232905,0.1161829454578129,0.1180699074490071,1094500.0,22258,,,
30791,91203,77925.0,0.2047497570456754,0.4579431898654497,0.0237835214173037,0.1814706953039679,0.1854143914573474,661300.0,16482,,,
30792,91204,72906.0,0.1322961431757602,0.3590739041434319,0.0250437735448612,0.371571072319202,0.1459118162041704,747400.0,18847,,,
30793,91205,59005.0,0.1936468623102842,0.3910525112415212,0.0177701347090856,0.2515907136715391,0.1221553453711665,763100.0,34890,,,
30794,91206,86684.0,0.1382022471910112,0.465230521441514,0.0151562016702752,0.1466749149396845,0.1216826476956387,1094100.0,32330,,,
30795,91207,108196.0,0.0467836257309941,0.5109120726630504,0.0039525691699604,0.0716167890080933,0.0874270656879352,1246300.0,10626,,,
30796,91208,131229.0,0.0675561888723362,0.6204107031736155,0.003879226740803,0.1286610202366328,0.1312471713971681,1276300.0,15467,,,
30797,91210,102721.0,0.374251497005988,0.6306620209059234,0.0,0.0,0.2934131736526946,902800.0,334,,,
30798,91214,131716.0,0.0456820629791547,0.5916887463394227,0.0082316207777462,0.1385813858138581,0.2695619263884946,1088200.0,31707,,,
30799,91301,166912.0,0.0558457046510671,0.6573972365150026,0.0064550394247661,0.1489561629284634,0.0742738080647138,1096600.0,24477,,,
30800,91302,167470.0,0.0910169102456194,0.7091319673936991,0.0259874069834001,0.0722381224957069,0.1080328181644724,1674900.0,26205,,,
30801,91303,76051.0,0.1781431531745762,0.246952988972722,0.0432897500169365,0.5679493259264278,0.1068017072014091,645300.0,29522,,,
30802,91304,82289.0,0.1191120126211404,0.336036106956362,0.0419005837082202,0.4166449789939398,0.1675093876640517,847600.0,53794,,,
30803,91306,88958.0,0.1915390713004297,0.3085820448279995,0.0338543288291093,0.4734001702056998,0.1996180750150486,719900.0,48177,,,
30804,91307,136154.0,0.0661779043013688,0.5103628382508196,0.0437207140920884,0.1528095109011346,0.1558687991325562,907000.0,25823,,,
30805,91311,117574.0,0.0761307657859382,0.4491843995435322,0.0660798382523362,0.2883842493281061,0.1849002638262198,837300.0,40557,,,
30806,91316,90802.0,0.0862682076181358,0.5773991747637428,0.0158312247828762,0.1179648498940026,0.0608630240032825,909700.0,29246,,,
30807,91320,150861.0,0.064081951398778,0.5331758285638227,0.0226689282112404,0.1854542954066196,0.1135509305950307,917700.0,43628,,,
30808,91321,93281.0,0.0960629431521333,0.3127301917083766,0.0233868005387535,0.5366413615770785,0.0729766131994612,654300.0,32668,,,
30809,91324,99834.0,0.11714441342684,0.3811736526946108,0.0510674347678753,0.3962046763808878,0.1989833954591663,869200.0,29510,,,
30810,91325,92602.0,0.1607358089881191,0.4248433821475599,0.0519421346394805,0.3616300261988837,0.1565383301059346,900200.0,35116,,,
30811,91326,148636.0,0.0624560834549483,0.5626573840912458,0.0772364303442322,0.1380435955541167,0.3076777813747707,1011100.0,37068,,,
30812,91330,,1.0,0.7522935779816514,0.0945580856812041,0.2832883056734851,0.2242377460439984,,2591,,,
30813,91331,82025.0,0.1690217169031941,0.1122911860785558,0.0191256830601092,0.8744889698441611,0.0462659380692167,609300.0,98820,,,
30814,91335,77164.0,0.1325566237575362,0.2974713514537361,0.04173685195583,0.5150664420737413,0.1277505949038795,700400.0,74802,,,
30815,91340,79124.0,0.1262296065259117,0.1412135264009799,0.0182222222222222,0.910548148148148,0.0192592592592592,624900.0,33750,,,
30816,91342,95480.0,0.1271917015500102,0.2010924796747967,0.0341984536909306,0.7441746067391699,0.0741394244650476,641100.0,93513,,,
30817,91343,81719.0,0.182386651210632,0.2640453574847213,0.0388754524648173,0.5842193257259727,0.1364942295518366,751000.0,61607,,,
30818,91344,116647.0,0.0691299392097264,0.3737725769524294,0.0250525841346153,0.3104905348557692,0.1788987379807692,872000.0,53248,,,
30819,91345,96345.0,0.0878686700055648,0.2138236790464423,0.0257630456186412,0.6600481347773767,0.1082485504868176,654100.0,18282,,,
30820,91350,135612.0,0.0636487327906279,0.4068865680901665,0.0441530455514545,0.3115701153114326,0.1289745764654638,733000.0,43621,,,
30821,91351,112888.0,0.0904098140465032,0.2478078700704073,0.0412481745298483,0.4928322355676094,0.0628855840014305,589400.0,33553,,,
30822,91352,74621.0,0.1354148395018417,0.1751449410884608,0.0223387428769527,0.6806924793621216,0.048924230277555,700100.0,46153,,,
30823,91354,148818.0,0.0505527301519627,0.5387905537607499,0.0544178589794004,0.1984028555007713,0.2006110287667503,803000.0,33059,,,
30824,91355,109348.0,0.0919319916231853,0.4949018126888218,0.0249157313132015,0.1989436007922994,0.1143969142023143,744300.0,28777,,,
30825,91356,110094.0,0.089998363070879,0.5551596784705627,0.0553085137459833,0.165536044662274,0.0798467980135674,1177200.0,30809,,,
30826,91360,116729.0,0.0843263513680211,0.4389441160666308,0.0201347040056717,0.2496986884083658,0.0766631218244121,887000.0,42315,,,
30827,91361,131911.0,0.0683976181535325,0.5959877403176372,0.0087569414780008,0.1130392994446817,0.0757155061939342,1328900.0,18728,,,
30828,91362,143683.0,0.0907001854979373,0.55711194624758,0.0196934125120839,0.1588730838282005,0.092915343184643,1078100.0,36205,,,
30829,91364,134534.0,0.0665914221218961,0.5505130799248447,0.0494033912497383,0.1359291047379806,0.1005861419300816,1162000.0,28662,,,
30830,91367,109629.0,0.1094139169917785,0.5785165336709756,0.0742069694234706,0.143042683866423,0.1449578444537389,1005900.0,45427,,,
30832,91377,160484.0,0.0326359216148519,0.6319338699151621,0.0032220269478617,0.0780609256004686,0.1802870533099004,1017100.0,13656,,,
30833,91381,146706.0,0.0466669716795534,0.536030428769018,0.0637324426957039,0.2178707050372878,0.2270210916411218,1029300.0,21857,,,
30834,91384,129603.0,0.0449676943757859,0.3172342844766906,0.0493804531123982,0.4282572036073026,0.0868098834225383,693600.0,27278,,,
30835,91387,114378.0,0.1009890681936491,0.3377376297694485,0.0597195514551779,0.4306548840827086,0.1015707711254672,695000.0,46283,,,
30836,91390,143963.0,0.0507627847013321,0.4113154382322408,0.0199230851404764,0.2632731545775024,0.0596090161307552,843200.0,18722,,,
30837,91401,75933.0,0.1591644828117774,0.3884359312137287,0.0480377329471174,0.4451564943221143,0.0483453384942708,988500.0,39011,,,
30838,91402,56369.0,0.2007980337419589,0.1883972244340803,0.025303552690751,0.6959076600209864,0.146499775146155,586500.0,66710,,,
30839,91403,114348.0,0.083352890557772,0.6820515376563824,0.0577720409919424,0.1603692403974028,0.0747477118047406,1467900.0,25566,,,
30840,91405,61207.0,0.2068952815941655,0.2584413214090162,0.0414670140470421,0.600506495162789,0.0913331025561608,698100.0,54887,,,
30841,91406,76653.0,0.1797104210325776,0.2866907157774824,0.0399726552856953,0.5809992214352178,0.0793376502535083,765000.0,52661,,,
30842,91411,77582.0,0.1719080281264829,0.3694289897510981,0.0664965986394557,0.4730442176870748,0.096641156462585,973300.0,23520,,,
30843,91423,112119.0,0.0665946279715961,0.6293992659841607,0.0459491025325793,0.1408593557905089,0.0524342267027292,1323500.0,32536,,,
30844,91436,174803.0,0.0672818381813737,0.7083546462063086,0.0189357038480272,0.0865806137359961,0.0486483195323916,1894600.0,16424,,,
30845,91501,85419.0,0.1322959210050147,0.4387438249823571,0.0187664788295507,0.1588688414413483,0.0938840924365403,1011600.0,19343,,,
30846,91502,61443.0,0.1490196078431372,0.4259408447462308,0.0452608250937606,0.2609955676781452,0.1519774974428912,946600.0,11732,,,
30847,91504,103164.0,0.1037273537273537,0.4546773775589531,0.048848467067625,0.2484964060437142,0.1073786122927974,1046200.0,27268,,,
30848,91505,106364.0,0.0840018876828692,0.4693084693084693,0.0317809251640863,0.2935024966240618,0.1039788964607606,992300.0,31843,,,
30849,91506,107171.0,0.0943732771201556,0.4712347354138398,0.0156607894316305,0.2525435465828584,0.148724231609226,1055600.0,18773,,,
30850,91601,77540.0,0.1549910535162392,0.5066579499707532,0.1040153376718062,0.3294899144006696,0.0797126886830664,961700.0,37033,,,
30851,91602,97994.0,0.0839574898785425,0.5501678478179783,0.0683198380566801,0.1955465587044534,0.091244939271255,1104400.0,19760,,,
30852,91604,141317.0,0.0743869124250321,0.6470729944591664,0.046142350084065,0.1071361853166448,0.0826016563920543,1698900.0,32118,,,
30853,91605,64539.0,0.1695820433436532,0.216520161852937,0.0169911300541412,0.6210114042161041,0.0787543677763698,729900.0,52086,,,
30854,91606,66884.0,0.1822188024622272,0.2699974525538148,0.0457386232118883,0.5284014628952364,0.0468728299615758,801300.0,43202,,,
30855,91607,84925.0,0.1294106083936703,0.5169273578144103,0.0727084546219031,0.2138883498285788,0.0753282877288311,1019300.0,30918,,,
30856,91608,,0.0,1.0,0.0,0.2368421052631578,0.0,,38,,,
30857,91701,113576.0,0.047971918876755,0.3616090948841277,0.0466875663911703,0.3752105085887504,0.1254242557711739,718800.0,38597,,,
30858,91702,87577.0,0.118191196698762,0.2423994648033895,0.0220671566881455,0.681297153773921,0.1290677719133504,604600.0,61766,,,
30859,91706,79473.0,0.1310310873540582,0.1439343718926085,0.0075677185143814,0.7316531695057247,0.2177324769617425,589900.0,71620,,,
30860,91708,104242.0,0.0906788858073073,0.361191414805081,0.1351975964871735,0.3569447654263924,0.2861682458978507,642500.0,17308,,,
30861,91709,122784.0,0.0686303387334315,0.4828101644245142,0.0458695652173913,0.2809335038363171,0.3969565217391304,829900.0,78200,,,
30862,91710,104205.0,0.0714452881214895,0.262197762540599,0.0484872671039832,0.5915122340558202,0.1470206769261467,645200.0,80186,,,
30863,91711,121970.0,0.0572432762836185,0.5928384630858982,0.0546912462038467,0.2748148542809953,0.1466513932548351,870300.0,37538,,,
30864,91722,98033.0,0.0771290683302925,0.2267831149927219,0.0347639862704256,0.6446445859125179,0.1518467450934373,626100.0,34087,,,
30865,91723,87363.0,0.0960555555555555,0.249441491410523,0.0441208791208791,0.6301098901098902,0.1095054945054945,663800.0,18200,,,
30866,91724,102129.0,0.0794380860698113,0.3551844466600199,0.0478426350798563,0.5459751716287838,0.1449863052680254,722600.0,28113,,,
30867,91730,89654.0,0.1013792620597913,0.3248,0.0969285275902471,0.4318891926574792,0.1390531719020253,595400.0,71692,,,
30868,91731,60887.0,0.183798722274065,0.1517766767886633,0.0031292226726406,0.6495981793613541,0.2833368892681886,614000.0,28122,,,
30869,91732,67172.0,0.1684954208460532,0.1527560643501941,0.0075444398511781,0.6510954940057875,0.2909260024803637,628400.0,58056,,,
30870,91733,67245.0,0.1944686200560874,0.1129311257810569,0.0073832582222648,0.7111180362450858,0.2429763160418065,601600.0,41716,,,
30871,91737,116903.0,0.1006947498021282,0.4099390356549048,0.0575952976268807,0.3289906566653507,0.1471684870816335,843500.0,22797,,,
30872,91739,141475.0,0.0613452914798206,0.4490119146179043,0.0953214131633191,0.3414505536647332,0.1955563012319639,860200.0,41722,,,
30873,91740,98819.0,0.105008717704866,0.3102344827586207,0.02782874617737,0.4861620795107033,0.1049311926605504,702000.0,26160,,,
30874,91741,127063.0,0.0425597178022315,0.4731247934794581,0.0238477413437285,0.3008102117251395,0.1294045708170909,923700.0,26166,,,
30875,91744,92624.0,0.1000012866866532,0.1318668815776998,0.0112966915006453,0.7897716381480582,0.1419114922111612,585900.0,78253,,,
30876,91745,106611.0,0.1110359701710776,0.3601860739865613,0.0089279220306931,0.4292857662375445,0.4144846897956215,778700.0,54996,,,
30877,91746,84967.0,0.1194964054508387,0.1638498851161603,0.0146871460928652,0.8333805209513023,0.1187358437146092,603400.0,28256,,,
30878,91748,83455.0,0.1175498230582976,0.3500773275595422,0.0143728122029812,0.3087604608572687,0.5947330597862623,781500.0,43137,,,
30879,91750,104827.0,0.0780425298227415,0.4142370628789766,0.0395286620374545,0.3599062133645955,0.0994980010220338,789100.0,33267,,,
30880,91752,113450.0,0.0868379541747988,0.2264851485148515,0.0664429708929189,0.6083193523474741,0.0992516843759154,647600.0,37551,,,
30881,91754,81890.0,0.1316147771625669,0.3752917441354484,0.007927417410176,0.2992223293947432,0.6099590065107307,845000.0,33176,,,
30882,91755,74362.0,0.1323838252701515,0.3171893608574831,0.0054897209707341,0.2257221822587362,0.6884110097300572,761900.0,26413,,,
30883,91759,118750.0,0.0206896551724137,0.6216216216216216,0.0344827586206896,0.1068965517241379,0.0,339700.0,290,,,
30884,91761,97396.0,0.0864718336969074,0.2136801014445908,0.0559946245160464,0.6643042267942277,0.0916552011006943,590000.0,62506,,,
30885,91762,76289.0,0.1287491668518107,0.2130759208812033,0.047945205479452,0.6856855598843785,0.0988594947844665,568700.0,63656,,,
30886,91763,77627.0,0.1652945924132365,0.1801182340363087,0.0493136078901772,0.7224043715846995,0.09828068772491,550000.0,37515,,,
30887,91764,75605.0,0.1682942826950406,0.1837671408615332,0.0760124160831588,0.7046849057965784,0.0594456074496499,524100.0,55412,,,
30888,91765,104737.0,0.1014953438395415,0.5334724914268675,0.0345251122177806,0.1714643024632082,0.6042117957078095,878900.0,44779,,,
30889,91766,77699.0,0.1278539486695101,0.1992628119726441,0.0484761114266159,0.7197442954290624,0.1331236439357535,568300.0,68673,,,
30890,91767,80201.0,0.1523257452247247,0.2140919011384415,0.055637274389759,0.6935477458853463,0.0907609127772918,585100.0,50308,,,
30891,91768,76313.0,0.1525016593444799,0.1411244828883038,0.0417800177543598,0.7388104578906675,0.0849059305289081,536500.0,34921,,,
30892,91770,73757.0,0.1278556839051852,0.2306298552759721,0.0052977433650858,0.2851612245937547,0.6528959299067801,712700.0,58893,,,
30893,91773,105926.0,0.0917280672970796,0.4037358676060953,0.032579532387888,0.3709349293864434,0.1754577350591149,754700.0,33917,,,
30894,91775,113703.0,0.0988664450694622,0.5167861613747582,0.0136692462987886,0.2497476446837146,0.5153095558546433,1042600.0,23776,,,
30895,91776,79926.0,0.1317871028287974,0.2933095450490633,0.0112526145780931,0.2879610262384495,0.5971563981042654,816400.0,37769,,,
30896,91780,101746.0,0.0995394358088658,0.4256361247162824,0.0036429872495446,0.1933913934426229,0.6451502732240437,922900.0,35136,,,
30897,91784,157118.0,0.0515763583513453,0.4870820278391288,0.0385130111524163,0.270631970260223,0.1291449814126394,853900.0,26900,,,
30898,91786,86961.0,0.1077650481905801,0.3004381888195458,0.0674723968371188,0.4978655955618797,0.0844575730830886,607100.0,55519,,,
30899,91789,125742.0,0.0766633224851347,0.5315669496844957,0.0203747587521071,0.1843256052573718,0.667432145212909,936800.0,40933,,,
30900,91790,100142.0,0.0909788521001196,0.2343860551874959,0.0285771695206626,0.6128686566497734,0.2275233863945882,695700.0,44791,,,
30901,91791,100365.0,0.0976451359041104,0.3426437941473259,0.0293208487140241,0.5148705020857718,0.3012814741454338,782500.0,33321,,,
30902,91792,96383.0,0.1106707812246223,0.3353380798655641,0.0655218136541509,0.4247275314511173,0.4154134730442094,653800.0,30921,,,
30903,91801,85549.0,0.1148393638394952,0.4056010069225928,0.02821514982319,0.3293318444072213,0.5110552763819095,797000.0,53730,,,
30904,91803,84537.0,0.1372017353579175,0.3661189095961289,0.0164370751357767,0.3927993382009135,0.5013128079703629,831800.0,27803,,,
30905,91901,116600.0,0.1016248967226659,0.3038180971597082,0.0150273224043715,0.1856284153005464,0.0252459016393442,804000.0,18300,,,
30906,91902,121727.0,0.058552593701422,0.424428890085378,0.0146173688736027,0.4723989681857266,0.1310977357408999,916100.0,17445,,,
30907,91905,70450.0,0.2085755813953488,0.1214953271028037,0.0061391541609822,0.1930422919508867,0.0081855388813096,387800.0,1466,,,
30908,91906,58561.0,0.151252983293556,0.109375,0.0296296296296296,0.301037037037037,0.0044444444444444,327900.0,3375,,,
30909,91910,87705.0,0.1034947980177983,0.2862675606057838,0.0355195813076439,0.6430339802711751,0.1014918480700899,676700.0,77957,,,
30910,91911,79334.0,0.1055640924847228,0.1945314130661657,0.0363511740861981,0.7473971566669424,0.0699961001666292,602000.0,84619,,,
30911,91913,129412.0,0.0577356232842964,0.4018048165011794,0.0791000052569786,0.4731806473093031,0.2527204864457567,750000.0,57067,,,
30912,91914,164398.0,0.0368235294117647,0.4801193715439305,0.0310518901150504,0.5233622916177506,0.1782695468419816,960000.0,17036,,,
30913,91915,138283.0,0.0599528556417028,0.5102886278794501,0.0806273844849512,0.4353539635438745,0.2235975695916348,719600.0,35385,,,
30914,91916,110833.0,0.022400919012062,0.224960254372019,0.0,0.1605008537279453,0.002276607854297,615700.0,1757,,,
30915,91917,157941.0,0.3498312710911136,0.2888888888888888,0.0168728908886389,0.3689538807649044,0.0,756500.0,889,,,
30916,91931,49808.0,0.0775510204081632,0.1985428051001821,0.0,0.2802721088435374,0.0,,735,,,
30917,91932,79071.0,0.152487899322362,0.2370825812274368,0.0449472911920299,0.5075877514770051,0.0608950843727072,811000.0,25897,,,
30918,91934,50797.0,0.4507389162561576,0.17293997965412,0.0,0.4466403162055335,0.0,353000.0,1265,,,
30919,91935,138953.0,0.0334288443170964,0.3224471700901433,0.0080287344179167,0.2409676737798436,0.0138390027466723,845400.0,9466,,,
30920,91941,111607.0,0.0701602295826856,0.4587480196612097,0.0669317035542633,0.261170118079867,0.0466385806681303,884800.0,33706,,,
30921,91942,81262.0,0.1265425173883778,0.3823896822985246,0.0698435972629521,0.2701368523949169,0.0665933528836754,689300.0,40920,,,
30922,91945,79381.0,0.1025433695971773,0.2034638709014287,0.1467436707711307,0.4404852711488867,0.0836874795684864,640500.0,27531,,,
30923,91948,,0.1300813008130081,0.6923076923076923,0.0,0.0,0.0,273400.0,123,,,
30924,91950,63858.0,0.1428316912825812,0.1645829589505301,0.0416805135291133,0.6694243786402673,0.1627866300526472,580700.0,57173,,,
30925,91962,140270.0,0.0792807519411524,0.4100978876867594,0.0073260073260073,0.1412291412291412,0.0,496800.0,2457,,,
30926,91963,25208.0,0.492706645056726,0.2492668621700879,0.0,0.8978930307941653,0.0,,617,,,
30927,91977,92407.0,0.1038032965100478,0.2628580883048123,0.1175881951173022,0.4638245151452578,0.0696348301221468,623500.0,62957,,,
30928,91978,111506.0,0.1338672768878718,0.3058725299192875,0.1136904195604604,0.3671391875178385,0.0610788697554942,597300.0,10511,,,
30929,91980,,0.0,0.2716049382716049,0.0,1.0,0.0,,157,,,
30930,92003,110577.0,0.1671726371179923,0.4465875370919881,0.0026114905584572,0.2631578947368421,0.0220972278023302,910600.0,4978,,,
30931,92004,71582.0,0.0244385733157199,0.2883116883116883,0.0003300330033003,0.3346534653465347,0.0003300330033003,380900.0,3030,,,
30932,92007,165063.0,0.1357531451887113,0.6869125090383225,0.0039102346140768,0.2103876232573954,0.0368072084325059,1808200.0,11764,,,
30933,92008,105371.0,0.0803390321645899,0.5562855891371004,0.0093117262785577,0.1864510773450752,0.0674197856137438,1142300.0,27707,,,
30934,92009,162128.0,0.0616558884342967,0.6437523737181922,0.0126043077460789,0.1601205819389226,0.0862204552405085,1219600.0,45778,,,
30935,92010,120612.0,0.0824322753168236,0.5523997694904091,0.0063583815028901,0.1593063583815029,0.125664739884393,1016400.0,17300,,,
30936,92011,154985.0,0.0620004229223937,0.6742611562463205,0.0085178157284419,0.1657179000632511,0.115707358212102,1188400.0,23715,,,
30937,92014,194528.0,0.039764581604165,0.8351803155522164,0.0140271493212669,0.0965309200603318,0.0583710407239819,2000001.0,13260,,,
30938,92019,99266.0,0.1057650153441473,0.336109940686481,0.0172266981070282,0.213270452610205,0.0321172026811641,727400.0,45801,,,
30939,92020,72822.0,0.166216710501106,0.2601410710193272,0.0578389468285176,0.2822875705248761,0.0402120020516327,741600.0,58490,,,
30940,92021,69979.0,0.181937977686023,0.2208421690396849,0.0620869765965428,0.2820823593916832,0.0500389576660029,572000.0,69306,,,
30941,92024,149080.0,0.0580314849529338,0.6676764455782312,0.0065360783529882,0.1440535678592844,0.0466320207875274,1409700.0,50030,,,
30942,92025,71716.0,0.1687155832808404,0.284821560787798,0.0246573152699516,0.5338288774327619,0.0545897774047876,767400.0,50046,,,
30943,92026,97301.0,0.1123980393270122,0.333219939814209,0.0184951264116438,0.3995399785071925,0.0782979204766124,664300.0,53041,,,
30944,92027,86106.0,0.1192593271610596,0.2372964435488263,0.0186848203939745,0.5657770857473928,0.0637673812282734,665900.0,55232,,,
30945,92028,102346.0,0.1130297654247979,0.3539528833646481,0.0166584814851193,0.421726745899224,0.0386995383557607,781200.0,50905,,,
30946,92029,120038.0,0.0500677268850649,0.4655859860121576,0.0177867560110366,0.235218762317698,0.0900177374852187,911600.0,20296,,,
30947,92036,71875.0,0.1037085658024286,0.3679637325273895,0.0140664961636828,0.1828644501278772,0.0,544700.0,3128,,,
30948,92037,141822.0,0.0861901681759379,0.7555837384626224,0.0108186539048976,0.1313257305773343,0.1187760920476529,1857800.0,39284,,,
30949,92040,103585.0,0.0888068231777015,0.2531735982597967,0.0174648745051981,0.2196050284918874,0.0167688894688764,648800.0,45978,,,
30950,92054,76974.0,0.1333564623308692,0.3619567130036952,0.0325201086667021,0.4085122250039951,0.0384328556970116,851100.0,37546,,,
30951,92055,,,0.103568320278503,0.0912261872819962,0.3232269027815043,0.0516054020212861,,11181,,,
30952,92056,102570.0,0.0469718735823378,0.3854917644582434,0.0241058856660095,0.3104477611940298,0.0829062235989862,696400.0,53265,,,
30953,92057,106421.0,0.0730479896238651,0.3216409943571755,0.0497982549918957,0.3975928544332172,0.0868365693002724,691900.0,57994,,,
30954,92058,72479.0,0.0848105098879597,0.2625139043381535,0.0629815609180914,0.4289373640448067,0.0512512960214682,609000.0,49189,,,
30955,92059,96399.0,0.1434511434511434,0.1401425178147268,0.0048309178743961,0.5031055900621118,0.028295376121463,506600.0,1449,,,
30956,92060,150758.0,0.1099830795262267,0.1492007104795737,0.0,0.065989847715736,0.0,625000.0,591,,,
30957,92061,92500.0,0.0928994082840236,0.4292134831460674,0.0011813349084465,0.1683402244536326,0.0236266981689308,785100.0,1693,,,
30958,92064,144201.0,0.0520569027910652,0.5350481566619141,0.0250231696014828,0.1678920811450931,0.1323241684687467,971600.0,48555,,,
30959,92065,120550.0,0.0554944612826221,0.2947465935847454,0.009198598818087,0.3059068909270797,0.0163382089472417,731500.0,37397,,,
30960,92066,43542.0,0.2070063694267516,0.2167300380228136,0.0286624203821656,0.0,0.0,364000.0,314,,,
30961,92067,238397.0,0.0311704063068526,0.7365279672578445,0.0098241358399029,0.1534263189812007,0.0988477865372953,2000001.0,8245,,,
30962,92069,93065.0,0.1176836061359156,0.349330902223814,0.0130912973838761,0.4600320341697811,0.1098131340096102,714700.0,46825,,,
30963,92070,83750.0,0.1281708945260347,0.3608768971332209,0.0026702269692923,0.2002670226969292,0.0066755674232309,482900.0,749,,,
30964,92071,105603.0,0.0850830433813825,0.3311197021084837,0.0191332295485361,0.2176132844540417,0.0544870185306081,654800.0,59739,,,
30965,92075,146210.0,0.0587695898632877,0.7111525386555544,0.0077525841947315,0.1235411803934644,0.0512670890296765,1937900.0,11996,,,
30966,92078,114905.0,0.0844742264071014,0.4832884479092842,0.0126816331104553,0.282563221396287,0.1025176496955661,874000.0,53542,,,
30967,92081,102663.0,0.0858793813362859,0.3861601742075974,0.0383159886471144,0.3018313285579132,0.076023786998243,774800.0,29596,,,
30968,92082,118602.0,0.0903703703703703,0.3154874378892854,0.0183045251505146,0.3828413284132841,0.0286463390949698,779500.0,20596,,,
30969,92083,82614.0,0.111383239271643,0.1980279039319177,0.022762599783966,0.6214400505835551,0.036541349421714,607400.0,37957,,,
30970,92084,97410.0,0.0947736474052263,0.270926477893691,0.0217027032483394,0.4861203642016433,0.0369854440474027,745800.0,49533,,,
30971,92086,68224.0,0.184112843355605,0.3729508196721312,0.0049645390070921,0.2581560283687943,0.0496453900709219,430100.0,1410,,,
30972,92091,86705.0,0.1078189300411522,0.7488015340364333,0.0,0.1094650205761317,0.1152263374485596,1695100.0,1215,,,
30973,92092,,,1.0,0.0304568527918781,0.3228426395939086,0.1898477157360406,,985,,,
30974,92093,,,0.9417808219178082,0.032762836185819,0.3024449877750611,0.2755501222493887,,4090,,,
30976,92101,90477.0,0.1680500630133414,0.5730823199251637,0.0759504183709486,0.2351182442954135,0.0949691672030396,740500.0,48163,,,
30977,92102,71319.0,0.1536597313532884,0.2927429726253904,0.0854593471962257,0.5557036999051307,0.0586908027999282,646600.0,39001,,,
30978,92103,96887.0,0.0919074807737124,0.6331754178181339,0.0229485596116839,0.1996151305396789,0.0698222132866128,986800.0,34817,,,
30979,92104,92862.0,0.0988252883383169,0.5548689138576779,0.0694278649386084,0.308087482946794,0.055700034106412,861600.0,46912,,,
30980,92105,65174.0,0.2175358198611052,0.2139884491251911,0.1284860557768924,0.4895348184725885,0.184585601256944,593800.0,71284,,,
30981,92106,127209.0,0.0955046929030133,0.6269382576825486,0.0193644250587163,0.1610027321094761,0.0433302976561376,1359000.0,20863,,,
30982,92107,107262.0,0.0805054026996237,0.616081145792521,0.0185303299875793,0.1624089428983853,0.0287354392561012,1218200.0,29789,,,
30983,92108,101704.0,0.1107872916837698,0.5824420205443186,0.0610630711856071,0.2403999836072292,0.1229867628375886,606600.0,24401,,,
30984,92109,118300.0,0.0861975642760487,0.7030191174039998,0.017635414792154,0.122323195969048,0.0375877271909303,1136000.0,44456,,,
30985,92110,102508.0,0.1523237010475989,0.5387015934559554,0.0468158789200282,0.1829346501635349,0.0716667735522349,885200.0,31186,,,
30986,92111,95081.0,0.1018090795312322,0.433852317217518,0.0400758368200836,0.2728164225941422,0.1958028242677824,754300.0,45888,,,
30987,92113,59177.0,0.2150886783534392,0.1101766738379294,0.0971313230166982,0.7778865170142925,0.0335392582624829,559100.0,49047,,,
30988,92114,90171.0,0.11836709235783,0.2033440485757656,0.1632829373650108,0.4373804381363776,0.2348966368404813,604300.0,64820,,,
30989,92115,75178.0,0.2068751828963902,0.3850713501646542,0.0969052194154129,0.3037759135148646,0.1277124244270516,722500.0,64011,,,
30990,92116,95775.0,0.0920575319798892,0.583932537740466,0.0436094524202769,0.2960869012831915,0.0619362215728624,898500.0,31484,,,
30991,92117,105286.0,0.1040045657757062,0.5070724608078435,0.0196030012346851,0.2521606990217495,0.0856491594643366,914400.0,52645,,,
30992,92118,135056.0,0.0478538812785388,0.6600229095074456,0.020978642876453,0.1905379832387131,0.0365504190321708,1998900.0,18495,,,
30993,92119,115600.0,0.058844896476571,0.5552436559622727,0.0351455686022197,0.1747627473057744,0.0824754704841563,833100.0,24868,,,
30994,92120,114579.0,0.0954475899005355,0.5724093443302769,0.063307859232003,0.1967795703997232,0.0697550083341195,870200.0,31797,,,
30995,92121,135795.0,0.1677496991576414,0.7491995731056563,0.0199663218667308,0.1436131825835939,0.2583593937936012,1091600.0,4157,,,
30996,92122,98825.0,0.2088188765847463,0.7434261866793336,0.0105420692387261,0.1342518212029843,0.2770429385742897,1005000.0,45437,,,
30997,92123,121856.0,0.0810894459919529,0.4761310711909514,0.0589411800357586,0.2183702536440498,0.2191884602563714,799600.0,32999,,,
30998,92124,108219.0,0.0546532611497808,0.5544119799034194,0.0571990203660737,0.2024684196957978,0.1054395462748131,868900.0,31032,,,
30999,92126,123232.0,0.0779739740778701,0.4891514500537057,0.0324706430689159,0.1648001657193904,0.4907624386644053,802000.0,77239,,,
31000,92127,179220.0,0.0337790847855028,0.7244305221860649,0.0203308946776833,0.0798643292382323,0.3222969375480665,1165100.0,50711,,,
31001,92128,128150.0,0.0543591020374289,0.6433664272069308,0.0250969232038274,0.1056462921719046,0.2707663119689846,875400.0,48492,,,
31002,92129,152626.0,0.0504349138662993,0.6381958030713156,0.015844009042954,0.1238319517709118,0.3440655614167294,1018100.0,53080,,,
31003,92130,201731.0,0.0466566113624937,0.8144384089714386,0.0033295408914469,0.0909182171061437,0.3345101057422032,1602800.0,59768,,,
31004,92131,181281.0,0.0291533769794639,0.713865613922011,0.0135636739136501,0.1092908375429097,0.2999079009795987,1107900.0,35831,,,
31006,92134,,0.0,0.6551724137931034,0.4406779661016949,0.1932203389830508,0.0,,295,,,
31007,92135,,,0.1111111111111111,0.1154985192497532,0.3277393879565646,0.0799605133267522,,1013,,,
31008,92136,,0.0,0.2897218293257897,0.1766583086391611,0.2318212901755185,0.1131752906314109,,8774,,,
31009,92139,92381.0,0.0737728640889094,0.2513047138047138,0.1056354226566992,0.411213341000575,0.2765957446808511,598500.0,34780,,,
31010,92140,,,0.1042345276872964,0.0823293172690763,0.3534136546184739,0.0566265060240963,,2490,,,
31011,92145,,,0.1359223300970873,0.1320170344560588,0.3186217576461478,0.0391018195896244,,2583,,,
31013,92154,90035.0,0.1105253953581332,0.2074526438967308,0.0521658296310604,0.6830089820359282,0.1154384778829437,606400.0,82832,,,
31014,92155,,,0.0,0.0638297872340425,0.4468085106382978,0.0,,141,,,
31015,92161,,,0.5,0.0,0.5,0.0,,24,,,
31016,92173,65865.0,0.1364856181728843,0.1142634623943035,0.0141472063983098,0.926132719658958,0.0188252159806843,521800.0,26507,,,
31017,92179,,,0.0395284327323162,0.2913645352669743,0.4192485168094924,0.0227422544495715,,3034,,,
31019,92201,66663.0,0.131553279687881,0.1606190573444981,0.0286751853414501,0.7413356639141704,0.0267313603761075,372800.0,66364,,,
31020,92203,97969.0,0.083525206010664,0.3396193994587396,0.0151283664359965,0.5111290854078667,0.0284892603576885,496600.0,33381,,,
31021,92210,145313.0,0.039195354624637,0.5930470347648262,0.0298136645962732,0.0482401656314699,0.0320910973084886,1002200.0,4830,,,
31022,92211,87682.0,0.0861029411764705,0.4422187981510015,0.0266666666666666,0.1613881278538813,0.0384292237442922,535700.0,27375,,,
31023,92220,59116.0,0.1866316764433467,0.1676574012056262,0.0596805073591001,0.4840552829962905,0.0489709225798731,324800.0,33428,,,
31025,92223,100462.0,0.0988975669334361,0.2671533210424037,0.0793827730624074,0.447362135133844,0.0686020032804114,458300.0,62797,,,
31026,92225,51294.0,0.2068942875902823,0.089115510231287,0.1037391592815506,0.5852803184683191,0.0221790436472205,197000.0,21101,,,
31027,92227,60593.0,0.206735065956458,0.1392874222859875,0.0046186094432799,0.8386328916047892,0.0120439123174761,272200.0,28147,,,
31028,92230,90068.0,0.1489058039961941,0.1173001310615989,0.0028503562945368,0.5263657957244655,0.0085510688836104,260100.0,2105,,,
31029,92231,50114.0,0.2101572072894126,0.2122739771685692,0.0016603107894258,0.9751212805146964,0.0115702908138117,281600.0,38547,,,
31030,92233,53282.0,0.2328224101479915,0.0380116959064327,0.0949246745648676,0.8031300277899663,0.0134561942372385,177200.0,6837,,,
31031,92234,67031.0,0.1527390275345866,0.2576260301830247,0.018387226929506,0.5888908102292159,0.0609833419793648,420700.0,52047,,,
31032,92236,67235.0,0.1050943484571803,0.0568550767414403,0.0019820912228336,0.9676102975468708,0.0009094300904766,342500.0,42884,,,
31033,92239,72857.0,0.2994011976047904,0.1496598639455782,0.0718562874251497,0.3712574850299401,0.0179640718562874,221200.0,167,,,
31034,92240,51284.0,0.1889462986997086,0.1527713447583757,0.0702624761718559,0.6436042817342001,0.0179627547778483,294200.0,40918,,,
31035,92241,45210.0,0.1800744013020228,0.1615681615681615,0.0082328385899814,0.4589517625231911,0.0161178107606679,93400.0,8624,,,
31036,92242,37679.0,0.1762261014131338,0.108991825613079,0.0,0.1213632585203657,0.0,134400.0,1203,,,
31037,92243,55890.0,0.2020700369499496,0.1622452115128546,0.0366792981299942,0.8487107669495016,0.009473597495675,286100.0,48556,,,
31038,92249,75664.0,0.1804470039764157,0.2342342342342342,0.0103995621237,0.978927203065134,0.0,284300.0,7308,,,
31039,92250,70250.0,0.1428936278891584,0.1505219206680584,0.0091673032849503,0.7705627705627706,0.0067481538069773,278600.0,7854,,,
31040,92251,83709.0,0.1325895282269859,0.1701027865248648,0.0285693274993565,0.827591278449829,0.0297091590984299,350100.0,27197,,,
31041,92252,62821.0,0.2198118139048614,0.2545052703162189,0.0261495704901465,0.2218292066700353,0.0108640727640222,290800.0,7916,,,
31042,92253,97397.0,0.0912639161755075,0.3890840866450623,0.0101878216347535,0.3711501789399441,0.0427366056268122,612800.0,38281,,,
31043,92254,43464.0,0.1632767307333457,0.0302650148972871,0.0,0.9881250579831152,0.0,206900.0,10779,,,
31044,92256,56821.0,0.228578758337609,0.1631614654002713,0.0314819554645508,0.3086767340670591,0.008958280010238,265100.0,3907,,,
31045,92257,17663.0,0.2993135011441648,0.0353606789250353,0.1208237986270023,0.5954233409610984,0.0297482837528604,113100.0,2185,,,
31046,92258,32067.0,0.3141153081510934,0.0426666666666666,0.0334645669291338,0.7519685039370079,0.0059055118110236,,508,,,
31047,92259,,0.3206751054852321,0.0917874396135265,0.0,0.2869198312236287,0.0,159200.0,237,,,
31048,92260,72252.0,0.1333377143983702,0.3812163638570792,0.016259633833046,0.3067542518942473,0.0372996000130077,463500.0,30751,,,
31049,92262,70514.0,0.1586776215879444,0.4174600918952205,0.0867096378146101,0.2743631062001228,0.0317679558011049,600600.0,26064,,,
31050,92264,75246.0,0.0976202280614774,0.4810416212682502,0.0204938271604938,0.2032098765432098,0.0588148148148148,498200.0,20250,,,
31051,92266,20870.0,0.1184210526315789,0.1513157894736842,0.0,0.2368421052631578,0.0,,152,,,
31053,92268,,0.3428571428571428,0.0952380952380952,0.0,0.2793650793650793,0.0,526000.0,315,,,
31054,92270,109943.0,0.1094132742330572,0.4651392455066166,0.0168633093525179,0.152115107913669,0.035568345323741,747800.0,17375,,,
31055,92273,55167.0,0.2456479690522243,0.0649350649350649,0.0644745325596389,0.804642166344294,0.0,190700.0,1551,,,
31056,92274,36087.0,0.2281230803596359,0.0534098816979819,0.00340610866045,0.8830197107599531,0.0036852978949131,139900.0,17909,,,
31057,92275,35658.0,0.225531914893617,0.1681818181818181,0.0,0.6028368794326241,0.0,139600.0,1410,,,
31058,92276,80280.0,0.104308093994778,0.2198529411764705,0.0016966849386583,0.6387366222918298,0.00613416862438,260500.0,7662,,,
31059,92277,55515.0,0.1661364950838635,0.2504943547872679,0.0897916516473217,0.2350587556773123,0.0413452526854588,224300.0,27742,,,
31060,92278,,,0.0421686746987951,0.099765563948945,0.3123209169054441,0.044803334201615,,3839,,,
31062,92281,35882.0,0.447809626825311,0.0970377936670071,0.0115546218487394,0.9096638655462184,0.0,222100.0,1904,,,
31063,92282,69271.0,0.1943699731903485,0.1884469696969697,0.0495314591700133,0.499330655957162,0.0207496653279785,272600.0,1494,,,
31064,92283,38359.0,0.3804164321890827,0.1282296650717703,0.0,0.1916434540389972,0.0033426183844011,91100.0,1795,,,
31065,92284,52886.0,0.2051001251564455,0.2102263294781694,0.0231169032658443,0.2493600186176402,0.0198200294779303,314500.0,25782,,,
31066,92285,44038.0,0.2005559968228753,0.1388101983002833,0.0408373369938229,0.1983527796842827,0.0185312285518188,221500.0,2914,,,
31067,92301,68205.0,0.1653792231354977,0.0791419778604565,0.1497762024268453,0.6875630643450363,0.015031952601485,316300.0,38651,,,
31069,92305,114453.0,0.0323450134770889,0.5601659751037344,0.0,0.059299191374663,0.0188679245283018,417900.0,371,,,
31070,92307,74715.0,0.1412997591199185,0.2195816362845506,0.0480253774652043,0.3849161461663306,0.031131657896031,396900.0,40666,,,
31071,92308,63484.0,0.1905158465784714,0.170015058581555,0.0886514787038347,0.3835903966794019,0.0311306070468374,360800.0,42402,,,
31072,92309,,0.2212943632567849,0.0142348754448398,0.0,0.7775510204081633,0.0285714285714285,115100.0,490,,,
31073,92310,66964.0,0.1163857046527309,0.3069876995550903,0.0996473666249573,0.2699351609600728,0.0213855079058127,,8791,,,
31074,92311,59338.0,0.2135048422553621,0.1100538432974378,0.1474015655346948,0.4593902654346418,0.0175681243011005,217500.0,33982,,,
31075,92313,83668.0,0.0704788256090999,0.2849450549450549,0.0421608386257556,0.5343943683525901,0.0434616267503251,465800.0,13069,,,
31076,92314,79191.0,0.1264546159813809,0.2558041958041958,0.0,0.260806916426513,0.0046109510086455,412800.0,10410,,,
31077,92315,79293.0,0.090576923076923,0.3384311790823878,0.0038350910834132,0.2439117929050815,0.0239693192713326,538200.0,5215,,,
31078,92316,82117.0,0.1344949718550376,0.1060284762193274,0.0321225986398821,0.8176376570873422,0.0063305023661036,448200.0,31909,,,
31079,92317,50625.0,0.0,0.4652665589660743,0.0338983050847457,0.2033898305084746,0.0,548700.0,708,,,
31080,92320,90313.0,0.0673998871968415,0.3043015048608337,0.0284644194756554,0.3118913857677902,0.0339887640449438,423300.0,10680,,,
31081,92321,50893.0,0.2463768115942029,0.2833607907742998,0.0,0.4082125603864734,0.0,480000.0,828,,,
31082,92322,,0.0892561983471074,0.2826552462526767,0.0,0.2611570247933884,0.0396694214876033,615000.0,605,,,
31083,92324,69419.0,0.1496792209398914,0.1635041532868023,0.0787568581394941,0.7450086767515645,0.0366527020631387,413100.0,57049,,,
31084,92325,79254.0,0.1243355914538822,0.2846425419240953,0.023015791103313,0.2531737021364434,0.0027866652905356,358300.0,9689,,,
31085,92327,,0.5184135977337111,0.0828282828282828,0.2209631728045325,0.2308781869688385,0.0,,706,,,
31086,92328,91198.0,0.1903669724770642,0.4671916010498688,0.0,0.3130733944954128,0.0080275229357798,78400.0,872,,,
31087,92332,,0.1132075471698113,0.380281690140845,0.0,0.4433962264150943,0.1132075471698113,375000.0,106,,,
31088,92333,78333.0,0.0446650124069478,0.4299674267100977,0.0,0.0248138957816377,0.0,400000.0,403,,,
31089,92335,75198.0,0.1644577424724499,0.0973273435997832,0.0364762054672333,0.8438952725746367,0.0230337373419381,433600.0,95295,,,
31090,92336,121989.0,0.0743842652036885,0.2894208846329229,0.1082761889102743,0.5529387869584982,0.1179190080566382,604600.0,103393,,,
31091,92337,104936.0,0.0704627689963816,0.1609234139354621,0.0833423559982676,0.7191154179298398,0.0830716760502382,519400.0,36944,,,
31093,92339,86492.0,0.0892717306186374,0.287719298245614,0.0086139389193422,0.2725137039937353,0.0,503200.0,1277,,,
31094,92341,67188.0,0.0702341137123745,0.398406374501992,0.0,0.2709030100334448,0.197324414715719,368300.0,299,,,
31095,92342,110586.0,0.0652987868803354,0.2236011779554059,0.0390894114123109,0.2230043432679347,0.0503220008986071,339700.0,6677,,,
31096,92344,99909.0,0.0968179396522497,0.1960264900662251,0.0428136035992453,0.5140051279570412,0.0494896231435344,454100.0,20671,,,
31097,92345,65949.0,0.184657659720632,0.1123209275534662,0.0429322230564466,0.6094578299547244,0.012979773849339,359700.0,87906,,,
31098,92346,84818.0,0.1234903594886644,0.2521454289504318,0.0814137228737973,0.5339384788257603,0.0803953929348971,461500.0,56956,,,
31099,92347,45733.0,0.3698412698412698,0.0737527114967462,0.0142857142857142,0.0968253968253968,0.0,,630,,,
31100,92350,,1.0,0.9240506329113924,0.0862944162436548,0.2284263959390862,0.2969543147208122,,394,,,
31101,92352,106575.0,0.1007619343803452,0.4069617533304684,0.0060036945812807,0.1824199507389162,0.0213977832512315,627400.0,6496,,,
31102,92354,86063.0,0.1300921006021962,0.4814729441595113,0.095033801352054,0.2752210088403536,0.2679840526954412,539100.0,23076,,,
31103,92356,46625.0,0.361244738424534,0.1460030830213609,0.0292573143285821,0.3200300075018755,0.0324081020255063,239100.0,6665,,,
31104,92358,92772.0,0.047752808988764,0.1767764298093587,0.0,0.3286516853932584,0.0351123595505618,513800.0,712,,,
31105,92359,74408.0,0.1036297250859106,0.2462971446022293,0.0542899723227592,0.3684266553119012,0.0382158824781775,411100.0,9394,,,
31106,92363,40226.0,0.2818941504178273,0.0888613861386138,0.0294881305637982,0.2859792284866468,0.0072329376854599,138900.0,5392,,,
31107,92364,,0.5333333333333333,0.0,0.0,0.0,0.0,,15,,,
31108,92365,61944.0,0.2163577759871071,0.077007099945385,0.0218774860779634,0.2899761336515513,0.0787589498806682,161200.0,2514,,,
31109,92368,75000.0,0.1712104689203925,0.1331168831168831,0.027027027027027,0.4972972972972973,0.0345945945945945,313700.0,925,,,
31110,92369,,0.6919831223628692,0.0610021786492374,0.297428139183056,0.2801815431164902,0.048411497730711,,3305,,,
31111,92371,78761.0,0.1446095449706059,0.1171952078928823,0.0059507334624965,0.472875726543039,0.0292923701448473,351700.0,21678,,,
31112,92372,63665.0,0.1893283889575607,0.1549942594718714,0.0004120313143798,0.365265760197775,0.0626287597857437,418700.0,4854,,,
31113,92373,99354.0,0.0632334909791557,0.5321877723820196,0.048684512867647,0.2474437040441176,0.1192267922794117,713200.0,34816,,,
31114,92374,96237.0,0.0917595494497726,0.3659419004717483,0.0560886941992006,0.4334680606046921,0.082484702057037,494000.0,44287,,,
31115,92376,76914.0,0.1448073350512375,0.1044886518472379,0.107543874241038,0.7785672698755955,0.0174308765342617,433100.0,84161,,,
31116,92377,111088.0,0.1038097437081505,0.225293612145517,0.1740834678349089,0.622965183306433,0.0345400046114825,553800.0,21685,,,
31117,92378,70515.0,0.0753424657534246,0.3154574132492113,0.0292134831460674,0.5213483146067416,0.0247191011235955,350000.0,445,,,
31118,92382,85208.0,0.1337483493680437,0.3557453844034169,0.0015091492171288,0.2076966610073571,0.0264101112997547,373700.0,5301,,,
31119,92384,,0.0,1.0,0.0,0.0,0.0,,18,,,
31120,92385,72778.0,0.1774193548387097,0.6021505376344086,0.0,0.2526881720430107,0.0,388300.0,186,,,
31121,92386,46490.0,0.2982635342185904,0.4260925449871465,0.0569464899361806,0.1124202258222876,0.03240058910162,447200.0,2037,,,
31122,92389,26731.0,0.3254437869822485,0.073170731707317,0.0,0.059171597633136,0.0532544378698224,,169,,,
31123,92391,70987.0,0.1897810218978102,0.1836990595611285,0.0515510948905109,0.3667883211678832,0.1058394160583941,313100.0,2192,,,
31124,92392,81652.0,0.1732050680431722,0.1279511963238789,0.1400888861263053,0.5529742665340627,0.0422364495275982,365800.0,64352,,,
31125,92394,75430.0,0.181749775706885,0.1280712017382584,0.1973234769309202,0.574534794799898,0.0380066275809329,340200.0,39230,,,
31126,92395,57407.0,0.2205742023814463,0.1503433810345411,0.1348863613324412,0.4911096243132007,0.0408126026397421,335900.0,49323,,,
31127,92397,86370.0,0.0882610984383225,0.4074484593216582,0.0,0.1565186874890331,0.040708896297596,457400.0,5699,,,
31128,92398,56664.0,0.1056125528062764,0.0650128314798973,0.0,0.2214846107423053,0.0820760410380205,185500.0,1657,,,
31129,92399,94718.0,0.0882148093841642,0.2646193147109457,0.0156099511166839,0.3566301404713878,0.0342728379581675,472400.0,55029,,,
31130,92401,42898.0,0.2894852617685877,0.1176923076923077,0.2391590013140604,0.5948313622426632,0.0319754708716601,348400.0,2283,,,
31131,92404,66173.0,0.1875506696500956,0.099325551232166,0.1028271520763632,0.6851919387318249,0.0273360077378026,383700.0,63067,,,
31132,92405,59271.0,0.2191696797520661,0.1325771564231073,0.1007466273592463,0.7127567532925305,0.026147979619957,376800.0,31207,,,
31133,92407,83662.0,0.1309726000631265,0.1898152697258524,0.1016461678542006,0.6464569091355812,0.0403809744041855,473200.0,69191,,,
31134,92408,63696.0,0.2118650191487824,0.1870447159027233,0.0776657060518732,0.613328530259366,0.1664985590778098,407300.0,13880,,,
31135,92410,53390.0,0.2504304206431866,0.0608387074760296,0.0805409435447127,0.7961520937745931,0.0275235057780723,273700.0,48286,,,
31136,92411,55457.0,0.2365033764877066,0.0698368357564599,0.0880067754170195,0.8251647825606657,0.0244135950215414,318500.0,27157,,,
31138,92501,83027.0,0.1316430780766707,0.1843054515755802,0.0678019837854975,0.6205897006204991,0.021468363603424,466400.0,22079,,,
31139,92503,91523.0,0.1180175434578476,0.2070977066536646,0.0365698873552276,0.6076698170939009,0.0796786110922236,556300.0,88242,,,
31140,92504,88168.0,0.1015477817590779,0.2113610918590392,0.0770430060436191,0.5641236752211615,0.0403258299027765,501800.0,57085,,,
31141,92505,84528.0,0.1136580706781279,0.2020647666107826,0.0562915779356613,0.6042251663117426,0.099240525413188,520800.0,53063,,,
31142,92506,120877.0,0.086379267154016,0.4228617374116385,0.0417503554422152,0.3569993906704881,0.0484529800726681,634900.0,44311,,,
31143,92507,72367.0,0.202939209274673,0.3195913139316672,0.0856912144702842,0.5202357881136951,0.1434270025839793,503000.0,61920,,,
31144,92508,144485.0,0.05173164887824,0.3843310228943499,0.0578622508633113,0.3540799956494548,0.1229300921771759,656800.0,36777,,,
31145,92509,95218.0,0.1187265256736659,0.1439419473798996,0.0373055184718461,0.7388988009831688,0.0365693895120338,501200.0,80149,,,
31146,92518,83438.0,0.2397137745974955,0.3444816053511705,0.0647249190938511,0.1998381877022653,0.1254045307443365,,1236,,,
31148,92530,84799.0,0.1142753730483852,0.1738605651911521,0.0413456642081574,0.608259276902607,0.0382410434154114,467400.0,60877,,,
31149,92532,111746.0,0.0736189567896706,0.3107706380059455,0.0674783629162388,0.3742848760451812,0.1028311574006161,553100.0,27268,,,
31150,92536,80046.0,0.1615132775554747,0.2726840855106888,0.0032739177882866,0.1709712622771917,0.018552200800291,399300.0,2749,,,
31151,92539,63203.0,0.1118458884416331,0.1624562767197823,0.0008620689655172,0.3591954022988505,0.0767241379310344,298000.0,3480,,,
31152,92543,47002.0,0.2273778952988736,0.1272781819545488,0.1017352926425598,0.5406489793871307,0.019133356738051,250800.0,39878,,,
31153,92544,67011.0,0.175692830498213,0.1423501577287066,0.0470073896390296,0.4946221998684567,0.0259217704182303,356200.0,51694,,,
31154,92545,59575.0,0.1052062174335423,0.1718217206312803,0.0768827423477747,0.4616460204059339,0.0452688383474252,334900.0,45771,,,
31155,92548,54909.0,0.1108003108003108,0.0978184377199155,0.0071484071484071,0.6512820512820513,0.0257964257964257,217300.0,6435,,,
31156,92549,83318.0,0.1195445920303605,0.4102732960158051,0.0060162176301334,0.2424797279623332,0.0889353910541459,486300.0,3823,,,
31157,92551,92172.0,0.1049972237645752,0.1435599907171037,0.1723404255319149,0.681624758220503,0.0399557888919591,435700.0,36190,,,
31158,92553,71344.0,0.1607152667142778,0.1310569470964843,0.1460328737925098,0.6667122108513575,0.05200235007993,413000.0,73189,,,
31159,92555,113636.0,0.0824114192711197,0.2403517672924065,0.2068151515813862,0.4892133505278573,0.0712771305545234,543300.0,45751,,,
31160,92557,93464.0,0.1006354206267311,0.1891252955082742,0.1717519596764067,0.5368347414303396,0.0501354284381782,471700.0,55749,,,
31161,92561,87140.0,0.1306187202538339,0.3080601092896174,0.0,0.2226335272342675,0.0063458487572712,560100.0,1891,,,
31162,92562,113204.0,0.0633237645460999,0.3441255478580518,0.0433380428773266,0.3191995822839241,0.0584341790036243,629000.0,65116,,,
31163,92563,118519.0,0.0458471760797342,0.3264228793333603,0.0649242229642948,0.3150141279219111,0.1259825327510917,615700.0,77860,,,
31164,92567,80319.0,0.135503187174039,0.1372579637726421,0.0103767411423763,0.6818734224548939,0.0007478732354865,496600.0,10697,,,
31165,92570,77570.0,0.1537934306954183,0.0973073771649761,0.0386144830473001,0.7704932328728896,0.0242604995116506,419800.0,57336,,,
31166,92571,85746.0,0.1099268827279267,0.1184325744308231,0.093578042657889,0.7826708559839077,0.0253353947434043,430800.0,60153,,,
31167,92582,97723.0,0.1207926047149365,0.1593959731543624,0.0657223297554108,0.6713443603730425,0.032993137427415,439000.0,22732,,,
31168,92583,63582.0,0.1980053587377195,0.1268694260233249,0.0454801840581861,0.6005343624758794,0.0279055959625946,339500.0,33685,,,
31169,92584,113470.0,0.0621256831555237,0.2808179419525066,0.0704592448437038,0.3507497697694219,0.0809716599190283,562100.0,57551,,,
31170,92585,97898.0,0.0918004783054321,0.200426555835065,0.0706779661016949,0.5270508474576271,0.0561355932203389,499800.0,29500,,,
31171,92586,53991.0,0.1333540726914502,0.1410367437832488,0.0579650353256665,0.3078232169563199,0.0318704553658913,338200.0,19391,,,
31172,92587,105781.0,0.1477427435604204,0.2661037394451146,0.0393319551735393,0.3048634533783048,0.0316614078990316,593800.0,18382,,,
31173,92590,76952.0,0.1433895645351118,0.331974373907979,0.0317149569303054,0.3835160532498042,0.0763508222396241,1201400.0,5108,,,
31174,92591,107312.0,0.0821533852027255,0.3698092031425364,0.0359705324790631,0.2959950087586687,0.1016245530679336,649900.0,41673,,,
31175,92592,132475.0,0.0555844928938165,0.4112030915531645,0.0457044715999654,0.2496385899447691,0.114502119036734,664000.0,80933,,,
31176,92595,98132.0,0.1143457207864185,0.1839256720187624,0.0312128677003332,0.4090421678017679,0.0516157078684248,523500.0,34505,,,
31177,92596,120860.0,0.0551940095302927,0.309634670487106,0.060857726344452,0.3365827093260721,0.1149897889720898,615500.0,36725,,,
31178,92602,150406.0,0.0677438264820107,0.7382749326145552,0.0059945902478251,0.1595511367790043,0.4813582864244462,1323200.0,27358,,,
31179,92603,192083.0,0.0768830898788792,0.7497411829663883,0.0025955149501661,0.0862230066445182,0.3915074750830565,1718800.0,19264,,,
31180,92604,128092.0,0.082791504117902,0.6481623472882482,0.0131531531531531,0.119063063063063,0.3162162162162162,993900.0,27750,,,
31181,92606,140790.0,0.1150842581175503,0.6640099922678879,0.0118780358381974,0.1052287848483611,0.4401404138944447,1046700.0,24499,,,
31182,92610,181188.0,0.0255063194761687,0.6399704547852696,0.0097860719162494,0.1621908663328781,0.2958579881656805,939000.0,13182,,,
31183,92612,95938.0,0.2406602155805977,0.6658780709736124,0.0225182460096125,0.0964220020174449,0.3707648489883107,938900.0,33706,,,
31184,92614,121276.0,0.1376897332747371,0.6715992069248996,0.045885808826012,0.1092278083533106,0.2915217611506905,983100.0,29617,,,
31185,92617,80167.0,0.3041874034666209,0.8273135947915052,0.0537163990618798,0.2082356124842143,0.3410156954717662,666500.0,22172,,,
31186,92618,135609.0,0.0843667642160746,0.724803719253303,0.0145113650956722,0.1117888789007319,0.4780563760113009,1153400.0,62296,,,
31187,92620,144572.0,0.088219098211972,0.7168974258970359,0.0144467478621404,0.0826962943767815,0.5913772998186059,1204100.0,61744,,,
31188,92624,125377.0,0.02771047849788,0.4972397476340694,0.0032909498878085,0.2756918474195961,0.0212415856394913,1142400.0,6685,,,
31189,92625,197628.0,0.0615159876643402,0.7268670986932965,0.0,0.102125243348475,0.0753569110966904,2000001.0,12328,,,
31190,92626,117627.0,0.0851068057625434,0.4625736818022771,0.0227609800470644,0.3026360022938955,0.1354584824694971,1037700.0,50569,,,
31191,92627,105039.0,0.0925076452599388,0.4165566441989206,0.0086912149594245,0.4108574344455235,0.0449046106236934,1074900.0,60751,,,
31192,92629,131731.0,0.0883578665647103,0.5896677857393395,0.0224444614092678,0.1363462859760287,0.0352698679288495,1212400.0,26198,,,
31193,92630,119984.0,0.0976756846673824,0.4696249339672477,0.0175441236213719,0.2711515023848573,0.1908939077052707,858900.0,66461,,,
31194,92637,60235.0,0.1129740980573543,0.5181239143022582,0.0070349440664283,0.047976011994003,0.2369968861722984,364900.0,17342,,,
31195,92646,132841.0,0.064033189033189,0.5037809459589635,0.0078654101121582,0.1599419500483749,0.1325115562403698,1031700.0,55814,,,
31196,92647,107877.0,0.1039745953698012,0.3853303366577703,0.0239650304452835,0.2709290063611933,0.1430758240636799,963900.0,58794,,,
31197,92648,118993.0,0.0619633531025936,0.5124156780646661,0.0059093605149271,0.1628039805803914,0.1098613826585531,1176000.0,45521,,,
31198,92649,121604.0,0.0590861567153635,0.5059884721910323,0.0062809824245155,0.1620662460567823,0.1013125281658404,1070800.0,35504,,,
31199,92651,143569.0,0.0571270105379922,0.6752059043747994,0.004131703369255,0.0916641819653277,0.036248242961196,2000001.0,23477,,,
31200,92653,128623.0,0.0798908408664506,0.5277074024598093,0.0114542505744019,0.2127652385457494,0.1474861467765914,978400.0,29596,,,
31201,92655,64602.0,0.1763170974155069,0.2105989987916451,0.0092581162819405,0.3495864708060733,0.4424145167263301,723700.0,8101,,,
31202,92656,134538.0,0.051369270683194,0.5700808625336927,0.0192800835786874,0.1990882325007123,0.1722860670529015,849900.0,52645,,,
31203,92657,202813.0,0.0790297339593114,0.8262759394279304,0.0029342723004694,0.0532081377151799,0.1941510172143975,2000001.0,10224,,,
31204,92660,154035.0,0.0667222685571309,0.7032327669248256,0.0144015177647464,0.0975048867425549,0.0906347016212487,2000001.0,34788,,,
31205,92661,209620.0,0.0833602584814216,0.5754211332312404,0.0,0.1033925686591276,0.0200323101777059,2000001.0,3095,,,
31206,92662,162045.0,0.0192560175054704,0.6813848469643753,0.0,0.0599562363238512,0.0266958424507658,2000001.0,2285,,,
31207,92663,138271.0,0.0911261999531725,0.6366640082032585,0.0016215715344699,0.1339881393624907,0.027196071163825,2000001.0,21584,,,
31208,92672,109991.0,0.0810049696300386,0.4843395536040981,0.0235388310648518,0.1875900720576461,0.0322391246330397,1240000.0,37470,,,
31209,92673,180077.0,0.043460724009277,0.5568605423071031,0.0191430870323186,0.1688011264583612,0.0583679763980152,1207600.0,29828,,,
31210,92675,127893.0,0.0727283180498462,0.4225784309767029,0.00542888165038,0.3668495342591005,0.0390593748214183,929700.0,34998,,,
31211,92676,114167.0,0.1009738595592004,0.5148936170212766,0.0,0.099644128113879,0.0452465683782409,797000.0,1967,,,
31212,92677,140605.0,0.0592522924994121,0.5926629243964024,0.016728363244459,0.1543663995751527,0.1150680224294394,1123000.0,64023,,,
31213,92678,115250.0,0.0907617504051863,0.4394785847299813,0.0209580838323353,0.1032934131736526,0.0449101796407185,988600.0,668,,,
31214,92679,207652.0,0.03514231991182,0.6100322888717086,0.0167603177678744,0.1598850351998966,0.0932312859265,1242900.0,30966,,,
31215,92683,82703.0,0.1581850255677377,0.2645326063113033,0.0073885067672509,0.24252274240071,0.5092855558020857,820000.0,90140,,,
31216,92688,142015.0,0.0581244450515675,0.48562279440596,0.011061292304891,0.2160821175774404,0.1316885540660491,857100.0,43937,,,
31217,92691,135779.0,0.0466616330492934,0.4651906158357771,0.0098459822386202,0.2267150027886224,0.1117808571796301,916800.0,46618,,,
31218,92692,133028.0,0.0536781460939851,0.551865889212828,0.0107369867720322,0.1780407146538395,0.1665091908606768,983800.0,46568,,,
31219,92694,183168.0,0.0362498928785671,0.6504172989377845,0.0075958765241725,0.0979182729375481,0.1309289242982381,1042600.0,35019,,,
31221,92701,68697.0,0.156850911512528,0.1102800603722958,0.004288200198873,0.8769887305270135,0.048868909512761,608300.0,48272,,,
31222,92703,80817.0,0.1110196691630318,0.1338284619070436,0.0065892033492438,0.7709207206338492,0.1631872458737123,585900.0,62223,,,
31223,92704,94249.0,0.0934857285616138,0.203901524205262,0.0075116903790667,0.7118445925778529,0.1833648393194707,641600.0,80408,,,
31224,92705,125928.0,0.0939590365937001,0.4646860475713114,0.0122226787181594,0.4815119145439606,0.1143590797041906,1135600.0,48680,,,
31225,92706,96424.0,0.1183742683660631,0.2281084575908191,0.0058616331908257,0.7139361673523165,0.082815734989648,839100.0,37191,,,
31226,92707,99491.0,0.0862116181152226,0.1675503989920201,0.0088831844358502,0.8275040953844595,0.0822454528566362,635600.0,59213,,,
31227,92708,111797.0,0.0730472301959455,0.4487890211151354,0.0113027431775435,0.1742787181944,0.3650590865538167,1018600.0,56358,,,
31228,92780,98647.0,0.1114925345588099,0.3553168343758499,0.0278007156619873,0.5188732911276264,0.1406000550509221,832200.0,54495,,,
31229,92782,143433.0,0.0669163629067317,0.6592560512006159,0.0208368117006711,0.1761111296624035,0.4191404815173473,1028900.0,29947,,,
31230,92801,78477.0,0.1416032864237044,0.2108594599940658,0.0368845764317684,0.5856284099447875,0.1892580613545035,632600.0,61218,,,
31231,92802,83621.0,0.1166077738515901,0.2035367424374282,0.0180099775733443,0.6863243169023754,0.1524554899537736,721700.0,43698,,,
31232,92804,74588.0,0.1692491934695473,0.2298171888575633,0.0302031521543716,0.458668424522083,0.266566788518008,729700.0,83435,,,
31233,92805,85623.0,0.1345009235821304,0.263193700008246,0.0159545845888936,0.6957059836418424,0.1335557468790357,667400.0,74336,,,
31234,92806,95112.0,0.1003242654521151,0.2640652687536917,0.0210471772601658,0.5790317804974339,0.1328711014607185,791200.0,40528,,,
31235,92807,136089.0,0.0653600043017691,0.4708289532962907,0.0064126643412932,0.2395492353099007,0.1751274483498792,918000.0,37270,,,
31236,92808,148697.0,0.0410103726469458,0.5661745827984596,0.0209803639156944,0.133371741322195,0.2184934466369004,1036800.0,20829,,,
31237,92821,116660.0,0.0619593117216465,0.486679595794631,0.0130818087022466,0.319817044269599,0.237297374158688,851800.0,42196,,,
31238,92823,176543.0,0.0779753761969904,0.6305334846765039,0.0459054658626726,0.2114374635284964,0.4337677494650846,1061200.0,5141,,,
31239,92831,89451.0,0.1608745213807617,0.443882264947864,0.0188384359911808,0.4167062041249197,0.1668666796907705,821300.0,35831,,,
31240,92832,92588.0,0.1730223279367758,0.3162186480710831,0.0160825367925959,0.5541647701411015,0.14504627522379,773100.0,26364,,,
31241,92833,113296.0,0.1029491237551146,0.4343832393048507,0.0213882163034705,0.3964794957531035,0.3534724624313002,844000.0,52038,,,
31242,92835,138487.0,0.0544687962927792,0.5471201432031167,0.0130826449370164,0.2076402646432175,0.2326841849512204,981700.0,26753,,,
31243,92840,96555.0,0.0945177139901732,0.2852856804484565,0.0075631023405231,0.4312987608994952,0.373510784763653,746900.0,54475,,,
31244,92841,81975.0,0.1429303278688524,0.2214990552173,0.0095780867697081,0.3420361639911679,0.472608462135227,766400.0,33514,,,
31245,92843,82009.0,0.1488645007062914,0.1846148971897475,0.0041458122999591,0.4636865508130517,0.4396923936158787,665900.0,46553,,,
31246,92844,73590.0,0.1576058083938374,0.2195196479863105,0.0326598881993045,0.2331968836656543,0.5636251595580791,706900.0,22719,,,
31247,92845,133564.0,0.0473407364114552,0.4165451895043732,0.0152415396538362,0.1947817101524153,0.1376905192456729,882600.0,15484,,,
31248,92860,125371.0,0.057192144373673,0.2105119825708061,0.0258825391799905,0.40256450846921,0.0379531423143897,732600.0,25268,,,
31249,92861,204750.0,0.0810482471364109,0.5340301974448316,0.0060595567867036,0.1293282548476454,0.1828254847645429,1686200.0,5776,,,
31250,92865,130258.0,0.0723400172695001,0.3952300974135035,0.0097621668182035,0.3976647365650572,0.1472938699334832,842700.0,20897,,,
31251,92866,83776.0,0.1255982496923287,0.3092092289489253,0.003857606930157,0.3580129940443963,0.069369247428262,892200.0,14776,,,
31252,92867,125799.0,0.0910130018574082,0.4008931397025211,0.014703542940254,0.3889507533577256,0.1141058564188805,951000.0,44003,,,
31253,92868,89050.0,0.1342970963899954,0.3559964680828961,0.0262139466958744,0.5125958378970427,0.1613362541073384,714300.0,27390,,,
31254,92869,147047.0,0.0561720406421235,0.4569704424030442,0.008341511285574,0.3810380547377603,0.1268672990949733,935200.0,36684,,,
31255,92870,110575.0,0.0850933108056216,0.4373195175811109,0.0225068723274282,0.3592127367135003,0.1799404398289554,871000.0,52384,,,
31256,92879,91862.0,0.1109667841900167,0.2314190734697612,0.0481581754040528,0.5943473623759127,0.1253999507752892,592000.0,48756,,,
31257,92880,151445.0,0.0451134809227214,0.4132521609042553,0.0698713106172054,0.394550249824394,0.2715730322187322,724200.0,75453,,,
31258,92881,132598.0,0.0679530201342281,0.3587031388369576,0.0354832255052357,0.3428933502301073,0.1371640098712732,723800.0,29986,,,
31259,92882,100668.0,0.082777036048064,0.2883309682349088,0.0420840239244793,0.5158896014988831,0.0869063918714419,653600.0,69385,,,
31260,92883,126829.0,0.0685764111507193,0.3589793156775565,0.0993063909293337,0.3294003224898262,0.1219574620562565,671700.0,39071,,,
31261,92886,148170.0,0.0679278077568261,0.5530405697644243,0.0073118451892065,0.1741621426711272,0.2534305575031551,1062200.0,49919,,,
31262,92887,161823.0,0.0307961942914371,0.5784682773253028,0.0120090067550663,0.1559169377032774,0.2468351263447585,1130900.0,19985,,,
31263,93001,86310.0,0.1270652036826838,0.3789180990899899,0.0063666300768386,0.3900580210130155,0.0324604045789556,760700.0,31885,,,
31264,93003,100300.0,0.1050290663649487,0.4103229909117405,0.0141875035706804,0.330007046142713,0.0418959836986536,781600.0,52511,,,
31265,93004,113960.0,0.077184,0.4117647058823529,0.0173976888207878,0.4047436634105854,0.0473089446466194,750700.0,31326,,,
31266,93010,108538.0,0.0729613733905579,0.4048529726752547,0.0306539655356951,0.3366156480787755,0.0752649042063577,809900.0,46715,,,
31267,93012,122110.0,0.0707600475210802,0.4903905526397036,0.0314383314355542,0.2478406976421251,0.1295025967173049,794400.0,36007,,,
31268,93013,115633.0,0.0603442956747084,0.4616220735785953,0.0088084169317347,0.4066552483484218,0.0291167115243454,1074600.0,16348,,,
31269,93015,90258.0,0.0544786452231334,0.1641299231131335,0.0032246127821536,0.7176613627953693,0.013638526193371,590300.0,18917,,,
31270,93021,149848.0,0.045425582753677,0.4453091559982878,0.0271338390536311,0.3293193995013527,0.0644528141743143,862600.0,37702,,,
31271,93022,109471.0,0.0906023283279905,0.3034891375905201,0.0006746500252993,0.2656434474616292,0.0096137628605161,704500.0,5929,,,
31272,93023,82298.0,0.1265178404632916,0.4106820642367376,0.0037107472517278,0.2002875829120089,0.0347882554849482,888700.0,21559,,,
31273,93030,90067.0,0.1185417171332664,0.1856390897490429,0.0160142044969525,0.791747050688884,0.0631007460775442,639800.0,58573,,,
31274,93033,85848.0,0.1288801126930623,0.1134184972773763,0.0082254417136751,0.8646778161576502,0.0651201510896846,549400.0,80482,,,
31275,93035,101600.0,0.0510250397155609,0.3578817353713139,0.008800423024626,0.5094425139749207,0.0547288109986402,747300.0,26476,,,
31276,93036,100482.0,0.1163450624290578,0.236802557953637,0.0281822353873753,0.7144227961116442,0.0578038299470148,648800.0,47938,,,
31277,93040,123472.0,0.0262605042016806,0.0951599671862182,0.0141806722689075,0.8792016806722689,0.0068277310924369,580800.0,1904,,,
31278,93041,75836.0,0.1035316884373488,0.2241501644842933,0.0245480823158893,0.5953664955347513,0.0317960222615298,555600.0,23179,,,
31279,93042,,,0.2666666666666666,0.1962616822429906,0.3738317757009345,0.0,,107,,,
31280,93043,,,0.2794759825327511,0.1256830601092896,0.2331511839708561,0.081967213114754,,549,,,
31281,93060,79606.0,0.1441372847604544,0.159780370624571,0.0126732101616628,0.7698325635103926,0.0105658198614318,582900.0,34640,,,
31282,93063,124030.0,0.0574725018391918,0.3604881585306911,0.0168953840670112,0.2462127962929959,0.1136695776153983,746000.0,56110,,,
31284,93065,113893.0,0.0753171649534455,0.3843529365361101,0.0102224977612454,0.2828545842804987,0.0913274092443342,759700.0,72585,,,
31285,93066,158281.0,0.0637797918764686,0.3540648600621945,0.0,0.3816717019133938,0.0238335011748909,1366100.0,2979,,,
31286,93067,,0.067472306143001,0.5058309037900874,0.0,0.337361530715005,0.1832829808660624,1597400.0,993,,,
31287,93101,79868.0,0.1709155837714512,0.4105969931396876,0.0101324763903462,0.4827190451206715,0.0314795383001049,1122200.0,30496,,,
31288,93103,118118.0,0.1051481425013975,0.4598153679065979,0.0129778316416704,0.4825026511134676,0.0396909559157703,1555600.0,19803,,,
31289,93105,129549.0,0.087626973442663,0.597147581645308,0.0139293554180802,0.2238674915186589,0.0306525643584114,1496500.0,25055,,,
31290,93106,75875.0,0.0449438202247191,0.6821705426356589,0.012649207197577,0.1382504899340816,0.3272759665063246,,5613,,,
31291,93108,223694.0,0.0684619761046842,0.7394032678190859,0.0006858710562414,0.1011659807956104,0.032235939643347,2000001.0,11664,,,
31292,93109,126875.0,0.152540834845735,0.5843600051873946,0.0196946426958171,0.1881832143825097,0.0177974523443852,1836300.0,11069,,,
31293,93110,118819.0,0.0850202429149797,0.4828534454868974,0.0148306377784559,0.3155935306682941,0.046811107720476,1101100.0,16385,,,
31294,93111,139876.0,0.070680044593088,0.5593180015860428,0.0115717889656685,0.2352199188329494,0.0663595480969617,1171400.0,18234,,,
31295,93117,85711.0,0.2590874441903517,0.4922987744286187,0.0259454284346577,0.3124174246050742,0.13830540928674,1021700.0,52225,,,
31296,93201,51181.0,0.3734729493891797,0.0,0.0,0.8673647469458988,0.0061082024432809,92600.0,1146,,,
31297,93202,60450.0,0.1190832087693074,0.0754979157017137,0.0112107623318385,0.7359242650722472,0.1093672147483806,263000.0,4014,,,
31298,93203,49918.0,0.3074778696141243,0.0444293872809989,0.0094793641534198,0.9406932088862964,0.0062709639784162,247800.0,20571,,,
31299,93204,52986.0,0.2205555017903803,0.044119354464182,0.0313220742504277,0.8649654043597946,0.0108622870322148,224800.0,13441,,,
31300,93205,33295.0,0.5481515289821999,0.1350844277673546,0.0,0.0780465540848927,0.0,104700.0,2191,,,
31301,93206,53170.0,0.1806418219461697,0.0694980694980695,0.0025601638504864,0.8074756784434204,0.0,229900.0,1953,,,
31302,93207,,0.1700404858299595,0.2071428571428571,0.0040485829959514,0.0040485829959514,0.0,259400.0,247,,,
31303,93208,63861.0,0.0571428571428571,0.3942857142857143,0.0,0.0,0.0,306300.0,175,,,
31304,93210,77850.0,0.2172311739559355,0.123586558369167,0.0398945981554677,0.6633465085638999,0.0263504611330698,258300.0,18975,,,
31305,93212,54149.0,0.2419903691813804,0.0364440568153501,0.1000128166787713,0.7440082026744136,0.0118767889947451,220500.0,23407,,,
31306,93215,61329.0,0.1675598957781685,0.0810620300751879,0.0370708784753948,0.7690529024558524,0.1303261416823615,271700.0,53627,,,
31307,93218,88750.0,0.0641848523748395,0.1100478468899521,0.0,0.8960205391527599,0.0,174400.0,779,,,
31308,93219,52883.0,0.1880942538238941,0.0350420504605526,0.0029872270292542,0.915533580552122,0.0671611042439225,266000.0,9708,,,
31310,93221,84121.0,0.1584448160535117,0.1945466349275048,0.0017362316827557,0.5284394749635392,0.0220154177373428,324000.0,14399,,,
31311,93222,56422.0,0.1355397951142632,0.3690761129727142,0.0,0.2143420015760441,0.1635145784081954,363800.0,2538,,,
31312,93223,57463.0,0.2414560944912382,0.0461847389558232,0.0,0.8915918524954146,0.0026064291920069,237700.0,10359,,,
31313,93224,50500.0,0.2488372093023255,0.0366300366300366,0.0046511627906976,0.1837209302325581,0.0,180800.0,430,,,
31314,93225,47152.0,0.205207413945278,0.2614976415094339,0.0,0.1374669020300088,0.0070609002647837,334100.0,4532,,,
31315,93226,,0.0,0.15625,0.0,0.0,0.0,420000.0,64,,,
31316,93227,,0.1186440677966101,0.0,0.0,1.0,0.0,,177,,,
31317,93230,73558.0,0.1516084324166605,0.1700371920037192,0.0509330247360046,0.519803269202951,0.0315781860263272,321900.0,69130,,,
31318,93234,44353.0,0.3322525860737996,0.0304259634888438,0.0032422417786012,0.979928979465802,0.0,236500.0,6477,,,
31319,93235,55175.0,0.1066243194192377,0.0933786078098472,0.0,0.9051724137931034,0.0,234200.0,4408,,,
31321,93238,49665.0,0.0276625172890733,0.5448179271708683,0.024793388429752,0.0702479338842975,0.0261707988980716,365400.0,726,,,
31322,93239,48781.0,0.1934766493699036,0.0,0.0,0.9851742031134172,0.0,133900.0,1349,,,
31323,93240,28535.0,0.2952983725135624,0.1044812469556746,0.0069370330843116,0.131447883315546,0.0240128068303095,203500.0,5622,,,
31324,93241,31563.0,0.3785241795645752,0.0372364802933088,0.0081561877849849,0.9399524757562134,0.0109177316806884,199400.0,15571,,,
31325,93242,61250.0,0.1306013021830716,0.1446229913473424,0.0057449253159708,0.6729222520107239,0.0019149751053236,347400.0,2611,,,
31326,93243,34737.0,0.3337041156840934,0.4053627760252365,0.0,0.31,0.0955555555555555,348800.0,900,,,
31327,93244,,0.1382113821138211,0.0857142857142857,0.0,0.08130081300813,0.0,,123,,,
31328,93245,78181.0,0.1513275777813976,0.2037602300376023,0.0695457094784071,0.4397083567021873,0.0590764628902598,324100.0,37443,,,
31329,93246,,,0.0338028169014084,0.19140625,0.2470703125,0.068359375,,1024,,,
31330,93247,55460.0,0.2740002240394309,0.0746774045941246,0.0031168252908109,0.8404296766293761,0.0091835030889964,271700.0,17967,,,
31331,93249,43224.0,0.2463031423290203,0.0318949343339587,0.0,0.9690388170055452,0.0,165900.0,2164,,,
31332,93250,50982.0,0.2550133689839572,0.0427977500611396,0.0057601449744353,0.9003300757232542,0.0045951718335382,244700.0,15451,,,
31333,93251,74792.0,0.1607142857142857,0.1,0.0,0.6857142857142857,0.0,243800.0,280,,,
31334,93252,43125.0,0.1894366197183098,0.0673724735322425,0.0041987403778866,0.3358992302309307,0.0146955913226032,165400.0,1429,,,
31335,93254,53603.0,0.1246851385390428,0.3071553228621291,0.0,0.5214105793450882,0.0075566750629722,216400.0,794,,,
31336,93255,36334.0,0.2584573748308525,0.2697022767075306,0.0,0.1502029769959404,0.0771312584573748,188200.0,739,,,
31337,93256,70878.0,0.1895379250217959,0.0389972144846796,0.0371186440677966,0.8676271186440678,0.0244067796610169,240000.0,5900,,,
31338,93257,58261.0,0.1961867495300571,0.1468176914778856,0.0061129316864129,0.7213637509452987,0.0240610032770355,276400.0,79340,,,
31339,93258,51214.0,0.2997582594681708,0.0473815461346633,0.0,0.7896857373086221,0.1555197421434327,187500.0,1241,,,
31340,93260,56250.0,0.0529801324503311,0.128440366972477,0.0,0.0,0.0,360500.0,151,,,
31341,93261,51154.0,0.3184742647058823,0.0188841201716738,0.0,0.9467455621301776,0.0122894856622667,201200.0,2197,,,
31342,93262,,0.0,0.0,0.0,1.0,0.0,,15,,,
31343,93263,66774.0,0.2253029906705031,0.1110524728588661,0.0118686760876061,0.795286684028519,0.0117832899287025,301900.0,23423,,,
31344,93265,103672.0,0.084706562590344,0.425632911392405,0.0005662514156285,0.2219705549263873,0.0580407701019252,440800.0,3532,,,
31345,93266,60888.0,0.388755980861244,0.0295918367346938,0.0,0.7452153110047847,0.0,271500.0,1672,,,
31346,93267,44786.0,0.2583772750467766,0.0536570743405275,0.003061745194761,0.770709304303453,0.0028916482394965,245600.0,5879,,,
31347,93268,55473.0,0.258253136801072,0.0882162362306766,0.006900212314225,0.4393724935126209,0.002830856334041,225000.0,16956,,,
31348,93270,76795.0,0.1054948925678055,0.0577081615828524,0.0031562335612835,0.6398386813957566,0.0056110818867262,291800.0,5703,,,
31349,93271,83810.0,0.036068530207394,0.5445321307779031,0.0266005410279531,0.1505861136158701,0.0446348061316501,457500.0,2218,,,
31350,93272,58564.0,0.2047805102275339,0.0514208389715832,0.0018352833218628,0.8674007799954118,0.0,257500.0,4359,,,
31351,93274,69905.0,0.1764031635655064,0.1093089788732394,0.0212244485433458,0.6371882659120196,0.0249134598377845,300900.0,79154,,,
31352,93276,,0.3428571428571428,0.1391304347826087,0.0,0.0914285714285714,0.0,192500.0,175,,,
31353,93277,79532.0,0.1058995205336668,0.2312123743411009,0.0238362730779313,0.4819308691907276,0.0391341796801857,320500.0,53406,,,
31354,93280,55060.0,0.1943148436149991,0.079003813155386,0.0382160933030147,0.8640431306388909,0.0080319812220347,255300.0,27266,,,
31355,93283,33100.0,0.3499295443870361,0.066627358490566,0.0,0.1066228276186002,0.0,143900.0,2129,,,
31356,93285,39844.0,0.1681159420289855,0.1263686131386861,0.0,0.1875776397515527,0.0,202800.0,2415,,,
31357,93286,47242.0,0.2303879515775426,0.1169515897108164,0.00836820083682,0.7872765310003804,0.0075123621148725,288300.0,10516,,,
31358,93287,70625.0,0.0970149253731343,0.0,0.0,0.2238805970149253,0.0,266100.0,134,,,
31359,93291,81502.0,0.1281049810432736,0.2376666751650817,0.0206981871243001,0.5269235039413789,0.0915637044203714,381600.0,63049,,,
31360,93292,80784.0,0.1133049885359392,0.1816816292311454,0.0151352063791929,0.5654504316499352,0.0277881510445269,330600.0,45523,,,
31361,93301,40725.0,0.3875848833776203,0.1972618368511123,0.049764722657921,0.4499500926850135,0.0153286753172679,264300.0,14026,,,
31362,93304,51627.0,0.27358934169279,0.1105681327083541,0.0919408438113376,0.7117010319295722,0.0304137435140019,228800.0,51457,,,
31363,93305,41290.0,0.3175777092486969,0.0919053666337425,0.0481377371749824,0.7574193199632413,0.0042164441321152,245000.0,36998,,,
31364,93306,66988.0,0.2058621730658396,0.1823027718550106,0.034400981327518,0.6717595747580755,0.0244105220117214,290700.0,73370,,,
31365,93307,52572.0,0.2494007533386599,0.0698784086390557,0.0575068285108746,0.8025228655945055,0.0264300205138666,238400.0,88233,,,
31366,93308,59511.0,0.2056955617325994,0.1771366653122037,0.0255431275543127,0.3210726321072632,0.0250591525059152,298000.0,55788,,,
31367,93309,62143.0,0.1699085750315258,0.1994488716764727,0.0803263060838581,0.539045773492319,0.0363656253418556,286600.0,63989,,,
31368,93311,117591.0,0.067012096463518,0.3890197998592282,0.0544138653461575,0.3818303018760118,0.1688029711456052,425500.0,52505,,,
31369,93312,112654.0,0.0927031624257992,0.3397215891930479,0.0218141251179953,0.3261820990302926,0.060310649618124,420500.0,58265,,,
31370,93313,93396.0,0.0979742663581736,0.215188799321171,0.0613614891183636,0.5713646384114303,0.1306459365831827,349800.0,60331,,,
31371,93314,127911.0,0.0765532438542769,0.3643019777668645,0.0184587250335743,0.2456782009886561,0.0773494870988941,506800.0,34997,,,
31372,93401,95386.0,0.1492774176121015,0.5678606965174129,0.0153025504250708,0.1788964827471245,0.0411068511418569,943500.0,29995,,,
31373,93402,103839.0,0.0837063264079096,0.5010093917317651,0.0059661915810407,0.1901226383824991,0.0375207159429897,729200.0,15085,,,
31374,93405,52481.0,0.4454714310985317,0.5196358051777096,0.0100603621730382,0.147719651240778,0.0589788732394366,897800.0,23856,,,
31375,93407,,1.0,,0.0,0.2241379310344827,0.132183908045977,,348,,,
31376,93408,,,,0.125,0.0,0.0,,8,,,
31378,93410,,,0.2444444444444444,0.0122193805058255,0.2286160841148053,0.1682296106848536,,7038,,,
31379,93420,106718.0,0.0747845776463928,0.4367861191036707,0.0069965017491254,0.174444027986007,0.0330147426286856,872200.0,32016,,,
31380,93422,89916.0,0.097374672961838,0.3112695179904955,0.0057292910002387,0.2165791358319408,0.0200525185008355,692100.0,33512,,,
31381,93424,,0.1091617933723196,0.7755581668625147,0.0,0.094541910331384,0.0,1179600.0,1026,,,
31382,93426,103317.0,0.0454873646209386,0.2333984375,0.0,0.147117296222664,0.001325381047051,472000.0,1509,,,
31383,93427,106442.0,0.0325605182407091,0.421882243857209,0.0025571087623593,0.2400272758267985,0.0088646437095124,762500.0,5866,,,
31384,93428,89225.0,0.0970477899200782,0.4382376081825334,0.0017546658159196,0.2888817993300367,0.0106875099696921,869600.0,6269,,,
31385,93429,,0.0697674418604651,0.0,0.0,0.689922480620155,0.0,,129,,,
31386,93430,86354.0,0.0623272950568007,0.4335812964930924,0.0,0.1756217377955173,0.014123426466073,965100.0,3257,,,
31387,93432,120200.0,0.0585842148087876,0.4599198396793587,0.0,0.1407648494711147,0.0048820179007323,899500.0,1229,,,
31388,93433,82534.0,0.1274982226084209,0.2688172043010752,0.010485651214128,0.3793755912961211,0.020734783979817,691900.0,12684,,,
31389,93434,71351.0,0.2818703659411624,0.116728951417894,0.0,0.8856940007099752,0.0272157141166725,454200.0,8451,,,
31390,93436,76241.0,0.1411766930801671,0.1696242606015162,0.030769781853351,0.5627037289106995,0.0274205681126195,460100.0,55834,,,
31391,93437,83096.0,0.0206586826347305,0.4604242110708743,0.100054229934924,0.1456073752711496,0.039587852494577,,3688,,,
31392,93440,53673.0,0.0390625,0.1670506912442396,0.0669642857142857,0.0792410714285714,0.0111607142857142,672100.0,896,,,
31393,93441,140685.0,0.1026422764227642,0.5707257072570726,0.0,0.1686868686868687,0.008080808080808,1343800.0,990,,,
31394,93442,92163.0,0.1020298667620495,0.4530405032557112,0.0026464361326746,0.1281757233592096,0.0468419195483415,870600.0,11336,,,
31395,93444,105655.0,0.0533544392197029,0.3428308823529412,0.0117701791114212,0.4414515003489183,0.0313096068853221,746400.0,21495,,,
31396,93445,75012.0,0.1707173368684637,0.1790955969853233,0.0107163828537874,0.4358485026423958,0.0085143863769817,538200.0,6812,,,
31397,93446,94512.0,0.1119695393265888,0.2996781725247681,0.0053206567958306,0.3029939597461785,0.0272138511524455,661400.0,45859,,,
31398,93449,112913.0,0.0806775407779172,0.5013073794305636,0.0090977068793619,0.1165254237288135,0.0314057826520438,992900.0,8024,,,
31399,93450,,0.3324324324324324,0.0691489361702127,0.0,0.7,0.0,427300.0,740,,,
31400,93451,91250.0,0.1625723986419013,0.2432432432432432,0.0125823846614739,0.5508288396245257,0.0065907729179149,582200.0,5007,,,
31401,93452,54705.0,0.0398671096345514,0.0408163265306122,0.0,0.6212624584717608,0.0,276600.0,301,,,
31402,93453,70288.0,0.0464303544682975,0.3901750423489554,0.0,0.1213180229655516,0.0,720100.0,2003,,,
31403,93454,84178.0,0.138863950695169,0.1781927907356059,0.0099017022296811,0.7342603692160153,0.0292016303044833,477600.0,41710,,,
31404,93455,108501.0,0.0722417109878918,0.3159746895408249,0.0162570462232243,0.4107328072153325,0.0501691093573844,572700.0,44350,,,
31405,93458,73518.0,0.1785403031494044,0.0920432314550527,0.0046679971586104,0.8685349930656564,0.0401008016777728,460300.0,59126,,,
31406,93460,131932.0,0.1151685393258427,0.3747252747252747,0.0096498054474708,0.2192996108949416,0.0084046692607003,1187700.0,6425,,,
31407,93461,88774.0,0.0266075388026607,0.1018145161290322,0.0,0.5099778270509978,0.0,454700.0,1353,,,
31408,93463,130123.0,0.0750978164836551,0.4370756355597663,0.0039511050747005,0.1939745647610816,0.0262995431534757,1044100.0,8099,,,
31409,93465,120843.0,0.0348504294599664,0.4723312136382086,0.0,0.157591725214676,0.0120023419203747,875200.0,10248,,,
31410,93501,55372.0,0.226917854718262,0.069117266373285,0.2131561238223418,0.4749327052489905,0.0100942126514131,183400.0,5944,,,
31411,93505,55010.0,0.2439562110384673,0.1116756427192358,0.2234035349089185,0.400148980835647,0.014898083564705,239600.0,14767,,,
31412,93510,118462.0,0.0872429089931442,0.2989539365021105,0.0105792118487172,0.3522877545622851,0.0282993916953187,713000.0,7562,,,
31413,93512,65158.0,0.1144781144781144,0.1903114186851211,0.0,0.0606060606060606,0.0,278600.0,297,,,
31414,93513,54485.0,0.1341222879684418,0.1865864144453998,0.0,0.1449180327868852,0.0091803278688524,288700.0,1525,,,
31415,93514,81695.0,0.0935064935064935,0.3706190782816668,0.0031415012365483,0.2543279192567342,0.0171111556714123,434900.0,14961,,,
31416,93516,71250.0,0.300145878920496,0.2202447163515016,0.0474106491611962,0.3464624361779723,0.0379285193289569,102500.0,2742,,,
31417,93517,98882.0,0.0741626794258373,0.1691176470588235,0.023391812865497,0.3489278752436647,0.0272904483430799,321100.0,513,,,
31418,93518,63095.0,0.059299191374663,0.3652618135376756,0.0,0.1121076233183856,0.0035874439461883,268400.0,1115,,,
31420,93522,,0.0,0.081081081081081,0.0,0.0,0.0,,74,,,
31421,93523,66583.0,0.0747845426744509,0.3243914555389965,0.1184460744362944,0.1342026623200217,0.0287965226840532,149400.0,3681,,,
31422,93524,,,0.0,0.0952380952380952,0.365079365079365,0.1269841269841269,,63,,,
31423,93526,61563.0,0.0413318025258323,0.2143950995405819,0.0679824561403508,0.1359649122807017,0.0,268400.0,912,,,
31424,93527,82667.0,0.1626873958911715,0.3592592592592593,0.0,0.0910605219322598,0.0066629650194336,328000.0,1801,,,
31425,93528,,0.2337662337662337,0.2337662337662337,0.0,0.0,1.0,,77,,,
31426,93529,40703.0,0.0,0.3664596273291925,0.0,0.0,0.0,705600.0,209,,,
31427,93530,,0.7619047619047619,0.0,0.0,0.0,0.0,,21,,,
31428,93531,104044.0,0.0,0.5232273838630807,0.0,0.1569416498993963,0.0321931589537223,291300.0,497,,,
31429,93532,99432.0,0.0889973713856552,0.2308452792881858,0.0170166545981173,0.1969587255611875,0.0202751629254163,410000.0,2762,,,
31430,93534,58891.0,0.1964030346365465,0.1752827726218097,0.2710333412154173,0.4176164577914401,0.0379049420666824,339900.0,42290,,,
31431,93535,65989.0,0.156144292421871,0.1422534918090797,0.2074852754790129,0.5479882700862347,0.0247645319217674,336200.0,80478,,,
31432,93536,102927.0,0.1237622312064217,0.2650226699218349,0.1272409148348215,0.3744185077694305,0.0471998111452098,484900.0,72013,,,
31433,93541,117719.0,0.0,0.7025316455696202,0.0,0.3093363329583802,0.0,333600.0,889,,,
31434,93543,69375.0,0.1444407948760059,0.0898644286636539,0.0129327985593844,0.7556683310141606,0.0101497912744536,354100.0,12217,,,
31435,93544,87069.0,0.1457119067443796,0.1333333333333333,0.0,0.4979184013322231,0.0,340000.0,1201,,,
31436,93545,49635.0,0.1480654761904762,0.1308500477554919,0.0021520803443328,0.2855093256814921,0.0043041606886657,192800.0,1394,,,
31437,93546,96481.0,0.1120072702487788,0.3107835531419705,0.0,0.2587754174713166,0.0265818470975803,618800.0,8803,,,
31438,93549,73125.0,0.0696721311475409,0.0942622950819672,0.0,0.1885245901639344,0.0286885245901639,325000.0,244,,,
31439,93550,63811.0,0.1972854210996814,0.0996873045653533,0.1386605612481077,0.6925146067134582,0.0267362284027074,378700.0,79929,,,
31440,93551,110850.0,0.0662213985577717,0.3014097113448198,0.104265230366111,0.4325642332047456,0.0889438823786301,548800.0,54956,,,
31441,93552,84894.0,0.1387051742682564,0.1192297741804339,0.1250711796460378,0.7235268660456006,0.0194975286426895,414600.0,43903,,,
31442,93553,73029.0,0.1601186063750926,0.2511332728921124,0.0044477390659747,0.1608598962194218,0.0,368600.0,1349,,,
31443,93554,,0.0,0.088235294117647,0.0,0.0,0.0,9999.0,102,,,
31444,93555,84141.0,0.1212432726613049,0.3053579468707789,0.0443962056558327,0.1975973118439442,0.0355942787475095,235400.0,33629,,,
31446,93560,76204.0,0.1908148561335007,0.1738794435857805,0.1253656498119515,0.4465803036634628,0.0285090774016808,324700.0,21537,,,
31447,93561,86149.0,0.096862253910139,0.2770315798930866,0.0049071490426248,0.2377241091760479,0.0226755187786651,377400.0,31179,,,
31448,93562,67643.0,0.1926503340757238,0.1255645889792231,0.0208562019758507,0.2184412733260153,0.0115257958287596,60200.0,1822,,,
31449,93563,,0.0,0.3284671532846715,0.2339449541284403,0.2247706422018348,0.0,,218,,,
31450,93581,,,0.0252586731588557,0.2097476066144473,0.5068175224833188,0.0182767624020887,,3447,,,
31451,93591,60903.0,0.125879697251361,0.0992167101827676,0.0598858053379365,0.7011021112734033,0.0225733634311512,299200.0,7531,,,
31452,93601,76429.0,0.0692431561996779,0.1869158878504672,0.0032051282051282,0.125801282051282,0.0,393100.0,1248,,,
31453,93602,74965.0,0.1061343719571567,0.1748656469615543,0.0006470397929472,0.0986735684244581,0.0016175994823681,351000.0,3091,,,
31454,93603,63125.0,0.231638418079096,0.2085889570552147,0.0,0.0,0.0,330000.0,177,,,
31455,93604,181375.0,0.1640926640926641,0.6198979591836735,0.0,0.1505791505791505,0.0,1043300.0,518,,,
31456,93605,,0.253012048192771,0.4285714285714285,0.0,0.072289156626506,0.0,,83,,,
31457,93606,40313.0,0.3957322987390883,0.1704980842911877,0.0,0.8671193016488846,0.1008729388942774,237100.0,1031,,,
31458,93608,40583.0,0.3617747440273037,0.0178217821782178,0.0,0.969283276450512,0.0,144800.0,879,,,
31459,93609,68454.0,0.1348203711014607,0.1564265536723164,0.0483139420232695,0.6852691776769868,0.0187339775192269,263100.0,5071,,,
31460,93610,66567.0,0.2144204343374467,0.1609310474283569,0.0484888741281966,0.4899119893723015,0.0447525738957157,342000.0,24088,,,
31461,93611,114677.0,0.0547718924558238,0.3968259067690429,0.0215950762368381,0.3068988441165748,0.1137655207908901,457500.0,46631,,,
31462,93612,64079.0,0.1279144385026738,0.2135031952859158,0.0222016406456734,0.4107700449854459,0.1158242921407779,311700.0,37790,,,
31463,93614,87393.0,0.105663108377058,0.2658987869133684,0.0190236898779612,0.1449210337401292,0.0083452979181622,355100.0,11144,,,
31464,93615,61107.0,0.2560578661844485,0.0679933665008291,0.0068843777581641,0.9488084730803178,0.0137687555163283,218200.0,5665,,,
31465,93616,56667.0,0.3193741371375977,0.0830536912751677,0.0,0.8642429820524621,0.0575241601472618,220100.0,2173,,,
31466,93618,63190.0,0.2949792750958332,0.139581366942424,0.0022033950904633,0.8654066970797256,0.0078515346181299,272600.0,32223,,,
31467,93619,138648.0,0.0509449620883473,0.465684044521275,0.0163916000074933,0.2291826679904835,0.1499784567542758,579400.0,53381,,,
31468,93620,49890.0,0.2047290640394088,0.1089078233927188,0.0157279072053474,0.7239752285461516,0.0248697532684557,295100.0,10173,,,
31469,93621,149750.0,0.0521739130434782,0.1333333333333333,0.0,0.2492753623188406,0.0463768115942029,,345,,,
31470,93622,46510.0,0.3508210265413611,0.0422640104263638,0.0017556542393886,0.940307755860787,0.0012392853454507,236100.0,9683,,,
31471,93623,,0.25,0.25,0.0,0.75,0.25,,4,,,
31472,93624,39444.0,0.2146596858638743,0.0,0.0667539267015706,0.8664921465968587,0.0,,764,,,
31473,93625,64792.0,0.2213124075969521,0.2511363636363636,0.022387220159748,0.6886038924513443,0.1023737203284959,368700.0,8889,,,
31474,93626,149565.0,0.0489836721092969,0.4668181818181818,0.0315893385982231,0.1559723593287265,0.0612043435340572,594800.0,3039,,,
31475,93627,85347.0,0.0135593220338983,0.0,0.0,1.0,0.0,,295,,,
31476,93628,,0.0,0.2790697674418604,0.0,0.1939546599496221,0.070528967254408,,397,,,
31477,93630,60388.0,0.2171043326575833,0.1454936687908632,0.0068846009741476,0.791822780067441,0.0509085799925065,343400.0,21352,,,
31478,93631,81226.0,0.0803307381254149,0.2152554483744194,0.0019812680115273,0.4315561959654179,0.0600984630163304,379600.0,16656,,,
31479,93633,,0.0,1.0,0.0,0.0,0.0,,32,,,
31480,93634,,0.2,0.15,0.24,0.28,0.0,,25,,,
31481,93635,70666.0,0.1606891342954541,0.1322457480041652,0.0162292817679558,0.7257068573285668,0.0239072148196295,423900.0,49232,,,
31482,93636,124024.0,0.1034248437075292,0.3858350951374207,0.003925018610002,0.4117885903769371,0.038505786018813,483300.0,14777,,,
31483,93637,74621.0,0.1996680497925311,0.1332355552124744,0.0351009981550688,0.7424901840200577,0.0249538767207531,369200.0,42278,,,
31484,93638,60031.0,0.2652277987695107,0.0795652025760725,0.0171061318007067,0.8305502698924314,0.0174167993475981,291500.0,51502,,,
31485,93640,46042.0,0.3001730754759575,0.0445201160297641,0.0131660577652167,0.95016199076308,0.0051009857310264,255000.0,14507,,,
31486,93641,,0.7035398230088495,0.1416666666666666,0.051660516605166,0.2214022140221402,0.003690036900369,,271,,,
31487,93643,67612.0,0.161987041036717,0.1983695652173913,0.0010799136069114,0.0863930885529157,0.0021598272138228,339300.0,2778,,,
31488,93644,75241.0,0.1351057213930348,0.2603377984857309,0.0038520801232665,0.1167950693374422,0.0075500770416024,378000.0,6490,,,
31489,93645,77138.0,0.0,0.0098231827111984,0.0,0.4972273567467652,0.0,366700.0,1082,,,
31490,93646,39632.0,0.3765469061876247,0.1138888888888888,0.012242460435951,0.9470488703095452,0.0078630436946352,240500.0,10047,,,
31491,93647,49275.0,0.2996481970096746,0.068230277185501,0.0,0.8728232189973615,0.0647317502198768,232500.0,11370,,,
31492,93648,51834.0,0.2879129627172615,0.0588020452885317,0.0029123643102991,0.9687582737622452,0.0043023563674874,239600.0,15108,,,
31493,93650,49877.0,0.2101127434233003,0.1166390270867882,0.0319973054900639,0.7669248905355338,0.0599528460761199,306000.0,2969,,,
31494,93651,93036.0,0.0069396252602359,0.3828125,0.0263705759888966,0.1769604441360166,0.0104094378903539,424400.0,1441,,,
31495,93652,44957.0,0.172077922077922,0.0572687224669603,0.0,0.9522292993630572,0.0,194400.0,314,,,
31496,93653,103750.0,0.0958904109589041,0.2808290155440414,0.0,0.1331811263318112,0.0083713850837138,517700.0,1314,,,
31497,93654,67471.0,0.1837330288034513,0.1742830616876418,0.0163297288826202,0.7517943895941075,0.0197147782479235,334500.0,31905,,,
31498,93656,64481.0,0.1235809276678559,0.0629102844638949,0.0001606683804627,0.7604434447300771,0.0012853470437017,272200.0,6224,,,
31499,93657,77655.0,0.1445951883994287,0.1546196003970137,0.0048171666301729,0.6758539522662579,0.0482537770965623,382700.0,36536,,,
31500,93660,54318.0,0.3705071393402265,0.0222544750846637,0.0455440669620876,0.9379615952732644,0.0,270800.0,4062,,,
31501,93662,56735.0,0.1851611359830491,0.125752971906818,0.0072205837486016,0.7907047696532086,0.031831587511441,297800.0,29499,,,
31502,93664,142292.0,0.0457317073170731,0.5266457680250783,0.0,0.1707317073170731,0.0060975609756097,618200.0,328,,,
31503,93665,,0.1943127962085308,0.0,0.2037914691943128,0.7962085308056872,0.0,,422,,,
31504,93666,39531.0,0.389367816091954,0.029810298102981,0.0,0.9123563218390804,0.0,333300.0,696,,,
31505,93667,68900.0,0.1036931818181818,0.2352941176470588,0.0,0.1482530689329556,0.0557129367327667,354900.0,2118,,,
31506,93668,61691.0,0.1265508684863523,0.074074074074074,0.0,0.8660049627791563,0.0,332500.0,806,,,
31507,93669,78125.0,0.0,0.0401785714285714,0.0,0.0505050505050505,0.0,289500.0,297,,,
31508,93670,,0.0,0.0,0.0,1.0,0.0,,106,,,
31509,93673,56458.0,0.1073446327683615,0.0600858369098712,0.0,0.7429378531073446,0.0,179200.0,354,,,
31510,93675,80508.0,0.1500401176785236,0.2815569297926519,0.0042792190425247,0.3934207007221182,0.1083177320139074,284100.0,3739,,,
31511,93701,32192.0,0.3366170820608807,0.0722247671400213,0.0571261454474556,0.7700331448625463,0.041918502632092,207600.0,10258,,,
31512,93702,44849.0,0.3197657524754688,0.0886333411562231,0.0412899803275789,0.754470502420371,0.1039322738224177,211900.0,45241,,,
31513,93703,43236.0,0.293757033702541,0.0932310973442339,0.0769478428847392,0.6295732599660481,0.1354563015863724,250200.0,34166,,,
31514,93704,69659.0,0.169202046743189,0.347905824039653,0.0476827094474153,0.4503290826820239,0.0403126285479226,366000.0,29172,,,
31515,93705,55152.0,0.2658827891210508,0.1562271927188425,0.0614391143911439,0.619847127042699,0.0595677385345282,281300.0,37940,,,
31516,93706,40023.0,0.3771875233377312,0.0920137398024903,0.1204380460194413,0.646733111849391,0.0792420327304048,227600.0,40635,,,
31517,93710,62294.0,0.2359204698935201,0.3026665354718095,0.0510144571656588,0.3799073022499156,0.081678381779674,348600.0,32579,,,
31518,93711,97492.0,0.0714613268113726,0.4626764820939578,0.0523373983739837,0.2776168699186991,0.0895071138211382,469800.0,39360,,,
31519,93720,103636.0,0.0734294982963703,0.4714386667451858,0.0317611143683157,0.2770151426318662,0.1595131714614964,457800.0,49463,,,
31520,93721,32602.0,0.3057203389830508,0.1248263888888888,0.1325269524059952,0.5656061004470155,0.0237970023665527,219000.0,7606,,,
31521,93722,77335.0,0.1730739447945581,0.2319236788023907,0.0861183431952662,0.4978224852071006,0.1482721893491124,350700.0,84500,,,
31522,93723,116295.0,0.1165487977369165,0.2523066004258339,0.0613080943636106,0.4643311202147196,0.1966379432123181,460400.0,14158,,,
31523,93725,71099.0,0.1958738439649039,0.1323864746889048,0.0458072100313479,0.6411050156739811,0.1751959247648903,262400.0,25520,,,
31524,93726,51913.0,0.2592172947494844,0.1720678164707605,0.0532323638475628,0.5801054371621319,0.0805968815618996,271800.0,44766,,,
31525,93727,82247.0,0.1558619518820333,0.239179418852989,0.0463350472318545,0.4589023077842879,0.2716489298098768,370300.0,83630,,,
31526,93728,52809.0,0.2092392807745504,0.1801209571391007,0.009459534214748,0.7001714886319633,0.0363998451070421,239700.0,18077,,,
31527,93730,143320.0,0.0597382602001539,0.6383564661819784,0.0251132785500345,0.1655786805928884,0.2258659089163658,707700.0,13021,,,
31528,93737,103798.0,0.0815328812490143,0.3879990437485058,0.0161949685534591,0.2270440251572327,0.3900943396226415,470800.0,6360,,,
31529,93740,,,0.45,0.0660377358490566,0.5034305317324185,0.0934819897084048,,1166,,,
31531,93901,91639.0,0.1089574256406737,0.2872050816696915,0.0118724559023066,0.6181139755766621,0.044776119402985,721100.0,29480,,,
31532,93905,75716.0,0.1970259642990887,0.0661145264116575,0.0036999194996594,0.9364821351167256,0.0319369620409932,570000.0,64596,,,
31533,93906,96044.0,0.1043269758184582,0.1715529317590554,0.016286846668318,0.7589020312112955,0.0692810255139955,595200.0,64592,,,
31534,93907,103268.0,0.0922261341103152,0.2157784097934957,0.0146858197576438,0.5754754835085467,0.0771607415135221,676700.0,24922,,,
31535,93908,164554.0,0.045301744837522,0.5631871379595697,0.0020771750419429,0.2938403770871615,0.0758967803786849,1071000.0,12517,,,
31536,93920,72540.0,0.1362169141381536,0.3739837398373983,0.0,0.4392583120204603,0.0,1803800.0,1564,,,
31537,93921,87457.0,0.063085063085063,0.7518123667377399,0.0105734038226921,0.0260268401789345,0.0305002033346888,2000001.0,2459,,,
31538,93923,122500.0,0.0714111625639775,0.6512654502648617,0.0095338127171366,0.1114971317766825,0.0690797446877272,1570800.0,12377,,,
31539,93924,162656.0,0.0601192447830407,0.5697120364615703,0.0153820707906053,0.0694674164737016,0.0069467416473701,1133000.0,6046,,,
31540,93925,70909.0,0.1501524390243902,0.0873907615480649,0.0,0.875,0.003030303030303,655600.0,1320,,,
31541,93926,77418.0,0.0813823857302118,0.0887609213661636,0.0048899755501222,0.92898421871527,0.0098910869082018,597600.0,8998,,,
31542,93927,77272.0,0.1285903877144753,0.0864678290114169,0.0073351947375893,0.9421702711655862,0.0100799772845582,463600.0,21131,,,
31543,93928,,,0.3694117647058823,0.0092250922509225,0.1678966789667896,0.066420664206642,,1084,,,
31544,93930,72555.0,0.174910820451843,0.1536018034634696,0.0011095538425601,0.8399906563886942,0.0100443821537024,404000.0,17124,,,
31545,93932,95774.0,0.0464037122969837,0.2036474164133738,0.0,0.4524361948955916,0.0,550000.0,431,,,
31546,93933,92625.0,0.137189958221988,0.4219207385723936,0.0585871021472281,0.2997067023934533,0.1346996415251475,776900.0,27617,,,
31547,93940,110669.0,0.0993227248816412,0.5427243180976673,0.0249749604213111,0.2125941003521695,0.067235307421408,1039700.0,30951,,,
31548,93943,,0.0,1.0,0.0,0.0,0.0,,11,,,
31549,93944,,0.3513513513513513,0.5878962536023055,0.0676719382125781,0.1316660536962118,0.0492828245678558,,2719,,,
31550,93950,105568.0,0.071129141311697,0.5848259547144306,0.008864893687929,0.1184429780710524,0.0735186296074118,1129400.0,15003,,,
31551,93953,154730.0,0.055,0.7048517520215634,0.0,0.0363534675615212,0.0861297539149888,1796900.0,3576,,,
31552,93954,54450.0,0.4275092936802974,0.0242424242424242,0.0,0.8252788104089219,0.0,302900.0,269,,,
31553,93955,82331.0,0.1494446423367119,0.2757527733755943,0.0493597494806684,0.4588100331752085,0.0988435184323938,693800.0,32253,,,
31554,93960,92504.0,0.1753739203707604,0.0739436619718309,0.0692803854522847,0.7931302455704072,0.0259558594964252,567500.0,25736,,,
31555,93962,,0.0,0.4761904761904761,0.0,0.328042328042328,0.0,829500.0,189,,,
31556,94002,204573.0,0.0656374903743903,0.6858786716463107,0.0151821132347637,0.1429859358095925,0.2938333934367111,2000001.0,27730,,,
31557,94005,151593.0,0.0728363324764353,0.505913660555884,0.0002119542178889,0.2274268757948283,0.3232301822806274,1127200.0,4718,,,
31558,94010,191758.0,0.0535529167844689,0.6920787545787546,0.0083656587372061,0.1118614759078375,0.2950413609384493,2000001.0,42794,,,
31559,94014,115513.0,0.0723392281218208,0.3340414683888511,0.0232985368173074,0.2979964987356545,0.5448356350904493,979500.0,46269,,,
31560,94015,123552.0,0.0680534357150724,0.4097257171615501,0.0273233418068963,0.1589182950983297,0.5990549118073643,1152900.0,64121,,,
31561,94018,225763.0,0.03725782414307,0.4996206373292868,0.0,0.1128084606345476,0.0188014101057579,1405400.0,3404,,,
31562,94019,153272.0,0.0684063500715405,0.5381453154875717,0.0047444760742849,0.2950386335908906,0.0389724820387691,1509300.0,14754,,,
31563,94020,250001.0,0.0327586206896551,0.7640990371389271,0.0,0.0544412607449856,0.0808022922636103,1158100.0,1745,,,
31564,94021,209712.0,0.0,0.6334661354581673,0.0,0.0,0.0813253012048192,1020800.0,332,,,
31565,94022,250001.0,0.0395954920507144,0.8870900788709007,0.0008002800980343,0.0448657029960486,0.4071925173810833,2000001.0,19993,,,
31566,94024,250001.0,0.0284792665846101,0.85060417429513,0.0137709627001225,0.0575338993790394,0.3536940818654163,2000001.0,23673,,,
31567,94025,215871.0,0.0478723404255319,0.732000287707689,0.0278150633855331,0.1945314441958737,0.1746955008699975,2000001.0,40230,,,
31568,94027,250001.0,0.0332251583990109,0.859514687100894,0.0081081081081081,0.1170697012802275,0.1854907539118065,2000001.0,7030,,,
31569,94028,250001.0,0.0379939209726443,0.7796740172579099,0.00150489089541,0.1250564334085779,0.0744920993227991,2000001.0,6645,,,
31570,94030,157567.0,0.0611185682326621,0.5048812044224888,0.0042941254592943,0.1205896675372969,0.4879366063128071,1929700.0,22589,,,
31571,94037,201367.0,0.0364730878186968,0.620918125887364,0.0,0.1753538142906455,0.0176044183638246,1467400.0,2897,,,
31572,94038,128333.0,0.0553250345781466,0.5106589147286822,0.0046419098143236,0.2950928381962864,0.0527188328912466,1112900.0,3016,,,
31573,94040,184494.0,0.0513626834381551,0.7794855830966185,0.0132655068716449,0.1381636266546752,0.379528399988758,2000001.0,35581,,,
31574,94041,168980.0,0.0857252200535782,0.7261810154525387,0.0181175430844012,0.282557919323275,0.2684805252193674,2000001.0,15841,,,
31575,94043,180781.0,0.0419354838709677,0.7095322227831061,0.0298982585356719,0.1851320142313214,0.3340927532613444,1647500.0,32042,,,
31576,94044,156658.0,0.0617336946315026,0.4848058030212331,0.0181406499733617,0.193446989877464,0.2057272242940863,1211700.0,37540,,,
31577,94060,111351.0,0.2584593232541397,0.2802960222016651,0.0,0.5399568034557235,0.0,1338200.0,1389,,,
31578,94061,141599.0,0.0623036227408223,0.5137690402941397,0.0260108646204072,0.3763279723835264,0.1407048623190345,1938300.0,37369,,,
31579,94062,233333.0,0.044115372718837,0.6761146329962802,0.0156876349059512,0.1309744064138143,0.0900786308973173,2000001.0,25944,,,
31580,94063,115528.0,0.1126199261992619,0.3510876785121222,0.019339962530624,0.6410433780083585,0.1067877215737137,1077100.0,34695,,,
31581,94065,213361.0,0.0311531841652323,0.810346882822744,0.0049913941480206,0.0644578313253012,0.4537005163511187,1847000.0,11620,,,
31582,94066,135976.0,0.0514038470582702,0.435343757756267,0.0145772594752186,0.2991720116618075,0.3150787172011662,1199400.0,42875,,,
31583,94070,235373.0,0.0321366626304938,0.6843997787202656,0.0082421162366432,0.1080271045087307,0.2168686473807662,2000001.0,30696,,,
31584,94074,,0.4347826086956521,0.1333333333333333,0.0,0.3260869565217391,0.0,,92,,,
31585,94080,135966.0,0.0704431599229287,0.4010323482838752,0.0172827357156036,0.3108124730918261,0.4213666277138815,1159500.0,65036,,,
31586,94085,183563.0,0.073697420806647,0.6223631123919309,0.0089813895245908,0.2962131352821797,0.4823610691307914,1534500.0,23159,,,
31587,94086,180217.0,0.0647023772832809,0.7020722548105915,0.0132363755208758,0.1709698504779802,0.4854971811422502,1784200.0,48956,,,
31588,94087,200778.0,0.0405513592537157,0.7662734280718173,0.0149674844303753,0.0840071568661184,0.5156384406289785,2000001.0,58126,,,
31589,94089,153725.0,0.0581279937858714,0.5681388363555456,0.0175756009304729,0.2355044369776859,0.4537778926509864,392000.0,23214,,,
31590,94102,64781.0,0.2135229251305861,0.4219718685420972,0.0926164136866478,0.2202784209473172,0.2848812280250407,996300.0,34983,,,
31591,94103,122339.0,0.1904231625835189,0.5588755856324831,0.097482400668178,0.2000059658751939,0.313238277055244,1057600.0,33524,,,
31592,94104,49896.0,0.1255230125523012,0.4823008849557522,0.0585774058577405,0.1276150627615062,0.3870292887029288,1992600.0,478,,,
31593,94105,239781.0,0.0655660058190676,0.8483942065491183,0.0178643384822028,0.0944257891202149,0.5347212894560107,1461700.0,14890,,,
31594,94107,186123.0,0.0829947960382743,0.7699228791773779,0.0285525008280887,0.1294468367008943,0.3175554819476648,1227000.0,30190,,,
31595,94108,63864.0,0.1970407131697454,0.4530380942386399,0.0178052325581395,0.0744004360465116,0.5345203488372093,1207500.0,11008,,,
31596,94109,112201.0,0.1309201054540695,0.6519981471343749,0.04233689357869,0.1326543743221133,0.2654925823115245,1390000.0,54397,,,
31597,94110,152403.0,0.1034680683946589,0.609592505854801,0.0385082549822304,0.3206771934559959,0.1550377134973833,1500200.0,66687,,,
31598,94111,131343.0,0.1306830661102569,0.6531284302963776,0.0166922907972765,0.0215242697122776,0.5519437733362618,1217300.0,4553,,,
31599,94112,130906.0,0.0896398219344394,0.360862997504269,0.0234984338537181,0.2630002620643181,0.5130221007574907,1159600.0,80133,,,
31600,94114,196528.0,0.0578487765624534,0.7915896004187751,0.0216790079400481,0.0996223272965176,0.1355755791477086,1771700.0,33627,,,
31601,94115,154264.0,0.1340557275541795,0.7357200916278726,0.1014213663457129,0.1060369860920067,0.1987161852361302,1684100.0,32715,,,
31602,94116,152587.0,0.06940376074837,0.5699532752001428,0.0130987935940549,0.068221903440491,0.5469275450932437,1450000.0,42523,,,
31603,94117,175096.0,0.0839302608460602,0.7828181962276114,0.0382168995342648,0.0946373918829008,0.1357019294743845,1641400.0,37575,,,
31604,94118,159550.0,0.0630586968228325,0.7221683767253768,0.0147931253978357,0.0985614258434118,0.3217568427753023,1817200.0,39275,,,
31605,94121,138353.0,0.0829079840786701,0.6391101184353601,0.0206574080535976,0.0838160374066578,0.4168934794240119,1634600.0,42987,,,
31606,94122,145717.0,0.0804916873010258,0.6291472052277263,0.0157227771095888,0.1149052624239571,0.4438111175024839,1507100.0,57369,,,
31607,94123,222689.0,0.0452834819602388,0.8558823529411764,0.0048535769638632,0.0894852761236642,0.1088587976180765,2000001.0,24518,,,
31608,94124,82928.0,0.1699288502533152,0.2670291139739195,0.2539888477888809,0.2521669519129906,0.3566223154640313,1043200.0,36226,,,
31609,94127,205429.0,0.0547813307657223,0.6657079916778852,0.0300338000965717,0.1120231772090777,0.2848865282472235,1897700.0,20710,,,
31611,94129,236190.0,0.0073626084669997,0.8527463965718738,0.0091911764705882,0.2234768907563025,0.0540966386554621,,3808,,,
31612,94130,91750.0,0.3869090909090909,0.360471645143178,0.1965358784022622,0.3163662071403322,0.0717568045245669,,2829,,,
31613,94131,198779.0,0.0603253337223721,0.7755763524309518,0.0371822071991082,0.131612068035528,0.2304289978064655,1749500.0,27809,,,
31614,94132,118557.0,0.1400212690535271,0.5853909465020576,0.0586367948624388,0.1438006275997956,0.4771582865066044,1458700.0,27406,,,
31615,94133,83025.0,0.1587282349614188,0.5492789609397383,0.0284409970508625,0.1051993697733608,0.4806286106734537,1519100.0,24753,,,
31616,94134,107566.0,0.1049758502716844,0.2994728964664541,0.0435952369089731,0.2127696676797369,0.6014149768322455,1064100.0,40142,,,
31617,94158,184294.0,0.0740982993832928,0.7744695815261986,0.1351061931108335,0.1252900232018561,0.425754060324826,1501100.0,11206,,,
31619,94301,235529.0,0.041908713692946,0.8325407343883995,0.0220133130912063,0.0599673011794931,0.2614737825528436,2000001.0,17126,,,
31620,94303,148031.0,0.0664333425809343,0.4838014308475741,0.0815313116737049,0.4022451881246949,0.2160303885576045,1825000.0,47123,,,
31621,94304,162569.0,0.0553210397689402,0.8201381509032943,0.0126823081800887,0.1346438385119425,0.2282815472415979,2000001.0,4731,,,
31622,94305,72470.0,0.1749865807836822,0.9091437708969328,0.0457235372934345,0.1601161232693166,0.2537963376507369,2000001.0,17912,,,
31623,94306,186479.0,0.0868552291507407,0.8050685285751228,0.0228866204090529,0.0821012097213644,0.3736694881389181,2000001.0,27527,,,
31624,94401,121258.0,0.1091425326519023,0.4525294255203055,0.0124059728303581,0.3780172897720893,0.2449758616818232,1123300.0,35628,,,
31625,94402,179683.0,0.0609127062251447,0.6929978118161926,0.0137265667895521,0.149933328104165,0.2602164875676523,2000001.0,25498,,,
31626,94403,179825.0,0.0638283030274845,0.6030749242096145,0.0158770335258519,0.2408937159161508,0.2899054281046503,1725900.0,43459,,,
31627,94404,182417.0,0.0468531076612677,0.7451749095295537,0.0164951321279554,0.067510431154381,0.5203894297635605,1682700.0,35950,,,
31628,94501,119500.0,0.0782455578677765,0.5805996702247679,0.0671473778673426,0.1449375757671174,0.2777839003731284,1213100.0,63517,,,
31629,94502,194821.0,0.0259954921111945,0.7104477611940299,0.0229807620330863,0.1279287371809267,0.4037727374803503,1182600.0,13359,,,
31630,94503,123657.0,0.0761290322580645,0.32540362908987,0.0556470803587772,0.3086216364634816,0.3260113490755995,663900.0,21852,,,
31631,94505,154063.0,0.0607290098815522,0.3303571428571428,0.0569339253068686,0.1798119613476103,0.0506659702272133,787500.0,15316,,,
31632,94506,250001.0,0.044620486366986,0.7493630573248408,0.0337845273467591,0.0634239389604196,0.3372583544257364,1789600.0,27261,,,
31633,94507,250001.0,0.0174398566209416,0.7645285862296317,0.0062560153994225,0.0737659837756084,0.1069022411659562,2000001.0,14546,,,
31634,94508,116534.0,0.1183456183456183,0.5705622932745315,0.0278956943602183,0.187689508793208,0.1237113402061855,774600.0,3298,,,
31635,94509,81512.0,0.1368764422666021,0.1892157683294275,0.1598298903017757,0.4252179178460282,0.0873079576978863,565300.0,71013,,,
31636,94510,125222.0,0.0685620598427544,0.455694275274056,0.0348971315897168,0.1522006027009933,0.1194240857174746,778900.0,26879,,,
31637,94511,78393.0,0.2975746268656716,0.2159904534606205,0.0,0.2541977611940298,0.0555037313432835,549500.0,2144,,,
31638,94512,,0.753731343283582,0.0,0.0,0.0,0.0,,134,,,
31639,94513,139736.0,0.0750737961317609,0.3839061003585826,0.0903022300469483,0.2516285211267605,0.1612822769953051,793900.0,68160,,,
31640,94514,97946.0,0.1431372549019607,0.1841070023603462,0.0009784735812133,0.4173189823874755,0.0484344422700587,852900.0,2044,,,
31641,94515,97202.0,0.0857889388880824,0.3558692421991085,0.0105476087270625,0.4087559601213697,0.0179164860569281,830700.0,6921,,,
31642,94516,,0.0384615384615384,0.6857142857142857,0.0,0.0096153846153846,0.0,786800.0,208,,,
31643,94517,164860.0,0.0421846510856953,0.577449567723343,0.0260605064123643,0.1280006576783952,0.1095034528115751,995600.0,12164,,,
31644,94518,111406.0,0.100478294205703,0.4432397959183674,0.0170493457809177,0.2884691633925675,0.1303391846591933,826500.0,27743,,,
31645,94519,123366.0,0.0622583926754832,0.2842040227912404,0.023094688221709,0.3221709006928406,0.1365598955718445,727600.0,19918,,,
31646,94520,79790.0,0.1290463572540771,0.2992280308787649,0.0447684064514374,0.5136671471700166,0.1018576440830092,572400.0,36767,,,
31647,94521,127312.0,0.0560464034851562,0.4398944068635538,0.0476676881171263,0.1701687825283331,0.1557711950970378,823100.0,41118,,,
31648,94523,142622.0,0.0636323978478987,0.5591581116968568,0.0350398114346488,0.1519445801833913,0.1705424128316421,1038400.0,34789,,,
31649,94525,101850.0,0.1306957708049113,0.3488372093023256,0.0974079126875852,0.181718963165075,0.0788540245566166,709000.0,3665,,,
31650,94526,216974.0,0.0372335587156241,0.6941052446630941,0.0050476046546773,0.0884690947559316,0.1613117727066646,1588000.0,33085,,,
31651,94528,,0.106,0.85,0.0,0.106,0.017,2000001.0,1000,,,
31652,94530,127731.0,0.0755829536317341,0.6642945391648134,0.044035228182546,0.1478134888863471,0.2897937397537077,1097300.0,26229,,,
31653,94531,123428.0,0.0718631434793345,0.3159498380320087,0.2411835694810709,0.2580565860635587,0.2018951414651588,660200.0,44746,,,
31654,94533,85990.0,0.1294193299466272,0.1991873020718074,0.1628786431872875,0.394336427416377,0.1366489680023428,497300.0,78537,,,
31655,94534,139349.0,0.0602368536478385,0.4010387422796181,0.118111959535042,0.1734594620884198,0.2420115753124848,700900.0,41122,,,
31656,94535,83525.0,0.0398442180946674,0.3325513196480938,0.0947450168263008,0.1700750711881957,0.0898265596686513,,3863,,,
31657,94536,156672.0,0.0662104022604966,0.5761123665549754,0.0385393242536099,0.1619217333503047,0.5063996492567922,1210200.0,70707,,,
31658,94538,144451.0,0.0504678745976874,0.5341855235702855,0.0329965733191539,0.1953355784000945,0.5615030131159163,1104800.0,67704,,,
31659,94539,235399.0,0.0367333677350304,0.7864892309336754,0.0173544450569294,0.044574122298466,0.784409511680511,1878400.0,52609,,,
31660,94541,106556.0,0.0992064087370047,0.302366435878888,0.1102898871431732,0.4476654127019252,0.1919303680755329,781900.0,67785,,,
31661,94542,131989.0,0.0873532271333483,0.4810162991371045,0.1161653880100482,0.2723199130966121,0.2240477968633308,1085900.0,14729,,,
31662,94544,108358.0,0.0917108509633051,0.2734947055477051,0.0717366658413583,0.4507747038663521,0.2806656328594326,801900.0,76739,,,
31663,94545,115258.0,0.0911788753293159,0.3444197780020182,0.0801844151148074,0.3479479298499367,0.4174049297896703,838800.0,33186,,,
31664,94546,125780.0,0.0739445141134798,0.4143343699096697,0.081203105915198,0.2024952015355086,0.3072325946606177,976300.0,45848,,,
31665,94547,130583.0,0.054298469874461,0.4627170582226762,0.1835397218517813,0.1481425033339683,0.4356639359878072,741200.0,26245,,,
31666,94548,183100.0,0.0313971742543171,0.3391304347826087,0.0,0.6970172684458399,0.0,918100.0,637,,,
31667,94549,231195.0,0.0407952767107696,0.771572043451527,0.0091691153042801,0.0778843771019931,0.1040110454207526,1968500.0,28247,,,
31668,94550,177218.0,0.0416598728191749,0.5575905807405722,0.0120338641402942,0.1782301955250957,0.1503930659141302,1146700.0,49610,,,
31669,94551,130705.0,0.0463178595456192,0.4400764597684567,0.017140349518573,0.2931929063734221,0.1636851751464932,931000.0,38739,,,
31670,94552,205170.0,0.0644822516278092,0.5943100995732574,0.0194303224458527,0.1141444390277874,0.4416045685632704,1286300.0,14359,,,
31671,94553,121023.0,0.0757604225381516,0.4190360903102302,0.0300411522633744,0.1863786008230452,0.1040123456790123,781400.0,48600,,,
31672,94555,213488.0,0.0419081706242153,0.6760010667885854,0.0148266666666666,0.06736,0.7323466666666667,1295000.0,37500,,,
31673,94556,199300.0,0.082690547784024,0.808142300009512,0.0050244944102499,0.0813968094460494,0.2205124984298455,1594100.0,15922,,,
31674,94558,109444.0,0.084532684611159,0.382606678056909,0.0096976081298797,0.3736212665757839,0.0276676168050563,855600.0,64552,,,
31675,94559,100559.0,0.0885745375408052,0.3722590773282017,0.0081572516889463,0.4137199942503953,0.0332039672272531,877100.0,27828,,,
31676,94560,164909.0,0.041881360984542,0.4711912943871706,0.0348923533778767,0.2863294092692756,0.4269805917912822,1094200.0,47145,,,
31677,94561,130859.0,0.0704405850899288,0.2306928398821543,0.0871634424712466,0.3371303926320892,0.0918565196316044,632100.0,45386,,,
31679,94563,250001.0,0.0205493597686906,0.8531213535589265,0.0039672316966355,0.0628059147818022,0.1555979184914215,1810100.0,19409,,,
31680,94564,120833.0,0.0646122731385385,0.3867422409621898,0.1155826917971861,0.2741704273958056,0.2432174143881072,697100.0,18835,,,
31681,94565,95035.0,0.1157340501864559,0.216187417228624,0.1254840743298009,0.4847347722974393,0.16805259523881,563300.0,99933,,,
31682,94566,187721.0,0.0496531908684819,0.6709194896612406,0.0084185610289848,0.1291590371131258,0.3751730606047072,1592200.0,44782,,,
31683,94567,71250.0,0.2243684992570579,0.3220675944333996,0.0014858841010401,0.4725111441307578,0.0104011887072808,386300.0,673,,,
31684,94568,205046.0,0.0425211141849265,0.6954214892963229,0.0385869411130957,0.1083184485838224,0.5322361146550991,1224100.0,70542,,,
31685,94569,,0.0,0.190721649484536,0.0,0.1597938144329896,0.0,586500.0,194,,,
31686,94571,85212.0,0.075319188022412,0.332092726499362,0.0958716850451107,0.2525289346577964,0.061514626811264,479900.0,10973,,,
31687,94572,89074.0,0.1025376047766678,0.2709008425145819,0.1541551882460973,0.2737603305785124,0.2159090909090909,653500.0,8712,,,
31688,94573,,0.0,0.0,0.0,0.4567901234567901,0.0,,81,,,
31689,94574,139779.0,0.057863304578633,0.5614035087719298,0.0078472403871305,0.2661522364635103,0.0120324352602668,1876500.0,7646,,,
31690,94575,,0.6410256410256411,0.410958904109589,0.0328358208955223,0.2706467661691542,0.1134328358208955,,1005,,,
31691,94576,165625.0,0.0,0.5555555555555556,0.0,0.0,0.0,1058600.0,130,,,
31692,94577,110989.0,0.0790459168475254,0.394941523787896,0.1182757242336902,0.3084383480950077,0.2803525971430374,824900.0,47533,,,
31693,94578,89149.0,0.1279968685781387,0.2538844420528687,0.1806962253710876,0.3498448288305627,0.2602785863786176,793500.0,41567,,,
31694,94579,94193.0,0.0726999247931812,0.2777958493266541,0.0261588574292157,0.1742420446003507,0.5362565772989226,815900.0,19955,,,
31695,94580,110106.0,0.0685212196985483,0.2569829775228063,0.0385228296265502,0.3642000969999307,0.3507240351971177,820100.0,28866,,,
31696,94582,211159.0,0.0493638676844783,0.770530162189884,0.0381289474799711,0.0527319740579034,0.6018396846254928,1543800.0,47182,,,
31697,94583,184033.0,0.0312794518454367,0.6411468774823165,0.0178344918565122,0.1076158100360241,0.3690445989142016,1234400.0,39418,,,
31698,94585,96713.0,0.0867459117768311,0.2116867656953573,0.2033117104813929,0.3095595766473199,0.1723113690679412,551400.0,29290,,,
31699,94586,198942.0,0.0634291377601585,0.4757412398921833,0.0019782393669634,0.1364985163204747,0.0909990108803165,1557900.0,1011,,,
31700,94587,137194.0,0.0695094061232017,0.4530204634189409,0.052552794939904,0.193158304104724,0.5541744324268796,1058200.0,68141,,,
31701,94588,186569.0,0.0609518265172464,0.7007696716613445,0.0253900008715103,0.1241030706213868,0.4593440432269122,1277200.0,34423,,,
31702,94589,91313.0,0.1054426362347221,0.2263537733594608,0.1534156760157621,0.3893837544289546,0.2288817510513593,478800.0,30199,,,
31703,94590,66957.0,0.183385537246357,0.2593803402927409,0.210341969466057,0.3179861501029384,0.1254511911446218,510700.0,37401,,,
31704,94591,107849.0,0.0905765366582513,0.3093864708966964,0.1526249230979561,0.2417629366327158,0.2814956593068562,602200.0,58516,,,
31705,94592,122625.0,0.1203904555314533,0.4917127071823204,0.0650759219088937,0.2537960954446854,0.2537960954446854,681300.0,922,,,
31706,94595,98108.0,0.0347553249260845,0.6942753573626975,0.015365667702774,0.0798780130197642,0.1122514808515629,816600.0,17051,,,
31707,94596,137660.0,0.0616319075733763,0.6951781499381814,0.0155561207188877,0.1138521532722957,0.1454730417090539,1245000.0,23592,,,
31708,94597,142685.0,0.0757789194564136,0.6564610785073636,0.0417990509593563,0.1782958531050134,0.1936042913142149,986700.0,24235,,,
31709,94598,188170.0,0.0516585309605258,0.7382349964578484,0.0187122047693302,0.0996462936903358,0.1779941429277754,1307100.0,26293,,,
31710,94599,79696.0,0.1153314917127071,0.411010322177041,0.0427981109799291,0.1735537190082644,0.03099173553719,757300.0,3388,,,
31711,94601,66651.0,0.1749478401978209,0.2396956066649693,0.1338713687391229,0.5303409895006598,0.1844938706037598,703100.0,52289,,,
31712,94602,124744.0,0.0830721003134796,0.580080465673686,0.1521780604133545,0.1988871224165341,0.1613354531001589,1111800.0,31450,,,
31713,94603,71086.0,0.1318152927847017,0.1528162708395514,0.2453347969264544,0.6287321624588365,0.0491767288693743,596100.0,36440,,,
31714,94605,101043.0,0.1431070917312367,0.4284321434187765,0.3975276218076435,0.2694484694801666,0.0851068646984242,840700.0,44168,,,
31715,94606,70769.0,0.1790550236113647,0.3974289944810876,0.1594745264027254,0.2478191297166159,0.3239818303824911,747600.0,38746,,,
31716,94607,87937.0,0.1928241409182789,0.4736865901076046,0.2931053027858449,0.132515865332903,0.2458140618837618,744600.0,27891,,,
31717,94608,116306.0,0.1562795089707271,0.640807962529274,0.2278369315842108,0.1281840108241661,0.163127242778987,826900.0,33998,,,
31718,94609,106698.0,0.0998694516971279,0.622169738666119,0.249376357930313,0.1365977307475658,0.1022772994286634,1147900.0,24854,,,
31719,94610,130435.0,0.0887667171140006,0.7321312602666463,0.1301912777352716,0.1143687834736036,0.1665187452180566,1324500.0,32675,,,
31720,94611,176517.0,0.0582284980744544,0.7780975168132437,0.0652650356778797,0.0726299694189602,0.1733690112130479,1485000.0,39240,,,
31721,94612,77069.0,0.2278739710474027,0.5446351071643186,0.2605446413406556,0.1045688727849176,0.2706788201324803,814000.0,17663,,,
31722,94613,,0.6153846153846154,0.0384615384615384,0.0680529300567107,0.3024574669187145,0.2665406427221172,,529,,,
31723,94618,205552.0,0.0429830345902523,0.8642129992169146,0.0295043039477589,0.0893440189967349,0.128109231225883,1789100.0,16845,,,
31724,94619,129879.0,0.0619559278819887,0.573366401781647,0.1918770503494508,0.2328840393667094,0.1671302239338183,997300.0,28044,,,
31725,94621,53106.0,0.1927136335882301,0.1260655811645843,0.2369438513474522,0.6251659068613307,0.0388366322349818,537600.0,34658,,,
31726,94702,99135.0,0.1188258870682541,0.6548876359882474,0.151994377086628,0.1201312013120131,0.1438528671000995,1168200.0,17073,,,
31727,94703,108922.0,0.1140813975811096,0.7143948071783124,0.1197662163456932,0.1416115742071476,0.1500431158378844,1273000.0,20874,,,
31728,94704,52105.0,0.4616774193548387,0.7171300659754948,0.0470790518688336,0.1347689032627829,0.3666844065992549,918500.0,24427,,,
31729,94705,163254.0,0.0976957863757088,0.7874759328871367,0.0371050957664852,0.0797936249911654,0.1051664428581525,1892300.0,14149,,,
31730,94706,136961.0,0.0814513700692562,0.7673963214210784,0.0345113736210094,0.1276481499560675,0.2827296690422727,1188100.0,20486,,,
31731,94707,196591.0,0.0369932165956775,0.853583512765303,0.0108422375864236,0.0546040226272784,0.1431489629164047,1626500.0,12728,,,
31732,94708,229004.0,0.0534389750505731,0.881421647819063,0.0175482577086989,0.062254533299908,0.0906659981616111,1517100.0,11967,,,
31733,94709,95223.0,0.155680872700379,0.7963795407605394,0.0443386156498891,0.0992692339272518,0.2810575580917973,1240500.0,12179,,,
31734,94710,118007.0,0.0854816824966078,0.6523141428801806,0.0947937131630648,0.2030943025540275,0.1344548133595285,1084500.0,8144,,,
31735,94720,,0.4601226993865031,0.8284424379232506,0.0596565763852009,0.2196848999822977,0.3781200212426978,,5649,,,
31736,94801,75786.0,0.1610848633454936,0.1940291445874337,0.1140507686807293,0.6631212012870933,0.0566082707662972,593500.0,33564,,,
31737,94803,116075.0,0.0833940807697915,0.4043246871553915,0.1196534725242859,0.2997680150790198,0.2328548644338118,729000.0,27588,,,
31738,94804,86430.0,0.1624699025630639,0.3246485779666557,0.191812708431254,0.4656773875870095,0.1055529443362653,618000.0,44679,,,
31739,94805,114191.0,0.0418622848200313,0.4371827976137477,0.0917556655379004,0.349700442823652,0.167621776504298,738800.0,15356,,,
31740,94806,82818.0,0.117526455026455,0.2268207535813169,0.134415132228862,0.5141945618552527,0.1597758668156569,582000.0,61749,,,
31741,94901,108837.0,0.1213796865701249,0.4844025287594569,0.0077625015208662,0.4055724540698381,0.0559922131646185,1369500.0,41095,,,
31742,94903,127464.0,0.0757922681267629,0.5510265056127022,0.0402440982816765,0.1928376425244901,0.0633691986510358,1149400.0,31135,,,
31743,94904,161875.0,0.0526112484548825,0.7000208463623098,0.0059035497968258,0.1263512995476501,0.0667791152342252,2000001.0,13043,,,
31744,94920,238304.0,0.0243264659270998,0.804012014589144,0.0054407822110077,0.0527519318719444,0.0766440624507175,2000001.0,12682,,,
31745,94922,131895.0,0.1773584905660377,0.0,0.0,0.0,0.0,,312,,,
31746,94923,,0.0141442715700141,0.4382113821138211,0.0109814687714481,0.245710363761153,0.0,1177900.0,1457,,,
31747,94924,96442.0,0.1232539030402629,0.5943738656987296,0.0,0.1364009860312243,0.0090386195562859,2000001.0,1217,,,
31748,94925,220771.0,0.0496980496980496,0.7677987778883046,0.0149490149490149,0.1218691218691218,0.0615780615780615,1702000.0,10101,,,
31749,94928,96622.0,0.1022619531355817,0.3017180034563383,0.0279362073047371,0.3265393969395002,0.0621354626261756,634700.0,46463,,,
31750,94929,206793.0,0.0,0.9508928571428572,0.0,0.1651785714285714,0.0,1564200.0,224,,,
31751,94930,136341.0,0.1046348314606741,0.659910947336097,0.0096917328351237,0.0778841662774404,0.0262727697337692,1152100.0,8564,,,
31752,94931,103105.0,0.0759698275862068,0.3898280802292264,0.0133047210300429,0.192274678111588,0.0215665236051502,788200.0,9320,,,
31753,94933,128561.0,0.1553784860557769,0.5396659707724426,0.045418326693227,0.2581673306772908,0.0709163346613545,886100.0,1255,,,
31754,94937,69464.0,0.0949781659388646,0.5862913096695227,0.0,0.0,0.0,1536500.0,916,,,
31755,94938,150250.0,0.0444444444444444,0.7222222222222222,0.0,0.0,0.0,1005100.0,540,,,
31756,94939,182743.0,0.0666033640803038,0.7622483858716294,0.0,0.0550732501356484,0.0428648941942485,2000001.0,7372,,,
31757,94940,,0.0,1.0,0.0,0.1163636363636363,0.0,,275,,,
31758,94941,210217.0,0.0535463975329408,0.7689327227897147,0.0093975084237534,0.074654548826857,0.0600327676280565,1990100.0,32349,,,
31759,94945,109750.0,0.0743835219031041,0.5171564856131713,0.0325231481481481,0.226099537037037,0.0784722222222222,1094300.0,17280,,,
31760,94946,166875.0,0.0586592178770949,0.5840407470288624,0.0178817056396148,0.0701513067400275,0.0288858321870701,2000001.0,727,,,
31761,94947,126690.0,0.0946833560540339,0.4747249064402614,0.025287356321839,0.2608374384236453,0.0539819376026272,995000.0,24360,,,
31762,94949,116101.0,0.0827567420321438,0.4760760159242845,0.0242959089175791,0.264095440431443,0.0725608759601242,1075600.0,18357,,,
31763,94950,,0.1034482758620689,0.5517241379310345,0.0,0.0,0.0,,29,,,
31764,94951,116093.0,0.0791571753986332,0.4395604395604395,0.0,0.3643880926130099,0.0101984564498346,1213100.0,3628,,,
31765,94952,115097.0,0.0658319624687747,0.4746456692913385,0.0086385314496535,0.1861183598788206,0.0313146765049941,1016800.0,33339,,,
31766,94954,107564.0,0.0590785334778356,0.3686533436904173,0.0152894736842105,0.2291052631578947,0.0423684210526315,790100.0,38000,,,
31767,94956,79241.0,0.0735294117647058,0.5686653771760155,0.0008635578583765,0.0889464594127806,0.0,2000001.0,1158,,,
31768,94957,250001.0,0.0367271036727103,0.8240740740740741,0.0130172013017201,0.0450953045095304,0.0609019060901906,2000001.0,2151,,,
31769,94960,172332.0,0.046747323747387,0.7268064429047062,0.0121452394437102,0.0840727455792587,0.0444276634573028,1589200.0,15891,,,
31770,94963,206375.0,0.0,0.8776119402985074,0.0,0.0391459074733096,0.0,1220800.0,562,,,
31771,94964,,0.2616487455197133,0.0169401799894123,0.2737588652482269,0.3281323877068557,0.0562647754137115,,2115,,,
31772,94965,140417.0,0.1022812111157196,0.6498134694678971,0.0652138157894736,0.1039473684210526,0.1194901315789473,1492600.0,12160,,,
31773,94970,117188.0,0.1021505376344086,0.5955678670360111,0.0,0.0403225806451612,0.0,1458300.0,372,,,
31774,94971,109375.0,0.3841269841269841,0.6282051282051282,0.0,0.0,0.0,880000.0,315,,,
31775,94972,,0.0,0.8765432098765432,0.0,0.0,0.0,,153,,,
31776,94973,207273.0,0.0877723970944309,0.6136528685548294,0.0,0.0460048426150121,0.0,1111100.0,1652,,,
31777,95002,89861.0,0.0768761439902379,0.3459016393442622,0.0201342281879194,0.586333129957291,0.2306284319707138,1023400.0,1639,,,
31778,95003,140990.0,0.0366230387773351,0.5446121407169016,0.0033187631536344,0.1608385947871135,0.0310425773028978,1154000.0,24708,,,
31779,95004,165781.0,0.0370181261169262,0.4001363326516701,0.0033188664794485,0.3152923155476129,0.0125095736533061,914000.0,3917,,,
31780,95005,107857.0,0.0503597122302158,0.4623634558093346,0.002097902097902,0.0902097902097902,0.0191608391608391,959100.0,7150,,,
31781,95006,128483.0,0.0385985748218527,0.3872301332108406,0.0061662516304992,0.1772797343768528,0.0116210126882485,779300.0,8433,,,
31782,95007,164487.0,0.0328358208955223,0.2693602693602693,0.0238805970149253,0.0,0.0,789500.0,335,,,
31783,95008,142841.0,0.0588918862834613,0.5887292565193796,0.0187338634720644,0.1987607146545492,0.2551688526283177,1578800.0,48415,,,
31784,95010,96701.0,0.1309844316984665,0.464796961729477,0.0033344831551109,0.3072323789812579,0.0451879958606416,781900.0,8697,,,
31785,95012,79903.0,0.1220783890686803,0.077125906394199,0.0056517448640889,0.8719834933165874,0.0179420471875841,629600.0,11147,,,
31786,95013,,0.0,0.3333333333333333,0.0,0.0,0.0,,42,,,
31787,95014,229074.0,0.0419060159657641,0.8295910851331765,0.0099003420118149,0.0294719272120309,0.7128900816573663,2000001.0,61109,,,
31788,95017,100750.0,0.0672153635116598,0.4101123595505618,0.0,0.55420054200542,0.0284552845528455,993100.0,738,,,
31789,95018,119130.0,0.0575505723694527,0.565377532228361,0.0010976948408342,0.0812294182217343,0.0148972871256076,778100.0,6377,,,
31790,95019,68314.0,0.0699278267842822,0.1475770925110132,0.012028869286287,0.8392943063352045,0.0128307939053728,678200.0,6235,,,
31791,95020,134242.0,0.0739062616058827,0.2786352746037597,0.0267127823975274,0.571579954374862,0.0907498712193686,1005600.0,67945,,,
31792,95023,108156.0,0.0823330573951434,0.205868320610687,0.0090279919142083,0.649261657587282,0.0343817452975639,740500.0,58374,,,
31793,95030,250001.0,0.0665996287128712,0.8021183419900193,0.0049348446295011,0.0756419153365718,0.1709461022438121,2000001.0,12969,,,
31794,95032,195188.0,0.0375064097868288,0.7592763901737075,0.0169424174553861,0.0937071020879994,0.2041398742865399,2000001.0,27682,,,
31795,95033,183836.0,0.0336895674300254,0.7032558139534884,0.0008093889113719,0.1042088223391339,0.0599959530554431,1284500.0,9884,,,
31796,95035,176723.0,0.0541401689758288,0.5862843505422385,0.0201582588972846,0.1337045579072108,0.7132990991220581,1180700.0,78479,,,
31797,95037,158256.0,0.0447144166455412,0.4377553402591339,0.0206727876235029,0.3623269988547469,0.1575208183706349,1152400.0,51517,,,
31798,95039,58214.0,0.1994949494949495,0.2201834862385321,0.0273651290070367,0.6247068021892104,0.0203283815480844,440700.0,1279,,,
31799,95041,161034.0,0.0,0.7119645494830132,0.0,0.0413711583924349,0.0224586288416075,1060200.0,846,,,
31800,95043,126111.0,0.0434782608695652,0.4012219959266802,0.0059435364041604,0.1575037147102526,0.0,1095600.0,673,,,
31801,95045,106377.0,0.0692146352831507,0.2807383149746948,0.0088557445816825,0.4800745746912142,0.0200419482638079,835500.0,4291,,,
31802,95046,157458.0,0.0685866983372921,0.3598148862321635,0.0189181200118238,0.4379249187112031,0.0728643216080402,1396600.0,6766,,,
31803,95050,130051.0,0.1144315616663246,0.541267135449961,0.0248826173199086,0.2181183619152836,0.3320611645366209,1420500.0,39827,,,
31804,95051,185632.0,0.0653139181821149,0.706558089033659,0.0114271741788246,0.1316325698915967,0.5375499225690765,1623600.0,61345,,,
31805,95053,,0.4748603351955307,1.0,0.0399619410085632,0.154138915318744,0.2369172216936251,,3153,,,
31806,95054,204052.0,0.0508147254073627,0.6848215718795142,0.0314732497221781,0.1416097793300524,0.5729877758374345,1475400.0,25196,,,
31807,95060,106040.0,0.1707167025530606,0.5522344082501228,0.0124065704849643,0.2210151225447592,0.0552320528419954,1189300.0,46024,,,
31808,95062,108261.0,0.133103506264189,0.5073998839233894,0.0136488473381973,0.2024579021832607,0.0411407329320054,1064600.0,36047,,,
31809,95064,119787.0,0.1776556776556776,0.7028258887876025,0.0237782049984822,0.2999089345340484,0.2892846301730243,437500.0,9883,,,
31810,95065,142768.0,0.0847415195894354,0.4955950941440663,0.0067239447142323,0.213173950940107,0.0331216535923297,1192200.0,8031,,,
31811,95066,146941.0,0.048971790139731,0.5530857740585774,0.0044895569002537,0.1213481683909167,0.0655865703689244,1113000.0,15369,,,
31812,95070,240980.0,0.037139103406287,0.8082801477997985,0.0007647452442405,0.0254915081413504,0.5856036707771723,2000001.0,31383,,,
31813,95073,113929.0,0.1043319097010372,0.450609756097561,0.0006093845216331,0.1946548271959606,0.027248193610168,1012000.0,11487,,,
31814,95075,130962.0,0.008695652173913,0.3369565217391304,0.0,0.3426086956521739,0.0156521739130434,853600.0,575,,,
31815,95076,86685.0,0.1317524509803921,0.1926252901556376,0.004489800871264,0.7248237449793105,0.0212719484522321,767200.0,82409,,,
31816,95110,132800.0,0.0951993048767242,0.3959523305831747,0.0407323595967907,0.5458239045463896,0.1543406706439004,947900.0,19444,,,
31817,95111,97162.0,0.0882488204534228,0.2019348894348894,0.0218901248195635,0.5126772522713764,0.3631315275537063,826200.0,58885,,,
31818,95112,89649.0,0.1822385627108365,0.3919312277265431,0.0481274002043476,0.413134622837614,0.2665503998872565,956300.0,56766,,,
31819,95113,140938.0,0.2116250511665984,0.6682113067655236,0.0634465820712239,0.2689316414244781,0.2975849365534179,953100.0,2443,,,
31820,95116,83428.0,0.1183165038900844,0.2124595670564817,0.0149541134054408,0.5873279252704031,0.2912364798426745,842700.0,48816,,,
31821,95117,115778.0,0.098535237887544,0.4444209748112161,0.0743218936614144,0.3217857399812936,0.2716022735448593,1425200.0,27798,,,
31822,95118,148438.0,0.0531668831786065,0.5304748732134624,0.0182526467908642,0.2659671389525934,0.2222676007665483,1377000.0,31831,,,
31823,95119,164129.0,0.0556780067081935,0.5832209333693014,0.0108144320030624,0.2476792037515551,0.3308450569432482,1176100.0,10449,,,
31824,95120,250001.0,0.0223377168805942,0.7441834241683895,0.0091331391229037,0.0779991076818098,0.405269926252526,1924500.0,38103,,,
31825,95121,133700.0,0.0783096843352421,0.3397341211225997,0.0267062314540059,0.2422316779575611,0.6198421141033537,1024700.0,35722,,,
31826,95122,103406.0,0.0901518387635431,0.1788235980626714,0.0204765735739187,0.5691108301727771,0.3561659579358694,838900.0,52206,,,
31827,95123,136364.0,0.0580581721793903,0.4480549945943741,0.0339788557036952,0.2930605159435962,0.2658262069750565,1108100.0,70279,,,
31828,95124,188433.0,0.0404559505409582,0.6092405644143627,0.0112904156488623,0.1655094150910734,0.2566213383085534,1596700.0,51991,,,
31829,95125,148422.0,0.0683831101956745,0.5621537040837267,0.0224348277524381,0.2897244780657841,0.1659250194682389,1646000.0,53934,,,
31830,95126,127297.0,0.0801676709457689,0.5475704515343575,0.0480661105154423,0.3660399069013311,0.1981746384581186,1195700.0,38239,,,
31831,95127,120548.0,0.0884548066444305,0.2656392935050313,0.0150267633530307,0.544728356058994,0.2812034505901032,995100.0,61091,,,
31832,95128,122647.0,0.0945962467143468,0.5176726481783578,0.0302516004168527,0.3030221825219592,0.2207533124906952,1214500.0,33585,,,
31833,95129,182662.0,0.0393904330485733,0.7101584342963654,0.0185592723004694,0.0815727699530516,0.6367126369327074,2000001.0,40896,,,
31834,95130,155787.0,0.0522570602623971,0.6014287215043597,0.0240160106737825,0.1798235860944333,0.3833666889037135,1774900.0,13491,,,
31835,95131,170128.0,0.0775946315720893,0.5696472154426447,0.0130102455683851,0.1561229468206212,0.6954626768580257,1134200.0,30745,,,
31836,95132,172266.0,0.0830313014827018,0.5011878938126226,0.0165130665320035,0.1707865168539326,0.6307031940411564,1263600.0,39605,,,
31837,95133,132069.0,0.1108341525066704,0.443440205499001,0.0249991246805083,0.2426035502958579,0.6131087847064178,1074300.0,28561,,,
31838,95134,196847.0,0.0521358450517378,0.7729151877061845,0.0329201784828953,0.1298628325896546,0.6299785159477772,371200.0,30255,,,
31839,95135,196179.0,0.0315022257007288,0.6521571152607856,0.0320928644588596,0.0966687801785104,0.5692825440179486,1458800.0,20503,,,
31840,95136,143696.0,0.0822378217400553,0.4647730688307784,0.0391034204890048,0.2624000678584303,0.3557266153487287,1104300.0,47157,,,
31841,95138,194300.0,0.0533360790774299,0.5343040278547123,0.0423820017424281,0.2516271203812842,0.4934146466458258,1355000.0,19513,,,
31842,95139,193061.0,0.0281214848143982,0.4699017199017199,0.0264304794039083,0.3599044003936454,0.2277520033741037,1125200.0,7113,,,
31843,95140,,0.1463414634146341,0.7560975609756098,0.0,0.0975609756097561,0.2682926829268293,2000001.0,41,,,
31844,95148,160729.0,0.0617682859355981,0.3982334384858044,0.0231979203383856,0.2355260838914346,0.6204617553753965,1211400.0,45392,,,
31845,95202,23954.0,0.3557025834908632,0.1722987994664295,0.2282913165266106,0.5049797696856521,0.0620915032679738,322300.0,6426,,,
31846,95203,64710.0,0.2323458282950423,0.1678517964071856,0.0902092855424585,0.5752946836661054,0.0994106326677892,349800.0,16628,,,
31847,95204,71792.0,0.1327875858894697,0.2047605391453971,0.0666172489364445,0.4802758798504576,0.0853745004512053,358300.0,31028,,,
31848,95205,58138.0,0.2404334924525867,0.0470572871321608,0.0624457271287735,0.766128620319763,0.0642846197067988,288600.0,39154,,,
31849,95206,79751.0,0.1812567730059528,0.1071269266987163,0.1131686937971289,0.5986874268529355,0.1823232248411134,388500.0,67501,,,
31850,95207,68767.0,0.1805420538943111,0.1975142258161126,0.1371446005987681,0.4279285292042485,0.1268091760263915,409000.0,52441,,,
31851,95209,106056.0,0.0762532000087521,0.2496312079986887,0.1100135288938518,0.3458887194794597,0.2246870101144587,464900.0,46567,,,
31852,95210,65411.0,0.1821842937961453,0.1090643387301465,0.1113222335700543,0.3819680307816545,0.312163028762796,336900.0,42103,,,
31853,95211,,,0.8301886792452831,0.015126050420168,0.0983193277310924,0.1647058823529411,,1190,,,
31854,95212,104078.0,0.0701493619489559,0.3124618712217847,0.063399136115375,0.2402456002570235,0.4320851033448756,499200.0,28013,,,
31855,95215,68189.0,0.1776460254721124,0.0938975345340094,0.0440227412415488,0.6532728948985863,0.0332667486170866,378900.0,26032,,,
31856,95219,105300.0,0.0634665982160046,0.3834593756059725,0.0920833333333333,0.2986858974358974,0.2052884615384615,539900.0,31200,,,
31857,95220,116324.0,0.0493313146606106,0.250865367097832,0.0021362151294295,0.3448102538326212,0.0149535059060065,718500.0,7958,,,
31858,95221,,0.0975609756097561,0.2518518518518518,0.0,0.0,0.0,,164,,,
31859,95222,71344.0,0.1497584541062802,0.2317708333333333,0.009354041651959,0.0825979527003176,0.000705965407695,488000.0,5666,,,
31860,95223,98934.0,0.0550803968525487,0.470314318975553,0.0,0.0548738922972051,0.0126107702794819,475800.0,2934,,,
31861,95224,59167.0,0.230188679245283,0.6721311475409836,0.0,0.1622641509433962,0.0,,265,,,
31862,95225,101223.0,0.1233660130718954,0.076837416481069,0.0,0.1429738562091503,0.0,571900.0,1224,,,
31864,95227,150143.0,0.0289575289575289,0.2239297475301866,0.0,0.2075289575289575,0.0,730200.0,1036,,,
31865,95228,107857.0,0.0591740291760838,0.2231819448314293,0.0161885245901639,0.2528688524590164,0.0090163934426229,453400.0,4880,,,
31866,95230,135304.0,0.0,0.0307692307692307,0.0,0.6707070707070707,0.0,611100.0,495,,,
31867,95231,73292.0,0.195069667738478,0.0471433031532937,0.1000230467849735,0.521548743950219,0.0414842129522931,477600.0,4339,,,
31868,95232,68977.0,0.0,0.0,0.0,0.0,0.0,385000.0,151,,,
31869,95233,48705.0,0.2794117647058823,0.1862745098039215,0.0,0.0,0.0,298200.0,204,,,
31870,95236,96339.0,0.1049711495783399,0.2686708860759493,0.0210830004438526,0.3206835330670217,0.0051043053706169,648300.0,4506,,,
31871,95237,86836.0,0.0732747135624833,0.2601565411852404,0.0013322675193178,0.3264055422328804,0.0074606981081801,423000.0,3753,,,
31872,95240,76870.0,0.165222264475712,0.184405360657274,0.0077542322718124,0.4798547807900241,0.1157610196914091,443700.0,50682,,,
31873,95242,99709.0,0.0761076574796076,0.3163397339682211,0.0128140703517587,0.2554558506819813,0.0719310839913855,549700.0,27860,,,
31874,95245,85387.0,0.1196157421753951,0.150674373795761,0.0554694762937713,0.145026340254106,0.0269600247908273,424700.0,3227,,,
31875,95246,95667.0,0.2574955908289241,0.1710610932475884,0.0846560846560846,0.0534979423868312,0.0047031158142269,409400.0,1701,,,
31876,95247,71983.0,0.1051059206952743,0.3795121951219512,0.0,0.0434546442151004,0.0,513700.0,3682,,,
31877,95248,,0.0,0.0,0.0,0.0,0.0,,66,,,
31878,95249,46864.0,0.322790489008524,0.228386749259359,0.0146933560477001,0.133304940374787,0.0425894378194207,409000.0,4696,,,
31879,95251,101111.0,0.0160818713450292,0.1851239669421487,0.0,0.0,0.0,389900.0,684,,,
31880,95252,85189.0,0.0955121666909514,0.1508569151056197,7.219695328857122e-05,0.1816475344740452,0.0493827160493827,444200.0,13851,,,
31881,95253,,0.0,0.1136363636363636,0.0,0.6349809885931559,0.0,,526,,,
31882,95254,72188.0,0.0,0.3192982456140351,0.0,0.0379746835443038,0.0,456300.0,316,,,
31883,95255,68000.0,0.2728310502283105,0.1720351390922401,0.0,0.2393162393162393,0.0011396011396011,271700.0,1755,,,
31884,95257,,0.117096018735363,0.1105527638190954,0.0,0.0679156908665105,0.0,335500.0,427,,,
31885,95258,100682.0,0.0652286902286902,0.2684786211468346,0.0,0.2825749741468459,0.0100827300930713,553700.0,3868,,,
31886,95301,66669.0,0.1761775694088345,0.1599312766116381,0.0392457639118327,0.5265021003445509,0.0618067683013168,367800.0,42374,,,
31887,95303,139688.0,0.1278538812785388,0.2140221402214022,0.0,0.4292237442922374,0.0079908675799086,602100.0,876,,,
31888,95304,114359.0,0.0562725864739287,0.2851654846335697,0.0591172897826967,0.3408017276285598,0.1273451207990282,869300.0,14818,,,
31889,95305,,0.0591133004926108,0.0,0.0,0.0246305418719211,0.2807881773399014,,203,,,
31890,95306,77724.0,0.1369390103567318,0.3078055964653903,0.0,0.1150747986191024,0.0126582278481012,,869,,,
31891,95307,77101.0,0.1375724811440031,0.1270947753837487,0.0104957908632517,0.641390205371248,0.0845939102772187,402300.0,46209,,,
31893,95310,57639.0,0.1738885762521103,0.2492378048780487,0.0044868199663488,0.0914189568143578,0.0016825574873808,448800.0,1783,,,
31894,95311,70469.0,0.2243645924627519,0.1991822429906542,0.0,0.249780893952673,0.0030674846625766,295700.0,2282,,,
31895,95312,,0.0,0.099236641221374,0.0,0.4300518134715025,0.0,,193,,,
31896,95313,72321.0,0.1023339317773788,0.1229314420803782,0.0,0.6077199281867145,0.0,596400.0,1114,,,
31897,95315,67868.0,0.1588303193535975,0.1389875082182774,0.0,0.7600338305397509,0.0469783176995233,338300.0,13006,,,
31898,95316,96593.0,0.1124668435013262,0.2072888139877817,0.0019752436133789,0.2808796418224914,0.0117197787727153,453600.0,7594,,,
31899,95317,57438.0,0.1111111111111111,0.0715596330275229,0.0117521367521367,0.7435897435897436,0.0074786324786324,395500.0,936,,,
31900,95318,54430.0,0.0349650349650349,0.6902439024390243,0.0,0.0594405594405594,0.0,298100.0,572,,,
31901,95319,44904.0,0.2481012658227848,0.0949579831932773,0.0050632911392405,0.5259493670886076,0.0082278481012658,328800.0,1580,,,
31902,95320,86612.0,0.1305122494432071,0.1944319712617871,0.0021463992302568,0.2768114869365702,0.0039967433942713,490100.0,13511,,,
31903,95321,69679.0,0.1051679586563307,0.3061488673139159,0.0,0.1126614987080103,0.0255813953488372,377100.0,3870,,,
31904,95322,64104.0,0.0566958837235104,0.0910752866877181,0.0025518695218018,0.6664817485853767,0.0169754798624209,433400.0,9013,,,
31905,95323,89188.0,0.1075268817204301,0.1889250814332247,0.0,0.3179559971611072,0.0085166784953867,523100.0,1409,,,
31906,95324,72309.0,0.1702591737233769,0.089099342868187,0.0,0.343678453319766,0.0,441500.0,7862,,,
31908,95326,89268.0,0.1106924163918982,0.2002805049088359,0.0221346839242168,0.3625961358094166,0.0196961170512099,498900.0,10662,,,
31909,95327,60506.0,0.1326276463262764,0.1183328475663072,0.0671667234913058,0.2369587453119672,0.011137629276054,366700.0,8799,,,
31910,95328,53013.0,0.3543850677576067,0.0719267654751525,0.0,0.7146483879157146,0.1294744859101294,435100.0,3939,,,
31911,95329,74924.0,0.0927746900384779,0.1573033707865168,0.0192389910218041,0.2141941000427533,0.0,386800.0,2339,,,
31912,95330,118461.0,0.0849648943738207,0.2390739196546819,0.0706042707860063,0.3528093290928366,0.3217931243374224,605100.0,33015,,,
31913,95333,62045.0,0.1272440944881889,0.1454442558007923,0.0034342803621604,0.8292226038089291,0.0034342803621604,309600.0,3203,,,
31914,95334,75867.0,0.1655377788158355,0.1130360692984947,0.0019769740667519,0.6969415048261426,0.1774043493429468,346300.0,17198,,,
31915,95335,65625.0,0.1951219512195122,0.4878048780487805,0.0,0.2439024390243902,0.0,247500.0,82,,,
31916,95336,86411.0,0.1026159820151236,0.1644013709963361,0.0247178718317563,0.4293413294973357,0.0726745952955001,522800.0,49357,,,
31917,95337,110132.0,0.0990264679038637,0.263429961483884,0.0417271486448426,0.3789457720389106,0.2063392334857118,611200.0,46157,,,
31918,95338,64707.0,0.1270348546889044,0.302960399846213,0.0097402597402597,0.0859897678079496,0.0149547422274695,367000.0,10164,,,
31919,95340,65141.0,0.1907305884985455,0.2618721656541456,0.0267315021684846,0.5105532921540281,0.0793533972926797,383200.0,38045,,,
31920,95341,55516.0,0.2726268674068476,0.0781643703425722,0.0340714040508067,0.7292310332990045,0.0839054811763359,295300.0,34956,,,
31921,95345,65221.0,0.1446540880503144,0.6540880503144654,0.0,0.0,0.0157232704402515,415700.0,318,,,
31922,95346,108362.0,0.0,0.5102685624012638,0.0223048327137546,0.0161090458488228,0.0185873605947955,516100.0,807,,,
31923,95348,63618.0,0.1988483685220729,0.1925245543834121,0.0695796852412514,0.4892943839838529,0.1581703624907945,352700.0,36663,,,
31924,95350,73611.0,0.1368466867360632,0.1990658721211145,0.045655901686196,0.3890218633895398,0.0606780508716776,397100.0,55984,,,
31925,95351,56869.0,0.2113174559177842,0.0811118454872585,0.0338329945799458,0.7605648712737128,0.0524220867208672,315700.0,47232,,,
31926,95354,65643.0,0.1559246028729953,0.1735012194430265,0.0584872306014217,0.4786925941249483,0.0607815849851431,360300.0,26587,,,
31927,95355,83460.0,0.1137062796763191,0.2380461615895309,0.0369439391433768,0.3285761534645278,0.0813461220439887,447600.0,60470,,,
31928,95356,95376.0,0.0847699838851895,0.2878894251864853,0.0218622255866767,0.3154277062831188,0.08778198334595,495800.0,33025,,,
31929,95357,94066.0,0.1150094730194372,0.1624274406332453,0.0591612406357207,0.4570468388993909,0.0539102429461597,417800.0,14283,,,
31930,95358,74434.0,0.1470829370675237,0.1463683456409126,0.0129379879976769,0.6348325482351422,0.0465896625153255,401100.0,30994,,,
31931,95360,74006.0,0.136210186408337,0.091602184797451,0.0065741417092768,0.6814463111760409,0.0390065741417092,385500.0,13690,,,
31932,95361,91381.0,0.1203180822865045,0.2354225533007963,0.0077375513933302,0.30207857469164,0.0150182731841023,479900.0,35024,,,
31933,95363,99321.0,0.0890060985660128,0.1518824712322645,0.0440687999473805,0.6461341138553622,0.0468970960634064,448000.0,30407,,,
31935,95365,40718.0,0.3267647792466949,0.0385514018691588,0.0064854078323771,0.968820154652033,0.0,237200.0,4009,,,
31936,95366,104952.0,0.0697433096668487,0.2654196565347093,0.0101952277657266,0.2482104121475054,0.0509219088937093,672900.0,18440,,,
31937,95367,90633.0,0.1367555325996265,0.1973126820227694,0.0155317551278504,0.5886653756471565,0.0482946686163696,444700.0,25303,,,
31938,95368,91990.0,0.0952479767586636,0.1847644852021675,0.0166701251988656,0.5391159991699522,0.0648128934080376,448700.0,14457,,,
31939,95369,86250.0,0.12,0.1094619666048237,0.0,0.4401496259351621,0.0037406483790523,350600.0,802,,,
31940,95370,72433.0,0.1224747474747474,0.2442673831472645,0.0058506326437105,0.1086243964332287,0.0127233637613223,416200.0,28373,,,
31941,95372,93346.0,0.0367123287671232,0.215272136474411,0.0,0.1490410958904109,0.0043835616438356,354400.0,1825,,,
31942,95374,51593.0,0.173728813559322,0.0753968253968253,0.0,0.5466101694915254,0.0181598062953995,435700.0,1652,,,
31943,95375,,0.6507936507936508,0.9692307692307692,0.0,0.3384615384615385,0.0,,65,,,
31944,95376,103493.0,0.0967296176877015,0.1914979175642683,0.0536160282938034,0.4990611270121962,0.1339762638324248,588200.0,54853,,,
31945,95377,155984.0,0.0535273735273735,0.3412172276634874,0.065032336520922,0.2993201039190757,0.3353324857664032,773500.0,36182,,,
31946,95379,72113.0,0.0364255765199161,0.2055837563451776,0.0138707144726511,0.1478670505103376,0.0007851347814708,404500.0,3821,,,
31947,95380,68308.0,0.1450390472021931,0.1825733733440679,0.0147035283894719,0.5408748942397842,0.035695502046603,410300.0,43731,,,
31948,95382,93592.0,0.0794621026894865,0.3341796255157093,0.0233977619532044,0.3283316378433367,0.0717192268565615,483100.0,39320,,,
31949,95383,85956.0,0.0398580398580398,0.4226351351351351,0.0,0.0731640731640731,0.0084630084630084,453700.0,3663,,,
31950,95385,58333.0,0.1316187594553706,0.0800970873786407,0.0,0.4336810730253353,0.0,,671,,,
31951,95386,71336.0,0.1455177072276368,0.0975259377494014,0.0079731027857829,0.5054755043227666,0.0277617675312199,391100.0,10410,,,
31952,95387,55833.0,0.1128896377422072,0.1769230769230769,0.0,0.7893850042123,0.0808761583824768,348900.0,1187,,,
31953,95388,60762.0,0.1349041349041349,0.0684361176164454,0.0154555940023068,0.8018454440599769,0.0223760092272203,307900.0,13005,,,
31954,95389,44962.0,0.1808873720136518,0.3418013856812933,0.0566037735849056,0.3217223028543783,0.04644412191582,912500.0,2067,,,
31955,95391,171510.0,0.0268341307814992,0.5068934145146616,0.0577938316198944,0.0914936688762751,0.5545588060175446,859600.0,25193,,,
31956,95401,93513.0,0.1275397796817625,0.2847694422769665,0.0149014711470604,0.4087183106237446,0.0557787307963737,628900.0,36842,,,
31957,95403,94480.0,0.1016450569094653,0.2725423940929854,0.0192451174017994,0.3683124862848365,0.0471801623875356,651900.0,45570,,,
31958,95404,102802.0,0.0649756307725449,0.4515580527113444,0.0151673500013398,0.247179569633143,0.0702896803065627,865900.0,37317,,,
31959,95405,117931.0,0.0609636184857423,0.4742292166383899,0.0096444697733549,0.1890316075577572,0.0280566393406689,749700.0,22811,,,
31960,95407,82807.0,0.1309216192937123,0.1742004977157077,0.0222380443811558,0.5901744393022428,0.0707487836715319,603300.0,42135,,,
31961,95409,105736.0,0.0589538318047567,0.4956138177132378,0.0068952234206471,0.1827812018489984,0.0734206471494607,807800.0,25960,,,
31962,95410,39628.0,0.1558669001751313,0.6148148148148148,0.0,0.1121495327102803,0.0389408099688473,706300.0,642,,,
31963,95412,,0.198237885462555,0.5512820512820513,0.0,0.2466960352422907,0.0352422907488986,746300.0,227,,,
31964,95415,54423.0,0.0888030888030888,0.2775175644028103,0.1211419753086419,0.3695987654320987,0.1095679012345679,638200.0,1296,,,
31965,95417,,0.12,0.4854368932038835,0.0,0.0,0.0817307692307692,,208,,,
31966,95419,89609.0,0.10625,0.3120567375886525,0.0,0.30625,0.0,,160,,,
31967,95420,,0.0315186246418338,0.6596491228070176,0.0028653295128939,0.1260744985673352,0.0401146131805157,1103300.0,349,,,
31968,95421,76905.0,0.1605281445448227,0.4115729421352893,0.0,0.081899518238128,0.0364762560220234,642700.0,1453,,,
31969,95422,42080.0,0.2468388245770258,0.0772743553008596,0.0411087070931524,0.3031986433541898,0.0106426524764633,206300.0,17101,,,
31970,95423,43170.0,0.2485431235431235,0.2063125481139338,0.0136946386946386,0.18502331002331,0.0128205128205128,285300.0,3432,,,
31971,95425,107281.0,0.0457906458797327,0.3182241901654626,0.0094653812445223,0.3099912357581069,0.0134969325153374,647000.0,11410,,,
31972,95426,91368.0,0.0687747035573122,0.3072463768115942,0.000790513833992,0.0569169960474308,0.0,348000.0,1265,,,
31973,95427,54970.0,0.180623973727422,0.3703703703703703,0.0,0.0541871921182266,0.0,867900.0,609,,,
31974,95428,44286.0,0.3464003015454203,0.1257517769272826,0.0022497187851518,0.2988376452943382,0.0026246719160104,376400.0,2667,,,
31975,95429,,0.4722222222222222,0.0,0.0,0.0,0.0,376500.0,108,,,
31977,95431,,,0.0,0.4893617021276595,0.0212765957446808,0.0,,47,,,
31978,95432,,0.2857142857142857,0.4951456310679611,0.0,0.0985732814526588,0.0661478599221789,728100.0,771,,,
31979,95435,,0.0,0.0,0.0,0.0,0.0,,340,,,
31980,95436,96023.0,0.063939899833055,0.4417122040072859,0.0260043340556759,0.1128521420236706,0.0243373895649274,704100.0,5999,,,
31981,95437,55061.0,0.1271758197274322,0.2636173184357542,0.0023169601482854,0.24043426453065,0.0176088971269694,541400.0,15106,,,
31982,95439,165216.0,0.1468926553672316,0.2263843648208469,0.0,0.3008474576271186,0.0,817800.0,708,,,
31983,95441,128375.0,0.0851540616246498,0.3492063492063492,0.014115092290988,0.3659066232356134,0.01085776330076,1277800.0,1842,,,
31984,95442,131696.0,0.1627595445411922,0.5508184240578606,0.0,0.1152042866711319,0.0160750167448091,1360500.0,2986,,,
31985,95443,,0.9,0.6206896551724138,0.0,0.7428571428571429,0.0,,70,,,
31986,95444,210650.0,0.0583214793741109,0.4095744680851064,0.0267379679144385,0.5187165775401069,0.0,865500.0,748,,,
31987,95445,93365.0,0.0470980019029495,0.3876592890677398,0.000475737392959,0.3425309229305423,0.0,664700.0,2102,,,
31988,95446,88643.0,0.078415015641293,0.4040379469715398,0.0010399334442595,0.1547420965058236,0.0068635607321131,585900.0,4808,,,
31989,95448,103048.0,0.1027895502561832,0.4464633354964309,0.0009452987143937,0.2768464834887824,0.0132972019158053,1030100.0,15868,,,
31990,95449,80149.0,0.1580122836404243,0.1597633136094674,0.0,0.3834792122538293,0.0027352297592997,597200.0,1828,,,
31991,95450,77083.0,0.0,0.4314720812182741,0.0,0.1116279069767441,0.0093023255813953,797600.0,215,,,
31992,95451,65417.0,0.1160742621390034,0.1884026729898685,0.0118814976940514,0.3749706870945048,0.0055499101070898,340700.0,12793,,,
31993,95452,134293.0,0.0345821325648415,0.7517064846416383,0.0,0.0871757925072046,0.1102305475504322,969200.0,1388,,,
31994,95453,66775.0,0.1477331943720687,0.2393530370025599,0.0086641991924629,0.1384589502018842,0.0121130551816958,371100.0,11888,,,
31995,95454,40053.0,0.2977326968973747,0.0575645756457564,0.0137231503579952,0.1026252983293556,0.0173031026252983,385000.0,1676,,,
31996,95456,60972.0,0.0373056994818652,0.6439499304589708,0.0,0.1233160621761658,0.0248704663212435,489900.0,965,,,
31997,95457,52266.0,0.1988521269412559,0.2165795369678864,0.006258234519104,0.2193675889328063,0.0250329380764163,414100.0,3036,,,
31998,95458,49004.0,0.1644123835287045,0.0702283498492029,0.0487369985141159,0.1607726597325408,0.0,237100.0,3365,,,
31999,95459,66250.0,0.0612813370473537,0.1577060931899641,0.0,0.3022284122562674,0.0,643100.0,718,,,
32000,95460,68478.0,0.0746341463414634,0.4036896364622897,0.0,0.0559701492537313,0.0177238805970149,666200.0,2144,,,
32001,95461,81830.0,0.0977550440466041,0.2361308677098151,0.0163978494623655,0.2177419354838709,0.0150537634408602,385000.0,3720,,,
32002,95462,68333.0,0.1131907308377896,0.3853658536585366,0.0,0.1042780748663101,0.0160427807486631,713800.0,1122,,,
32003,95463,,0.0,0.0,0.0,0.0,0.0,,14,,,
32004,95464,73157.0,0.1735159817351598,0.1598451327433628,0.0057923045097227,0.2896152254861398,0.0260653702937525,154100.0,2417,,,
32005,95465,123650.0,0.05,0.5295983086680761,0.0,0.121317157712305,0.0363951473136915,1122500.0,1154,,,
32006,95466,52614.0,0.3793103448275862,0.4925690021231422,0.0085910652920962,0.1941580756013745,0.0,698900.0,582,,,
32007,95467,72292.0,0.0899733806566104,0.2591616766467066,0.004719454640797,0.1293480160811047,0.002796713861213,394000.0,5721,,,
32008,95468,104429.0,0.1565961732124874,0.3816326530612245,0.002008032128514,0.2796184738955823,0.0,451400.0,1992,,,
32009,95469,66402.0,0.0538922155688622,0.3460264900662251,0.0359281437125748,0.1756487025948103,0.0093147039254823,593800.0,1503,,,
32010,95470,66516.0,0.275890231950343,0.1755782143745337,0.002123489055864,0.3159098333877818,0.0,533000.0,6122,,,
32011,95471,69046.0,0.1506622516556291,0.4271653543307087,0.0,0.1324503311258278,0.0413907284768211,617500.0,604,,,
32012,95472,109775.0,0.0921436864511135,0.5022066518039947,0.0118931020008395,0.1404435427452078,0.0250454736252973,995200.0,28588,,,
32013,95476,108322.0,0.0810546875,0.41123579341102,0.0117817809271749,0.2839579953897378,0.0159082500924898,882300.0,35139,,,
32014,95480,,0.0,0.0,0.0,0.0,0.0,,9,,,
32015,95482,70063.0,0.1560448997117095,0.2142079358857093,0.0111989459815546,0.3246496586417535,0.0329081327105042,473000.0,33396,,,
32016,95485,84583.0,0.1475580187045375,0.1585642889595638,0.0079310344827586,0.1172413793103448,0.01,364600.0,2900,,,
32017,95486,,0.0,0.6,0.0,0.0,0.0,,15,,,
32018,95488,,0.0711974110032362,0.2664359861591695,0.0,0.1877022653721682,0.0,,309,,,
32019,95490,67069.0,0.0944164538615501,0.23,0.0030765023586518,0.2266356737540165,0.0160661789840705,383900.0,14627,,,
32020,95492,131022.0,0.04933440608543,0.3492812814936615,0.0116554361682753,0.3261336732835549,0.0175924239664906,777700.0,27455,,,
32021,95493,97500.0,0.0,0.1758241758241758,0.0,0.0,0.3186813186813186,750000.0,91,,,
32022,95494,,0.2781065088757396,0.6285714285714286,0.0,0.0,0.0,,169,,,
32023,95497,121731.0,0.035,0.7210481825866442,0.0,0.025,0.0433333333333333,1198200.0,1200,,,
32024,95501,55076.0,0.2006122177365689,0.3357738702514553,0.022679784084973,0.1438707992338499,0.0545881943235242,389900.0,22972,,,
32025,95503,76708.0,0.1577664890761161,0.2935984806166908,0.0060960641518697,0.1378774241060469,0.0387038703870387,411500.0,24442,,,
32026,95511,,0.8051948051948052,0.0,0.0,0.0,0.0,,77,,,
32027,95514,,0.0,0.3061224489795918,0.0,0.0,0.0,,81,,,
32028,95519,66687.0,0.140020285058453,0.3808420239474701,0.0038846317581949,0.1131332481907194,0.0305981268624946,432600.0,18792,,,
32029,95521,54324.0,0.2668794255510122,0.4495247073611438,0.0183545471315255,0.1492344585869765,0.0230123593432945,478600.0,21684,,,
32030,95524,82697.0,0.1,0.5442834138486312,0.0,0.0813559322033898,0.0,585100.0,1770,,,
32031,95525,65250.0,0.2188841201716738,0.3660346248969497,0.0,0.0644490644490644,0.0228690228690228,489600.0,1443,,,
32032,95526,41563.0,0.2625570776255708,0.1439628482972136,0.0,0.1059751972942502,0.0033821871476888,338000.0,887,,,
32033,95527,73125.0,0.3298969072164948,0.1905940594059406,0.0,0.0,0.0,426100.0,708,,,
32034,95528,71250.0,0.2120141342756183,0.2309885931558935,0.0,0.0614840989399293,0.0,514800.0,1415,,,
32035,95531,66817.0,0.1115669797330697,0.2296145292809488,0.0341469921301854,0.2050153394691209,0.035303010092926,323600.0,22491,,,
32036,95536,66563.0,0.0970238095238095,0.2422488631665977,0.0083333333333333,0.2291666666666666,0.0157738095238095,570800.0,3360,,,
32037,95537,76116.0,0.525390625,0.1747311827956989,0.13671875,0.0,0.0,360300.0,512,,,
32038,95538,64481.0,0.0948356807511737,0.1146424517593643,0.0,0.0985915492957746,0.0,285900.0,1065,,,
32039,95540,62346.0,0.1604870330879824,0.2413545407901487,0.0071033399357967,0.1921316849941944,0.0273888395601393,362400.0,14641,,,
32040,95542,45049.0,0.2786421499292786,0.205812291567413,0.0,0.0936064994701518,0.0031790886612504,413800.0,2831,,,
32041,95543,46620.0,0.2729591836734694,0.2704225352112676,0.0049875311720698,0.1172069825436409,0.0,365300.0,401,,,
32042,95545,,0.3492537313432836,0.1411764705882353,0.0686567164179104,0.1253731343283582,0.0,479500.0,335,,,
32043,95546,52574.0,0.293410692084542,0.1591695501730103,0.0004105090311986,0.043103448275862,0.049671592775041,252800.0,2436,,,
32044,95547,85179.0,0.1739510489510489,0.2236238532110091,0.0,0.1573426573426573,0.0166083916083916,489100.0,1144,,,
32045,95548,45139.0,0.2780996523754345,0.1828410689170183,0.0374732334047109,0.101713062098501,0.0139186295503211,224200.0,934,,,
32046,95549,89583.0,0.19644527595884,0.4005376344086021,0.0,0.0412844036697247,0.0055045871559633,661200.0,1090,,,
32047,95550,101167.0,0.0436893203883495,0.4179894179894179,0.0,0.0048543689320388,0.0,857100.0,206,,,
32048,95551,73472.0,0.073128264654672,0.344954128440367,0.0149732620320855,0.13475935828877,0.013903743315508,469800.0,1870,,,
32049,95552,21007.0,0.3094688221709007,0.1364829396325459,0.0,0.0277136258660508,0.0,196700.0,433,,,
32050,95553,41650.0,0.44141689373297,0.2057026476578411,0.0,0.1130790190735694,0.0,437900.0,734,,,
32051,95554,36964.0,0.3465909090909091,0.1788321167883211,0.0,0.09375,0.0,431300.0,352,,,
32052,95555,43250.0,0.2113095238095238,0.1637630662020905,0.0,0.0773638968481375,0.0,400000.0,349,,,
32053,95556,,0.0644028103044496,0.4263261296660118,0.0,0.0105386416861826,0.0,323600.0,854,,,
32054,95558,51250.0,0.2950819672131147,0.2475728155339805,0.0,0.0,0.0778688524590164,,244,,,
32056,95560,,0.3087774294670846,0.0,0.0044444444444444,0.0044444444444444,0.0,363700.0,1350,,,
32057,95562,45801.0,0.1270685579196217,0.0951276102088167,0.0195035460992907,0.317966903073286,0.0310283687943262,310600.0,3384,,,
32058,95563,46607.0,0.0409252669039145,0.1690140845070422,0.1952054794520548,0.0017123287671232,0.0085616438356164,580900.0,584,,,
32059,95564,69250.0,0.0824524312896406,0.1704918032786885,0.0,0.1761006289308176,0.0,421900.0,477,,,
32060,95565,88281.0,0.0650953984287317,0.2449664429530201,0.0,0.1144781144781144,0.0,350000.0,891,,,
32061,95567,84250.0,0.0830140485312899,0.054054054054054,0.0,0.2094508301404853,0.0059599829714772,326800.0,2349,,,
32063,95569,36250.0,0.2105263157894736,0.1210526315789473,0.0,0.0263157894736842,0.0052631578947368,433300.0,190,,,
32064,95570,72143.0,0.1548202614379085,0.5803571428571429,0.0,0.0834677419354838,0.0088709677419354,599300.0,2480,,,
32065,95571,,1.0,0.0,0.125,0.0,0.0,,112,,,
32066,95573,43576.0,0.1939393939393939,0.2919389978213507,0.0,0.0555555555555555,0.0,337400.0,990,,,
32067,95585,36349.0,0.2741116751269035,0.1908396946564885,0.0518394648829431,0.0585284280936454,0.0317725752508361,373500.0,598,,,
32069,95589,45074.0,0.2699386503067484,0.1342031686859273,0.0286298568507157,0.1213360599863667,0.0061349693251533,439000.0,1467,,,
32070,95595,,0.019543973941368,0.0938628158844765,0.0260586319218241,0.0,0.0,365900.0,307,,,
32071,95601,91233.0,0.047486033519553,0.2530864197530864,0.0,0.047486033519553,0.0083798882681564,350600.0,358,,,
32072,95602,102063.0,0.0813262599469496,0.3464039278131635,0.0024418121363258,0.1437032418952618,0.0114297589359933,646900.0,19248,,,
32073,95603,80851.0,0.121888380869439,0.3285310603604021,0.0068451853165454,0.1660578116687356,0.0273807412661819,613900.0,28195,,,
32074,95604,,0.0,1.0,0.0,0.0,0.0,,24,,,
32075,95605,71361.0,0.1433621099857249,0.2372424209731362,0.0502345183876011,0.4707361838080348,0.0918360410577119,375500.0,14711,,,
32076,95606,,0.2434782608695652,0.1626794258373205,0.0,0.1217391304347826,0.0,,230,,,
32077,95607,143529.0,0.0,0.3622448979591837,0.0,0.3911439114391143,0.0,478800.0,271,,,
32078,95608,83638.0,0.1196109740165481,0.3614327453738772,0.0597601979318657,0.1529531180612827,0.0822971515574446,565600.0,63052,,,
32079,95610,77565.0,0.098449379322194,0.2402748091603053,0.0347526679355845,0.1944224641245535,0.0299621463247717,466500.0,46759,,,
32080,95612,87031.0,0.0,0.3049147442326981,0.0,0.4140882159315339,0.0401579986833443,950000.0,1519,,,
32082,95614,129199.0,0.065478841870824,0.329004329004329,0.0,0.1434280639431616,0.0153197158081705,489800.0,4504,,,
32083,95615,70438.0,0.058282208588957,0.3576158940397351,0.0,0.6247443762781186,0.0286298568507157,650500.0,978,,,
32084,95616,74758.0,0.3023450034065185,0.7533378688664002,0.0182789271735148,0.1554287256811214,0.2473825270424001,856900.0,51863,,,
32085,95618,112454.0,0.2087286527514231,0.7227501397428732,0.0274743584996482,0.1791017143703484,0.2367534342948124,839900.0,27007,,,
32086,95619,74504.0,0.1773486938179458,0.249173098125689,0.0007859163784973,0.2356177302734989,0.0342659541024834,348800.0,6362,,,
32087,95620,100224.0,0.0863860277653381,0.2403492965555478,0.0126972772387892,0.4151204900076005,0.0404166852953011,594900.0,22367,,,
32088,95621,77377.0,0.0973364104043463,0.2025267500322289,0.0212949433492227,0.1937145184085084,0.0550698253766737,401900.0,41747,,,
32089,95623,106190.0,0.2097322566935826,0.2727528881375035,0.0004232804232804,0.1384126984126984,0.0097354497354497,570800.0,4725,,,
32090,95624,121269.0,0.0603565314916474,0.3319472706361143,0.0841613263566347,0.1687635957434299,0.2804691633840908,603700.0,68036,,,
32091,95625,103476.0,0.0,0.2887323943661972,0.0,0.0887096774193548,0.0,,248,,,
32092,95626,92708.0,0.0983903420523138,0.1342391304347826,0.0247285886610373,0.1863691194209891,0.0271411338962605,467900.0,4974,,,
32093,95627,104265.0,0.129903209373408,0.2070160242529233,0.1067344345616264,0.4099110546378653,0.0320203303684879,477900.0,3935,,,
32094,95628,111582.0,0.0831473085862886,0.439366823006665,0.0187515702441586,0.1350295776899709,0.0475527031039444,615400.0,43783,,,
32095,95629,,0.1470869149952244,0.2996706915477497,0.0,0.046800382043935,0.0133715377268385,472900.0,1047,,,
32096,95630,139182.0,0.053343128157542,0.5854790893666213,0.0283122947454844,0.1301570197044335,0.2037664203612479,702200.0,77952,,,
32097,95631,103947.0,0.0899509096159399,0.2080132862777662,0.0,0.1672916065762907,0.0044707239688491,507400.0,6934,,,
32098,95632,90933.0,0.0814653677606482,0.2159338873671015,0.0177177083006679,0.4408416695412211,0.0486061024177616,487500.0,31889,,,
32099,95633,82500.0,0.1888428194496796,0.1756120527306968,0.0,0.1643422540520165,0.022238974745571,432700.0,2653,,,
32100,95634,67900.0,0.0856210926882305,0.2398030942334739,0.0026371308016877,0.0981012658227848,0.0247890295358649,332100.0,3792,,,
32101,95635,81136.0,0.0688202247191011,0.1829484902309058,0.0,0.1334269662921348,0.0,475600.0,1424,,,
32102,95636,89705.0,0.0,0.2846865364850976,0.0187454938716654,0.0237923576063446,0.0,369100.0,1387,,,
32103,95637,134663.0,0.3449197860962567,0.3094555873925501,0.0,0.0748663101604278,0.0,1011900.0,374,,,
32104,95638,92321.0,0.0714598860149057,0.1811965811965812,0.0705882352941176,0.2130718954248366,0.016557734204793,641300.0,2295,,,
32105,95639,,0.1468531468531468,0.0827067669172932,0.0,0.8041958041958042,0.0,,286,,,
32106,95640,94045.0,0.0633996937212863,0.1634129422257457,0.0430879712746858,0.2125517133713215,0.0089766606822262,432100.0,12811,,,
32107,95641,76667.0,0.1462128475551294,0.1594855305466238,0.0047938638542665,0.3585810162991371,0.0215723873441994,293300.0,2086,,,
32108,95642,85000.0,0.0781618769956962,0.2267441860465116,0.0140136054421768,0.1676190476190476,0.0410884353741496,470700.0,7350,,,
32109,95645,66184.0,0.1768158473954512,0.0719738276990185,0.0,0.7168011738811445,0.0,387400.0,1363,,,
32110,95646,145341.0,0.1773399014778325,0.8327137546468402,0.0049261083743842,0.2660098522167488,0.0,568200.0,406,,,
32111,95648,108200.0,0.0749178143047534,0.3759870469547889,0.0138876618902061,0.1831369153842076,0.0661872537413643,635200.0,56597,,,
32112,95650,137263.0,0.066752053040006,0.4625037951624329,0.0004506534474988,0.0769866306143908,0.0264383355866005,783300.0,13314,,,
32113,95651,,0.0642054574638844,0.2652582159624413,0.0,0.2070626003210272,0.2648475120385232,697400.0,623,,,
32114,95652,24866.0,0.4684684684684684,0.1639118457300275,0.1741741741741741,0.2204204204204204,0.006006006006006,,1665,,,
32115,95653,,0.4868035190615836,0.0406976744186046,0.001466275659824,0.8914956011730205,0.0,320800.0,682,,,
32116,95655,130500.0,0.1153310797375223,0.3964052287581699,0.0763571286538079,0.1654404454165838,0.0686021077749055,573800.0,5029,,,
32117,95658,128472.0,0.0510853598824873,0.4457677584006805,0.0254962078425044,0.0947232531870259,0.014361787961917,814300.0,6197,,,
32118,95659,67188.0,0.1188707280832095,0.2511210762331838,0.0074294205052005,0.2674591381872214,0.0104011887072808,500000.0,673,,,
32119,95660,66957.0,0.1928478763607648,0.1135582489146165,0.089884490299428,0.3673600986878995,0.0722776718627341,330600.0,35668,,,
32120,95661,103745.0,0.0862594944589714,0.4366441985671287,0.016196815853247,0.1538083990306451,0.0921193901653425,667500.0,32599,,,
32121,95662,93613.0,0.0875031509957146,0.2951615675489859,0.0153629095469509,0.1554789151904687,0.0267440037623451,500000.0,31895,,,
32122,95663,157820.0,0.0619094167481264,0.4659231722428748,0.0,0.0841330774152271,0.0156749840051183,963000.0,3126,,,
32123,95664,97946.0,0.021411578112609,0.3342342342342342,0.077716098334655,0.0348929421094369,0.0340999206978588,387700.0,1261,,,
32124,95665,72381.0,0.0632207578253706,0.2231552162849872,0.0,0.1129920456863145,0.003875178462166,371300.0,4903,,,
32125,95666,79181.0,0.0793233700114961,0.2199153396492642,0.0036130727541468,0.1259648546559369,0.0129742157989817,347900.0,6089,,,
32126,95667,90499.0,0.0989834887116702,0.2863370508954844,0.006448768119936,0.1403847213801466,0.0099211817229785,527900.0,36286,,,
32127,95668,96250.0,0.0629629629629629,0.1732673267326732,0.0055555555555555,0.2203703703703703,0.0092592592592592,618200.0,540,,,
32128,95669,90455.0,0.0966511233573548,0.2680232558139535,0.0250105977108944,0.1793132683340398,0.0016956337431114,537700.0,2359,,,
32129,95670,90414.0,0.1055874337751146,0.3228173328721774,0.0953906329028559,0.2106248103314563,0.1159928516033314,463100.0,59314,,,
32130,95671,,0.0,0.0238397159523205,0.4543935052531041,0.3431232091690544,0.0133715377268385,,4188,,,
32131,95672,145769.0,0.0428444444444444,0.3897280966767371,0.0003552397868561,0.138898756660746,0.0145648312611012,707600.0,5630,,,
32132,95673,96694.0,0.1161580317009699,0.1662020905923344,0.0262769412459403,0.2549749040448775,0.0786536758193091,438200.0,16935,,,
32133,95674,109063.0,0.09375,0.2159090909090909,0.0292338709677419,0.094758064516129,0.033266129032258,593300.0,992,,,
32134,95675,,0.2028985507246377,0.7379679144385026,0.0,0.0608695652173913,0.0,,345,,,
32135,95676,58438.0,0.6373626373626373,0.0638297872340425,0.0,1.0,0.0,,91,,,
32136,95677,104985.0,0.0796819726104164,0.4347518089358903,0.0116371696740899,0.1501056350223392,0.0689571572056939,630300.0,28873,,,
32137,95678,104704.0,0.0680584551148225,0.3865378104705919,0.0181225953130465,0.227548968170689,0.0819998251136761,534700.0,45744,,,
32138,95679,,0.0,0.3229166666666667,0.0,0.0,0.0,,113,,,
32139,95680,,0.0,0.0,0.0,0.0,0.0,,10,,,
32140,95681,80000.0,0.0963934426229508,0.3468926553672316,0.0268852459016393,0.2452459016393442,0.0,463000.0,1525,,,
32141,95682,115621.0,0.0674057040875862,0.3989433192751541,0.0016410817463844,0.1282778898423877,0.0205135218298061,682100.0,29249,,,
32142,95683,130439.0,0.0444517077953914,0.5516242499482723,0.0427545691906005,0.1963120104438642,0.0600522193211488,666200.0,6128,,,
32143,95684,78163.0,0.111490329920364,0.3045045045045045,0.0041714069017823,0.1634433067880167,0.0166856276071293,517800.0,2637,,,
32144,95685,64506.0,0.0890873448050533,0.2863157894736842,0.0093255259162871,0.1114725656039904,0.0030362177401865,546800.0,4611,,,
32145,95686,43482.0,0.3067033976124885,0.113997113997114,0.0391807658058771,0.5574354407836153,0.0080142475512021,429800.0,1123,,,
32146,95687,106648.0,0.0721121360214969,0.2453117182027419,0.104500939189286,0.2619262700563514,0.0991239012919229,583800.0,69741,,,
32147,95688,115791.0,0.0771102856410913,0.3406552355336396,0.0454151366789065,0.2556864545083639,0.1033506731946144,657400.0,39216,,,
32148,95689,107500.0,0.0666666666666666,0.3203203203203203,0.0,0.0469483568075117,0.0347417840375586,405700.0,1065,,,
32149,95690,88173.0,0.1477969882877858,0.3970964987190435,0.0083658672615727,0.5370886781929727,0.0323480200780814,710600.0,1793,,,
32150,95691,100822.0,0.1303131145061261,0.3738707165109034,0.0333634130445681,0.2903193462676092,0.1382664059758359,532400.0,39894,,,
32151,95692,86488.0,0.0910739472093491,0.2124183006535947,0.0002013693113169,0.2037857430527587,0.0163109142166733,445100.0,4966,,,
32152,95693,127313.0,0.0670779732213179,0.3522001419446416,0.0167912895185622,0.2459661550570641,0.0729371638462547,875700.0,7623,,,
32153,95694,107415.0,0.0849743993698306,0.3166207795971598,0.0087632926348956,0.428022843639228,0.0196927924379677,633600.0,10156,,,
32154,95695,78875.0,0.0928722322197011,0.2685380557648832,0.0101838244772733,0.5156624642277051,0.0387758785159976,493800.0,38787,,,
32155,95697,,0.9015151515151516,0.0,0.0,0.928030303030303,0.0,,264,,,
32156,95698,,0.1372549019607843,0.3761467889908257,0.0,0.4235294117647059,0.0,960900.0,255,,,
32157,95699,250001.0,0.0930232558139534,0.3472222222222222,0.0,0.127906976744186,0.0,,86,,,
32158,95701,96750.0,0.0631383472609099,0.3519163763066202,0.0018570102135561,0.0334261838440111,0.0157845868152274,512000.0,1077,,,
32159,95703,98734.0,0.1676989042401143,0.2870071105365223,0.0528823249166269,0.0986183897093854,0.006193425440686,644300.0,2099,,,
32160,95709,79196.0,0.1023311621528968,0.3220185562344422,0.0053045859000684,0.1011293634496919,0.0186516084873374,584600.0,5844,,,
32161,95713,91329.0,0.0895939820619153,0.2786540483701367,0.0031515614554483,0.1178492980613122,0.0159488110018145,480200.0,10471,,,
32162,95714,79375.0,0.0287206266318537,0.3673469387755102,0.0,0.0365535248041775,0.0,472000.0,383,,,
32163,95715,158819.0,0.0117647058823529,0.4202898550724637,0.0,0.0,0.0,373800.0,85,,,
32164,95717,,0.4777777777777778,0.25,0.0,0.1891891891891892,0.0,490000.0,111,,,
32165,95720,,0.0,0.3043478260869565,0.0,0.0,0.0,601200.0,52,,,
32167,95722,101023.0,0.0336799276672694,0.4402881684677195,0.0,0.0970939400765938,0.0162198693399414,671800.0,4439,,,
32168,95726,95125.0,0.1068391866913123,0.2297427652733119,0.0121521448535666,0.1020780167699599,0.0240612468100619,401200.0,8229,,,
32169,95728,113224.0,0.0,0.7488262910798122,0.0,0.042158516020236,0.0741989881956155,977700.0,593,,,
32170,95735,106375.0,0.0,0.7045454545454546,0.0,0.0,0.0,537500.0,54,,,
32171,95736,,0.0,0.5144508670520231,0.0,0.6096256684491979,0.0,,187,,,
32172,95742,154602.0,0.0362394634836645,0.5181063577487914,0.0694418861668815,0.1522686805427641,0.2774605513599804,616100.0,16287,,,
32173,95746,182321.0,0.0511835640911121,0.6133213552361396,0.0255887179032329,0.0980087808772007,0.1041731340635948,1057600.0,22549,,,
32174,95747,133595.0,0.0457660676210782,0.4672066413209176,0.0274981959056553,0.1324268550520971,0.177446921645334,653400.0,78987,,,
32175,95757,133443.0,0.0936577477765451,0.4150275033839242,0.1109562666177684,0.1849454478775098,0.4011552214174383,648100.0,54535,,,
32176,95758,115146.0,0.0796988143852564,0.3722884502638264,0.1221230624706435,0.1946090092274125,0.2693071107137987,558800.0,65999,,,
32177,95762,165979.0,0.0380724118183553,0.5862878395268726,0.0173077736871059,0.0991282637213829,0.1256400490880622,881500.0,47262,,,
32178,95765,130691.0,0.0311762920062586,0.5196403218173213,0.0152458068247541,0.1467900520532099,0.1344592249855407,699800.0,43225,,,
32179,95776,104020.0,0.0595457105312558,0.3595565567939293,0.0250468939644709,0.460075765934753,0.1324432674978851,554900.0,27189,,,
32180,95811,77760.0,0.2036140309436636,0.5351236749116608,0.0732885589725462,0.2096147048427006,0.120537292329445,707900.0,8487,,,
32181,95814,46637.0,0.2689051650337677,0.4016115740316821,0.1299878591663294,0.2054229057061918,0.1248077701335491,621400.0,12355,,,
32182,95815,58590.0,0.2109696672080988,0.1694373036275349,0.1213458564369507,0.4212590999962279,0.1096903172268115,298400.0,26511,,,
32183,95816,90521.0,0.0943777234562652,0.6522722986988497,0.0299806069500497,0.1968132501703443,0.0463860789349546,789700.0,19079,,,
32184,95817,64621.0,0.2121212121212121,0.4822890877928014,0.1162642498052821,0.2412376973730793,0.1074134390710189,500700.0,14123,,,
32185,95818,120509.0,0.0963722814123448,0.6221670988837524,0.0337310290376348,0.2179577155890867,0.0889113080094745,768700.0,22798,,,
32186,95819,127500.0,0.0735046571653013,0.6831248628483652,0.0253308878203539,0.192683289545432,0.0637981460367818,716000.0,20173,,,
32187,95820,69905.0,0.1718040417801998,0.2750725319532659,0.1086852003733137,0.4069119601798693,0.1054045646087276,394300.0,35359,,,
32188,95821,58331.0,0.1946228138867136,0.283739447782652,0.0813353486917544,0.203247159387053,0.1327009277598248,470900.0,38372,,,
32189,95822,80835.0,0.1166008336424939,0.2806619179445705,0.11874040934535,0.3356891223065119,0.1769219131599991,438400.0,46269,,,
32190,95823,63701.0,0.1864144557925908,0.1609916715088127,0.1740697143680784,0.3520791793787686,0.2482883705287433,372100.0,83254,,,
32191,95824,53938.0,0.2564086706453508,0.1218709843227962,0.1038172175629008,0.4310249136655155,0.2870313270843611,322400.0,32432,,,
32192,95825,64264.0,0.255699067174477,0.3290636042402827,0.1309437117350378,0.2370741969415001,0.1173773498395231,433500.0,37077,,,
32193,95826,77689.0,0.1659945232760766,0.3558581896232699,0.1077037037037037,0.2311111111111111,0.1062962962962962,441300.0,40500,,,
32194,95827,82382.0,0.12065901340122,0.2740641711229946,0.125570559147965,0.2368295930011411,0.0950931913275009,419500.0,21032,,,
32195,95828,77524.0,0.1505204960900533,0.1718853933137887,0.1024086433621885,0.2650003304037533,0.3747934976541333,377300.0,60532,,,
32196,95829,110269.0,0.1404019714523459,0.3193995269585364,0.0870258208479439,0.1997131016895122,0.4062798852406758,589700.0,31370,,,
32197,95830,135083.0,0.0135135135135135,0.4456521739130434,0.3462837837837837,0.0912162162162162,0.0912162162162162,925800.0,592,,,
32198,95831,96509.0,0.1049208659268692,0.5079596586501164,0.1376053734841996,0.194450705495199,0.2636929180002705,619800.0,44366,,,
32199,95832,78230.0,0.1805287905650196,0.1168148240891448,0.1018268711940183,0.3549680104833115,0.3328451399059585,363600.0,12973,,,
32200,95833,87016.0,0.1060473924202028,0.3169307756463719,0.120507399577167,0.4090287277701778,0.0996144758114662,439700.0,40205,,,
32201,95834,98169.0,0.1400946894073355,0.39542130629882,0.1541554959785522,0.2764816610575552,0.29225372197821,518300.0,35062,,,
32202,95835,114413.0,0.0501215139921557,0.5056634022235389,0.1311483276548778,0.1889006190316234,0.300542252507318,588300.0,41678,,,
32203,95837,176250.0,0.0684410646387832,0.3221153846153846,0.0,0.0,0.0076045627376425,1274000.0,263,,,
32204,95838,63969.0,0.2009119835642522,0.1438223938223938,0.1333912396078918,0.3687306117384291,0.1790792902345204,369000.0,40295,,,
32205,95841,62305.0,0.1412432071694155,0.2650153149553869,0.0920308967596081,0.1701676714393368,0.0601450640542577,414200.0,21232,,,
32206,95842,67170.0,0.1832757268581719,0.1652229126037462,0.1170106477120264,0.2297393736975821,0.1196083468927521,367500.0,35031,,,
32207,95843,94753.0,0.1027161517727555,0.2444174291381406,0.1101798389933983,0.1409532087498189,0.1230934790256824,467900.0,48321,,,
32208,95864,129083.0,0.0790112645782748,0.5807040850215875,0.0202888172812984,0.1450849345586187,0.076500775748896,770200.0,25137,,,
32209,95901,68109.0,0.2071460128120167,0.166371158392435,0.0323851441301926,0.2769853560464042,0.088542940201592,351300.0,36807,,,
32210,95903,57356.0,0.0478229835831548,0.331578947368421,0.0661196911196911,0.137065637065637,0.0477799227799227,392900.0,2072,,,
32211,95910,,0.0,0.0,0.0,0.0,0.0,,35,,,
32212,95912,80893.0,0.0386377215694084,0.1054613935969868,0.0,0.6693740095087163,0.0,424700.0,5048,,,
32213,95913,119632.0,0.0,0.1720430107526881,0.0,0.5639097744360902,0.0,,266,,,
32214,95914,84688.0,0.1481481481481481,0.2670157068062827,0.0305010893246187,0.1568627450980392,0.0,424200.0,459,,,
32216,95916,42963.0,0.388235294117647,0.1196850393700787,0.0,0.0705882352941176,0.0,257000.0,765,,,
32217,95917,80698.0,0.102730087250211,0.159257449926722,0.0,0.2538612749227745,0.0075821398483572,380700.0,3561,,,
32218,95918,55795.0,0.1509229098805646,0.2024844720496894,0.016829533116178,0.1069489685124864,0.02442996742671,572600.0,1842,,,
32219,95919,,0.4108108108108108,0.0428396572827417,0.0054054054054054,0.0297297297297297,0.0,346400.0,1110,,,
32220,95920,,0.1286549707602339,0.168141592920354,0.0,0.3450292397660818,0.0760233918128654,288900.0,171,,,
32221,95922,37250.0,0.1656565656565656,0.1806167400881057,0.0,0.1272727272727272,0.0,270000.0,495,,,
32222,95923,54583.0,0.0,0.1666666666666666,0.0,0.05,0.0333333333333333,729200.0,60,,,
32223,95925,,0.6073059360730594,0.5328467153284672,0.1506849315068493,0.3744292237442922,0.0,,219,,,
32224,95926,62334.0,0.2552189569640654,0.4469372757532529,0.028166006216928,0.201978976342453,0.0561421825688726,462900.0,42143,,,
32225,95928,65350.0,0.2380617026463338,0.4143711018711019,0.0158793594969759,0.2023019742626488,0.0312258545813017,476600.0,37533,,,
32227,95930,,0.5461165048543689,0.0,0.0,0.0,0.0,,412,,,
32228,95932,67589.0,0.1466914695721498,0.1433954779849266,0.0269812304483837,0.5164233576642335,0.012252346193952,367300.0,7672,,,
32229,95934,,0.2982456140350877,0.2982456140350877,0.0,0.0,0.0,,57,,,
32230,95935,51603.0,0.1861702127659574,0.3266129032258064,0.0,0.0638297872340425,0.0691489361702127,404300.0,564,,,
32231,95936,111643.0,0.0,0.1420765027322404,0.0418848167539267,0.2094240837696335,0.0,,191,,,
32232,95937,46650.0,0.0552208835341365,0.3221216041397154,0.0180722891566265,0.2550200803212851,0.0512048192771084,,996,,,
32233,95938,103229.0,0.0513057545643633,0.4018475750577367,0.0570834296279177,0.1714813958862953,0.0501502195516524,532000.0,4327,,,
32234,95939,35893.0,0.1666666666666666,0.2597864768683274,0.0433436532507739,0.0835913312693498,0.0216718266253869,262500.0,323,,,
32235,95941,69464.0,0.1327433628318584,0.0122448979591836,0.0,0.0,0.0146198830409356,195800.0,342,,,
32236,95942,153270.0,0.0360730593607305,0.3434593924364538,0.0,0.0981735159817351,0.0,508300.0,2190,,,
32237,95943,64167.0,0.1361940298507462,0.1136363636363636,0.0,0.166044776119403,0.0,945700.0,536,,,
32239,95945,61068.0,0.1414790996784566,0.3242126264785521,0.003360433604336,0.1093766937669376,0.0091418247515808,496600.0,27675,,,
32240,95946,84700.0,0.1170550847457627,0.3528466175485599,0.0017993226079593,0.1445808636748518,0.0097375105842506,534400.0,9448,,,
32241,95947,97656.0,0.0524886877828054,0.1507537688442211,0.0018099547511312,0.0307692307692307,0.0,343800.0,1105,,,
32242,95948,60759.0,0.1049849630912239,0.1875545216632742,0.0004497211728728,0.3609462133477244,0.0136715236553336,343500.0,11118,,,
32243,95949,90309.0,0.0934724581412278,0.3234293352776765,0.0014969337003235,0.0842145926891689,0.0060843111690569,551700.0,20709,,,
32244,95950,,0.4314159292035398,0.1376404494382022,0.0,0.4225663716814159,0.0,,452,,,
32245,95951,71331.0,0.0627050674444039,0.1101634683724235,0.0,0.8403208166241342,0.0328107911046299,313800.0,2743,,,
32246,95953,66614.0,0.1398027831536264,0.1413476053245505,0.0017359524897213,0.4062128825947921,0.1587026039287346,335900.0,10945,,,
32247,95954,61808.0,0.1416825548141086,0.2116068541868735,0.0008246936852026,0.0997879359095193,0.0203817153628652,268200.0,8488,,,
32248,95955,61500.0,0.178516228748068,0.2099871959026888,0.0,0.6765827612509535,0.0,288500.0,1311,,,
32249,95956,63074.0,0.0383795309168443,0.1620111731843575,0.0,0.0205761316872428,0.0,280200.0,486,,,
32250,95957,79375.0,0.0946666666666666,0.2518115942028985,0.009090909090909,0.2636363636363636,0.0,296300.0,770,,,
32252,95959,79509.0,0.1016557783284523,0.4543191092053392,0.0064383637675528,0.0847532885608036,0.0273630460120996,603200.0,18017,,,
32253,95960,40099.0,0.2904929577464789,0.1493212669683258,0.0,0.0158450704225352,0.0088028169014084,283300.0,568,,,
32254,95961,85404.0,0.1023588879528222,0.1762094984465157,0.0448278955710398,0.3862256646430814,0.0796674541702802,400900.0,33439,,,
32255,95962,66500.0,0.0114436619718309,0.2144420131291028,0.0,0.0088028169014084,0.0070422535211267,371700.0,1136,,,
32256,95963,68654.0,0.1221945137157107,0.171062271062271,0.0008493599466116,0.4319602014196445,0.0127403991991749,353000.0,16483,,,
32257,95965,53367.0,0.2058838170142864,0.1589714038752431,0.0325117483456411,0.203749880118922,0.1574757840222499,295500.0,20854,,,
32258,95966,63948.0,0.173964169606419,0.1703348828384403,0.0190216464973581,0.1800579512527697,0.0557695585478097,309300.0,29335,,,
32259,95968,37531.0,0.2213967310549777,0.0224260958205912,0.0,0.438335809806835,0.0200594353640416,122400.0,1346,,,
32260,95969,72250.0,0.1606462629712334,0.302979578172079,0.0053818554587391,0.0786776012301384,0.0171706817016914,419900.0,7804,,,
32261,95970,82692.0,0.1619433198380566,0.081967213114754,0.1012145748987854,0.2226720647773279,0.0,435000.0,494,,,
32262,95971,83571.0,0.1151185770750988,0.2035602094240837,0.0206743002544529,0.0806297709923664,0.0052480916030534,308400.0,6288,,,
32264,95973,92228.0,0.1098293425056224,0.4082252067683435,0.0056876530531637,0.1852173684071938,0.0478447481370303,484600.0,37977,,,
32265,95974,,0.2365591397849462,0.3655913978494624,0.0,0.0,0.0,,93,,,
32266,95975,74954.0,0.079876160990712,0.2157048249763481,0.0,0.0,0.0037151702786377,582100.0,1615,,,
32267,95977,100909.0,0.0960874568469505,0.1814814814814815,0.0120828538550057,0.1329113924050632,0.0437284234752589,441300.0,1738,,,
32268,95978,56250.0,0.1512915129151291,0.0714285714285714,0.0,0.1024734982332155,0.0,,283,,,
32269,95979,32321.0,0.3247311827956989,0.1472868217054263,0.1052631578947368,0.1157894736842105,0.0105263157894736,247100.0,475,,,
32270,95981,,0.0,0.0,0.0,0.0,0.0,,60,,,
32271,95982,96786.0,0.0360633636670037,0.2227836472209462,0.0003365870077415,0.1753618310333221,0.0427465499831706,376100.0,2971,,,
32272,95983,51818.0,0.0,0.2116564417177914,0.0,0.4527777777777778,0.0,,360,,,
32273,95984,,0.1100478468899521,0.0,0.0,0.0,0.0,427500.0,209,,,
32274,95986,,0.2272727272727272,0.0727272727272727,0.0,0.0,0.0,,110,,,
32275,95987,92337.0,0.0600125352554058,0.1676373765510255,0.0006164278008938,0.7773154569271075,0.0003082139004469,372100.0,6489,,,
32276,95988,78913.0,0.1404569892473118,0.1898586866167913,0.0158940397350993,0.3335540838852097,0.0504415011037527,299300.0,9060,,,
32277,95991,64853.0,0.1830707724525248,0.1728724376073373,0.0223111320310661,0.4073899741115556,0.1213461991056719,366200.0,42490,,,
32278,95993,89684.0,0.1236233907243679,0.2471637887936007,0.0145288394896937,0.2280206381394871,0.2513797263649665,441600.0,38957,,,
32279,96001,70594.0,0.1375750807400923,0.2832850323900443,0.0104078102553578,0.1017033627488346,0.0197894983728634,385900.0,34109,,,
32280,96002,74230.0,0.1040273487869973,0.2234736218138708,0.0138435764041971,0.1333509684625106,0.0587249801604796,347500.0,34023,,,
32281,96003,71801.0,0.1498001894158139,0.2737852963622488,0.0103022601434147,0.105836434601071,0.041277117182536,370500.0,44068,,,
32282,96006,41765.0,0.0701754385964912,0.2799097065462754,0.0,0.037037037037037,0.0058479532163742,280600.0,513,,,
32283,96007,65000.0,0.1478683650098445,0.162627228251701,0.0020792514694709,0.1500259906433683,0.031828541724979,284800.0,25009,,,
32284,96008,94044.0,0.0978043912175648,0.2497041420118343,0.0211786372007366,0.0865561694290976,0.0,343300.0,1086,,,
32285,96009,50950.0,0.0657894736842105,0.2666666666666666,0.0,0.0526315789473684,0.031578947368421,142900.0,380,,,
32286,96010,,0.2436974789915966,0.6470588235294118,0.0,0.2436974789915966,0.0504201680672268,,119,,,
32287,96011,24583.0,0.4225352112676056,0.1452991452991453,0.0318471337579617,0.0700636942675159,0.0127388535031847,,157,,,
32288,96013,52065.0,0.1578676281225856,0.084763948497854,0.0198523797403919,0.0595571392211758,0.0022906592008144,227600.0,3929,,,
32289,96014,,0.2701754385964912,0.1017699115044247,0.0,0.0,0.0,139100.0,285,,,
32290,96015,44894.0,0.513671875,0.3359375,0.0076481835564053,0.1797323135755258,0.152963671128107,,523,,,
32291,96016,52137.0,0.2626262626262626,0.2480620155038759,0.0,0.0336700336700336,0.0,243400.0,297,,,
32292,96017,46500.0,0.2424242424242424,0.3070175438596491,0.0,0.106060606060606,0.0151515151515151,,132,,,
32293,96019,60972.0,0.1632574666282531,0.1384127898602909,0.0009603380389897,0.0902717756650341,0.0389897243829828,271600.0,10413,,,
32294,96020,82123.0,0.0495174150230801,0.2603174603174603,0.0,0.1464226289517471,0.0,277700.0,2404,,,
32295,96021,58125.0,0.1503573575579453,0.1291010665312341,0.0011939506500397,0.5069647121252322,0.0301804192093393,287400.0,15076,,,
32296,96022,87220.0,0.0955325210644359,0.2205645503094007,0.0058798569436867,0.1123840698308783,0.0253985573134509,355300.0,16497,,,
32297,96023,36014.0,0.2117647058823529,0.1081424936386768,0.0,0.324468085106383,0.0124113475177304,139000.0,1128,,,
32298,96024,46964.0,0.2361516034985422,0.1848739495798319,0.0,0.1263362487852283,0.0,369700.0,1029,,,
32299,96025,43714.0,0.1513311536665109,0.2258663366336633,0.0144186046511627,0.1223255813953488,0.0148837209302325,271900.0,2150,,,
32300,96027,69559.0,0.1329386437029063,0.3059299191374663,0.0064102564102564,0.0993589743589743,0.0080128205128205,315400.0,1872,,,
32301,96028,61851.0,0.0834371108343711,0.1852459016393442,0.0053989202159568,0.2189562087582483,0.0,399400.0,1667,,,
32302,96029,,0.1196581196581196,0.2285714285714285,0.0,0.1965811965811965,0.0,512500.0,117,,,
32303,96031,35250.0,0.3,0.3432835820895522,0.0,0.0,0.0,188600.0,70,,,
32304,96032,69953.0,0.1382239382239382,0.2067553735926305,0.00228223659186,0.0901483453784709,0.00418410041841,292800.0,2629,,,
32305,96033,41875.0,0.0775510204081632,0.1581632653061224,0.0,0.073469387755102,0.0571428571428571,,245,,,
32306,96034,56875.0,0.043076923076923,0.3020408163265306,0.0369230769230769,0.0092307692307692,0.0,292200.0,325,,,
32307,96035,51336.0,0.2654554630330558,0.1912442396313364,0.0,0.4677419354838709,0.0,225400.0,3968,,,
32308,96037,,0.0,0.2137404580152671,0.0,0.0,0.0,,131,,,
32309,96038,58787.0,0.141025641025641,0.1986970684039088,0.037593984962406,0.037593984962406,0.0,329300.0,399,,,
32310,96039,40333.0,0.222397476340694,0.2033582089552238,0.0,0.0958268933539412,0.0108191653786707,161700.0,647,,,
32311,96040,,0.0,0.0,0.0227272727272727,0.25,0.0,,88,,,
32312,96041,46914.0,0.2786404922355698,0.1807140228192859,0.0,0.0832112510987401,0.0893641957222385,272800.0,3413,,,
32313,96044,55750.0,0.1761219305673158,0.1414982164090368,0.0,0.1049957662997459,0.025402201524132,210700.0,1181,,,
32314,96046,,0.0,0.0,0.0,0.0,0.0,,410,,,
32315,96047,119922.0,0.1435239206534422,0.2023809523809523,0.0,0.0805134189031505,0.0081680280046674,364800.0,857,,,
32316,96048,63199.0,0.2113617376775271,0.2019417475728155,0.0,0.0342522974101921,0.0033416875522138,400800.0,1197,,,
32317,96050,36450.0,0.2357723577235772,0.2011173184357542,0.0,0.02710027100271,0.046070460704607,237500.0,369,,,
32318,96051,63000.0,0.1943502824858757,0.226792009400705,0.007909604519774,0.1152542372881356,0.0045197740112994,311700.0,885,,,
32319,96052,56734.0,0.1970961887477314,0.0982248520710059,0.007454739084132,0.0951366702165424,0.0085197018104366,321200.0,2817,,,
32321,96055,53657.0,0.2635135135135135,0.16733708769107,0.0,0.3401880141010576,0.0126321974148061,261000.0,3404,,,
32322,96056,88359.0,0.1263843648208469,0.3256802721088435,0.0,0.0729641693811074,0.0892508143322475,411200.0,1535,,,
32323,96057,46250.0,0.2007434944237918,0.2376950780312124,0.0083643122676579,0.062267657992565,0.0111524163568773,317600.0,1076,,,
32324,96058,46196.0,0.1614730878186968,0.0993914807302231,0.0977337110481586,0.5297450424929179,0.0339943342776204,142500.0,706,,,
32325,96059,,0.3953488372093023,0.0491452991452991,0.0,0.3830369357045143,0.0396716826265389,423100.0,731,,,
32326,96061,,0.0,0.0,0.0,0.0,0.0,,38,,,
32327,96062,110781.0,0.0412371134020618,0.2540473225404732,0.0,0.0502793296089385,0.0,441100.0,1074,,,
32328,96063,85455.0,0.0934579439252336,0.5520833333333334,0.0,0.0,0.1121495327102803,,107,,,
32329,96064,59602.0,0.1652470187393526,0.1741098370549185,0.0176746166950596,0.1049829642248722,0.0102214650766609,247400.0,4696,,,
32330,96065,65000.0,0.144927536231884,0.3343653250773993,0.0,0.2341040462427745,0.0,315800.0,346,,,
32331,96067,63222.0,0.1065879029151149,0.3378265934431685,0.008076923076923,0.0875641025641025,0.0167948717948717,377500.0,7800,,,
32332,96068,,0.8356164383561644,0.0,0.1184210526315789,0.3026315789473684,0.4078947368421052,,152,,,
32333,96069,74107.0,0.2273391812865497,0.1739980449657869,0.0021881838074398,0.2086068563092633,0.0065645514223194,343100.0,1371,,,
32334,96071,,0.4117647058823529,0.0,0.0,0.0,0.0,,17,,,
32335,96073,123237.0,0.0223383174202846,0.4168404588112617,0.005503284218001,0.0477543049884608,0.0028404047576779,539800.0,5633,,,
32336,96074,70455.0,0.079646017699115,0.0061349693251533,0.0755555555555555,0.2533333333333333,0.0622222222222222,,225,,,
32337,96075,66000.0,0.1633466135458167,0.1133333333333333,0.0484848484848484,0.0909090909090909,0.0,49400.0,330,,,
32338,96076,26058.0,0.2071428571428571,0.1928571428571428,0.0,0.0785714285714285,0.1071428571428571,,140,,,
32339,96078,,0.0,0.0,0.0,0.0,0.0,,95,,,
32340,96080,63365.0,0.135706376603921,0.1935257191042818,0.0150887668946033,0.1932646312883238,0.0127772962213875,314600.0,31149,,,
32341,96084,39141.0,0.1653439153439153,0.1177536231884057,0.0,0.1302631578947368,0.0539473684210526,277100.0,760,,,
32342,96085,101667.0,0.0,0.2363636363636363,0.0,0.0,0.0307692307692307,,65,,,
32344,96087,101447.0,0.1006211180124223,0.3138138138138138,0.0,0.017094017094017,0.0,359400.0,819,,,
32345,96088,71494.0,0.0824468085106382,0.1826530612244898,0.0,0.0845782073813708,0.0030755711775043,286100.0,4552,,,
32346,96090,67614.0,0.0379746835443038,0.1372549019607843,0.0,0.2886075949367088,0.0,265800.0,395,,,
32347,96091,59432.0,0.0604467805519053,0.3244094488188976,0.0,0.0091984231274638,0.0026281208935611,341400.0,761,,,
32348,96092,41455.0,0.3972602739726027,0.1985815602836879,0.0,0.436399217221135,0.0,,511,,,
32349,96093,72793.0,0.0903749300503637,0.2288467329117735,0.0008273579702151,0.0377826806398235,0.0107556536127964,335800.0,3626,,,
32350,96094,65139.0,0.1665374476663048,0.2415280345040049,0.0413545100389571,0.161072819898112,0.0392568175007491,298600.0,6674,,,
32351,96096,60547.0,0.1185495118549511,0.1956882255389718,0.0,0.1492329149232915,0.0,375400.0,717,,,
32352,96097,47105.0,0.2025802639353949,0.2005722460658082,0.0136007827788649,0.1227005870841487,0.0029354207436399,256400.0,10220,,,
32353,96101,57117.0,0.2297727755362072,0.213685126123514,0.0117091207888249,0.121405094494659,0.0022596548890714,192200.0,4868,,,
32354,96103,66725.0,0.091468101460415,0.2970749542961609,0.0,0.0207532667179093,0.0,429700.0,1301,,,
32355,96104,51484.0,0.1028571428571428,0.1617440225035162,0.0067950169875424,0.088335220838052,0.0101925254813137,248200.0,883,,,
32356,96105,,0.1095334685598377,0.2213333333333333,0.0,0.0,0.0,446400.0,493,,,
32357,96106,,0.2061281337047353,0.308411214953271,0.0,0.0,0.0,519700.0,359,,,
32358,96107,45605.0,0.2080838323353293,0.3481781376518219,0.0,0.2634730538922156,0.0583832335329341,370800.0,668,,,
32359,96108,,0.0,0.4117647058823529,0.0,0.0,0.0,,103,,,
32363,96112,36750.0,0.2093023255813953,0.3518518518518518,0.0,0.0930232558139534,0.0,193800.0,172,,,
32364,96113,54922.0,0.23890462700661,0.0941350418925579,0.1818181818181818,0.3212121212121212,0.0147186147186147,72200.0,2310,,,
32365,96114,70000.0,0.0586342509831962,0.1442922374429223,0.0,0.1244190203789774,0.0042903110475509,297900.0,2797,,,
32366,96115,69583.0,0.1009174311926605,0.4285714285714285,0.0,0.0,0.0,289300.0,109,,,
32368,96117,101250.0,0.1204819277108433,0.125,0.0,0.2208835341365461,0.0,315600.0,249,,,
32369,96118,44417.0,0.2042494859492803,0.2200674536256323,0.0,0.056970509383378,0.0,262800.0,1492,,,
32370,96119,,0.0,0.0,0.0,0.0,0.0,,28,,,
32371,96120,100909.0,0.1076197957580518,0.3146929824561403,0.0,0.1107619795758051,0.0062843676355066,481300.0,1273,,,
32373,96122,52096.0,0.1534509716327898,0.1416991894326028,0.0,0.1591718610863757,0.0122439893143365,239000.0,4492,,,
32375,96124,,0.0,0.7642276422764228,0.0,0.0,0.0,687500.0,253,,,
32376,96125,76875.0,0.0309734513274336,0.2920353982300885,0.0,0.0,0.0,377000.0,226,,,
32377,96126,,0.0085836909871244,0.123076923076923,0.0,0.5879828326180258,0.0,795700.0,233,,,
32378,96128,89340.0,0.0250391236306729,0.1630170316301703,0.0015576323987538,0.1557632398753894,0.0,391500.0,642,,,
32379,96129,,0.0,0.0387096774193548,0.0,0.0,0.0,312500.0,411,,,
32380,96130,71125.0,0.1321131447587354,0.1234924300744162,0.0900344629523262,0.2568447252536856,0.0118705724679303,258400.0,20892,,,
32382,96133,,0.0,0.0,0.0,0.7355371900826446,0.0,,242,,,
32383,96134,47609.0,0.1955688112484022,0.1830024813895781,0.0029825308904985,0.4192586280357904,0.0,162800.0,2347,,,
32386,96137,63480.0,0.1509017298490982,0.2617224880382775,0.0,0.0953257269046742,0.0,403100.0,2717,,,
32387,96140,185104.0,0.0236578707916287,0.6589861751152074,0.0,0.1064604185623293,0.0573248407643312,870500.0,1099,,,
32388,96141,121875.0,0.0692431561996779,0.7154308617234469,0.0,0.0112721417069243,0.0096618357487922,1060300.0,621,,,
32389,96142,87969.0,0.1259168704156479,0.3651026392961877,0.0048721071863581,0.0328867235079171,0.0,798700.0,821,,,
32390,96143,65841.0,0.1244740532959326,0.335933914639743,0.0,0.4347826086956521,0.0154277699859747,714500.0,2852,,,
32391,96145,121875.0,0.0282846715328467,0.6160855784469097,0.0182315405651777,0.0404132482528106,0.0309936189608021,980500.0,3291,,,
32392,96146,114145.0,0.1071428571428571,0.5506792058516197,0.00625,0.0973214285714285,0.0,1546600.0,1120,,,
32393,96148,82692.0,0.0432900432900432,0.3642691415313225,0.0,0.3246753246753247,0.0,712700.0,462,,,
32394,96150,83738.0,0.1035968271334792,0.3921056188888388,0.0046398211806143,0.2379178379110644,0.054695702238629,649100.0,29527,,,
32396,96161,128535.0,0.0690642240033309,0.60431654676259,0.0027039675523893,0.1227185273776714,0.0220477354271748,922000.0,19231,,,
32430,96747,89637.0,0.1021307861866274,0.0748074807480748,0.0,0.0286554004408523,0.8692138133725202,,1361,,,
32447,96765,83641.0,0.0271317829457364,0.3575,0.0,0.1492248062015503,0.2868217054263566,725000.0,516,,,
32526,97037,62422.0,0.107540173053152,0.3437037037037037,0.0,0.0233372228704784,0.0256709451575262,290900.0,857,,,
32541,97057,,0.6666666666666666,0.2,0.0,0.0,0.0,,15,,,
32597,97201,67074.0,0.1964366115649321,0.6659749315182203,0.0366242962447036,0.0868883858610482,0.1161413895176737,648400.0,17229,,,
32995,98125,96725.0,0.0957973940172508,0.6064750946608354,0.0784349533179628,0.0929531809984705,0.1675303033761727,844500.0,43807,,,
